solid OpenSCAD_Model
  facet normal -0.555626 0.831432 0
    outer loop
      vertex -263 43.1141 0
      vertex -263.435 42.8234 4
      vertex -263 43.1141 4
    endloop
  endfacet
  facet normal -0.555626 0.831432 0
    outer loop
      vertex -263.435 42.8234 4
      vertex -263 43.1141 0
      vertex -263.435 42.8234 0
    endloop
  endfacet
  facet normal 1 0 0
    outer loop
      vertex 0 6 153
      vertex 0 2 153
      vertex 0 6 64
    endloop
  endfacet
  facet normal 1 0 0
    outer loop
      vertex 0 24.12 46.675
      vertex 0 43.65 58
      vertex 0 24.3847 47.3141
    endloop
  endfacet
  facet normal 1 0 0
    outer loop
      vertex 0 43.65 58
      vertex 0 24.3847 20.6859
      vertex 0 24.475 20
    endloop
  endfacet
  facet normal 1 0 0
    outer loop
      vertex 0 24.12 21.325
      vertex 0 43.65 58
      vertex 0 24.12 46.675
    endloop
  endfacet
  facet normal 1 0 0
    outer loop
      vertex 0 43.65 58
      vertex 0 24.12 21.325
      vertex 0 24.3847 20.6859
    endloop
  endfacet
  facet normal 1 -0 0
    outer loop
      vertex 0 23.6988 46.1262
      vertex 0 24.12 21.325
      vertex 0 24.12 46.675
    endloop
  endfacet
  facet normal 1 0 0
    outer loop
      vertex 0 23.6988 46.1262
      vertex 0 23.6988 21.8738
      vertex 0 24.12 21.325
    endloop
  endfacet
  facet normal 1 -0 0
    outer loop
      vertex 0 23.15 45.705
      vertex 0 23.6988 21.8738
      vertex 0 23.6988 46.1262
    endloop
  endfacet
  facet normal 1 0 0
    outer loop
      vertex 0 23.15 45.705
      vertex 0 23.15 22.295
      vertex 0 23.6988 21.8738
    endloop
  endfacet
  facet normal 1 -0 0
    outer loop
      vertex 0 22.5109 45.4403
      vertex 0 23.15 22.295
      vertex 0 23.15 45.705
    endloop
  endfacet
  facet normal 1 0 0
    outer loop
      vertex 0 22.5109 45.4403
      vertex 0 22.5109 22.5597
      vertex 0 23.15 22.295
    endloop
  endfacet
  facet normal 1 -0 0
    outer loop
      vertex 0 21.825 45.35
      vertex 0 22.5109 22.5597
      vertex 0 22.5109 45.4403
    endloop
  endfacet
  facet normal 1 0 0
    outer loop
      vertex 0 21.825 45.35
      vertex 0 21.825 22.65
      vertex 0 22.5109 22.5597
    endloop
  endfacet
  facet normal 1 0 0
    outer loop
      vertex 0 21.1391 45.4403
      vertex 0 21.825 22.65
      vertex 0 21.825 45.35
    endloop
  endfacet
  facet normal 1 0 0
    outer loop
      vertex 0 21.1391 45.4403
      vertex 0 21.1391 22.5597
      vertex 0 21.825 22.65
    endloop
  endfacet
  facet normal 1 0 0
    outer loop
      vertex 0 20.5 45.705
      vertex 0 21.1391 22.5597
      vertex 0 21.1391 45.4403
    endloop
  endfacet
  facet normal 1 0 0
    outer loop
      vertex 0 20.5 45.705
      vertex 0 20.5 22.295
      vertex 0 21.1391 22.5597
    endloop
  endfacet
  facet normal 1 0 0
    outer loop
      vertex 0 19.9512 46.1262
      vertex 0 20.5 22.295
      vertex 0 20.5 45.705
    endloop
  endfacet
  facet normal 1 0 0
    outer loop
      vertex 0 19.9512 46.1262
      vertex 0 19.9512 21.8738
      vertex 0 20.5 22.295
    endloop
  endfacet
  facet normal 1 0 0
    outer loop
      vertex 0 19.53 46.675
      vertex 0 19.9512 21.8738
      vertex 0 19.9512 46.1262
    endloop
  endfacet
  facet normal 1 0 0
    outer loop
      vertex 0 19.53 46.675
      vertex 0 19.53 21.325
      vertex 0 19.9512 21.8738
    endloop
  endfacet
  facet normal 1 0 0
    outer loop
      vertex 0 0 64
      vertex 0 19.53 46.675
      vertex 0 19.2653 47.3141
    endloop
  endfacet
  facet normal 1 0 0
    outer loop
      vertex 0 19.53 46.675
      vertex 0 0 64
      vertex 0 19.53 21.325
    endloop
  endfacet
  facet normal 1 0 0
    outer loop
      vertex 0 0 64
      vertex 0 19.2653 47.3141
      vertex 0 19.175 48
    endloop
  endfacet
  facet normal 1 0 0
    outer loop
      vertex 0 19.53 21.325
      vertex 0 0 64
      vertex 0 19.2653 20.6859
    endloop
  endfacet
  facet normal 1 0 0
    outer loop
      vertex 0 43.65 58
      vertex 0 24.3847 48.6859
      vertex 0 24.475 48
    endloop
  endfacet
  facet normal 1 0 0
    outer loop
      vertex 0 43.65 58
      vertex 0 24.12 49.325
      vertex 0 24.3847 48.6859
    endloop
  endfacet
  facet normal 1 0 0
    outer loop
      vertex 0 37.65 64
      vertex 0 23.6988 49.8738
      vertex 0 24.12 49.325
    endloop
  endfacet
  facet normal 1 0 0
    outer loop
      vertex 0 37.65 64
      vertex 0 23.15 50.295
      vertex 0 23.6988 49.8738
    endloop
  endfacet
  facet normal 1 0 0
    outer loop
      vertex 0 37.65 64
      vertex 0 22.5109 50.5597
      vertex 0 23.15 50.295
    endloop
  endfacet
  facet normal 1 0 0
    outer loop
      vertex 0 37.65 64
      vertex 0 21.825 50.65
      vertex 0 22.5109 50.5597
    endloop
  endfacet
  facet normal 1 -0 0
    outer loop
      vertex 0 6 64
      vertex 0 21.825 50.65
      vertex 0 37.65 64
    endloop
  endfacet
  facet normal 1 0 0
    outer loop
      vertex 0 21.825 50.65
      vertex 0 6 64
      vertex 0 21.1391 50.5597
    endloop
  endfacet
  facet normal 1 0 0
    outer loop
      vertex 0 21.1391 50.5597
      vertex 0 6 64
      vertex 0 20.5 50.295
    endloop
  endfacet
  facet normal 1 -0 0
    outer loop
      vertex 0 2 64
      vertex 0 19.175 48
      vertex 0 6 64
    endloop
  endfacet
  facet normal 1 0 0
    outer loop
      vertex 0 19.2653 48.6859
      vertex 0 6 64
      vertex 0 19.175 48
    endloop
  endfacet
  facet normal 1 0 0
    outer loop
      vertex 0 19.53 49.325
      vertex 0 6 64
      vertex 0 19.2653 48.6859
    endloop
  endfacet
  facet normal 1 0 0
    outer loop
      vertex 0 19.9512 49.8738
      vertex 0 6 64
      vertex 0 19.53 49.325
    endloop
  endfacet
  facet normal 1 0 0
    outer loop
      vertex 0 20.5 50.295
      vertex 0 6 64
      vertex 0 19.9512 49.8738
    endloop
  endfacet
  facet normal 1 0 0
    outer loop
      vertex 0 37.65 64
      vertex 0 43.65 58
      vertex 0 43.5987 58.7832
    endloop
  endfacet
  facet normal 1 0 0
    outer loop
      vertex 0 37.65 64
      vertex 0 43.5987 58.7832
      vertex 0 43.4456 59.5529
    endloop
  endfacet
  facet normal 1 0 0
    outer loop
      vertex 0 37.65 64
      vertex 0 43.4456 59.5529
      vertex 0 43.1933 60.2961
    endloop
  endfacet
  facet normal 1 0 0
    outer loop
      vertex 0 37.65 64
      vertex 0 43.1933 60.2961
      vertex 0 42.8462 61
    endloop
  endfacet
  facet normal 1 0 0
    outer loop
      vertex 0 37.65 64
      vertex 0 42.8462 61
      vertex 0 42.4101 61.6526
    endloop
  endfacet
  facet normal 1 0 0
    outer loop
      vertex 0 37.65 64
      vertex 0 42.4101 61.6526
      vertex 0 41.8926 62.2426
    endloop
  endfacet
  facet normal 1 0 0
    outer loop
      vertex 0 37.65 64
      vertex 0 41.8926 62.2426
      vertex 0 41.3026 62.7601
    endloop
  endfacet
  facet normal 1 0 0
    outer loop
      vertex 0 37.65 64
      vertex 0 41.3026 62.7601
      vertex 0 40.65 63.1962
    endloop
  endfacet
  facet normal 1 0 0
    outer loop
      vertex 0 37.65 64
      vertex 0 40.65 63.1962
      vertex 0 39.9461 63.5433
    endloop
  endfacet
  facet normal 1 0 0
    outer loop
      vertex 0 37.65 64
      vertex 0 39.9461 63.5433
      vertex 0 39.2029 63.7956
    endloop
  endfacet
  facet normal 1 0 0
    outer loop
      vertex 0 37.65 64
      vertex 0 39.2029 63.7956
      vertex 0 38.4332 63.9487
    endloop
  endfacet
  facet normal 1 0 0
    outer loop
      vertex 0 24.12 49.325
      vertex 0 43.65 58
      vertex 0 37.65 64
    endloop
  endfacet
  facet normal 1 0 0
    outer loop
      vertex 0 24.3847 47.3141
      vertex 0 43.65 58
      vertex 0 24.475 48
    endloop
  endfacet
  facet normal 1 0 0
    outer loop
      vertex 0 43.65 58
      vertex 0 24.475 20
      vertex 0 43.65 0
    endloop
  endfacet
  facet normal 1 -0 0
    outer loop
      vertex 0 24.3847 19.3141
      vertex 0 43.65 0
      vertex 0 24.475 20
    endloop
  endfacet
  facet normal 1 -0 0
    outer loop
      vertex 0 24.12 18.675
      vertex 0 43.65 0
      vertex 0 24.3847 19.3141
    endloop
  endfacet
  facet normal 1 -0 0
    outer loop
      vertex 0 23.6988 18.1262
      vertex 0 43.65 0
      vertex 0 24.12 18.675
    endloop
  endfacet
  facet normal 1 -0 0
    outer loop
      vertex 0 23.15 17.705
      vertex 0 43.65 0
      vertex 0 23.6988 18.1262
    endloop
  endfacet
  facet normal 1 -0 0
    outer loop
      vertex 0 22.5109 17.4403
      vertex 0 43.65 0
      vertex 0 23.15 17.705
    endloop
  endfacet
  facet normal 1 -0 0
    outer loop
      vertex 0 21.825 17.35
      vertex 0 43.65 0
      vertex 0 22.5109 17.4403
    endloop
  endfacet
  facet normal 1 0 0
    outer loop
      vertex 0 0 0
      vertex 0 21.825 17.35
      vertex 0 21.1391 17.4403
    endloop
  endfacet
  facet normal 1 0 0
    outer loop
      vertex 0 0 0
      vertex 0 21.1391 17.4403
      vertex 0 20.5 17.705
    endloop
  endfacet
  facet normal 1 -0 0
    outer loop
      vertex 0 0 64
      vertex 0 19.175 48
      vertex 0 2 64
    endloop
  endfacet
  facet normal 1 0 0
    outer loop
      vertex 0 2 64
      vertex 0 6 64
      vertex 0 2 153
    endloop
  endfacet
  facet normal 1 0 0
    outer loop
      vertex 0 0 0
      vertex 0 19.2653 20.6859
      vertex 0 0 64
    endloop
  endfacet
  facet normal 1 0 0
    outer loop
      vertex 0 19.2653 20.6859
      vertex 0 0 0
      vertex 0 19.175 20
    endloop
  endfacet
  facet normal 1 0 0
    outer loop
      vertex 0 19.175 20
      vertex 0 0 0
      vertex 0 19.2653 19.3141
    endloop
  endfacet
  facet normal 1 0 0
    outer loop
      vertex 0 21.825 17.35
      vertex 0 0 0
      vertex 0 43.65 0
    endloop
  endfacet
  facet normal 1 0 0
    outer loop
      vertex 0 19.9512 18.1262
      vertex 0 0 0
      vertex 0 20.5 17.705
    endloop
  endfacet
  facet normal 1 0 0
    outer loop
      vertex 0 19.53 18.675
      vertex 0 0 0
      vertex 0 19.9512 18.1262
    endloop
  endfacet
  facet normal 1 0 0
    outer loop
      vertex 0 19.2653 19.3141
      vertex 0 0 0
      vertex 0 19.53 18.675
    endloop
  endfacet
  facet normal -0.751817 -0.659371 -2.44611e-19
    outer loop
      vertex -263.828 1.17157 0
      vertex -264.173 1.56494 4
      vertex -264.173 1.56494 0
    endloop
  endfacet
  facet normal -0.751817 -0.659371 -2.44611e-19
    outer loop
      vertex -264.173 1.56494 4
      vertex -263.828 1.17157 0
      vertex -263.828 1.17157 4
    endloop
  endfacet
  facet normal -0.831167 0.556022 -2.13831e-18
    outer loop
      vertex -264.464 41.65 0
      vertex -264.173 42.085 4
      vertex -264.173 42.085 0
    endloop
  endfacet
  facet normal -0.831167 0.556022 -2.13831e-18
    outer loop
      vertex -264.173 42.085 4
      vertex -264.464 41.65 0
      vertex -264.464 41.65 4
    endloop
  endfacet
  facet normal -1 0 0
    outer loop
      vertex -265 4 0
      vertex -265 39.65 4
      vertex -265 39.65 0
    endloop
  endfacet
  facet normal -1 -0 0
    outer loop
      vertex -265 39.65 4
      vertex -265 4 0
      vertex -265 4 4
    endloop
  endfacet
  facet normal 0 1 0
    outer loop
      vertex 0 43.65 58
      vertex -8 43.65 4
      vertex -8 43.65 58
    endloop
  endfacet
  facet normal 0 1 -0
    outer loop
      vertex 0 43.65 0
      vertex -8 43.65 4
      vertex 0 43.65 58
    endloop
  endfacet
  facet normal 0 1 0
    outer loop
      vertex -261 43.65 0
      vertex -8 43.65 4
      vertex 0 43.65 0
    endloop
  endfacet
  facet normal 0 1 0
    outer loop
      vertex -8 43.65 4
      vertex -261 43.65 0
      vertex -261 43.65 4
    endloop
  endfacet
  facet normal 0 -1 0
    outer loop
      vertex -261 0 4
      vertex -261 0 0
      vertex -8 0 4
    endloop
  endfacet
  facet normal 0 -1 0
    outer loop
      vertex -8 0 4
      vertex 0 0 64
      vertex -8 0 64
    endloop
  endfacet
  facet normal 0 -1 0
    outer loop
      vertex -8 0 4
      vertex 0 0 0
      vertex 0 0 64
    endloop
  endfacet
  facet normal 0 -1 0
    outer loop
      vertex 0 0 0
      vertex -8 0 4
      vertex -261 0 0
    endloop
  endfacet
  facet normal -0.0653771 0.997861 0
    outer loop
      vertex -261 43.65 0
      vertex -261.522 43.6158 4
      vertex -261 43.65 4
    endloop
  endfacet
  facet normal -0.0653771 0.997861 0
    outer loop
      vertex -261.522 43.6158 4
      vertex -261 43.65 0
      vertex -261.522 43.6158 0
    endloop
  endfacet
  facet normal -0.442488 -0.896774 0
    outer loop
      vertex -263 0.535889 0
      vertex -262.531 0.304474 4
      vertex -263 0.535889 4
    endloop
  endfacet
  facet normal -0.442488 -0.896774 -0
    outer loop
      vertex -262.531 0.304474 4
      vertex -263 0.535889 0
      vertex -262.531 0.304474 0
    endloop
  endfacet
  facet normal -0.997886 0.064984 -7.36788e-19
    outer loop
      vertex -265 39.65 0
      vertex -264.966 40.1721 4
      vertex -264.966 40.1721 0
    endloop
  endfacet
  facet normal -0.997886 0.064984 -7.36788e-19
    outer loop
      vertex -264.966 40.1721 4
      vertex -265 39.65 0
      vertex -265 39.65 4
    endloop
  endfacet
  facet normal -0.897182 -0.44166 -1.72065e-18
    outer loop
      vertex -264.464 2 0
      vertex -264.695 2.46925 4
      vertex -264.695 2.46925 0
    endloop
  endfacet
  facet normal -0.897182 -0.44166 -1.72065e-18
    outer loop
      vertex -264.695 2.46925 4
      vertex -264.464 2 0
      vertex -264.464 2 4
    endloop
  endfacet
  facet normal -0.897201 0.441622 -2.49573e-18
    outer loop
      vertex -264.695 41.1807 0
      vertex -264.464 41.65 4
      vertex -264.464 41.65 0
    endloop
  endfacet
  facet normal -0.897201 0.441622 -2.49573e-18
    outer loop
      vertex -264.464 41.65 4
      vertex -264.695 41.1807 0
      vertex -264.695 41.1807 4
    endloop
  endfacet
  facet normal -0.55562 -0.831437 0
    outer loop
      vertex -263.435 0.826584 0
      vertex -263 0.535889 4
      vertex -263.435 0.826584 4
    endloop
  endfacet
  facet normal -0.55562 -0.831437 -0
    outer loop
      vertex -263 0.535889 4
      vertex -263.435 0.826584 0
      vertex -263 0.535889 0
    endloop
  endfacet
  facet normal -0.195163 -0.980771 0
    outer loop
      vertex -262.035 0.136292 0
      vertex -261.522 0.0342102 4
      vertex -262.035 0.136292 4
    endloop
  endfacet
  facet normal -0.195163 -0.980771 -0
    outer loop
      vertex -261.522 0.0342102 4
      vertex -262.035 0.136292 0
      vertex -261.522 0.0342102 0
    endloop
  endfacet
  facet normal -0.195197 0.980764 0
    outer loop
      vertex -261.522 43.6158 0
      vertex -262.035 43.5137 4
      vertex -261.522 43.6158 4
    endloop
  endfacet
  facet normal -0.195197 0.980764 0
    outer loop
      vertex -262.035 43.5137 4
      vertex -261.522 43.6158 0
      vertex -262.035 43.5137 0
    endloop
  endfacet
  facet normal -0.946458 -0.322828 2.11624e-18
    outer loop
      vertex -264.695 2.46925 0
      vertex -264.864 2.96472 4
      vertex -264.864 2.96472 0
    endloop
  endfacet
  facet normal -0.946458 -0.322828 2.11624e-18
    outer loop
      vertex -264.864 2.96472 4
      vertex -264.695 2.46925 0
      vertex -264.695 2.46925 4
    endloop
  endfacet
  facet normal -0.659722 0.75151 0
    outer loop
      vertex -263.435 42.8234 0
      vertex -263.828 42.4784 4
      vertex -263.435 42.8234 4
    endloop
  endfacet
  facet normal -0.659722 0.75151 0
    outer loop
      vertex -263.828 42.4784 4
      vertex -263.435 42.8234 0
      vertex -263.828 42.4784 0
    endloop
  endfacet
  facet normal -0.659707 -0.751523 0
    outer loop
      vertex -263.828 1.17157 0
      vertex -263.435 0.826584 4
      vertex -263.828 1.17157 4
    endloop
  endfacet
  facet normal -0.659707 -0.751523 -0
    outer loop
      vertex -263.435 0.826584 4
      vertex -263.828 1.17157 0
      vertex -263.435 0.826584 0
    endloop
  endfacet
  facet normal -0.442465 0.896786 0
    outer loop
      vertex -262.531 43.3455 0
      vertex -263 43.1141 4
      vertex -262.531 43.3455 4
    endloop
  endfacet
  facet normal -0.442465 0.896786 0
    outer loop
      vertex -263 43.1141 4
      vertex -262.531 43.3455 0
      vertex -263 43.1141 0
    endloop
  endfacet
  facet normal -0.321119 -0.947039 0
    outer loop
      vertex -262.531 0.304474 0
      vertex -262.035 0.136292 4
      vertex -262.531 0.304474 4
    endloop
  endfacet
  facet normal -0.321119 -0.947039 -0
    outer loop
      vertex -262.035 0.136292 4
      vertex -262.531 0.304474 0
      vertex -262.035 0.136292 0
    endloop
  endfacet
  facet normal -0.32115 0.947028 0
    outer loop
      vertex -262.035 43.5137 0
      vertex -262.531 43.3455 4
      vertex -262.035 43.5137 4
    endloop
  endfacet
  facet normal -0.32115 0.947028 0
    outer loop
      vertex -262.531 43.3455 4
      vertex -262.035 43.5137 0
      vertex -262.531 43.3455 0
    endloop
  endfacet
  facet normal -0.997886 -0.0649827 -5.7684e-19
    outer loop
      vertex -264.966 3.47789 0
      vertex -265 4 4
      vertex -265 4 0
    endloop
  endfacet
  facet normal -0.997886 -0.0649827 -5.7684e-19
    outer loop
      vertex -265 4 4
      vertex -264.966 3.47789 0
      vertex -264.966 3.47789 4
    endloop
  endfacet
  facet normal -0.980813 -0.194951 -1.19608e-18
    outer loop
      vertex -264.864 2.96472 0
      vertex -264.966 3.47789 4
      vertex -264.966 3.47789 0
    endloop
  endfacet
  facet normal -0.980813 -0.194951 -1.19608e-18
    outer loop
      vertex -264.966 3.47789 4
      vertex -264.864 2.96472 0
      vertex -264.864 2.96472 4
    endloop
  endfacet
  facet normal -0.946444 0.322868 -2.8114e-18
    outer loop
      vertex -264.864 40.6853 0
      vertex -264.695 41.1807 4
      vertex -264.695 41.1807 0
    endloop
  endfacet
  facet normal -0.946444 0.322868 -2.8114e-18
    outer loop
      vertex -264.695 41.1807 4
      vertex -264.864 40.6853 0
      vertex -264.864 40.6853 4
    endloop
  endfacet
  facet normal -0.831203 -0.555969 -1.69477e-18
    outer loop
      vertex -264.173 1.56494 0
      vertex -264.464 2 4
      vertex -264.464 2 0
    endloop
  endfacet
  facet normal -0.831203 -0.555969 -1.69477e-18
    outer loop
      vertex -264.464 2 4
      vertex -264.173 1.56494 0
      vertex -264.173 1.56494 4
    endloop
  endfacet
  facet normal -0.980815 0.19494 1.12835e-18
    outer loop
      vertex -264.966 40.1721 0
      vertex -264.864 40.6853 4
      vertex -264.864 40.6853 0
    endloop
  endfacet
  facet normal -0.980815 0.19494 1.12835e-18
    outer loop
      vertex -264.864 40.6853 4
      vertex -264.966 40.1721 0
      vertex -264.966 40.1721 4
    endloop
  endfacet
  facet normal 0 0 -1
    outer loop
      vertex -249.719 8.1 0
      vertex -226 33 0
      vertex -249.369 7.25587 0
    endloop
  endfacet
  facet normal 0 0 -1
    outer loop
      vertex -226 33 0
      vertex -249.369 36.3941 0
      vertex -249.25 37.3 0
    endloop
  endfacet
  facet normal 0 0 -1
    outer loop
      vertex -250.275 8.82487 0
      vertex -226 33 0
      vertex -249.719 8.1 0
    endloop
  endfacet
  facet normal 0 0 -1
    outer loop
      vertex -226 33 0
      vertex -249.719 35.55 0
      vertex -249.369 36.3941 0
    endloop
  endfacet
  facet normal 0 0 -1
    outer loop
      vertex -250.275 34.8251 0
      vertex -226 33 0
      vertex -250.275 8.82487 0
    endloop
  endfacet
  facet normal 0 0 -1
    outer loop
      vertex -226 33 0
      vertex -250.275 34.8251 0
      vertex -249.719 35.55 0
    endloop
  endfacet
  facet normal 0 0 -1
    outer loop
      vertex -251 9.38109 0
      vertex -250.275 34.8251 0
      vertex -250.275 8.82487 0
    endloop
  endfacet
  facet normal 0 0 -1
    outer loop
      vertex -251 9.38109 0
      vertex -251 34.2689 0
      vertex -250.275 34.8251 0
    endloop
  endfacet
  facet normal 0 0 -1
    outer loop
      vertex -251.844 9.73074 0
      vertex -251 34.2689 0
      vertex -251 9.38109 0
    endloop
  endfacet
  facet normal 0 0 -1
    outer loop
      vertex -251.844 9.73074 0
      vertex -251.844 33.9193 0
      vertex -251 34.2689 0
    endloop
  endfacet
  facet normal 0 0 -1
    outer loop
      vertex -252.75 9.85 0
      vertex -251.844 33.9193 0
      vertex -251.844 9.73074 0
    endloop
  endfacet
  facet normal 0 0 -1
    outer loop
      vertex -252.75 9.85 0
      vertex -252.75 33.8 0
      vertex -251.844 33.9193 0
    endloop
  endfacet
  facet normal 0 0 -1
    outer loop
      vertex -259.75 9.85 0
      vertex -252.75 33.8 0
      vertex -252.75 9.85 0
    endloop
  endfacet
  facet normal 0 0 -1
    outer loop
      vertex -259.75 9.85 0
      vertex -259.75 33.8 0
      vertex -252.75 33.8 0
    endloop
  endfacet
  facet normal 0 0 -1
    outer loop
      vertex -260.656 9.73074 0
      vertex -259.75 33.8 0
      vertex -259.75 9.85 0
    endloop
  endfacet
  facet normal 0 0 -1
    outer loop
      vertex -260.656 9.73074 0
      vertex -260.656 33.9193 0
      vertex -259.75 33.8 0
    endloop
  endfacet
  facet normal 0 0 -1
    outer loop
      vertex -261.5 9.38109 0
      vertex -260.656 33.9193 0
      vertex -260.656 9.73074 0
    endloop
  endfacet
  facet normal 0 0 -1
    outer loop
      vertex -261.5 9.38109 0
      vertex -261.5 34.2689 0
      vertex -260.656 33.9193 0
    endloop
  endfacet
  facet normal 0 0 -1
    outer loop
      vertex -262.225 8.82487 0
      vertex -261.5 34.2689 0
      vertex -261.5 9.38109 0
    endloop
  endfacet
  facet normal 0 0 -1
    outer loop
      vertex -262.225 8.82487 0
      vertex -262.225 34.8251 0
      vertex -261.5 34.2689 0
    endloop
  endfacet
  facet normal 0 0 -1
    outer loop
      vertex -262.781 8.1 0
      vertex -262.225 34.8251 0
      vertex -262.225 8.82487 0
    endloop
  endfacet
  facet normal 0 0 -1
    outer loop
      vertex -262.781 8.1 0
      vertex -262.781 35.55 0
      vertex -262.225 34.8251 0
    endloop
  endfacet
  facet normal 0 0 -1
    outer loop
      vertex -265 4 0
      vertex -262.781 8.1 0
      vertex -263.131 7.25587 0
    endloop
  endfacet
  facet normal -0 0 -1
    outer loop
      vertex -262.781 8.1 0
      vertex -265 4 0
      vertex -262.781 35.55 0
    endloop
  endfacet
  facet normal 0 0 -1
    outer loop
      vertex -265 4 0
      vertex -263.131 7.25587 0
      vertex -263.25 6.35 0
    endloop
  endfacet
  facet normal 0 0 -1
    outer loop
      vertex -265 39.65 0
      vertex -262.781 35.55 0
      vertex -265 4 0
    endloop
  endfacet
  facet normal 0 0 -1
    outer loop
      vertex 0 0 0
      vertex -20 33 0
      vertex 0 43.65 0
    endloop
  endfacet
  facet normal 0 0 -1
    outer loop
      vertex 0 0 0
      vertex -226 33 0
      vertex -20 33 0
    endloop
  endfacet
  facet normal 0 0 -1
    outer loop
      vertex -249.369 7.25587 0
      vertex -226 33 0
      vertex -249.25 6.35 0
    endloop
  endfacet
  facet normal 0 0 -1
    outer loop
      vertex -249.719 4.6 0
      vertex -226 33 0
      vertex 0 0 0
    endloop
  endfacet
  facet normal 0 0 -1
    outer loop
      vertex -226 33 0
      vertex -249.369 5.44413 0
      vertex -249.25 6.35 0
    endloop
  endfacet
  facet normal 0 0 -1
    outer loop
      vertex -226 33 0
      vertex -249.719 4.6 0
      vertex -249.369 5.44413 0
    endloop
  endfacet
  facet normal 0 0 -1
    outer loop
      vertex 0 0 0
      vertex -250.275 3.87513 0
      vertex -249.719 4.6 0
    endloop
  endfacet
  facet normal 0 0 -1
    outer loop
      vertex 0 0 0
      vertex -251 3.31891 0
      vertex -250.275 3.87513 0
    endloop
  endfacet
  facet normal 0 0 -1
    outer loop
      vertex 0 0 0
      vertex -251.844 2.96926 0
      vertex -251 3.31891 0
    endloop
  endfacet
  facet normal 0 0 -1
    outer loop
      vertex -261 0 0
      vertex -251.844 2.96926 0
      vertex 0 0 0
    endloop
  endfacet
  facet normal 0 0 -1
    outer loop
      vertex -251.844 2.96926 0
      vertex -261 0 0
      vertex -252.75 2.85 0
    endloop
  endfacet
  facet normal -0 0 -1
    outer loop
      vertex -252.75 2.85 0
      vertex -261 0 0
      vertex -259.75 2.85 0
    endloop
  endfacet
  facet normal 0 0 -1
    outer loop
      vertex -261 0 0
      vertex -260.656 2.96926 0
      vertex -259.75 2.85 0
    endloop
  endfacet
  facet normal 0 0 -1
    outer loop
      vertex -261.522 0.0342102 0
      vertex -260.656 2.96926 0
      vertex -261 0 0
    endloop
  endfacet
  facet normal 0 0 -1
    outer loop
      vertex -262.035 0.136292 0
      vertex -260.656 2.96926 0
      vertex -261.522 0.0342102 0
    endloop
  endfacet
  facet normal -0 0 -1
    outer loop
      vertex -260.656 2.96926 0
      vertex -262.035 0.136292 0
      vertex -261.5 3.31891 0
    endloop
  endfacet
  facet normal 0 0 -1
    outer loop
      vertex -262.531 0.304474 0
      vertex -261.5 3.31891 0
      vertex -262.035 0.136292 0
    endloop
  endfacet
  facet normal 0 0 -1
    outer loop
      vertex -263 0.535889 0
      vertex -261.5 3.31891 0
      vertex -262.531 0.304474 0
    endloop
  endfacet
  facet normal 0 0 -1
    outer loop
      vertex -263.435 0.826584 0
      vertex -261.5 3.31891 0
      vertex -263 0.535889 0
    endloop
  endfacet
  facet normal 0 0 -1
    outer loop
      vertex -263.828 1.17157 0
      vertex -261.5 3.31891 0
      vertex -263.435 0.826584 0
    endloop
  endfacet
  facet normal -0 0 -1
    outer loop
      vertex -261.5 3.31891 0
      vertex -263.828 1.17157 0
      vertex -262.225 3.87513 0
    endloop
  endfacet
  facet normal 0 0 -1
    outer loop
      vertex -264.173 1.56494 0
      vertex -262.225 3.87513 0
      vertex -263.828 1.17157 0
    endloop
  endfacet
  facet normal 0 0 -1
    outer loop
      vertex -264.695 2.46925 0
      vertex -262.225 3.87513 0
      vertex -264.464 2 0
    endloop
  endfacet
  facet normal 0 0 -1
    outer loop
      vertex -264.464 2 0
      vertex -262.225 3.87513 0
      vertex -264.173 1.56494 0
    endloop
  endfacet
  facet normal 0 0 -1
    outer loop
      vertex -20 41.65 0
      vertex 0 43.65 0
      vertex -20 33 0
    endloop
  endfacet
  facet normal 0 0 -1
    outer loop
      vertex -226 41.65 0
      vertex 0 43.65 0
      vertex -20 41.65 0
    endloop
  endfacet
  facet normal 0 0 -1
    outer loop
      vertex -226 33 0
      vertex -249.25 37.3 0
      vertex -226 41.65 0
    endloop
  endfacet
  facet normal 0 0 -1
    outer loop
      vertex -249.369 38.2059 0
      vertex -226 41.65 0
      vertex -249.25 37.3 0
    endloop
  endfacet
  facet normal 0 0 -1
    outer loop
      vertex -249.719 39.05 0
      vertex -226 41.65 0
      vertex -249.369 38.2059 0
    endloop
  endfacet
  facet normal 0 0 -1
    outer loop
      vertex -250.275 39.7749 0
      vertex -226 41.65 0
      vertex -249.719 39.05 0
    endloop
  endfacet
  facet normal 0 0 -1
    outer loop
      vertex -251 40.3311 0
      vertex -226 41.65 0
      vertex -250.275 39.7749 0
    endloop
  endfacet
  facet normal 0 0 -1
    outer loop
      vertex -251.844 40.6807 0
      vertex -226 41.65 0
      vertex -251 40.3311 0
    endloop
  endfacet
  facet normal 0 0 -1
    outer loop
      vertex -261 43.65 0
      vertex -251.844 40.6807 0
      vertex -252.75 40.8 0
    endloop
  endfacet
  facet normal 0 0 -1
    outer loop
      vertex -261 43.65 0
      vertex -252.75 40.8 0
      vertex -259.75 40.8 0
    endloop
  endfacet
  facet normal 0 0 -1
    outer loop
      vertex -226 41.65 0
      vertex -261 43.65 0
      vertex 0 43.65 0
    endloop
  endfacet
  facet normal 0 0 -1
    outer loop
      vertex -251.844 40.6807 0
      vertex -261 43.65 0
      vertex -226 41.65 0
    endloop
  endfacet
  facet normal 0 0 -1
    outer loop
      vertex -260.656 40.6807 0
      vertex -261 43.65 0
      vertex -259.75 40.8 0
    endloop
  endfacet
  facet normal 0 0 -1
    outer loop
      vertex -262.035 43.5137 0
      vertex -260.656 40.6807 0
      vertex -261.5 40.3311 0
    endloop
  endfacet
  facet normal 0 0 -1
    outer loop
      vertex -260.656 40.6807 0
      vertex -261.522 43.6158 0
      vertex -261 43.65 0
    endloop
  endfacet
  facet normal 0 0 -1
    outer loop
      vertex -260.656 40.6807 0
      vertex -262.035 43.5137 0
      vertex -261.522 43.6158 0
    endloop
  endfacet
  facet normal 0 0 -1
    outer loop
      vertex -263.828 42.4784 0
      vertex -261.5 40.3311 0
      vertex -262.225 39.7749 0
    endloop
  endfacet
  facet normal 0 0 -1
    outer loop
      vertex -261.5 40.3311 0
      vertex -262.531 43.3455 0
      vertex -262.035 43.5137 0
    endloop
  endfacet
  facet normal 0 0 -1
    outer loop
      vertex -264.864 40.6853 0
      vertex -262.225 39.7749 0
      vertex -262.781 39.05 0
    endloop
  endfacet
  facet normal 0 0 -1
    outer loop
      vertex -261.5 40.3311 0
      vertex -263 43.1141 0
      vertex -262.531 43.3455 0
    endloop
  endfacet
  facet normal 0 0 -1
    outer loop
      vertex -265 39.65 0
      vertex -262.781 39.05 0
      vertex -263.131 38.2059 0
    endloop
  endfacet
  facet normal 0 0 -1
    outer loop
      vertex -265 39.65 0
      vertex -263.131 38.2059 0
      vertex -263.25 37.3 0
    endloop
  endfacet
  facet normal 0 0 -1
    outer loop
      vertex -261.5 40.3311 0
      vertex -263.435 42.8234 0
      vertex -263 43.1141 0
    endloop
  endfacet
  facet normal 0 0 -1
    outer loop
      vertex -262.781 35.55 0
      vertex -265 39.65 0
      vertex -263.131 36.3941 0
    endloop
  endfacet
  facet normal 0 0 -1
    outer loop
      vertex -264.864 2.96472 0
      vertex -262.225 3.87513 0
      vertex -264.695 2.46925 0
    endloop
  endfacet
  facet normal 0 0 -1
    outer loop
      vertex -263.131 36.3941 0
      vertex -265 39.65 0
      vertex -263.25 37.3 0
    endloop
  endfacet
  facet normal -0 0 -1
    outer loop
      vertex -262.225 3.87513 0
      vertex -264.864 2.96472 0
      vertex -262.781 4.6 0
    endloop
  endfacet
  facet normal 0 0 -1
    outer loop
      vertex -262.781 39.05 0
      vertex -265 39.65 0
      vertex -264.966 40.1721 0
    endloop
  endfacet
  facet normal 0 0 -1
    outer loop
      vertex -264.966 3.47789 0
      vertex -262.781 4.6 0
      vertex -264.864 2.96472 0
    endloop
  endfacet
  facet normal 0 0 -1
    outer loop
      vertex -261.5 40.3311 0
      vertex -263.828 42.4784 0
      vertex -263.435 42.8234 0
    endloop
  endfacet
  facet normal 0 0 -1
    outer loop
      vertex -265 4 0
      vertex -262.781 4.6 0
      vertex -264.966 3.47789 0
    endloop
  endfacet
  facet normal 0 0 -1
    outer loop
      vertex -262.225 39.7749 0
      vertex -264.173 42.085 0
      vertex -263.828 42.4784 0
    endloop
  endfacet
  facet normal -0 0 -1
    outer loop
      vertex -262.781 4.6 0
      vertex -265 4 0
      vertex -263.131 5.44413 0
    endloop
  endfacet
  facet normal 0 0 -1
    outer loop
      vertex -262.225 39.7749 0
      vertex -264.464 41.65 0
      vertex -264.173 42.085 0
    endloop
  endfacet
  facet normal -0 0 -1
    outer loop
      vertex -263.131 5.44413 0
      vertex -265 4 0
      vertex -263.25 6.35 0
    endloop
  endfacet
  facet normal 0 0 -1
    outer loop
      vertex -262.225 39.7749 0
      vertex -264.695 41.1807 0
      vertex -264.464 41.65 0
    endloop
  endfacet
  facet normal 0 0 -1
    outer loop
      vertex -262.225 39.7749 0
      vertex -264.864 40.6853 0
      vertex -264.695 41.1807 0
    endloop
  endfacet
  facet normal 0 0 -1
    outer loop
      vertex -262.781 39.05 0
      vertex -264.966 40.1721 0
      vertex -264.864 40.6853 0
    endloop
  endfacet
  facet normal -0.751842 0.659343 3.28793e-18
    outer loop
      vertex -264.173 42.085 0
      vertex -263.828 42.4784 4
      vertex -263.828 42.4784 0
    endloop
  endfacet
  facet normal -0.751842 0.659343 3.28793e-18
    outer loop
      vertex -263.828 42.4784 4
      vertex -264.173 42.085 0
      vertex -264.173 42.085 4
    endloop
  endfacet
  facet normal -0.0653965 -0.997859 0
    outer loop
      vertex -261.522 0.0342102 0
      vertex -261 0 4
      vertex -261.522 0.0342102 4
    endloop
  endfacet
  facet normal -0.0653965 -0.997859 -0
    outer loop
      vertex -261 0 4
      vertex -261.522 0.0342102 0
      vertex -261 0 0
    endloop
  endfacet
  facet normal 0 0 1
    outer loop
      vertex -226 33.1754 4
      vertex -238 33.1754 4
      vertex -226 33 4
    endloop
  endfacet
  facet normal 0 0 1
    outer loop
      vertex -20 33 4
      vertex -8 33.1754 4
      vertex -20 33.1754 4
    endloop
  endfacet
  facet normal 0 0 1
    outer loop
      vertex -8 33.1754 4
      vertex -20 33 4
      vertex -8 6 4
    endloop
  endfacet
  facet normal -0 0 1
    outer loop
      vertex -226 33 4
      vertex -8 6 4
      vertex -20 33 4
    endloop
  endfacet
  facet normal 0 0 1
    outer loop
      vertex -238 6 4
      vertex -226 33 4
      vertex -238 33.1754 4
    endloop
  endfacet
  facet normal 0 0 1
    outer loop
      vertex -226 33 4
      vertex -238 6 4
      vertex -8 6 4
    endloop
  endfacet
  facet normal 0 0 1
    outer loop
      vertex -251 34.2689 4
      vertex -242 37.1754 4
      vertex -243 37.1754 4
    endloop
  endfacet
  facet normal -0 0 1
    outer loop
      vertex -242 2 4
      vertex -8 0 4
      vertex -8 2 4
    endloop
  endfacet
  facet normal 0 0 1
    outer loop
      vertex -249.369 36.3941 4
      vertex -243 37.1754 4
      vertex -249.25 37.3 4
    endloop
  endfacet
  facet normal 0 0 1
    outer loop
      vertex -249.719 35.55 4
      vertex -243 37.1754 4
      vertex -249.369 36.3941 4
    endloop
  endfacet
  facet normal -0 0 1
    outer loop
      vertex -249.369 5.44413 4
      vertex -242 2 4
      vertex -249.25 6.35 4
    endloop
  endfacet
  facet normal -0 0 1
    outer loop
      vertex -249.719 4.6 4
      vertex -242 2 4
      vertex -249.369 5.44413 4
    endloop
  endfacet
  facet normal -0 0 1
    outer loop
      vertex -250.275 3.87513 4
      vertex -242 2 4
      vertex -249.719 4.6 4
    endloop
  endfacet
  facet normal -0 0 1
    outer loop
      vertex -251 3.31891 4
      vertex -242 2 4
      vertex -250.275 3.87513 4
    endloop
  endfacet
  facet normal -0 0 1
    outer loop
      vertex -251.844 2.96926 4
      vertex -242 2 4
      vertex -251 3.31891 4
    endloop
  endfacet
  facet normal -0 0 1
    outer loop
      vertex -252.75 2.85 4
      vertex -242 2 4
      vertex -251.844 2.96926 4
    endloop
  endfacet
  facet normal 0 0 1
    outer loop
      vertex -261 0 4
      vertex -252.75 2.85 4
      vertex -259.75 2.85 4
    endloop
  endfacet
  facet normal 0 0 1
    outer loop
      vertex -242 2 4
      vertex -261 0 4
      vertex -8 0 4
    endloop
  endfacet
  facet normal 0 0 1
    outer loop
      vertex -252.75 2.85 4
      vertex -261 0 4
      vertex -242 2 4
    endloop
  endfacet
  facet normal 0 0 1
    outer loop
      vertex -260.656 2.96926 4
      vertex -261 0 4
      vertex -259.75 2.85 4
    endloop
  endfacet
  facet normal 0 0 1
    outer loop
      vertex -262.035 0.136292 4
      vertex -260.656 2.96926 4
      vertex -261.5 3.31891 4
    endloop
  endfacet
  facet normal 0 0 1
    outer loop
      vertex -260.656 2.96926 4
      vertex -261.522 0.0342102 4
      vertex -261 0 4
    endloop
  endfacet
  facet normal 0 0 1
    outer loop
      vertex -260.656 2.96926 4
      vertex -262.035 0.136292 4
      vertex -261.522 0.0342102 4
    endloop
  endfacet
  facet normal 0 0 1
    outer loop
      vertex -263.828 1.17157 4
      vertex -261.5 3.31891 4
      vertex -262.225 3.87513 4
    endloop
  endfacet
  facet normal 0 0 1
    outer loop
      vertex -261.5 3.31891 4
      vertex -262.531 0.304474 4
      vertex -262.035 0.136292 4
    endloop
  endfacet
  facet normal 0 0 1
    outer loop
      vertex -264.864 2.96472 4
      vertex -262.225 3.87513 4
      vertex -262.781 4.6 4
    endloop
  endfacet
  facet normal 0 0 1
    outer loop
      vertex -261.5 3.31891 4
      vertex -263 0.535889 4
      vertex -262.531 0.304474 4
    endloop
  endfacet
  facet normal 0 0 1
    outer loop
      vertex -265 4 4
      vertex -262.781 4.6 4
      vertex -263.131 5.44413 4
    endloop
  endfacet
  facet normal 0 0 1
    outer loop
      vertex -265 4 4
      vertex -263.131 5.44413 4
      vertex -263.25 6.35 4
    endloop
  endfacet
  facet normal 0 0 1
    outer loop
      vertex -261.5 3.31891 4
      vertex -263.435 0.826584 4
      vertex -263 0.535889 4
    endloop
  endfacet
  facet normal 0 0 1
    outer loop
      vertex -262.781 8.1 4
      vertex -265 4 4
      vertex -263.131 7.25587 4
    endloop
  endfacet
  facet normal 0 0 1
    outer loop
      vertex -265 39.65 4
      vertex -263.435 42.8234 4
      vertex -263.828 42.4784 4
    endloop
  endfacet
  facet normal 0 0 1
    outer loop
      vertex -263.131 7.25587 4
      vertex -265 4 4
      vertex -263.25 6.35 4
    endloop
  endfacet
  facet normal 0 0 1
    outer loop
      vertex -265 39.65 4
      vertex -263.828 42.4784 4
      vertex -264.173 42.085 4
    endloop
  endfacet
  facet normal 0 0 1
    outer loop
      vertex -262.781 4.6 4
      vertex -265 4 4
      vertex -264.966 3.47789 4
    endloop
  endfacet
  facet normal 0 0 1
    outer loop
      vertex -265 39.65 4
      vertex -264.173 42.085 4
      vertex -264.464 41.65 4
    endloop
  endfacet
  facet normal 0 0 1
    outer loop
      vertex -261.5 3.31891 4
      vertex -263.828 1.17157 4
      vertex -263.435 0.826584 4
    endloop
  endfacet
  facet normal 0 0 1
    outer loop
      vertex -265 39.65 4
      vertex -264.464 41.65 4
      vertex -264.695 41.1807 4
    endloop
  endfacet
  facet normal 0 0 1
    outer loop
      vertex -262.225 3.87513 4
      vertex -264.173 1.56494 4
      vertex -263.828 1.17157 4
    endloop
  endfacet
  facet normal 0 0 1
    outer loop
      vertex -265 39.65 4
      vertex -264.695 41.1807 4
      vertex -264.864 40.6853 4
    endloop
  endfacet
  facet normal 0 0 1
    outer loop
      vertex -262.225 3.87513 4
      vertex -264.464 2 4
      vertex -264.173 1.56494 4
    endloop
  endfacet
  facet normal 0 0 1
    outer loop
      vertex -265 39.65 4
      vertex -264.864 40.6853 4
      vertex -264.966 40.1721 4
    endloop
  endfacet
  facet normal 0 0 1
    outer loop
      vertex -262.225 3.87513 4
      vertex -264.695 2.46925 4
      vertex -264.464 2 4
    endloop
  endfacet
  facet normal 0 0 1
    outer loop
      vertex -262.225 3.87513 4
      vertex -264.864 2.96472 4
      vertex -264.695 2.46925 4
    endloop
  endfacet
  facet normal 0 0 1
    outer loop
      vertex -262.781 4.6 4
      vertex -264.966 3.47789 4
      vertex -264.864 2.96472 4
    endloop
  endfacet
  facet normal 0 0 1
    outer loop
      vertex -250.275 34.8251 4
      vertex -243 37.1754 4
      vertex -249.719 35.55 4
    endloop
  endfacet
  facet normal 0 0 1
    outer loop
      vertex -242 2 4
      vertex -249.369 7.25587 4
      vertex -249.25 6.35 4
    endloop
  endfacet
  facet normal 0 0 1
    outer loop
      vertex -242 37.1754 4
      vertex -249.719 8.1 4
      vertex -242 2 4
    endloop
  endfacet
  facet normal 0 0 1
    outer loop
      vertex -242 2 4
      vertex -249.719 8.1 4
      vertex -249.369 7.25587 4
    endloop
  endfacet
  facet normal 0 0 1
    outer loop
      vertex -251 34.2689 4
      vertex -243 37.1754 4
      vertex -250.275 34.8251 4
    endloop
  endfacet
  facet normal 0 0 1
    outer loop
      vertex -242 37.1754 4
      vertex -250.275 8.82487 4
      vertex -249.719 8.1 4
    endloop
  endfacet
  facet normal 0 0 1
    outer loop
      vertex -242 37.1754 4
      vertex -251 34.2689 4
      vertex -251 9.38109 4
    endloop
  endfacet
  facet normal 0 0 1
    outer loop
      vertex -242 37.1754 4
      vertex -251 9.38109 4
      vertex -250.275 8.82487 4
    endloop
  endfacet
  facet normal -0 0 1
    outer loop
      vertex -251.844 33.9193 4
      vertex -251 9.38109 4
      vertex -251 34.2689 4
    endloop
  endfacet
  facet normal 0 0 1
    outer loop
      vertex -251.844 33.9193 4
      vertex -251.844 9.73074 4
      vertex -251 9.38109 4
    endloop
  endfacet
  facet normal -0 0 1
    outer loop
      vertex -252.75 33.8 4
      vertex -251.844 9.73074 4
      vertex -251.844 33.9193 4
    endloop
  endfacet
  facet normal 0 0 1
    outer loop
      vertex -252.75 33.8 4
      vertex -252.75 9.85 4
      vertex -251.844 9.73074 4
    endloop
  endfacet
  facet normal -0 0 1
    outer loop
      vertex -259.75 33.8 4
      vertex -252.75 9.85 4
      vertex -252.75 33.8 4
    endloop
  endfacet
  facet normal 0 0 1
    outer loop
      vertex -259.75 33.8 4
      vertex -259.75 9.85 4
      vertex -252.75 9.85 4
    endloop
  endfacet
  facet normal 0 0 1
    outer loop
      vertex -260.656 33.9193 4
      vertex -259.75 9.85 4
      vertex -259.75 33.8 4
    endloop
  endfacet
  facet normal 0 0 1
    outer loop
      vertex -260.656 33.9193 4
      vertex -260.656 9.73074 4
      vertex -259.75 9.85 4
    endloop
  endfacet
  facet normal 0 0 1
    outer loop
      vertex -261.5 34.2689 4
      vertex -260.656 9.73074 4
      vertex -260.656 33.9193 4
    endloop
  endfacet
  facet normal 0 0 1
    outer loop
      vertex -261.5 34.2689 4
      vertex -261.5 9.38109 4
      vertex -260.656 9.73074 4
    endloop
  endfacet
  facet normal 0 0 1
    outer loop
      vertex -262.225 34.8251 4
      vertex -261.5 9.38109 4
      vertex -261.5 34.2689 4
    endloop
  endfacet
  facet normal 0 0 1
    outer loop
      vertex -262.225 34.8251 4
      vertex -262.225 8.82487 4
      vertex -261.5 9.38109 4
    endloop
  endfacet
  facet normal 0 0 1
    outer loop
      vertex -262.781 35.55 4
      vertex -262.225 8.82487 4
      vertex -262.225 34.8251 4
    endloop
  endfacet
  facet normal 0 0 1
    outer loop
      vertex -262.781 35.55 4
      vertex -262.781 8.1 4
      vertex -262.225 8.82487 4
    endloop
  endfacet
  facet normal 0 0 1
    outer loop
      vertex -265 39.65 4
      vertex -262.781 35.55 4
      vertex -263.131 36.3941 4
    endloop
  endfacet
  facet normal 0 0 1
    outer loop
      vertex -262.781 35.55 4
      vertex -265 39.65 4
      vertex -262.781 8.1 4
    endloop
  endfacet
  facet normal 0 0 1
    outer loop
      vertex -265 39.65 4
      vertex -263.131 36.3941 4
      vertex -263.25 37.3 4
    endloop
  endfacet
  facet normal 0 0 1
    outer loop
      vertex -265 4 4
      vertex -262.781 8.1 4
      vertex -265 39.65 4
    endloop
  endfacet
  facet normal 0 0 1
    outer loop
      vertex -20 43.65 4
      vertex -226 43.65 4
      vertex -20 43.5 4
    endloop
  endfacet
  facet normal 0 0 0
    outer loop
      vertex -8 43.65 4
      vertex -226 43.65 4
      vertex -20 43.65 4
    endloop
  endfacet
  facet normal 0 0 0
    outer loop
      vertex -8 43.65 4
      vertex -242 43.65 4
      vertex -226 43.65 4
    endloop
  endfacet
  facet normal 0 0 1
    outer loop
      vertex -242 43.65 4
      vertex -243 40.1754 4
      vertex -242 40.1754 4
    endloop
  endfacet
  facet normal -0 0 1
    outer loop
      vertex -249.369 38.2059 4
      vertex -243 37.1754 4
      vertex -243 40.1754 4
    endloop
  endfacet
  facet normal 0 0 1
    outer loop
      vertex -250.275 39.7749 4
      vertex -243 40.1754 4
      vertex -242 43.65 4
    endloop
  endfacet
  facet normal 0 0 1
    outer loop
      vertex -243 37.1754 4
      vertex -249.369 38.2059 4
      vertex -249.25 37.3 4
    endloop
  endfacet
  facet normal 0 0 1
    outer loop
      vertex -243 40.1754 4
      vertex -249.719 39.05 4
      vertex -249.369 38.2059 4
    endloop
  endfacet
  facet normal 0 0 1
    outer loop
      vertex -243 40.1754 4
      vertex -250.275 39.7749 4
      vertex -249.719 39.05 4
    endloop
  endfacet
  facet normal 0 0 1
    outer loop
      vertex -242 43.65 4
      vertex -251 40.3311 4
      vertex -250.275 39.7749 4
    endloop
  endfacet
  facet normal 0 0 1
    outer loop
      vertex -242 43.65 4
      vertex -251.844 40.6807 4
      vertex -251 40.3311 4
    endloop
  endfacet
  facet normal 0 0 1
    outer loop
      vertex -242 43.65 4
      vertex -252.75 40.8 4
      vertex -251.844 40.6807 4
    endloop
  endfacet
  facet normal -0 0 1
    outer loop
      vertex -261 43.65 4
      vertex -252.75 40.8 4
      vertex -242 43.65 4
    endloop
  endfacet
  facet normal 0 0 1
    outer loop
      vertex -252.75 40.8 4
      vertex -261 43.65 4
      vertex -259.75 40.8 4
    endloop
  endfacet
  facet normal 0 0 0
    outer loop
      vertex -261 43.65 4
      vertex -242 43.65 4
      vertex -8 43.65 4
    endloop
  endfacet
  facet normal 0 0 1
    outer loop
      vertex -259.75 40.8 4
      vertex -261 43.65 4
      vertex -260.656 40.6807 4
    endloop
  endfacet
  facet normal -0 0 1
    outer loop
      vertex -261.522 43.6158 4
      vertex -260.656 40.6807 4
      vertex -261 43.65 4
    endloop
  endfacet
  facet normal -0 0 1
    outer loop
      vertex -262.035 43.5137 4
      vertex -260.656 40.6807 4
      vertex -261.522 43.6158 4
    endloop
  endfacet
  facet normal 0 0 1
    outer loop
      vertex -260.656 40.6807 4
      vertex -262.035 43.5137 4
      vertex -261.5 40.3311 4
    endloop
  endfacet
  facet normal -0 0 1
    outer loop
      vertex -262.531 43.3455 4
      vertex -261.5 40.3311 4
      vertex -262.035 43.5137 4
    endloop
  endfacet
  facet normal -0 0 1
    outer loop
      vertex -263 43.1141 4
      vertex -261.5 40.3311 4
      vertex -262.531 43.3455 4
    endloop
  endfacet
  facet normal -0 0 1
    outer loop
      vertex -263.435 42.8234 4
      vertex -261.5 40.3311 4
      vertex -263 43.1141 4
    endloop
  endfacet
  facet normal 0 0 1
    outer loop
      vertex -261.5 40.3311 4
      vertex -263.435 42.8234 4
      vertex -262.225 39.7749 4
    endloop
  endfacet
  facet normal 0 0 1
    outer loop
      vertex -265 39.65 4
      vertex -262.225 39.7749 4
      vertex -263.435 42.8234 4
    endloop
  endfacet
  facet normal 0 0 1
    outer loop
      vertex -262.225 39.7749 4
      vertex -265 39.65 4
      vertex -262.781 39.05 4
    endloop
  endfacet
  facet normal 0 0 1
    outer loop
      vertex -263.131 38.2059 4
      vertex -265 39.65 4
      vertex -263.25 37.3 4
    endloop
  endfacet
  facet normal 0 0 1
    outer loop
      vertex -262.781 39.05 4
      vertex -265 39.65 4
      vertex -263.131 38.2059 4
    endloop
  endfacet
  facet normal 0 0 1
    outer loop
      vertex -20 43.5 4
      vertex -226 43.65 4
      vertex -226 43.5 4
    endloop
  endfacet
  facet normal -0 0 1
    outer loop
      vertex -226 43.5 4
      vertex -20 41.65 4
      vertex -20 43.5 4
    endloop
  endfacet
  facet normal 0 0 1
    outer loop
      vertex -20 41.65 4
      vertex -226 43.5 4
      vertex -226 41.65 4
    endloop
  endfacet
  facet normal 0 0 1
    outer loop
      vertex -240 40.1754 4
      vertex -240.518 39.1072 4
      vertex -240 39.1754 4
    endloop
  endfacet
  facet normal -0 0 1
    outer loop
      vertex -242 40.1754 4
      vertex -240.518 39.1072 4
      vertex -240 40.1754 4
    endloop
  endfacet
  facet normal 0 0 1
    outer loop
      vertex -240.518 39.1072 4
      vertex -242 40.1754 4
      vertex -241 38.9074 4
    endloop
  endfacet
  facet normal 0 0 1
    outer loop
      vertex -241 38.9074 4
      vertex -242 40.1754 4
      vertex -241.414 38.5896 4
    endloop
  endfacet
  facet normal 0 0 1
    outer loop
      vertex -242 40.1754 4
      vertex -241.732 38.1754 4
      vertex -241.414 38.5896 4
    endloop
  endfacet
  facet normal -0 0 1
    outer loop
      vertex -243 40.1754 4
      vertex -241.732 38.1754 4
      vertex -242 40.1754 4
    endloop
  endfacet
  facet normal 0 0 1
    outer loop
      vertex -243 37.1754 4
      vertex -241.732 38.1754 4
      vertex -243 40.1754 4
    endloop
  endfacet
  facet normal 0 0 1
    outer loop
      vertex -241.732 38.1754 4
      vertex -243 37.1754 4
      vertex -241.932 37.693 4
    endloop
  endfacet
  facet normal 0 0 1
    outer loop
      vertex -241.932 37.693 4
      vertex -243 37.1754 4
      vertex -242 37.1754 4
    endloop
  endfacet
  facet normal -1 0 0
    outer loop
      vertex -8 27.1788 47.2952
      vertex -8 33.1754 4
      vertex -8 27.1788 20.7048
    endloop
  endfacet
  facet normal -1 0 0
    outer loop
      vertex -8 33.1754 4
      vertex -8 27.1788 47.2952
      vertex -8 27.225 48
    endloop
  endfacet
  facet normal -1 0 0
    outer loop
      vertex -8 27.041 21.3976
      vertex -8 27.1788 47.2952
      vertex -8 27.1788 20.7048
    endloop
  endfacet
  facet normal -1 0 0
    outer loop
      vertex -8 27.041 21.3976
      vertex -8 27.041 46.6024
      vertex -8 27.1788 47.2952
    endloop
  endfacet
  facet normal -1 0 0
    outer loop
      vertex -8 26.8139 22.0665
      vertex -8 27.041 46.6024
      vertex -8 27.041 21.3976
    endloop
  endfacet
  facet normal -1 0 0
    outer loop
      vertex -8 26.8139 22.0665
      vertex -8 26.8139 45.9335
      vertex -8 27.041 46.6024
    endloop
  endfacet
  facet normal -1 0 0
    outer loop
      vertex -8 26.5015 22.7
      vertex -8 26.8139 45.9335
      vertex -8 26.8139 22.0665
    endloop
  endfacet
  facet normal -1 0 0
    outer loop
      vertex -8 26.5015 22.7
      vertex -8 26.5015 45.3
      vertex -8 26.8139 45.9335
    endloop
  endfacet
  facet normal -1 0 0
    outer loop
      vertex -8 26.1091 23.2873
      vertex -8 26.5015 45.3
      vertex -8 26.5015 22.7
    endloop
  endfacet
  facet normal -1 0 0
    outer loop
      vertex -8 26.1091 23.2873
      vertex -8 26.1091 44.7127
      vertex -8 26.5015 45.3
    endloop
  endfacet
  facet normal -1 0 0
    outer loop
      vertex -8 25.6434 23.8184
      vertex -8 26.1091 44.7127
      vertex -8 26.1091 23.2873
    endloop
  endfacet
  facet normal -1 0 0
    outer loop
      vertex -8 25.6434 23.8184
      vertex -8 25.6434 44.1816
      vertex -8 26.1091 44.7127
    endloop
  endfacet
  facet normal -1 0 0
    outer loop
      vertex -8 25.1123 24.2841
      vertex -8 25.6434 44.1816
      vertex -8 25.6434 23.8184
    endloop
  endfacet
  facet normal -1 0 0
    outer loop
      vertex -8 25.1123 24.2841
      vertex -8 25.1123 43.7159
      vertex -8 25.6434 44.1816
    endloop
  endfacet
  facet normal -1 0 0
    outer loop
      vertex -8 24.525 24.6765
      vertex -8 25.1123 43.7159
      vertex -8 25.1123 24.2841
    endloop
  endfacet
  facet normal -1 0 0
    outer loop
      vertex -8 24.525 24.6765
      vertex -8 24.525 43.3235
      vertex -8 25.1123 43.7159
    endloop
  endfacet
  facet normal -1 0 0
    outer loop
      vertex -8 23.8915 24.9889
      vertex -8 24.525 43.3235
      vertex -8 24.525 24.6765
    endloop
  endfacet
  facet normal -1 0 0
    outer loop
      vertex -8 23.8915 24.9889
      vertex -8 23.8915 43.0111
      vertex -8 24.525 43.3235
    endloop
  endfacet
  facet normal -1 0 0
    outer loop
      vertex -8 23.2226 25.216
      vertex -8 23.8915 43.0111
      vertex -8 23.8915 24.9889
    endloop
  endfacet
  facet normal -1 0 0
    outer loop
      vertex -8 23.2226 25.216
      vertex -8 23.2226 42.784
      vertex -8 23.8915 43.0111
    endloop
  endfacet
  facet normal -1 0 0
    outer loop
      vertex -8 22.5298 25.3538
      vertex -8 23.2226 42.784
      vertex -8 23.2226 25.216
    endloop
  endfacet
  facet normal -1 0 0
    outer loop
      vertex -8 22.5298 25.3538
      vertex -8 22.5298 42.6462
      vertex -8 23.2226 42.784
    endloop
  endfacet
  facet normal -1 0 0
    outer loop
      vertex -8 21.825 25.4
      vertex -8 22.5298 42.6462
      vertex -8 22.5298 25.3538
    endloop
  endfacet
  facet normal -1 0 0
    outer loop
      vertex -8 21.825 25.4
      vertex -8 21.825 42.6
      vertex -8 22.5298 42.6462
    endloop
  endfacet
  facet normal -1 0 0
    outer loop
      vertex -8 21.1202 25.3538
      vertex -8 21.825 42.6
      vertex -8 21.825 25.4
    endloop
  endfacet
  facet normal -1 0 0
    outer loop
      vertex -8 21.1202 25.3538
      vertex -8 21.1202 42.6462
      vertex -8 21.825 42.6
    endloop
  endfacet
  facet normal -1 0 0
    outer loop
      vertex -8 20.4274 25.216
      vertex -8 21.1202 42.6462
      vertex -8 21.1202 25.3538
    endloop
  endfacet
  facet normal -1 0 0
    outer loop
      vertex -8 20.4274 25.216
      vertex -8 20.4274 42.784
      vertex -8 21.1202 42.6462
    endloop
  endfacet
  facet normal -1 0 0
    outer loop
      vertex -8 19.7585 24.9889
      vertex -8 20.4274 42.784
      vertex -8 20.4274 25.216
    endloop
  endfacet
  facet normal -1 0 0
    outer loop
      vertex -8 19.7585 24.9889
      vertex -8 19.7585 43.0111
      vertex -8 20.4274 42.784
    endloop
  endfacet
  facet normal -1 0 0
    outer loop
      vertex -8 19.125 24.6765
      vertex -8 19.7585 43.0111
      vertex -8 19.7585 24.9889
    endloop
  endfacet
  facet normal -1 0 0
    outer loop
      vertex -8 19.125 24.6765
      vertex -8 19.125 43.3235
      vertex -8 19.7585 43.0111
    endloop
  endfacet
  facet normal -1 0 0
    outer loop
      vertex -8 18.5377 24.2841
      vertex -8 19.125 43.3235
      vertex -8 19.125 24.6765
    endloop
  endfacet
  facet normal -1 0 0
    outer loop
      vertex -8 18.5377 24.2841
      vertex -8 18.5377 43.7159
      vertex -8 19.125 43.3235
    endloop
  endfacet
  facet normal -1 0 0
    outer loop
      vertex -8 18.0066 23.8184
      vertex -8 18.5377 43.7159
      vertex -8 18.5377 24.2841
    endloop
  endfacet
  facet normal -1 0 0
    outer loop
      vertex -8 18.0066 23.8184
      vertex -8 18.0066 44.1816
      vertex -8 18.5377 43.7159
    endloop
  endfacet
  facet normal -1 0 0
    outer loop
      vertex -8 17.5409 23.2873
      vertex -8 18.0066 44.1816
      vertex -8 18.0066 23.8184
    endloop
  endfacet
  facet normal -1 0 0
    outer loop
      vertex -8 17.5409 23.2873
      vertex -8 17.5409 44.7127
      vertex -8 18.0066 44.1816
    endloop
  endfacet
  facet normal -1 0 0
    outer loop
      vertex -8 17.1485 22.7
      vertex -8 17.5409 44.7127
      vertex -8 17.5409 23.2873
    endloop
  endfacet
  facet normal -1 0 0
    outer loop
      vertex -8 17.1485 22.7
      vertex -8 17.1485 45.3
      vertex -8 17.5409 44.7127
    endloop
  endfacet
  facet normal -1 0 0
    outer loop
      vertex -8 16.8361 22.0665
      vertex -8 17.1485 45.3
      vertex -8 17.1485 22.7
    endloop
  endfacet
  facet normal -1 0 0
    outer loop
      vertex -8 16.8361 22.0665
      vertex -8 16.8361 45.9335
      vertex -8 17.1485 45.3
    endloop
  endfacet
  facet normal -1 0 0
    outer loop
      vertex -8 16.609 21.3976
      vertex -8 16.8361 45.9335
      vertex -8 16.8361 22.0665
    endloop
  endfacet
  facet normal -1 0 0
    outer loop
      vertex -8 16.609 21.3976
      vertex -8 16.609 46.6024
      vertex -8 16.8361 45.9335
    endloop
  endfacet
  facet normal -1 0 0
    outer loop
      vertex -8 6 4
      vertex -8 16.609 21.3976
      vertex -8 16.4712 20.7048
    endloop
  endfacet
  facet normal -1 -0 0
    outer loop
      vertex -8 16.609 21.3976
      vertex -8 6 4
      vertex -8 16.609 46.6024
    endloop
  endfacet
  facet normal -1 0 0
    outer loop
      vertex -8 6 4
      vertex -8 16.4712 20.7048
      vertex -8 16.425 20
    endloop
  endfacet
  facet normal -1 -0 0
    outer loop
      vertex -8 16.609 46.6024
      vertex -8 6 4
      vertex -8 16.4712 47.2952
    endloop
  endfacet
  facet normal -1 0 0
    outer loop
      vertex -8 30.1754 94.4945
      vertex -8 33.1754 153.241
      vertex -8 33.1754 4
    endloop
  endfacet
  facet normal -1 0 0
    outer loop
      vertex -8 30.1754 133.755
      vertex -8 33.1754 153.241
      vertex -8 30.1754 94.4945
    endloop
  endfacet
  facet normal -1 0 0
    outer loop
      vertex -8 29.7172 135.614
      vertex -8 33.1754 153.241
      vertex -8 30.1754 133.755
    endloop
  endfacet
  facet normal -1 0 0
    outer loop
      vertex -8 33.1754 4
      vertex -8 29.9942 93.3045
      vertex -8 30.1754 94.4945
    endloop
  endfacet
  facet normal -1 0 0
    outer loop
      vertex -8 27.225 48
      vertex -8 29.9942 93.3045
      vertex -8 33.1754 4
    endloop
  endfacet
  facet normal -1 0 0
    outer loop
      vertex -8 27.1788 20.7048
      vertex -8 33.1754 4
      vertex -8 27.225 20
    endloop
  endfacet
  facet normal -1 0 0
    outer loop
      vertex -8 33.1754 4
      vertex -8 27.1788 19.2952
      vertex -8 27.225 20
    endloop
  endfacet
  facet normal -1 0 0
    outer loop
      vertex -8 33.1754 4
      vertex -8 27.041 18.6024
      vertex -8 27.1788 19.2952
    endloop
  endfacet
  facet normal -1 0 0
    outer loop
      vertex -8 33.1754 4
      vertex -8 26.8139 17.9335
      vertex -8 27.041 18.6024
    endloop
  endfacet
  facet normal -1 0 0
    outer loop
      vertex -8 33.1754 4
      vertex -8 26.5015 17.3
      vertex -8 26.8139 17.9335
    endloop
  endfacet
  facet normal -1 0 0
    outer loop
      vertex -8 33.1754 4
      vertex -8 26.1091 16.7127
      vertex -8 26.5015 17.3
    endloop
  endfacet
  facet normal -1 0 0
    outer loop
      vertex -8 33.1754 4
      vertex -8 25.6434 16.1816
      vertex -8 26.1091 16.7127
    endloop
  endfacet
  facet normal -1 0 0
    outer loop
      vertex -8 33.1754 4
      vertex -8 25.1123 15.7159
      vertex -8 25.6434 16.1816
    endloop
  endfacet
  facet normal -1 0 0
    outer loop
      vertex -8 33.1754 4
      vertex -8 24.525 15.3235
      vertex -8 25.1123 15.7159
    endloop
  endfacet
  facet normal -1 0 0
    outer loop
      vertex -8 33.1754 4
      vertex -8 23.8915 15.0111
      vertex -8 24.525 15.3235
    endloop
  endfacet
  facet normal -1 0 0
    outer loop
      vertex -8 33.1754 4
      vertex -8 23.2226 14.784
      vertex -8 23.8915 15.0111
    endloop
  endfacet
  facet normal -1 0 0
    outer loop
      vertex -8 33.1754 4
      vertex -8 22.5298 14.6462
      vertex -8 23.2226 14.784
    endloop
  endfacet
  facet normal -1 0 0
    outer loop
      vertex -8 33.1754 4
      vertex -8 21.825 14.6
      vertex -8 22.5298 14.6462
    endloop
  endfacet
  facet normal -1 0 0
    outer loop
      vertex -8 33.1754 4
      vertex -8 21.1202 14.6462
      vertex -8 21.825 14.6
    endloop
  endfacet
  facet normal -1 0 0
    outer loop
      vertex -8 6 4
      vertex -8 21.1202 14.6462
      vertex -8 33.1754 4
    endloop
  endfacet
  facet normal -1 -0 0
    outer loop
      vertex -8 21.1202 14.6462
      vertex -8 6 4
      vertex -8 20.4274 14.784
    endloop
  endfacet
  facet normal -1 -0 0
    outer loop
      vertex -8 20.4274 14.784
      vertex -8 6 4
      vertex -8 19.7585 15.0111
    endloop
  endfacet
  facet normal -1 -0 0
    outer loop
      vertex -8 19.7585 15.0111
      vertex -8 6 4
      vertex -8 19.125 15.3235
    endloop
  endfacet
  facet normal -1 -0 0
    outer loop
      vertex -8 16.4712 47.2952
      vertex -8 6 4
      vertex -8 16.425 48
    endloop
  endfacet
  facet normal -1 0 0
    outer loop
      vertex -8 6 4
      vertex -8 16.425 20
      vertex -8 16.4712 19.2952
    endloop
  endfacet
  facet normal -1 0 0
    outer loop
      vertex -8 16.425 48
      vertex -8 10.4582 92.6357
      vertex -8 11.1716 91.6661
    endloop
  endfacet
  facet normal -1 -0 0
    outer loop
      vertex -8 16.425 48
      vertex -8 6 4
      vertex -8 10.4582 92.6357
    endloop
  endfacet
  facet normal -1 0 0
    outer loop
      vertex -8 6 153.5
      vertex -8 10 94.4945
      vertex -8 6 4
    endloop
  endfacet
  facet normal -1 -0 0
    outer loop
      vertex -8 10.4582 92.6357
      vertex -8 6 4
      vertex -8 10 94.4945
    endloop
  endfacet
  facet normal -1 -0 0
    outer loop
      vertex -8 16.609 18.6024
      vertex -8 6 4
      vertex -8 16.4712 19.2952
    endloop
  endfacet
  facet normal -1 -0 0
    outer loop
      vertex -8 16.8361 17.9335
      vertex -8 6 4
      vertex -8 16.609 18.6024
    endloop
  endfacet
  facet normal -1 -0 0
    outer loop
      vertex -8 17.1485 17.3
      vertex -8 6 4
      vertex -8 16.8361 17.9335
    endloop
  endfacet
  facet normal -1 -0 0
    outer loop
      vertex -8 17.5409 16.7127
      vertex -8 6 4
      vertex -8 17.1485 17.3
    endloop
  endfacet
  facet normal -1 -0 0
    outer loop
      vertex -8 18.0066 16.1816
      vertex -8 6 4
      vertex -8 17.5409 16.7127
    endloop
  endfacet
  facet normal -1 -0 0
    outer loop
      vertex -8 18.5377 15.7159
      vertex -8 6 4
      vertex -8 18.0066 16.1816
    endloop
  endfacet
  facet normal -1 -0 0
    outer loop
      vertex -8 19.125 15.3235
      vertex -8 6 4
      vertex -8 18.5377 15.7159
    endloop
  endfacet
  facet normal -1 0 0
    outer loop
      vertex -8 29.0038 136.584
      vertex -8 33.1754 153.241
      vertex -8 29.7172 135.614
    endloop
  endfacet
  facet normal -1 0 0
    outer loop
      vertex -8 22.9161 142.672
      vertex -8 33.1754 153.241
      vertex -8 29.0038 136.584
    endloop
  endfacet
  facet normal -1 0 -0
    outer loop
      vertex -8 31.1754 153.5
      vertex -8 33.1754 153.241
      vertex -8 22.9161 142.672
    endloop
  endfacet
  facet normal -1 0 0
    outer loop
      vertex -8 33.1754 153.241
      vertex -8 31.1754 153.5
      vertex -8 32.2196 153.432
    endloop
  endfacet
  facet normal -1 0 0
    outer loop
      vertex -8 21.2777 143.662
      vertex -8 31.1754 153.5
      vertex -8 22.9161 142.672
    endloop
  endfacet
  facet normal -1 0 0
    outer loop
      vertex -8 19.3667 143.778
      vertex -8 31.1754 153.5
      vertex -8 21.2777 143.662
    endloop
  endfacet
  facet normal -1 0 0
    outer loop
      vertex -8 6 153.5
      vertex -8 19.3667 143.778
      vertex -8 17.2592 142.672
    endloop
  endfacet
  facet normal -1 0 0
    outer loop
      vertex -8 19.3667 143.778
      vertex -8 6 153.5
      vertex -8 31.1754 153.5
    endloop
  endfacet
  facet normal -1 0 0
    outer loop
      vertex -8 11.1716 136.584
      vertex -8 6 153.5
      vertex -8 17.2592 142.672
    endloop
  endfacet
  facet normal -1 0 0
    outer loop
      vertex -8 10.1811 134.945
      vertex -8 6 153.5
      vertex -8 11.1716 136.584
    endloop
  endfacet
  facet normal -1 0 0
    outer loop
      vertex -8 10 133.755
      vertex -8 6 153.5
      vertex -8 10.1811 134.945
    endloop
  endfacet
  facet normal -1 0 0
    outer loop
      vertex -8 10 94.4945
      vertex -8 6 153.5
      vertex -8 10 133.755
    endloop
  endfacet
  facet normal -1 0 0
    outer loop
      vertex -8 27.1788 48.7048
      vertex -8 29.9942 93.3045
      vertex -8 27.225 48
    endloop
  endfacet
  facet normal -1 0 0
    outer loop
      vertex -8 27.041 49.3976
      vertex -8 29.9942 93.3045
      vertex -8 27.1788 48.7048
    endloop
  endfacet
  facet normal -1 0 0
    outer loop
      vertex -8 26.8139 50.0665
      vertex -8 29.9942 93.3045
      vertex -8 27.041 49.3976
    endloop
  endfacet
  facet normal -1 0 0
    outer loop
      vertex -8 29.9942 93.3045
      vertex -8 26.8139 50.0665
      vertex -8 29.0038 91.6661
    endloop
  endfacet
  facet normal -1 0 0
    outer loop
      vertex -8 26.5015 50.7
      vertex -8 29.0038 91.6661
      vertex -8 26.8139 50.0665
    endloop
  endfacet
  facet normal -1 0 0
    outer loop
      vertex -8 26.1091 51.2873
      vertex -8 29.0038 91.6661
      vertex -8 26.5015 50.7
    endloop
  endfacet
  facet normal -1 0 0
    outer loop
      vertex -8 25.6434 51.8184
      vertex -8 29.0038 91.6661
      vertex -8 26.1091 51.2873
    endloop
  endfacet
  facet normal -1 0 0
    outer loop
      vertex -8 22.9161 85.5784
      vertex -8 25.6434 51.8184
      vertex -8 25.1123 52.2841
    endloop
  endfacet
  facet normal -1 0 0
    outer loop
      vertex -8 22.9161 85.5784
      vertex -8 25.1123 52.2841
      vertex -8 24.525 52.6765
    endloop
  endfacet
  facet normal -1 0 0
    outer loop
      vertex -8 22.9161 85.5784
      vertex -8 24.525 52.6765
      vertex -8 23.8915 52.9889
    endloop
  endfacet
  facet normal -1 0 0
    outer loop
      vertex -8 20.8087 84.4724
      vertex -8 23.8915 52.9889
      vertex -8 23.2226 53.216
    endloop
  endfacet
  facet normal -1 0 0
    outer loop
      vertex -8 25.6434 51.8184
      vertex -8 22.9161 85.5784
      vertex -8 29.0038 91.6661
    endloop
  endfacet
  facet normal -1 0 0
    outer loop
      vertex -8 20.8087 84.4724
      vertex -8 23.2226 53.216
      vertex -8 22.5298 53.3538
    endloop
  endfacet
  facet normal -1 0 0
    outer loop
      vertex -8 20.8087 84.4724
      vertex -8 22.5298 53.3538
      vertex -8 21.825 53.4
    endloop
  endfacet
  facet normal -1 0 0
    outer loop
      vertex -8 20.8087 84.4724
      vertex -8 21.825 53.4
      vertex -8 21.1202 53.3538
    endloop
  endfacet
  facet normal -1 0 0
    outer loop
      vertex -8 23.8915 52.9889
      vertex -8 20.8087 84.4724
      vertex -8 22.9161 85.5784
    endloop
  endfacet
  facet normal -1 0 0
    outer loop
      vertex -8 18.8977 84.588
      vertex -8 21.1202 53.3538
      vertex -8 20.4274 53.216
    endloop
  endfacet
  facet normal -1 0 0
    outer loop
      vertex -8 18.8977 84.588
      vertex -8 20.4274 53.216
      vertex -8 19.7585 52.9889
    endloop
  endfacet
  facet normal -1 0 0
    outer loop
      vertex -8 18.8977 84.588
      vertex -8 19.7585 52.9889
      vertex -8 19.125 52.6765
    endloop
  endfacet
  facet normal -1 0 0
    outer loop
      vertex -8 21.1202 53.3538
      vertex -8 18.8977 84.588
      vertex -8 20.8087 84.4724
    endloop
  endfacet
  facet normal -1 0 0
    outer loop
      vertex -8 18.5377 52.2841
      vertex -8 18.8977 84.588
      vertex -8 19.125 52.6765
    endloop
  endfacet
  facet normal -1 0 0
    outer loop
      vertex -8 17.2592 85.5784
      vertex -8 18.5377 52.2841
      vertex -8 18.0066 51.8184
    endloop
  endfacet
  facet normal -1 0 0
    outer loop
      vertex -8 17.2592 85.5784
      vertex -8 18.0066 51.8184
      vertex -8 17.5409 51.2873
    endloop
  endfacet
  facet normal -1 0 0
    outer loop
      vertex -8 18.5377 52.2841
      vertex -8 17.2592 85.5784
      vertex -8 18.8977 84.588
    endloop
  endfacet
  facet normal -1 0 0
    outer loop
      vertex -8 11.1716 91.6661
      vertex -8 17.5409 51.2873
      vertex -8 17.1485 50.7
    endloop
  endfacet
  facet normal -1 0 0
    outer loop
      vertex -8 11.1716 91.6661
      vertex -8 17.1485 50.7
      vertex -8 16.8361 50.0665
    endloop
  endfacet
  facet normal -1 0 0
    outer loop
      vertex -8 11.1716 91.6661
      vertex -8 16.8361 50.0665
      vertex -8 16.609 49.3976
    endloop
  endfacet
  facet normal -1 0 0
    outer loop
      vertex -8 11.1716 91.6661
      vertex -8 16.609 49.3976
      vertex -8 16.4712 48.7048
    endloop
  endfacet
  facet normal -1 0 0
    outer loop
      vertex -8 11.1716 91.6661
      vertex -8 16.4712 48.7048
      vertex -8 16.425 48
    endloop
  endfacet
  facet normal -1 0 0
    outer loop
      vertex -8 17.5409 51.2873
      vertex -8 11.1716 91.6661
      vertex -8 17.2592 85.5784
    endloop
  endfacet
  facet normal -1 0 0
    outer loop
      vertex -8 43.1754 14
      vertex -8 43.5 59.2792
      vertex -8 43.5 14
    endloop
  endfacet
  facet normal -1 0 0
    outer loop
      vertex -8 39.1754 10
      vertex -8 43.5 59.2792
      vertex -8 43.1754 14
    endloop
  endfacet
  facet normal -1 -0 -0
    outer loop
      vertex -8 43.1933 60.2961
      vertex -8 43.5 59.2792
      vertex -8 39.1754 63.801
    endloop
  endfacet
  facet normal -1 0 0
    outer loop
      vertex -8 43.5 59.2792
      vertex -8 43.1933 60.2961
      vertex -8 43.4456 59.5529
    endloop
  endfacet
  facet normal -1 0 0
    outer loop
      vertex -8 43.1933 60.2961
      vertex -8 39.1754 63.801
      vertex -8 42.8462 61
    endloop
  endfacet
  facet normal -1 0 0
    outer loop
      vertex -8 42.8462 61
      vertex -8 39.1754 63.801
      vertex -8 42.4101 61.6526
    endloop
  endfacet
  facet normal -1 0 0
    outer loop
      vertex -8 42.4101 61.6526
      vertex -8 39.1754 63.801
      vertex -8 41.8926 62.2426
    endloop
  endfacet
  facet normal -1 0 0
    outer loop
      vertex -8 41.8926 62.2426
      vertex -8 39.1754 63.801
      vertex -8 41.3026 62.7601
    endloop
  endfacet
  facet normal -1 0 0
    outer loop
      vertex -8 41.3026 62.7601
      vertex -8 39.1754 63.801
      vertex -8 40.65 63.1962
    endloop
  endfacet
  facet normal -1 0 0
    outer loop
      vertex -8 40.65 63.1962
      vertex -8 39.1754 63.801
      vertex -8 39.9461 63.5433
    endloop
  endfacet
  facet normal -1 -0 0
    outer loop
      vertex -8 43.5 59.2792
      vertex -8 39.1754 10
      vertex -8 39.1754 63.801
    endloop
  endfacet
  facet normal -1 0 0
    outer loop
      vertex -8 39.9461 63.5433
      vertex -8 39.1754 63.801
      vertex -8 39.2029 63.7956
    endloop
  endfacet
  facet normal -1 0 0
    outer loop
      vertex -8 0 4
      vertex -8 2 64
      vertex -8 2 4
    endloop
  endfacet
  facet normal -1 -0 0
    outer loop
      vertex -8 2 64
      vertex -8 0 4
      vertex -8 0 64
    endloop
  endfacet
  facet normal 0 0 0
    outer loop
      vertex -8 43.65 4
      vertex -8 43.65 14
      vertex -8 43.65 58
    endloop
  endfacet
  facet normal -1 0 0
    outer loop
      vertex -8 43.5 14
      vertex -8 43.65 58
      vertex -8 43.65 14
    endloop
  endfacet
  facet normal -1 0 0
    outer loop
      vertex -8 43.5 59.2792
      vertex -8 43.65 58
      vertex -8 43.5 14
    endloop
  endfacet
  facet normal -1 0 0
    outer loop
      vertex -8 43.65 58
      vertex -8 43.5 59.2792
      vertex -8 43.5987 58.7832
    endloop
  endfacet
  facet normal -0 0 1
    outer loop
      vertex -8 2 64
      vertex 0 0 64
      vertex 0 2 64
    endloop
  endfacet
  facet normal 0 0 1
    outer loop
      vertex 0 0 64
      vertex -8 2 64
      vertex -8 0 64
    endloop
  endfacet
  facet normal 0 0 1
    outer loop
      vertex -3 37.1754 64
      vertex 0 37.65 64
      vertex -3 37.65 64
    endloop
  endfacet
  facet normal 0 0 1
    outer loop
      vertex 0 37.65 64
      vertex -3 37.1754 64
      vertex 0 6 64
    endloop
  endfacet
  facet normal 0 0 1
    outer loop
      vertex -4 6 64
      vertex -3 37.1754 64
      vertex -4 37.1754 64
    endloop
  endfacet
  facet normal 0 0 1
    outer loop
      vertex -3 37.1754 64
      vertex -4 6 64
      vertex 0 6 64
    endloop
  endfacet
  facet normal 0 0 1
    outer loop
      vertex -3 37.65 64
      vertex -4 37.1754 64
      vertex -3 37.1754 64
    endloop
  endfacet
  facet normal 0 -0 1
    outer loop
      vertex -4 37.1754 64
      vertex -3 37.65 64
      vertex -4.06248 37.65 64
    endloop
  endfacet
  facet normal -0 0 1
    outer loop
      vertex -8 31.1754 153.5
      vertex -6 6 153.5
      vertex -6 31.1754 153.5
    endloop
  endfacet
  facet normal 0 0 1
    outer loop
      vertex -6 6 153.5
      vertex -8 31.1754 153.5
      vertex -8 6 153.5
    endloop
  endfacet
  facet normal 1 0 0
    outer loop
      vertex -4 37.1754 145.5
      vertex -4 29.7172 135.614
      vertex -4 30.1754 133.755
    endloop
  endfacet
  facet normal 1 0 0
    outer loop
      vertex -4 37.1754 145.5
      vertex -4 29.0038 136.584
      vertex -4 29.7172 135.614
    endloop
  endfacet
  facet normal 1 0 0
    outer loop
      vertex -4 37.1754 145.5
      vertex -4 22.9161 142.672
      vertex -4 29.0038 136.584
    endloop
  endfacet
  facet normal 1 0 0
    outer loop
      vertex -4 31.1754 151.5
      vertex -4 21.2777 143.662
      vertex -4 22.9161 142.672
    endloop
  endfacet
  facet normal 1 0 0
    outer loop
      vertex -4 31.1754 151.5
      vertex -4 19.3667 143.778
      vertex -4 21.2777 143.662
    endloop
  endfacet
  facet normal 1 -0 0
    outer loop
      vertex -4 6 151.5
      vertex -4 19.3667 143.778
      vertex -4 31.1754 151.5
    endloop
  endfacet
  facet normal 1 0 0
    outer loop
      vertex -4 10 133.755
      vertex -4 6 151.5
      vertex -4 10 94.4945
    endloop
  endfacet
  facet normal 1 0 0
    outer loop
      vertex -4 10.1811 134.945
      vertex -4 6 151.5
      vertex -4 10 133.755
    endloop
  endfacet
  facet normal 1 0 0
    outer loop
      vertex -4 11.1716 136.584
      vertex -4 6 151.5
      vertex -4 10.1811 134.945
    endloop
  endfacet
  facet normal 1 0 0
    outer loop
      vertex -4 17.2592 142.672
      vertex -4 6 151.5
      vertex -4 11.1716 136.584
    endloop
  endfacet
  facet normal 1 0 0
    outer loop
      vertex -4 19.3667 143.778
      vertex -4 6 151.5
      vertex -4 17.2592 142.672
    endloop
  endfacet
  facet normal 1 0 0
    outer loop
      vertex -4 31.1754 151.5
      vertex -4 37.1754 145.5
      vertex -4 37.124 146.283
    endloop
  endfacet
  facet normal 1 0 0
    outer loop
      vertex -4 31.1754 151.5
      vertex -4 37.124 146.283
      vertex -4 36.9709 147.053
    endloop
  endfacet
  facet normal 1 0 0
    outer loop
      vertex -4 31.1754 151.5
      vertex -4 36.9709 147.053
      vertex -4 36.7187 147.796
    endloop
  endfacet
  facet normal 1 0 0
    outer loop
      vertex -4 31.1754 151.5
      vertex -4 36.7187 147.796
      vertex -4 36.3715 148.5
    endloop
  endfacet
  facet normal 1 0 0
    outer loop
      vertex -4 31.1754 151.5
      vertex -4 36.3715 148.5
      vertex -4 35.9355 149.153
    endloop
  endfacet
  facet normal 1 0 0
    outer loop
      vertex -4 31.1754 151.5
      vertex -4 35.9355 149.153
      vertex -4 35.418 149.743
    endloop
  endfacet
  facet normal 1 0 0
    outer loop
      vertex -4 31.1754 151.5
      vertex -4 35.418 149.743
      vertex -4 34.8279 150.26
    endloop
  endfacet
  facet normal 1 0 0
    outer loop
      vertex -4 31.1754 151.5
      vertex -4 34.8279 150.26
      vertex -4 34.1754 150.696
    endloop
  endfacet
  facet normal 1 0 0
    outer loop
      vertex -4 31.1754 151.5
      vertex -4 34.1754 150.696
      vertex -4 33.4715 151.043
    endloop
  endfacet
  facet normal 1 0 0
    outer loop
      vertex -4 31.1754 151.5
      vertex -4 33.4715 151.043
      vertex -4 32.7283 151.296
    endloop
  endfacet
  facet normal 1 0 0
    outer loop
      vertex -4 31.1754 151.5
      vertex -4 32.7283 151.296
      vertex -4 31.9585 151.449
    endloop
  endfacet
  facet normal 1 0 0
    outer loop
      vertex -4 22.9161 142.672
      vertex -4 37.1754 145.5
      vertex -4 31.1754 151.5
    endloop
  endfacet
  facet normal 1 0 0
    outer loop
      vertex -4 37.1754 145.5
      vertex -4 30.1754 133.755
      vertex -4 30.1754 94.4945
    endloop
  endfacet
  facet normal 1 0 0
    outer loop
      vertex -4 37.1754 145.5
      vertex -4 30.1754 94.4945
      vertex -4 37.1754 64
    endloop
  endfacet
  facet normal 1 -0 0
    outer loop
      vertex -4 29.9942 93.3045
      vertex -4 37.1754 64
      vertex -4 30.1754 94.4945
    endloop
  endfacet
  facet normal 1 -0 0
    outer loop
      vertex -4 29.0038 91.6661
      vertex -4 37.1754 64
      vertex -4 29.9942 93.3045
    endloop
  endfacet
  facet normal 1 -0 0
    outer loop
      vertex -4 22.9161 85.5784
      vertex -4 37.1754 64
      vertex -4 29.0038 91.6661
    endloop
  endfacet
  facet normal 1 -0 0
    outer loop
      vertex -4 20.8087 84.4724
      vertex -4 37.1754 64
      vertex -4 22.9161 85.5784
    endloop
  endfacet
  facet normal 1 0 0
    outer loop
      vertex -4 6 64
      vertex -4 20.8087 84.4724
      vertex -4 18.8977 84.588
    endloop
  endfacet
  facet normal 1 0 0
    outer loop
      vertex -4 6 64
      vertex -4 18.8977 84.588
      vertex -4 17.2592 85.5784
    endloop
  endfacet
  facet normal 1 0 0
    outer loop
      vertex -4 6 64
      vertex -4 17.2592 85.5784
      vertex -4 11.1716 91.6661
    endloop
  endfacet
  facet normal 1 0 0
    outer loop
      vertex -4 20.8087 84.4724
      vertex -4 6 64
      vertex -4 37.1754 64
    endloop
  endfacet
  facet normal 1 0 0
    outer loop
      vertex -4 10.4582 92.6357
      vertex -4 6 64
      vertex -4 11.1716 91.6661
    endloop
  endfacet
  facet normal 1 0 0
    outer loop
      vertex -4 10 94.4945
      vertex -4 6 64
      vertex -4 10.4582 92.6357
    endloop
  endfacet
  facet normal 1 0 0
    outer loop
      vertex -4 6 64
      vertex -4 10 94.4945
      vertex -4 6 151.5
    endloop
  endfacet
  facet normal 0 1 -0
    outer loop
      vertex -6 39.1754 65
      vertex -8 39.1754 145.5
      vertex -6 39.1754 145.5
    endloop
  endfacet
  facet normal 0 1 0
    outer loop
      vertex -8 39.1754 145.5
      vertex -6 39.1754 65
      vertex -8 39.1754 65
    endloop
  endfacet
  facet normal 0 -1 0
    outer loop
      vertex -32 2 105.389
      vertex -22.5 2 109.142
      vertex -38.5 2 109.142
    endloop
  endfacet
  facet normal 0 -1 0
    outer loop
      vertex -32 2 105.389
      vertex -29 2 105.389
      vertex -22.5 2 109.142
    endloop
  endfacet
  facet normal 0 -1 0
    outer loop
      vertex -32 2 97.8832
      vertex -29 2 105.389
      vertex -32 2 105.389
    endloop
  endfacet
  facet normal 0 -1 0
    outer loop
      vertex -32 2 97.8832
      vertex -29 2 97.8832
      vertex -29 2 105.389
    endloop
  endfacet
  facet normal 0 -1 0
    outer loop
      vertex -32 2 97.8832
      vertex -30.5 2 95.2856
      vertex -29 2 97.8832
    endloop
  endfacet
  facet normal 0 -1 0
    outer loop
      vertex -38.5 2 94.1304
      vertex -30.5 2 95.2856
      vertex -32 2 97.8832
    endloop
  endfacet
  facet normal 0 -1 0
    outer loop
      vertex -37 2 91.5328
      vertex -38.5 2 94.1304
      vertex -40 2 91.5328
    endloop
  endfacet
  facet normal 0 -1 0
    outer loop
      vertex -38.5 2 94.1304
      vertex -37 2 91.5328
      vertex -30.5 2 95.2856
    endloop
  endfacet
  facet normal 0 -1 0
    outer loop
      vertex -40 2 84.0272
      vertex -37 2 91.5328
      vertex -40 2 91.5328
    endloop
  endfacet
  facet normal 0 -1 0
    outer loop
      vertex -40 2 84.0272
      vertex -37 2 84.0272
      vertex -37 2 91.5328
    endloop
  endfacet
  facet normal 0 -1 0
    outer loop
      vertex -40 2 84.0272
      vertex -38.5 2 81.4296
      vertex -37 2 84.0272
    endloop
  endfacet
  facet normal 0 -1 0
    outer loop
      vertex -46.5 2 80.2744
      vertex -38.5 2 81.4296
      vertex -40 2 84.0272
    endloop
  endfacet
  facet normal 0 -1 0
    outer loop
      vertex -45 2 77.6768
      vertex -46.5 2 80.2744
      vertex -48 2 77.6768
    endloop
  endfacet
  facet normal 0 -1 0
    outer loop
      vertex -46.5 2 80.2744
      vertex -45 2 77.6768
      vertex -38.5 2 81.4296
    endloop
  endfacet
  facet normal 0 -1 0
    outer loop
      vertex -48 2 70.1712
      vertex -45 2 77.6768
      vertex -48 2 77.6768
    endloop
  endfacet
  facet normal 0 -1 0
    outer loop
      vertex -48 2 70.1712
      vertex -45 2 70.1712
      vertex -45 2 77.6768
    endloop
  endfacet
  facet normal 0 -1 0
    outer loop
      vertex -48 2 70.1712
      vertex -46.5 2 67.5736
      vertex -45 2 70.1712
    endloop
  endfacet
  facet normal 0 -1 0
    outer loop
      vertex -54.5 2 66.4184
      vertex -46.5 2 67.5736
      vertex -48 2 70.1712
    endloop
  endfacet
  facet normal 0 -1 0
    outer loop
      vertex -53 2 63.8208
      vertex -54.5 2 66.4184
      vertex -56 2 63.8208
    endloop
  endfacet
  facet normal 0 -1 0
    outer loop
      vertex -54.5 2 66.4184
      vertex -53 2 63.8208
      vertex -46.5 2 67.5736
    endloop
  endfacet
  facet normal 0 -1 0
    outer loop
      vertex -56 2 56.3152
      vertex -53 2 63.8208
      vertex -56 2 63.8208
    endloop
  endfacet
  facet normal 0 -1 0
    outer loop
      vertex -56 2 56.3152
      vertex -53 2 56.3152
      vertex -53 2 63.8208
    endloop
  endfacet
  facet normal 0 -1 0
    outer loop
      vertex -56 2 56.3152
      vertex -54.5 2 53.7176
      vertex -53 2 56.3152
    endloop
  endfacet
  facet normal 0 -1 0
    outer loop
      vertex -62.5 2 52.5624
      vertex -54.5 2 53.7176
      vertex -56 2 56.3152
    endloop
  endfacet
  facet normal 0 -1 0
    outer loop
      vertex -61 2 49.9648
      vertex -62.5 2 52.5624
      vertex -64 2 49.9648
    endloop
  endfacet
  facet normal 0 -1 0
    outer loop
      vertex -62.5 2 52.5624
      vertex -61 2 49.9648
      vertex -54.5 2 53.7176
    endloop
  endfacet
  facet normal 0 -1 0
    outer loop
      vertex -64 2 42.4592
      vertex -61 2 49.9648
      vertex -64 2 49.9648
    endloop
  endfacet
  facet normal 0 -1 0
    outer loop
      vertex -64 2 42.4592
      vertex -61 2 42.4592
      vertex -61 2 49.9648
    endloop
  endfacet
  facet normal 0 -1 0
    outer loop
      vertex -64 2 42.4592
      vertex -62.5 2 39.8616
      vertex -61 2 42.4592
    endloop
  endfacet
  facet normal 0 -1 0
    outer loop
      vertex -70.5 2 38.7064
      vertex -62.5 2 39.8616
      vertex -64 2 42.4592
    endloop
  endfacet
  facet normal 0 -1 0
    outer loop
      vertex -69 2 36.1088
      vertex -70.5 2 38.7064
      vertex -72 2 36.1088
    endloop
  endfacet
  facet normal 0 -1 0
    outer loop
      vertex -70.5 2 38.7064
      vertex -69 2 36.1088
      vertex -62.5 2 39.8616
    endloop
  endfacet
  facet normal 0 -1 0
    outer loop
      vertex -72 2 28.6032
      vertex -69 2 36.1088
      vertex -72 2 36.1088
    endloop
  endfacet
  facet normal 0 -1 0
    outer loop
      vertex -72 2 28.6032
      vertex -69 2 28.6032
      vertex -69 2 36.1088
    endloop
  endfacet
  facet normal 0 -1 0
    outer loop
      vertex -72 2 28.6032
      vertex -70.5 2 26.0056
      vertex -69 2 28.6032
    endloop
  endfacet
  facet normal 0 -1 0
    outer loop
      vertex -78.5 2 24.8504
      vertex -70.5 2 26.0056
      vertex -72 2 28.6032
    endloop
  endfacet
  facet normal 0 -1 0
    outer loop
      vertex -77 2 22.2528
      vertex -78.5 2 24.8504
      vertex -80 2 22.2528
    endloop
  endfacet
  facet normal 0 -1 0
    outer loop
      vertex -78.5 2 24.8504
      vertex -77 2 22.2528
      vertex -70.5 2 26.0056
    endloop
  endfacet
  facet normal 0 -1 0
    outer loop
      vertex -80 2 14.7472
      vertex -77 2 22.2528
      vertex -80 2 22.2528
    endloop
  endfacet
  facet normal 0 -1 0
    outer loop
      vertex -80 2 14.7472
      vertex -77 2 14.7472
      vertex -77 2 22.2528
    endloop
  endfacet
  facet normal 0 -1 0
    outer loop
      vertex -86.5 2 10.9944
      vertex -77 2 14.7472
      vertex -80 2 14.7472
    endloop
  endfacet
  facet normal 0 -1 -0
    outer loop
      vertex -77 2 14.7472
      vertex -86.5 2 10.9944
      vertex -70.5 2 10.9944
    endloop
  endfacet
  facet normal 0 -1 0
    outer loop
      vertex -48 2 105.389
      vertex -38.5 2 109.142
      vertex -54.5 2 109.142
    endloop
  endfacet
  facet normal 0 -1 0
    outer loop
      vertex -48 2 105.389
      vertex -45 2 105.389
      vertex -38.5 2 109.142
    endloop
  endfacet
  facet normal 0 -1 0
    outer loop
      vertex -48 2 97.8832
      vertex -45 2 105.389
      vertex -48 2 105.389
    endloop
  endfacet
  facet normal 0 -1 0
    outer loop
      vertex -48 2 97.8832
      vertex -45 2 97.8832
      vertex -45 2 105.389
    endloop
  endfacet
  facet normal 0 -1 0
    outer loop
      vertex -48 2 97.8832
      vertex -46.5 2 95.2856
      vertex -45 2 97.8832
    endloop
  endfacet
  facet normal 0 -1 0
    outer loop
      vertex -54.5 2 94.1304
      vertex -46.5 2 95.2856
      vertex -48 2 97.8832
    endloop
  endfacet
  facet normal 0 -1 0
    outer loop
      vertex -53 2 91.5328
      vertex -54.5 2 94.1304
      vertex -56 2 91.5328
    endloop
  endfacet
  facet normal 0 -1 0
    outer loop
      vertex -54.5 2 94.1304
      vertex -53 2 91.5328
      vertex -46.5 2 95.2856
    endloop
  endfacet
  facet normal 0 -1 0
    outer loop
      vertex -56 2 84.0272
      vertex -53 2 91.5328
      vertex -56 2 91.5328
    endloop
  endfacet
  facet normal 0 -1 0
    outer loop
      vertex -56 2 84.0272
      vertex -53 2 84.0272
      vertex -53 2 91.5328
    endloop
  endfacet
  facet normal 0 -1 0
    outer loop
      vertex -56 2 84.0272
      vertex -54.5 2 81.4296
      vertex -53 2 84.0272
    endloop
  endfacet
  facet normal 0 -1 0
    outer loop
      vertex -62.5 2 80.2744
      vertex -54.5 2 81.4296
      vertex -56 2 84.0272
    endloop
  endfacet
  facet normal 0 -1 0
    outer loop
      vertex -61 2 77.6768
      vertex -62.5 2 80.2744
      vertex -64 2 77.6768
    endloop
  endfacet
  facet normal 0 -1 0
    outer loop
      vertex -62.5 2 80.2744
      vertex -61 2 77.6768
      vertex -54.5 2 81.4296
    endloop
  endfacet
  facet normal 0 -1 0
    outer loop
      vertex -64 2 70.1712
      vertex -61 2 77.6768
      vertex -64 2 77.6768
    endloop
  endfacet
  facet normal 0 -1 0
    outer loop
      vertex -64 2 70.1712
      vertex -61 2 70.1712
      vertex -61 2 77.6768
    endloop
  endfacet
  facet normal 0 -1 0
    outer loop
      vertex -64 2 70.1712
      vertex -62.5 2 67.5736
      vertex -61 2 70.1712
    endloop
  endfacet
  facet normal 0 -1 0
    outer loop
      vertex -70.5 2 66.4184
      vertex -62.5 2 67.5736
      vertex -64 2 70.1712
    endloop
  endfacet
  facet normal 0 -1 0
    outer loop
      vertex -69 2 63.8208
      vertex -70.5 2 66.4184
      vertex -72 2 63.8208
    endloop
  endfacet
  facet normal 0 -1 0
    outer loop
      vertex -70.5 2 66.4184
      vertex -69 2 63.8208
      vertex -62.5 2 67.5736
    endloop
  endfacet
  facet normal 0 -1 0
    outer loop
      vertex -72 2 56.3152
      vertex -69 2 63.8208
      vertex -72 2 63.8208
    endloop
  endfacet
  facet normal 0 -1 0
    outer loop
      vertex -72 2 56.3152
      vertex -69 2 56.3152
      vertex -69 2 63.8208
    endloop
  endfacet
  facet normal 0 -1 0
    outer loop
      vertex -72 2 56.3152
      vertex -70.5 2 53.7176
      vertex -69 2 56.3152
    endloop
  endfacet
  facet normal 0 -1 0
    outer loop
      vertex -78.5 2 52.5624
      vertex -70.5 2 53.7176
      vertex -72 2 56.3152
    endloop
  endfacet
  facet normal 0 -1 0
    outer loop
      vertex -77 2 49.9648
      vertex -78.5 2 52.5624
      vertex -80 2 49.9648
    endloop
  endfacet
  facet normal 0 -1 0
    outer loop
      vertex -78.5 2 52.5624
      vertex -77 2 49.9648
      vertex -70.5 2 53.7176
    endloop
  endfacet
  facet normal 0 -1 0
    outer loop
      vertex -80 2 42.4592
      vertex -77 2 49.9648
      vertex -80 2 49.9648
    endloop
  endfacet
  facet normal 0 -1 0
    outer loop
      vertex -80 2 42.4592
      vertex -77 2 42.4592
      vertex -77 2 49.9648
    endloop
  endfacet
  facet normal 0 -1 0
    outer loop
      vertex -80 2 42.4592
      vertex -78.5 2 39.8616
      vertex -77 2 42.4592
    endloop
  endfacet
  facet normal 0 -1 0
    outer loop
      vertex -86.5 2 38.7064
      vertex -78.5 2 39.8616
      vertex -80 2 42.4592
    endloop
  endfacet
  facet normal 0 -1 0
    outer loop
      vertex -85 2 36.1088
      vertex -86.5 2 38.7064
      vertex -88 2 36.1088
    endloop
  endfacet
  facet normal 0 -1 0
    outer loop
      vertex -86.5 2 38.7064
      vertex -85 2 36.1088
      vertex -78.5 2 39.8616
    endloop
  endfacet
  facet normal 0 -1 0
    outer loop
      vertex -88 2 28.6032
      vertex -85 2 36.1088
      vertex -88 2 36.1088
    endloop
  endfacet
  facet normal 0 -1 0
    outer loop
      vertex -88 2 28.6032
      vertex -85 2 28.6032
      vertex -85 2 36.1088
    endloop
  endfacet
  facet normal 0 -1 0
    outer loop
      vertex -88 2 28.6032
      vertex -86.5 2 26.0056
      vertex -85 2 28.6032
    endloop
  endfacet
  facet normal 0 -1 0
    outer loop
      vertex -94.5 2 24.8504
      vertex -86.5 2 26.0056
      vertex -88 2 28.6032
    endloop
  endfacet
  facet normal 0 -1 0
    outer loop
      vertex -93 2 22.2528
      vertex -94.5 2 24.8504
      vertex -96 2 22.2528
    endloop
  endfacet
  facet normal 0 -1 0
    outer loop
      vertex -94.5 2 24.8504
      vertex -93 2 22.2528
      vertex -86.5 2 26.0056
    endloop
  endfacet
  facet normal 0 -1 0
    outer loop
      vertex -96 2 14.7472
      vertex -93 2 22.2528
      vertex -96 2 22.2528
    endloop
  endfacet
  facet normal 0 -1 0
    outer loop
      vertex -96 2 14.7472
      vertex -93 2 14.7472
      vertex -93 2 22.2528
    endloop
  endfacet
  facet normal 0 -1 0
    outer loop
      vertex -102.5 2 10.9944
      vertex -93 2 14.7472
      vertex -96 2 14.7472
    endloop
  endfacet
  facet normal 0 -1 -0
    outer loop
      vertex -93 2 14.7472
      vertex -102.5 2 10.9944
      vertex -86.5 2 10.9944
    endloop
  endfacet
  facet normal 0 -1 0
    outer loop
      vertex -62.5 2 107.986
      vertex -54.5 2 109.142
      vertex -56 2 111.739
    endloop
  endfacet
  facet normal 0 -1 0
    outer loop
      vertex -61 2 105.389
      vertex -62.5 2 107.986
      vertex -64 2 105.389
    endloop
  endfacet
  facet normal 0 -1 0
    outer loop
      vertex -62.5 2 107.986
      vertex -61 2 105.389
      vertex -54.5 2 109.142
    endloop
  endfacet
  facet normal 0 -1 0
    outer loop
      vertex -64 2 97.8832
      vertex -61 2 105.389
      vertex -64 2 105.389
    endloop
  endfacet
  facet normal 0 -1 0
    outer loop
      vertex -64 2 97.8832
      vertex -61 2 97.8832
      vertex -61 2 105.389
    endloop
  endfacet
  facet normal 0 -1 0
    outer loop
      vertex -64 2 97.8832
      vertex -62.5 2 95.2856
      vertex -61 2 97.8832
    endloop
  endfacet
  facet normal 0 -1 0
    outer loop
      vertex -70.5 2 94.1304
      vertex -62.5 2 95.2856
      vertex -64 2 97.8832
    endloop
  endfacet
  facet normal 0 -1 0
    outer loop
      vertex -69 2 91.5328
      vertex -70.5 2 94.1304
      vertex -72 2 91.5328
    endloop
  endfacet
  facet normal 0 -1 0
    outer loop
      vertex -70.5 2 94.1304
      vertex -69 2 91.5328
      vertex -62.5 2 95.2856
    endloop
  endfacet
  facet normal 0 -1 0
    outer loop
      vertex -72 2 84.0272
      vertex -69 2 91.5328
      vertex -72 2 91.5328
    endloop
  endfacet
  facet normal 0 -1 0
    outer loop
      vertex -72 2 84.0272
      vertex -69 2 84.0272
      vertex -69 2 91.5328
    endloop
  endfacet
  facet normal 0 -1 0
    outer loop
      vertex -72 2 84.0272
      vertex -70.5 2 81.4296
      vertex -69 2 84.0272
    endloop
  endfacet
  facet normal 0 -1 0
    outer loop
      vertex -78.5 2 80.2744
      vertex -70.5 2 81.4296
      vertex -72 2 84.0272
    endloop
  endfacet
  facet normal 0 -1 0
    outer loop
      vertex -77 2 77.6768
      vertex -78.5 2 80.2744
      vertex -80 2 77.6768
    endloop
  endfacet
  facet normal 0 -1 0
    outer loop
      vertex -78.5 2 80.2744
      vertex -77 2 77.6768
      vertex -70.5 2 81.4296
    endloop
  endfacet
  facet normal 0 -1 0
    outer loop
      vertex -80 2 70.1712
      vertex -77 2 77.6768
      vertex -80 2 77.6768
    endloop
  endfacet
  facet normal 0 -1 0
    outer loop
      vertex -80 2 70.1712
      vertex -77 2 70.1712
      vertex -77 2 77.6768
    endloop
  endfacet
  facet normal 0 -1 0
    outer loop
      vertex -80 2 70.1712
      vertex -78.5 2 67.5736
      vertex -77 2 70.1712
    endloop
  endfacet
  facet normal 0 -1 0
    outer loop
      vertex -86.5 2 66.4184
      vertex -78.5 2 67.5736
      vertex -80 2 70.1712
    endloop
  endfacet
  facet normal 0 -1 0
    outer loop
      vertex -85 2 63.8208
      vertex -86.5 2 66.4184
      vertex -88 2 63.8208
    endloop
  endfacet
  facet normal 0 -1 0
    outer loop
      vertex -86.5 2 66.4184
      vertex -85 2 63.8208
      vertex -78.5 2 67.5736
    endloop
  endfacet
  facet normal 0 -1 0
    outer loop
      vertex -88 2 56.3152
      vertex -85 2 63.8208
      vertex -88 2 63.8208
    endloop
  endfacet
  facet normal 0 -1 0
    outer loop
      vertex -88 2 56.3152
      vertex -85 2 56.3152
      vertex -85 2 63.8208
    endloop
  endfacet
  facet normal 0 -1 0
    outer loop
      vertex -88 2 56.3152
      vertex -86.5 2 53.7176
      vertex -85 2 56.3152
    endloop
  endfacet
  facet normal 0 -1 0
    outer loop
      vertex -94.5 2 52.5624
      vertex -86.5 2 53.7176
      vertex -88 2 56.3152
    endloop
  endfacet
  facet normal 0 -1 0
    outer loop
      vertex -93 2 49.9648
      vertex -94.5 2 52.5624
      vertex -96 2 49.9648
    endloop
  endfacet
  facet normal 0 -1 0
    outer loop
      vertex -94.5 2 52.5624
      vertex -93 2 49.9648
      vertex -86.5 2 53.7176
    endloop
  endfacet
  facet normal 0 -1 0
    outer loop
      vertex -96 2 42.4592
      vertex -93 2 49.9648
      vertex -96 2 49.9648
    endloop
  endfacet
  facet normal 0 -1 0
    outer loop
      vertex -96 2 42.4592
      vertex -93 2 42.4592
      vertex -93 2 49.9648
    endloop
  endfacet
  facet normal 0 -1 0
    outer loop
      vertex -96 2 42.4592
      vertex -94.5 2 39.8616
      vertex -93 2 42.4592
    endloop
  endfacet
  facet normal 0 -1 0
    outer loop
      vertex -102.5 2 38.7064
      vertex -94.5 2 39.8616
      vertex -96 2 42.4592
    endloop
  endfacet
  facet normal 0 -1 0
    outer loop
      vertex -101 2 36.1088
      vertex -102.5 2 38.7064
      vertex -104 2 36.1088
    endloop
  endfacet
  facet normal 0 -1 0
    outer loop
      vertex -102.5 2 38.7064
      vertex -101 2 36.1088
      vertex -94.5 2 39.8616
    endloop
  endfacet
  facet normal 0 -1 0
    outer loop
      vertex -104 2 28.6032
      vertex -101 2 36.1088
      vertex -104 2 36.1088
    endloop
  endfacet
  facet normal 0 -1 0
    outer loop
      vertex -104 2 28.6032
      vertex -101 2 28.6032
      vertex -101 2 36.1088
    endloop
  endfacet
  facet normal 0 -1 0
    outer loop
      vertex -104 2 28.6032
      vertex -102.5 2 26.0056
      vertex -101 2 28.6032
    endloop
  endfacet
  facet normal 0 -1 0
    outer loop
      vertex -110.5 2 24.8504
      vertex -102.5 2 26.0056
      vertex -104 2 28.6032
    endloop
  endfacet
  facet normal 0 -1 0
    outer loop
      vertex -109 2 22.2528
      vertex -110.5 2 24.8504
      vertex -112 2 22.2528
    endloop
  endfacet
  facet normal 0 -1 0
    outer loop
      vertex -110.5 2 24.8504
      vertex -109 2 22.2528
      vertex -102.5 2 26.0056
    endloop
  endfacet
  facet normal 0 -1 0
    outer loop
      vertex -112 2 14.7472
      vertex -109 2 22.2528
      vertex -112 2 22.2528
    endloop
  endfacet
  facet normal 0 -1 0
    outer loop
      vertex -112 2 14.7472
      vertex -109 2 14.7472
      vertex -109 2 22.2528
    endloop
  endfacet
  facet normal 0 -1 0
    outer loop
      vertex -118.5 2 10.9944
      vertex -109 2 14.7472
      vertex -112 2 14.7472
    endloop
  endfacet
  facet normal 0 -1 -0
    outer loop
      vertex -109 2 14.7472
      vertex -118.5 2 10.9944
      vertex -102.5 2 10.9944
    endloop
  endfacet
  facet normal 0 -1 0
    outer loop
      vertex -192 2 105.389
      vertex -182.5 2 109.142
      vertex -198.5 2 109.142
    endloop
  endfacet
  facet normal 0 -1 0
    outer loop
      vertex -192 2 105.389
      vertex -189 2 105.389
      vertex -182.5 2 109.142
    endloop
  endfacet
  facet normal 0 -1 0
    outer loop
      vertex -192 2 97.8832
      vertex -189 2 105.389
      vertex -192 2 105.389
    endloop
  endfacet
  facet normal 0 -1 0
    outer loop
      vertex -192 2 97.8832
      vertex -189 2 97.8832
      vertex -189 2 105.389
    endloop
  endfacet
  facet normal 0 -1 0
    outer loop
      vertex -192 2 97.8832
      vertex -190.5 2 95.2856
      vertex -189 2 97.8832
    endloop
  endfacet
  facet normal 0 -1 0
    outer loop
      vertex -198.5 2 94.1304
      vertex -190.5 2 95.2856
      vertex -192 2 97.8832
    endloop
  endfacet
  facet normal 0 -1 0
    outer loop
      vertex -197 2 91.5328
      vertex -198.5 2 94.1304
      vertex -200 2 91.5328
    endloop
  endfacet
  facet normal 0 -1 0
    outer loop
      vertex -198.5 2 94.1304
      vertex -197 2 91.5328
      vertex -190.5 2 95.2856
    endloop
  endfacet
  facet normal 0 -1 0
    outer loop
      vertex -200 2 84.0272
      vertex -197 2 91.5328
      vertex -200 2 91.5328
    endloop
  endfacet
  facet normal 0 -1 0
    outer loop
      vertex -200 2 84.0272
      vertex -197 2 84.0272
      vertex -197 2 91.5328
    endloop
  endfacet
  facet normal 0 -1 0
    outer loop
      vertex -200 2 84.0272
      vertex -198.5 2 81.4296
      vertex -197 2 84.0272
    endloop
  endfacet
  facet normal 0 -1 0
    outer loop
      vertex -206.5 2 80.2744
      vertex -198.5 2 81.4296
      vertex -200 2 84.0272
    endloop
  endfacet
  facet normal 0 -1 0
    outer loop
      vertex -205 2 77.6768
      vertex -206.5 2 80.2744
      vertex -208 2 77.6768
    endloop
  endfacet
  facet normal 0 -1 0
    outer loop
      vertex -206.5 2 80.2744
      vertex -205 2 77.6768
      vertex -198.5 2 81.4296
    endloop
  endfacet
  facet normal 0 -1 0
    outer loop
      vertex -208 2 70.1712
      vertex -205 2 77.6768
      vertex -208 2 77.6768
    endloop
  endfacet
  facet normal 0 -1 0
    outer loop
      vertex -208 2 70.1712
      vertex -205 2 70.1712
      vertex -205 2 77.6768
    endloop
  endfacet
  facet normal 0 -1 0
    outer loop
      vertex -208 2 70.1712
      vertex -206.5 2 67.5736
      vertex -205 2 70.1712
    endloop
  endfacet
  facet normal 0 -1 0
    outer loop
      vertex -214.5 2 66.4184
      vertex -206.5 2 67.5736
      vertex -208 2 70.1712
    endloop
  endfacet
  facet normal 0 -1 0
    outer loop
      vertex -213 2 63.8208
      vertex -214.5 2 66.4184
      vertex -216 2 63.8208
    endloop
  endfacet
  facet normal 0 -1 0
    outer loop
      vertex -214.5 2 66.4184
      vertex -213 2 63.8208
      vertex -206.5 2 67.5736
    endloop
  endfacet
  facet normal 0 -1 0
    outer loop
      vertex -216 2 56.3152
      vertex -213 2 63.8208
      vertex -216 2 63.8208
    endloop
  endfacet
  facet normal 0 -1 0
    outer loop
      vertex -216 2 56.3152
      vertex -213 2 56.3152
      vertex -213 2 63.8208
    endloop
  endfacet
  facet normal 0 -1 0
    outer loop
      vertex -216 2 56.3152
      vertex -214.5 2 53.7176
      vertex -213 2 56.3152
    endloop
  endfacet
  facet normal 0 -1 0
    outer loop
      vertex -222.5 2 52.5624
      vertex -214.5 2 53.7176
      vertex -216 2 56.3152
    endloop
  endfacet
  facet normal 0 -1 0
    outer loop
      vertex -214.5 2 53.7176
      vertex -222.5 2 52.5624
      vertex -221 2 49.9648
    endloop
  endfacet
  facet normal 0 -1 0
    outer loop
      vertex -208 2 105.389
      vertex -198.5 2 109.142
      vertex -214.5 2 109.142
    endloop
  endfacet
  facet normal 0 -1 0
    outer loop
      vertex -208 2 105.389
      vertex -205 2 105.389
      vertex -198.5 2 109.142
    endloop
  endfacet
  facet normal 0 -1 0
    outer loop
      vertex -208 2 97.8832
      vertex -205 2 105.389
      vertex -208 2 105.389
    endloop
  endfacet
  facet normal 0 -1 0
    outer loop
      vertex -208 2 97.8832
      vertex -205 2 97.8832
      vertex -205 2 105.389
    endloop
  endfacet
  facet normal 0 -1 0
    outer loop
      vertex -208 2 97.8832
      vertex -206.5 2 95.2856
      vertex -205 2 97.8832
    endloop
  endfacet
  facet normal 0 -1 0
    outer loop
      vertex -214.5 2 94.1304
      vertex -206.5 2 95.2856
      vertex -208 2 97.8832
    endloop
  endfacet
  facet normal 0 -1 0
    outer loop
      vertex -213 2 91.5328
      vertex -214.5 2 94.1304
      vertex -216 2 91.5328
    endloop
  endfacet
  facet normal 0 -1 0
    outer loop
      vertex -214.5 2 94.1304
      vertex -213 2 91.5328
      vertex -206.5 2 95.2856
    endloop
  endfacet
  facet normal 0 -1 0
    outer loop
      vertex -216 2 84.0272
      vertex -213 2 91.5328
      vertex -216 2 91.5328
    endloop
  endfacet
  facet normal 0 -1 0
    outer loop
      vertex -216 2 84.0272
      vertex -213 2 84.0272
      vertex -213 2 91.5328
    endloop
  endfacet
  facet normal 0 -1 0
    outer loop
      vertex -216 2 84.0272
      vertex -214.5 2 81.4296
      vertex -213 2 84.0272
    endloop
  endfacet
  facet normal 0 -1 0
    outer loop
      vertex -222.5 2 80.2744
      vertex -214.5 2 81.4296
      vertex -216 2 84.0272
    endloop
  endfacet
  facet normal 0 -1 0
    outer loop
      vertex -214.5 2 81.4296
      vertex -222.5 2 80.2744
      vertex -221 2 77.6768
    endloop
  endfacet
  facet normal 0 -1 -0
    outer loop
      vertex -189 2 125.595
      vertex -198.5 2 109.142
      vertex -181 2 111.739
    endloop
  endfacet
  facet normal 0 -1 0
    outer loop
      vertex -182.5 2 109.142
      vertex -181 2 111.739
      vertex -198.5 2 109.142
    endloop
  endfacet
  facet normal 0 -1 0
    outer loop
      vertex -182.5 2 109.142
      vertex -174.5 2 107.986
      vertex -181 2 111.739
    endloop
  endfacet
  facet normal -0 -1 0
    outer loop
      vertex -174.5 2 107.986
      vertex -182.5 2 109.142
      vertex -176 2 105.389
    endloop
  endfacet
  facet normal 0 -1 0
    outer loop
      vertex -166.5 2 109.142
      vertex -158.5 2 107.986
      vertex -165 2 111.739
    endloop
  endfacet
  facet normal -0 -1 0
    outer loop
      vertex -158.5 2 107.986
      vertex -166.5 2 109.142
      vertex -160 2 105.389
    endloop
  endfacet
  facet normal 0 -1 0
    outer loop
      vertex -150.5 2 109.142
      vertex -142.5 2 107.986
      vertex -149 2 111.739
    endloop
  endfacet
  facet normal -0 -1 0
    outer loop
      vertex -142.5 2 107.986
      vertex -150.5 2 109.142
      vertex -144 2 105.389
    endloop
  endfacet
  facet normal 0 -1 0
    outer loop
      vertex -134.5 2 109.142
      vertex -126.5 2 107.986
      vertex -133 2 111.739
    endloop
  endfacet
  facet normal -0 -1 0
    outer loop
      vertex -126.5 2 107.986
      vertex -134.5 2 109.142
      vertex -128 2 105.389
    endloop
  endfacet
  facet normal 0 -1 0
    outer loop
      vertex -118.5 2 109.142
      vertex -110.5 2 107.986
      vertex -117 2 111.739
    endloop
  endfacet
  facet normal -0 -1 0
    outer loop
      vertex -110.5 2 107.986
      vertex -118.5 2 109.142
      vertex -112 2 105.389
    endloop
  endfacet
  facet normal 0 -1 0
    outer loop
      vertex -102.5 2 109.142
      vertex -94.5 2 107.986
      vertex -101 2 111.739
    endloop
  endfacet
  facet normal -0 -1 0
    outer loop
      vertex -94.5 2 107.986
      vertex -102.5 2 109.142
      vertex -96 2 105.389
    endloop
  endfacet
  facet normal 0 -1 0
    outer loop
      vertex -86.5 2 109.142
      vertex -78.5 2 107.986
      vertex -85 2 111.739
    endloop
  endfacet
  facet normal -0 -1 0
    outer loop
      vertex -78.5 2 107.986
      vertex -86.5 2 109.142
      vertex -80 2 105.389
    endloop
  endfacet
  facet normal 0 -1 0
    outer loop
      vertex -70.5 2 109.142
      vertex -62.5 2 107.986
      vertex -69 2 111.739
    endloop
  endfacet
  facet normal -0 -1 0
    outer loop
      vertex -62.5 2 107.986
      vertex -70.5 2 109.142
      vertex -64 2 105.389
    endloop
  endfacet
  facet normal 0 -1 0
    outer loop
      vertex -30.5 2 135.698
      vertex -22.5 2 136.854
      vertex -24 2 139.451
    endloop
  endfacet
  facet normal 0 -1 0
    outer loop
      vertex -30.5 2 135.698
      vertex -29 2 133.101
      vertex -22.5 2 136.854
    endloop
  endfacet
  facet normal 0 -1 0
    outer loop
      vertex -46.5 2 135.698
      vertex -29 2 133.101
      vertex -30.5 2 135.698
    endloop
  endfacet
  facet normal 0 -1 0
    outer loop
      vertex -56 2 119.245
      vertex -64 2 133.101
      vertex -64 2 125.595
    endloop
  endfacet
  facet normal -0 -1 0
    outer loop
      vertex -29 2 125.595
      vertex -46.5 2 135.698
      vertex -56 2 119.245
    endloop
  endfacet
  facet normal 0 -1 0
    outer loop
      vertex -56 2 119.245
      vertex -64 2 125.595
      vertex -62.5 2 122.998
    endloop
  endfacet
  facet normal 0 -1 0
    outer loop
      vertex -70.5 2 121.842
      vertex -62.5 2 122.998
      vertex -64 2 125.595
    endloop
  endfacet
  facet normal 0 -1 0
    outer loop
      vertex -69 2 119.245
      vertex -70.5 2 121.842
      vertex -72 2 119.245
    endloop
  endfacet
  facet normal 0 -1 0
    outer loop
      vertex -70.5 2 121.842
      vertex -69 2 119.245
      vertex -62.5 2 122.998
    endloop
  endfacet
  facet normal 0 -1 0
    outer loop
      vertex -72 2 111.739
      vertex -69 2 119.245
      vertex -72 2 119.245
    endloop
  endfacet
  facet normal 0 -1 0
    outer loop
      vertex -72 2 111.739
      vertex -69 2 111.739
      vertex -69 2 119.245
    endloop
  endfacet
  facet normal 0 -1 0
    outer loop
      vertex -72 2 111.739
      vertex -70.5 2 109.142
      vertex -69 2 111.739
    endloop
  endfacet
  facet normal 0 -1 0
    outer loop
      vertex -78.5 2 107.986
      vertex -70.5 2 109.142
      vertex -72 2 111.739
    endloop
  endfacet
  facet normal 0 -1 0
    outer loop
      vertex -77 2 105.389
      vertex -78.5 2 107.986
      vertex -80 2 105.389
    endloop
  endfacet
  facet normal 0 -1 0
    outer loop
      vertex -78.5 2 107.986
      vertex -77 2 105.389
      vertex -70.5 2 109.142
    endloop
  endfacet
  facet normal 0 -1 0
    outer loop
      vertex -80 2 97.8832
      vertex -77 2 105.389
      vertex -80 2 105.389
    endloop
  endfacet
  facet normal 0 -1 0
    outer loop
      vertex -80 2 97.8832
      vertex -77 2 97.8832
      vertex -77 2 105.389
    endloop
  endfacet
  facet normal 0 -1 0
    outer loop
      vertex -80 2 97.8832
      vertex -78.5 2 95.2856
      vertex -77 2 97.8832
    endloop
  endfacet
  facet normal 0 -1 0
    outer loop
      vertex -86.5 2 94.1304
      vertex -78.5 2 95.2856
      vertex -80 2 97.8832
    endloop
  endfacet
  facet normal 0 -1 0
    outer loop
      vertex -85 2 91.5328
      vertex -86.5 2 94.1304
      vertex -88 2 91.5328
    endloop
  endfacet
  facet normal 0 -1 0
    outer loop
      vertex -86.5 2 94.1304
      vertex -85 2 91.5328
      vertex -78.5 2 95.2856
    endloop
  endfacet
  facet normal 0 -1 0
    outer loop
      vertex -88 2 84.0272
      vertex -85 2 91.5328
      vertex -88 2 91.5328
    endloop
  endfacet
  facet normal 0 -1 0
    outer loop
      vertex -88 2 84.0272
      vertex -85 2 84.0272
      vertex -85 2 91.5328
    endloop
  endfacet
  facet normal 0 -1 0
    outer loop
      vertex -88 2 84.0272
      vertex -86.5 2 81.4296
      vertex -85 2 84.0272
    endloop
  endfacet
  facet normal 0 -1 0
    outer loop
      vertex -94.5 2 80.2744
      vertex -86.5 2 81.4296
      vertex -88 2 84.0272
    endloop
  endfacet
  facet normal 0 -1 0
    outer loop
      vertex -93 2 77.6768
      vertex -94.5 2 80.2744
      vertex -96 2 77.6768
    endloop
  endfacet
  facet normal 0 -1 0
    outer loop
      vertex -94.5 2 80.2744
      vertex -93 2 77.6768
      vertex -86.5 2 81.4296
    endloop
  endfacet
  facet normal 0 -1 0
    outer loop
      vertex -96 2 70.1712
      vertex -93 2 77.6768
      vertex -96 2 77.6768
    endloop
  endfacet
  facet normal 0 -1 0
    outer loop
      vertex -96 2 70.1712
      vertex -93 2 70.1712
      vertex -93 2 77.6768
    endloop
  endfacet
  facet normal 0 -1 0
    outer loop
      vertex -96 2 70.1712
      vertex -94.5 2 67.5736
      vertex -93 2 70.1712
    endloop
  endfacet
  facet normal 0 -1 0
    outer loop
      vertex -102.5 2 66.4184
      vertex -94.5 2 67.5736
      vertex -96 2 70.1712
    endloop
  endfacet
  facet normal 0 -1 0
    outer loop
      vertex -101 2 63.8208
      vertex -102.5 2 66.4184
      vertex -104 2 63.8208
    endloop
  endfacet
  facet normal 0 -1 0
    outer loop
      vertex -102.5 2 66.4184
      vertex -101 2 63.8208
      vertex -94.5 2 67.5736
    endloop
  endfacet
  facet normal 0 -1 0
    outer loop
      vertex -104 2 56.3152
      vertex -101 2 63.8208
      vertex -104 2 63.8208
    endloop
  endfacet
  facet normal 0 -1 0
    outer loop
      vertex -104 2 56.3152
      vertex -101 2 56.3152
      vertex -101 2 63.8208
    endloop
  endfacet
  facet normal 0 -1 0
    outer loop
      vertex -104 2 56.3152
      vertex -102.5 2 53.7176
      vertex -101 2 56.3152
    endloop
  endfacet
  facet normal 0 -1 0
    outer loop
      vertex -110.5 2 52.5624
      vertex -102.5 2 53.7176
      vertex -104 2 56.3152
    endloop
  endfacet
  facet normal 0 -1 0
    outer loop
      vertex -109 2 49.9648
      vertex -110.5 2 52.5624
      vertex -112 2 49.9648
    endloop
  endfacet
  facet normal 0 -1 0
    outer loop
      vertex -110.5 2 52.5624
      vertex -109 2 49.9648
      vertex -102.5 2 53.7176
    endloop
  endfacet
  facet normal 0 -1 0
    outer loop
      vertex -112 2 42.4592
      vertex -109 2 49.9648
      vertex -112 2 49.9648
    endloop
  endfacet
  facet normal 0 -1 0
    outer loop
      vertex -112 2 42.4592
      vertex -109 2 42.4592
      vertex -109 2 49.9648
    endloop
  endfacet
  facet normal 0 -1 0
    outer loop
      vertex -112 2 42.4592
      vertex -110.5 2 39.8616
      vertex -109 2 42.4592
    endloop
  endfacet
  facet normal 0 -1 0
    outer loop
      vertex -118.5 2 38.7064
      vertex -110.5 2 39.8616
      vertex -112 2 42.4592
    endloop
  endfacet
  facet normal 0 -1 0
    outer loop
      vertex -117 2 36.1088
      vertex -118.5 2 38.7064
      vertex -120 2 36.1088
    endloop
  endfacet
  facet normal 0 -1 0
    outer loop
      vertex -118.5 2 38.7064
      vertex -117 2 36.1088
      vertex -110.5 2 39.8616
    endloop
  endfacet
  facet normal 0 -1 0
    outer loop
      vertex -120 2 28.6032
      vertex -117 2 36.1088
      vertex -120 2 36.1088
    endloop
  endfacet
  facet normal 0 -1 0
    outer loop
      vertex -120 2 28.6032
      vertex -117 2 28.6032
      vertex -117 2 36.1088
    endloop
  endfacet
  facet normal 0 -1 0
    outer loop
      vertex -120 2 28.6032
      vertex -118.5 2 26.0056
      vertex -117 2 28.6032
    endloop
  endfacet
  facet normal 0 -1 0
    outer loop
      vertex -126.5 2 24.8504
      vertex -118.5 2 26.0056
      vertex -120 2 28.6032
    endloop
  endfacet
  facet normal 0 -1 0
    outer loop
      vertex -125 2 22.2528
      vertex -126.5 2 24.8504
      vertex -128 2 22.2528
    endloop
  endfacet
  facet normal 0 -1 0
    outer loop
      vertex -126.5 2 24.8504
      vertex -125 2 22.2528
      vertex -118.5 2 26.0056
    endloop
  endfacet
  facet normal 0 -1 0
    outer loop
      vertex -128 2 14.7472
      vertex -125 2 22.2528
      vertex -128 2 22.2528
    endloop
  endfacet
  facet normal 0 -1 0
    outer loop
      vertex -128 2 14.7472
      vertex -125 2 14.7472
      vertex -125 2 22.2528
    endloop
  endfacet
  facet normal 0 -1 0
    outer loop
      vertex -134.5 2 10.9944
      vertex -125 2 14.7472
      vertex -128 2 14.7472
    endloop
  endfacet
  facet normal 0 -1 -0
    outer loop
      vertex -125 2 14.7472
      vertex -134.5 2 10.9944
      vertex -118.5 2 10.9944
    endloop
  endfacet
  facet normal 0 -1 0
    outer loop
      vertex -40 2 146.957
      vertex -30.5 2 150.71
      vertex -46.5 2 150.71
    endloop
  endfacet
  facet normal 0 -1 0
    outer loop
      vertex -40 2 146.957
      vertex -37 2 146.957
      vertex -30.5 2 150.71
    endloop
  endfacet
  facet normal 0 -1 0
    outer loop
      vertex -40 2 139.451
      vertex -37 2 146.957
      vertex -40 2 146.957
    endloop
  endfacet
  facet normal 0 -1 0
    outer loop
      vertex -40 2 139.451
      vertex -37 2 139.451
      vertex -37 2 146.957
    endloop
  endfacet
  facet normal 0 -1 0
    outer loop
      vertex -46.5 2 135.698
      vertex -37 2 139.451
      vertex -40 2 139.451
    endloop
  endfacet
  facet normal 0 -1 -0
    outer loop
      vertex -37 2 139.451
      vertex -46.5 2 135.698
      vertex -30.5 2 135.698
    endloop
  endfacet
  facet normal 0 -1 0
    outer loop
      vertex -56 2 146.957
      vertex -46.5 2 150.71
      vertex -62.5 2 150.71
    endloop
  endfacet
  facet normal 0 -1 0
    outer loop
      vertex -56 2 146.957
      vertex -53 2 146.957
      vertex -46.5 2 150.71
    endloop
  endfacet
  facet normal 0 -1 0
    outer loop
      vertex -56 2 139.451
      vertex -53 2 146.957
      vertex -56 2 146.957
    endloop
  endfacet
  facet normal 0 -1 0
    outer loop
      vertex -56 2 139.451
      vertex -53 2 139.451
      vertex -53 2 146.957
    endloop
  endfacet
  facet normal 0 -1 0
    outer loop
      vertex -62.5 2 135.698
      vertex -53 2 139.451
      vertex -56 2 139.451
    endloop
  endfacet
  facet normal 0 -1 -0
    outer loop
      vertex -53 2 139.451
      vertex -62.5 2 135.698
      vertex -46.5 2 135.698
    endloop
  endfacet
  facet normal 0 -1 0
    outer loop
      vertex -72 2 146.957
      vertex -62.5 2 150.71
      vertex -78.5 2 150.71
    endloop
  endfacet
  facet normal 0 -1 0
    outer loop
      vertex -72 2 146.957
      vertex -69 2 146.957
      vertex -62.5 2 150.71
    endloop
  endfacet
  facet normal 0 -1 0
    outer loop
      vertex -72 2 139.451
      vertex -69 2 146.957
      vertex -72 2 146.957
    endloop
  endfacet
  facet normal 0 -1 0
    outer loop
      vertex -72 2 139.451
      vertex -69 2 139.451
      vertex -69 2 146.957
    endloop
  endfacet
  facet normal 0 -1 0
    outer loop
      vertex -72 2 139.451
      vertex -70.5 2 136.854
      vertex -69 2 139.451
    endloop
  endfacet
  facet normal 0 -1 0
    outer loop
      vertex -78.5 2 135.698
      vertex -70.5 2 136.854
      vertex -72 2 139.451
    endloop
  endfacet
  facet normal 0 -1 0
    outer loop
      vertex -77 2 133.101
      vertex -78.5 2 135.698
      vertex -80 2 133.101
    endloop
  endfacet
  facet normal 0 -1 0
    outer loop
      vertex -78.5 2 135.698
      vertex -77 2 133.101
      vertex -70.5 2 136.854
    endloop
  endfacet
  facet normal 0 -1 0
    outer loop
      vertex -80 2 125.595
      vertex -77 2 133.101
      vertex -80 2 133.101
    endloop
  endfacet
  facet normal 0 -1 0
    outer loop
      vertex -80 2 125.595
      vertex -77 2 125.595
      vertex -77 2 133.101
    endloop
  endfacet
  facet normal 0 -1 0
    outer loop
      vertex -80 2 125.595
      vertex -78.5 2 122.998
      vertex -77 2 125.595
    endloop
  endfacet
  facet normal 0 -1 0
    outer loop
      vertex -86.5 2 121.842
      vertex -78.5 2 122.998
      vertex -80 2 125.595
    endloop
  endfacet
  facet normal 0 -1 0
    outer loop
      vertex -85 2 119.245
      vertex -86.5 2 121.842
      vertex -88 2 119.245
    endloop
  endfacet
  facet normal 0 -1 0
    outer loop
      vertex -86.5 2 121.842
      vertex -85 2 119.245
      vertex -78.5 2 122.998
    endloop
  endfacet
  facet normal 0 -1 0
    outer loop
      vertex -88 2 111.739
      vertex -85 2 119.245
      vertex -88 2 119.245
    endloop
  endfacet
  facet normal 0 -1 0
    outer loop
      vertex -88 2 111.739
      vertex -85 2 111.739
      vertex -85 2 119.245
    endloop
  endfacet
  facet normal 0 -1 0
    outer loop
      vertex -88 2 111.739
      vertex -86.5 2 109.142
      vertex -85 2 111.739
    endloop
  endfacet
  facet normal 0 -1 0
    outer loop
      vertex -94.5 2 107.986
      vertex -86.5 2 109.142
      vertex -88 2 111.739
    endloop
  endfacet
  facet normal 0 -1 0
    outer loop
      vertex -93 2 105.389
      vertex -94.5 2 107.986
      vertex -96 2 105.389
    endloop
  endfacet
  facet normal 0 -1 0
    outer loop
      vertex -94.5 2 107.986
      vertex -93 2 105.389
      vertex -86.5 2 109.142
    endloop
  endfacet
  facet normal 0 -1 0
    outer loop
      vertex -96 2 97.8832
      vertex -93 2 105.389
      vertex -96 2 105.389
    endloop
  endfacet
  facet normal 0 -1 0
    outer loop
      vertex -96 2 97.8832
      vertex -93 2 97.8832
      vertex -93 2 105.389
    endloop
  endfacet
  facet normal 0 -1 0
    outer loop
      vertex -96 2 97.8832
      vertex -94.5 2 95.2856
      vertex -93 2 97.8832
    endloop
  endfacet
  facet normal 0 -1 0
    outer loop
      vertex -102.5 2 94.1304
      vertex -94.5 2 95.2856
      vertex -96 2 97.8832
    endloop
  endfacet
  facet normal 0 -1 0
    outer loop
      vertex -101 2 91.5328
      vertex -102.5 2 94.1304
      vertex -104 2 91.5328
    endloop
  endfacet
  facet normal 0 -1 0
    outer loop
      vertex -102.5 2 94.1304
      vertex -101 2 91.5328
      vertex -94.5 2 95.2856
    endloop
  endfacet
  facet normal 0 -1 0
    outer loop
      vertex -104 2 84.0272
      vertex -101 2 91.5328
      vertex -104 2 91.5328
    endloop
  endfacet
  facet normal 0 -1 0
    outer loop
      vertex -104 2 84.0272
      vertex -101 2 84.0272
      vertex -101 2 91.5328
    endloop
  endfacet
  facet normal 0 -1 0
    outer loop
      vertex -104 2 84.0272
      vertex -102.5 2 81.4296
      vertex -101 2 84.0272
    endloop
  endfacet
  facet normal 0 -1 0
    outer loop
      vertex -110.5 2 80.2744
      vertex -102.5 2 81.4296
      vertex -104 2 84.0272
    endloop
  endfacet
  facet normal 0 -1 0
    outer loop
      vertex -109 2 77.6768
      vertex -110.5 2 80.2744
      vertex -112 2 77.6768
    endloop
  endfacet
  facet normal 0 -1 0
    outer loop
      vertex -110.5 2 80.2744
      vertex -109 2 77.6768
      vertex -102.5 2 81.4296
    endloop
  endfacet
  facet normal 0 -1 0
    outer loop
      vertex -112 2 70.1712
      vertex -109 2 77.6768
      vertex -112 2 77.6768
    endloop
  endfacet
  facet normal 0 -1 0
    outer loop
      vertex -112 2 70.1712
      vertex -109 2 70.1712
      vertex -109 2 77.6768
    endloop
  endfacet
  facet normal 0 -1 0
    outer loop
      vertex -112 2 70.1712
      vertex -110.5 2 67.5736
      vertex -109 2 70.1712
    endloop
  endfacet
  facet normal 0 -1 0
    outer loop
      vertex -118.5 2 66.4184
      vertex -110.5 2 67.5736
      vertex -112 2 70.1712
    endloop
  endfacet
  facet normal 0 -1 0
    outer loop
      vertex -117 2 63.8208
      vertex -118.5 2 66.4184
      vertex -120 2 63.8208
    endloop
  endfacet
  facet normal 0 -1 0
    outer loop
      vertex -118.5 2 66.4184
      vertex -117 2 63.8208
      vertex -110.5 2 67.5736
    endloop
  endfacet
  facet normal 0 -1 0
    outer loop
      vertex -120 2 56.3152
      vertex -117 2 63.8208
      vertex -120 2 63.8208
    endloop
  endfacet
  facet normal 0 -1 0
    outer loop
      vertex -120 2 56.3152
      vertex -117 2 56.3152
      vertex -117 2 63.8208
    endloop
  endfacet
  facet normal 0 -1 0
    outer loop
      vertex -120 2 56.3152
      vertex -118.5 2 53.7176
      vertex -117 2 56.3152
    endloop
  endfacet
  facet normal 0 -1 0
    outer loop
      vertex -126.5 2 52.5624
      vertex -118.5 2 53.7176
      vertex -120 2 56.3152
    endloop
  endfacet
  facet normal 0 -1 0
    outer loop
      vertex -125 2 49.9648
      vertex -126.5 2 52.5624
      vertex -128 2 49.9648
    endloop
  endfacet
  facet normal 0 -1 0
    outer loop
      vertex -126.5 2 52.5624
      vertex -125 2 49.9648
      vertex -118.5 2 53.7176
    endloop
  endfacet
  facet normal 0 -1 0
    outer loop
      vertex -128 2 42.4592
      vertex -125 2 49.9648
      vertex -128 2 49.9648
    endloop
  endfacet
  facet normal 0 -1 0
    outer loop
      vertex -128 2 42.4592
      vertex -125 2 42.4592
      vertex -125 2 49.9648
    endloop
  endfacet
  facet normal 0 -1 0
    outer loop
      vertex -128 2 42.4592
      vertex -126.5 2 39.8616
      vertex -125 2 42.4592
    endloop
  endfacet
  facet normal 0 -1 0
    outer loop
      vertex -134.5 2 38.7064
      vertex -126.5 2 39.8616
      vertex -128 2 42.4592
    endloop
  endfacet
  facet normal 0 -1 0
    outer loop
      vertex -133 2 36.1088
      vertex -134.5 2 38.7064
      vertex -136 2 36.1088
    endloop
  endfacet
  facet normal 0 -1 0
    outer loop
      vertex -134.5 2 38.7064
      vertex -133 2 36.1088
      vertex -126.5 2 39.8616
    endloop
  endfacet
  facet normal 0 -1 0
    outer loop
      vertex -136 2 28.6032
      vertex -133 2 36.1088
      vertex -136 2 36.1088
    endloop
  endfacet
  facet normal 0 -1 0
    outer loop
      vertex -136 2 28.6032
      vertex -133 2 28.6032
      vertex -133 2 36.1088
    endloop
  endfacet
  facet normal 0 -1 0
    outer loop
      vertex -136 2 28.6032
      vertex -134.5 2 26.0056
      vertex -133 2 28.6032
    endloop
  endfacet
  facet normal 0 -1 0
    outer loop
      vertex -142.5 2 24.8504
      vertex -134.5 2 26.0056
      vertex -136 2 28.6032
    endloop
  endfacet
  facet normal 0 -1 0
    outer loop
      vertex -141 2 22.2528
      vertex -142.5 2 24.8504
      vertex -144 2 22.2528
    endloop
  endfacet
  facet normal 0 -1 0
    outer loop
      vertex -142.5 2 24.8504
      vertex -141 2 22.2528
      vertex -134.5 2 26.0056
    endloop
  endfacet
  facet normal 0 -1 0
    outer loop
      vertex -144 2 14.7472
      vertex -141 2 22.2528
      vertex -144 2 22.2528
    endloop
  endfacet
  facet normal 0 -1 0
    outer loop
      vertex -144 2 14.7472
      vertex -141 2 14.7472
      vertex -141 2 22.2528
    endloop
  endfacet
  facet normal 0 -1 0
    outer loop
      vertex -150.5 2 10.9944
      vertex -141 2 14.7472
      vertex -144 2 14.7472
    endloop
  endfacet
  facet normal 0 -1 -0
    outer loop
      vertex -141 2 14.7472
      vertex -150.5 2 10.9944
      vertex -134.5 2 10.9944
    endloop
  endfacet
  facet normal 0 -1 0
    outer loop
      vertex -88 2 146.957
      vertex -78.5 2 150.71
      vertex -94.5 2 150.71
    endloop
  endfacet
  facet normal 0 -1 0
    outer loop
      vertex -88 2 146.957
      vertex -85 2 146.957
      vertex -78.5 2 150.71
    endloop
  endfacet
  facet normal 0 -1 0
    outer loop
      vertex -88 2 139.451
      vertex -85 2 146.957
      vertex -88 2 146.957
    endloop
  endfacet
  facet normal 0 -1 0
    outer loop
      vertex -88 2 139.451
      vertex -85 2 139.451
      vertex -85 2 146.957
    endloop
  endfacet
  facet normal 0 -1 0
    outer loop
      vertex -88 2 139.451
      vertex -86.5 2 136.854
      vertex -85 2 139.451
    endloop
  endfacet
  facet normal 0 -1 0
    outer loop
      vertex -94.5 2 135.698
      vertex -86.5 2 136.854
      vertex -88 2 139.451
    endloop
  endfacet
  facet normal 0 -1 0
    outer loop
      vertex -93 2 133.101
      vertex -94.5 2 135.698
      vertex -96 2 133.101
    endloop
  endfacet
  facet normal 0 -1 0
    outer loop
      vertex -94.5 2 135.698
      vertex -93 2 133.101
      vertex -86.5 2 136.854
    endloop
  endfacet
  facet normal 0 -1 0
    outer loop
      vertex -96 2 125.595
      vertex -93 2 133.101
      vertex -96 2 133.101
    endloop
  endfacet
  facet normal 0 -1 0
    outer loop
      vertex -96 2 125.595
      vertex -93 2 125.595
      vertex -93 2 133.101
    endloop
  endfacet
  facet normal 0 -1 0
    outer loop
      vertex -96 2 125.595
      vertex -94.5 2 122.998
      vertex -93 2 125.595
    endloop
  endfacet
  facet normal 0 -1 0
    outer loop
      vertex -102.5 2 121.842
      vertex -94.5 2 122.998
      vertex -96 2 125.595
    endloop
  endfacet
  facet normal 0 -1 0
    outer loop
      vertex -101 2 119.245
      vertex -102.5 2 121.842
      vertex -104 2 119.245
    endloop
  endfacet
  facet normal 0 -1 0
    outer loop
      vertex -102.5 2 121.842
      vertex -101 2 119.245
      vertex -94.5 2 122.998
    endloop
  endfacet
  facet normal 0 -1 0
    outer loop
      vertex -104 2 111.739
      vertex -101 2 119.245
      vertex -104 2 119.245
    endloop
  endfacet
  facet normal 0 -1 0
    outer loop
      vertex -104 2 111.739
      vertex -101 2 111.739
      vertex -101 2 119.245
    endloop
  endfacet
  facet normal 0 -1 0
    outer loop
      vertex -104 2 111.739
      vertex -102.5 2 109.142
      vertex -101 2 111.739
    endloop
  endfacet
  facet normal 0 -1 0
    outer loop
      vertex -110.5 2 107.986
      vertex -102.5 2 109.142
      vertex -104 2 111.739
    endloop
  endfacet
  facet normal 0 -1 0
    outer loop
      vertex -109 2 105.389
      vertex -110.5 2 107.986
      vertex -112 2 105.389
    endloop
  endfacet
  facet normal 0 -1 0
    outer loop
      vertex -110.5 2 107.986
      vertex -109 2 105.389
      vertex -102.5 2 109.142
    endloop
  endfacet
  facet normal 0 -1 0
    outer loop
      vertex -112 2 97.8832
      vertex -109 2 105.389
      vertex -112 2 105.389
    endloop
  endfacet
  facet normal 0 -1 0
    outer loop
      vertex -112 2 97.8832
      vertex -109 2 97.8832
      vertex -109 2 105.389
    endloop
  endfacet
  facet normal 0 -1 0
    outer loop
      vertex -112 2 97.8832
      vertex -110.5 2 95.2856
      vertex -109 2 97.8832
    endloop
  endfacet
  facet normal 0 -1 0
    outer loop
      vertex -118.5 2 94.1304
      vertex -110.5 2 95.2856
      vertex -112 2 97.8832
    endloop
  endfacet
  facet normal 0 -1 0
    outer loop
      vertex -117 2 91.5328
      vertex -118.5 2 94.1304
      vertex -120 2 91.5328
    endloop
  endfacet
  facet normal 0 -1 0
    outer loop
      vertex -118.5 2 94.1304
      vertex -117 2 91.5328
      vertex -110.5 2 95.2856
    endloop
  endfacet
  facet normal 0 -1 0
    outer loop
      vertex -120 2 84.0272
      vertex -117 2 91.5328
      vertex -120 2 91.5328
    endloop
  endfacet
  facet normal 0 -1 0
    outer loop
      vertex -120 2 84.0272
      vertex -117 2 84.0272
      vertex -117 2 91.5328
    endloop
  endfacet
  facet normal 0 -1 0
    outer loop
      vertex -120 2 84.0272
      vertex -118.5 2 81.4296
      vertex -117 2 84.0272
    endloop
  endfacet
  facet normal 0 -1 0
    outer loop
      vertex -126.5 2 80.2744
      vertex -118.5 2 81.4296
      vertex -120 2 84.0272
    endloop
  endfacet
  facet normal 0 -1 0
    outer loop
      vertex -125 2 77.6768
      vertex -126.5 2 80.2744
      vertex -128 2 77.6768
    endloop
  endfacet
  facet normal 0 -1 0
    outer loop
      vertex -126.5 2 80.2744
      vertex -125 2 77.6768
      vertex -118.5 2 81.4296
    endloop
  endfacet
  facet normal 0 -1 0
    outer loop
      vertex -128 2 70.1712
      vertex -125 2 77.6768
      vertex -128 2 77.6768
    endloop
  endfacet
  facet normal 0 -1 0
    outer loop
      vertex -128 2 70.1712
      vertex -125 2 70.1712
      vertex -125 2 77.6768
    endloop
  endfacet
  facet normal 0 -1 0
    outer loop
      vertex -128 2 70.1712
      vertex -126.5 2 67.5736
      vertex -125 2 70.1712
    endloop
  endfacet
  facet normal 0 -1 0
    outer loop
      vertex -134.5 2 66.4184
      vertex -126.5 2 67.5736
      vertex -128 2 70.1712
    endloop
  endfacet
  facet normal 0 -1 0
    outer loop
      vertex -133 2 63.8208
      vertex -134.5 2 66.4184
      vertex -136 2 63.8208
    endloop
  endfacet
  facet normal 0 -1 0
    outer loop
      vertex -134.5 2 66.4184
      vertex -133 2 63.8208
      vertex -126.5 2 67.5736
    endloop
  endfacet
  facet normal 0 -1 0
    outer loop
      vertex -136 2 56.3152
      vertex -133 2 63.8208
      vertex -136 2 63.8208
    endloop
  endfacet
  facet normal 0 -1 0
    outer loop
      vertex -136 2 56.3152
      vertex -133 2 56.3152
      vertex -133 2 63.8208
    endloop
  endfacet
  facet normal 0 -1 0
    outer loop
      vertex -136 2 56.3152
      vertex -134.5 2 53.7176
      vertex -133 2 56.3152
    endloop
  endfacet
  facet normal 0 -1 0
    outer loop
      vertex -142.5 2 52.5624
      vertex -134.5 2 53.7176
      vertex -136 2 56.3152
    endloop
  endfacet
  facet normal 0 -1 0
    outer loop
      vertex -141 2 49.9648
      vertex -142.5 2 52.5624
      vertex -144 2 49.9648
    endloop
  endfacet
  facet normal 0 -1 0
    outer loop
      vertex -142.5 2 52.5624
      vertex -141 2 49.9648
      vertex -134.5 2 53.7176
    endloop
  endfacet
  facet normal 0 -1 0
    outer loop
      vertex -144 2 42.4592
      vertex -141 2 49.9648
      vertex -144 2 49.9648
    endloop
  endfacet
  facet normal 0 -1 0
    outer loop
      vertex -144 2 42.4592
      vertex -141 2 42.4592
      vertex -141 2 49.9648
    endloop
  endfacet
  facet normal 0 -1 0
    outer loop
      vertex -144 2 42.4592
      vertex -142.5 2 39.8616
      vertex -141 2 42.4592
    endloop
  endfacet
  facet normal 0 -1 0
    outer loop
      vertex -150.5 2 38.7064
      vertex -142.5 2 39.8616
      vertex -144 2 42.4592
    endloop
  endfacet
  facet normal 0 -1 0
    outer loop
      vertex -149 2 36.1088
      vertex -150.5 2 38.7064
      vertex -152 2 36.1088
    endloop
  endfacet
  facet normal 0 -1 0
    outer loop
      vertex -150.5 2 38.7064
      vertex -149 2 36.1088
      vertex -142.5 2 39.8616
    endloop
  endfacet
  facet normal 0 -1 0
    outer loop
      vertex -152 2 28.6032
      vertex -149 2 36.1088
      vertex -152 2 36.1088
    endloop
  endfacet
  facet normal 0 -1 0
    outer loop
      vertex -152 2 28.6032
      vertex -149 2 28.6032
      vertex -149 2 36.1088
    endloop
  endfacet
  facet normal 0 -1 0
    outer loop
      vertex -152 2 28.6032
      vertex -150.5 2 26.0056
      vertex -149 2 28.6032
    endloop
  endfacet
  facet normal 0 -1 0
    outer loop
      vertex -158.5 2 24.8504
      vertex -150.5 2 26.0056
      vertex -152 2 28.6032
    endloop
  endfacet
  facet normal 0 -1 0
    outer loop
      vertex -157 2 22.2528
      vertex -158.5 2 24.8504
      vertex -160 2 22.2528
    endloop
  endfacet
  facet normal 0 -1 0
    outer loop
      vertex -158.5 2 24.8504
      vertex -157 2 22.2528
      vertex -150.5 2 26.0056
    endloop
  endfacet
  facet normal 0 -1 0
    outer loop
      vertex -160 2 14.7472
      vertex -157 2 22.2528
      vertex -160 2 22.2528
    endloop
  endfacet
  facet normal 0 -1 0
    outer loop
      vertex -160 2 14.7472
      vertex -157 2 14.7472
      vertex -157 2 22.2528
    endloop
  endfacet
  facet normal 0 -1 0
    outer loop
      vertex -166.5 2 10.9944
      vertex -157 2 14.7472
      vertex -160 2 14.7472
    endloop
  endfacet
  facet normal 0 -1 -0
    outer loop
      vertex -157 2 14.7472
      vertex -166.5 2 10.9944
      vertex -150.5 2 10.9944
    endloop
  endfacet
  facet normal 0 -1 0
    outer loop
      vertex -104 2 146.957
      vertex -94.5 2 150.71
      vertex -110.5 2 150.71
    endloop
  endfacet
  facet normal 0 -1 0
    outer loop
      vertex -104 2 146.957
      vertex -101 2 146.957
      vertex -94.5 2 150.71
    endloop
  endfacet
  facet normal 0 -1 0
    outer loop
      vertex -104 2 139.451
      vertex -101 2 146.957
      vertex -104 2 146.957
    endloop
  endfacet
  facet normal 0 -1 0
    outer loop
      vertex -104 2 139.451
      vertex -101 2 139.451
      vertex -101 2 146.957
    endloop
  endfacet
  facet normal 0 -1 0
    outer loop
      vertex -104 2 139.451
      vertex -102.5 2 136.854
      vertex -101 2 139.451
    endloop
  endfacet
  facet normal 0 -1 0
    outer loop
      vertex -110.5 2 135.698
      vertex -102.5 2 136.854
      vertex -104 2 139.451
    endloop
  endfacet
  facet normal 0 -1 0
    outer loop
      vertex -109 2 133.101
      vertex -110.5 2 135.698
      vertex -112 2 133.101
    endloop
  endfacet
  facet normal 0 -1 0
    outer loop
      vertex -110.5 2 135.698
      vertex -109 2 133.101
      vertex -102.5 2 136.854
    endloop
  endfacet
  facet normal 0 -1 0
    outer loop
      vertex -112 2 125.595
      vertex -109 2 133.101
      vertex -112 2 133.101
    endloop
  endfacet
  facet normal 0 -1 0
    outer loop
      vertex -112 2 125.595
      vertex -109 2 125.595
      vertex -109 2 133.101
    endloop
  endfacet
  facet normal 0 -1 0
    outer loop
      vertex -112 2 125.595
      vertex -110.5 2 122.998
      vertex -109 2 125.595
    endloop
  endfacet
  facet normal 0 -1 0
    outer loop
      vertex -118.5 2 121.842
      vertex -110.5 2 122.998
      vertex -112 2 125.595
    endloop
  endfacet
  facet normal 0 -1 0
    outer loop
      vertex -117 2 119.245
      vertex -118.5 2 121.842
      vertex -120 2 119.245
    endloop
  endfacet
  facet normal 0 -1 0
    outer loop
      vertex -118.5 2 121.842
      vertex -117 2 119.245
      vertex -110.5 2 122.998
    endloop
  endfacet
  facet normal 0 -1 0
    outer loop
      vertex -120 2 111.739
      vertex -117 2 119.245
      vertex -120 2 119.245
    endloop
  endfacet
  facet normal 0 -1 0
    outer loop
      vertex -120 2 111.739
      vertex -117 2 111.739
      vertex -117 2 119.245
    endloop
  endfacet
  facet normal 0 -1 0
    outer loop
      vertex -120 2 111.739
      vertex -118.5 2 109.142
      vertex -117 2 111.739
    endloop
  endfacet
  facet normal 0 -1 0
    outer loop
      vertex -126.5 2 107.986
      vertex -118.5 2 109.142
      vertex -120 2 111.739
    endloop
  endfacet
  facet normal 0 -1 0
    outer loop
      vertex -125 2 105.389
      vertex -126.5 2 107.986
      vertex -128 2 105.389
    endloop
  endfacet
  facet normal 0 -1 0
    outer loop
      vertex -126.5 2 107.986
      vertex -125 2 105.389
      vertex -118.5 2 109.142
    endloop
  endfacet
  facet normal 0 -1 0
    outer loop
      vertex -128 2 97.8832
      vertex -125 2 105.389
      vertex -128 2 105.389
    endloop
  endfacet
  facet normal 0 -1 0
    outer loop
      vertex -128 2 97.8832
      vertex -125 2 97.8832
      vertex -125 2 105.389
    endloop
  endfacet
  facet normal 0 -1 0
    outer loop
      vertex -128 2 97.8832
      vertex -126.5 2 95.2856
      vertex -125 2 97.8832
    endloop
  endfacet
  facet normal 0 -1 0
    outer loop
      vertex -134.5 2 94.1304
      vertex -126.5 2 95.2856
      vertex -128 2 97.8832
    endloop
  endfacet
  facet normal 0 -1 0
    outer loop
      vertex -133 2 91.5328
      vertex -134.5 2 94.1304
      vertex -136 2 91.5328
    endloop
  endfacet
  facet normal 0 -1 0
    outer loop
      vertex -134.5 2 94.1304
      vertex -133 2 91.5328
      vertex -126.5 2 95.2856
    endloop
  endfacet
  facet normal 0 -1 0
    outer loop
      vertex -136 2 84.0272
      vertex -133 2 91.5328
      vertex -136 2 91.5328
    endloop
  endfacet
  facet normal 0 -1 0
    outer loop
      vertex -136 2 84.0272
      vertex -133 2 84.0272
      vertex -133 2 91.5328
    endloop
  endfacet
  facet normal 0 -1 0
    outer loop
      vertex -136 2 84.0272
      vertex -134.5 2 81.4296
      vertex -133 2 84.0272
    endloop
  endfacet
  facet normal 0 -1 0
    outer loop
      vertex -142.5 2 80.2744
      vertex -134.5 2 81.4296
      vertex -136 2 84.0272
    endloop
  endfacet
  facet normal 0 -1 0
    outer loop
      vertex -141 2 77.6768
      vertex -142.5 2 80.2744
      vertex -144 2 77.6768
    endloop
  endfacet
  facet normal 0 -1 0
    outer loop
      vertex -142.5 2 80.2744
      vertex -141 2 77.6768
      vertex -134.5 2 81.4296
    endloop
  endfacet
  facet normal 0 -1 0
    outer loop
      vertex -144 2 70.1712
      vertex -141 2 77.6768
      vertex -144 2 77.6768
    endloop
  endfacet
  facet normal 0 -1 0
    outer loop
      vertex -144 2 70.1712
      vertex -141 2 70.1712
      vertex -141 2 77.6768
    endloop
  endfacet
  facet normal 0 -1 0
    outer loop
      vertex -144 2 70.1712
      vertex -142.5 2 67.5736
      vertex -141 2 70.1712
    endloop
  endfacet
  facet normal 0 -1 0
    outer loop
      vertex -150.5 2 66.4184
      vertex -142.5 2 67.5736
      vertex -144 2 70.1712
    endloop
  endfacet
  facet normal 0 -1 0
    outer loop
      vertex -149 2 63.8208
      vertex -150.5 2 66.4184
      vertex -152 2 63.8208
    endloop
  endfacet
  facet normal 0 -1 0
    outer loop
      vertex -150.5 2 66.4184
      vertex -149 2 63.8208
      vertex -142.5 2 67.5736
    endloop
  endfacet
  facet normal 0 -1 0
    outer loop
      vertex -152 2 56.3152
      vertex -149 2 63.8208
      vertex -152 2 63.8208
    endloop
  endfacet
  facet normal 0 -1 0
    outer loop
      vertex -152 2 56.3152
      vertex -149 2 56.3152
      vertex -149 2 63.8208
    endloop
  endfacet
  facet normal 0 -1 0
    outer loop
      vertex -152 2 56.3152
      vertex -150.5 2 53.7176
      vertex -149 2 56.3152
    endloop
  endfacet
  facet normal 0 -1 0
    outer loop
      vertex -158.5 2 52.5624
      vertex -150.5 2 53.7176
      vertex -152 2 56.3152
    endloop
  endfacet
  facet normal 0 -1 0
    outer loop
      vertex -157 2 49.9648
      vertex -158.5 2 52.5624
      vertex -160 2 49.9648
    endloop
  endfacet
  facet normal 0 -1 0
    outer loop
      vertex -158.5 2 52.5624
      vertex -157 2 49.9648
      vertex -150.5 2 53.7176
    endloop
  endfacet
  facet normal 0 -1 0
    outer loop
      vertex -160 2 42.4592
      vertex -157 2 49.9648
      vertex -160 2 49.9648
    endloop
  endfacet
  facet normal 0 -1 0
    outer loop
      vertex -160 2 42.4592
      vertex -157 2 42.4592
      vertex -157 2 49.9648
    endloop
  endfacet
  facet normal 0 -1 0
    outer loop
      vertex -160 2 42.4592
      vertex -158.5 2 39.8616
      vertex -157 2 42.4592
    endloop
  endfacet
  facet normal 0 -1 0
    outer loop
      vertex -166.5 2 38.7064
      vertex -158.5 2 39.8616
      vertex -160 2 42.4592
    endloop
  endfacet
  facet normal 0 -1 0
    outer loop
      vertex -165 2 36.1088
      vertex -166.5 2 38.7064
      vertex -168 2 36.1088
    endloop
  endfacet
  facet normal 0 -1 0
    outer loop
      vertex -166.5 2 38.7064
      vertex -165 2 36.1088
      vertex -158.5 2 39.8616
    endloop
  endfacet
  facet normal 0 -1 0
    outer loop
      vertex -168 2 28.6032
      vertex -165 2 36.1088
      vertex -168 2 36.1088
    endloop
  endfacet
  facet normal 0 -1 0
    outer loop
      vertex -168 2 28.6032
      vertex -165 2 28.6032
      vertex -165 2 36.1088
    endloop
  endfacet
  facet normal 0 -1 0
    outer loop
      vertex -168 2 28.6032
      vertex -166.5 2 26.0056
      vertex -165 2 28.6032
    endloop
  endfacet
  facet normal 0 -1 0
    outer loop
      vertex -174.5 2 24.8504
      vertex -166.5 2 26.0056
      vertex -168 2 28.6032
    endloop
  endfacet
  facet normal 0 -1 0
    outer loop
      vertex -173 2 22.2528
      vertex -174.5 2 24.8504
      vertex -176 2 22.2528
    endloop
  endfacet
  facet normal 0 -1 0
    outer loop
      vertex -174.5 2 24.8504
      vertex -173 2 22.2528
      vertex -166.5 2 26.0056
    endloop
  endfacet
  facet normal 0 -1 0
    outer loop
      vertex -176 2 14.7472
      vertex -173 2 22.2528
      vertex -176 2 22.2528
    endloop
  endfacet
  facet normal 0 -1 0
    outer loop
      vertex -176 2 14.7472
      vertex -173 2 14.7472
      vertex -173 2 22.2528
    endloop
  endfacet
  facet normal 0 -1 0
    outer loop
      vertex -182.5 2 10.9944
      vertex -173 2 14.7472
      vertex -176 2 14.7472
    endloop
  endfacet
  facet normal 0 -1 -0
    outer loop
      vertex -173 2 14.7472
      vertex -182.5 2 10.9944
      vertex -166.5 2 10.9944
    endloop
  endfacet
  facet normal 0 -1 0
    outer loop
      vertex -120 2 146.957
      vertex -110.5 2 150.71
      vertex -126.5 2 150.71
    endloop
  endfacet
  facet normal 0 -1 0
    outer loop
      vertex -120 2 146.957
      vertex -117 2 146.957
      vertex -110.5 2 150.71
    endloop
  endfacet
  facet normal 0 -1 0
    outer loop
      vertex -120 2 139.451
      vertex -117 2 146.957
      vertex -120 2 146.957
    endloop
  endfacet
  facet normal 0 -1 0
    outer loop
      vertex -120 2 139.451
      vertex -117 2 139.451
      vertex -117 2 146.957
    endloop
  endfacet
  facet normal 0 -1 0
    outer loop
      vertex -120 2 139.451
      vertex -118.5 2 136.854
      vertex -117 2 139.451
    endloop
  endfacet
  facet normal 0 -1 0
    outer loop
      vertex -126.5 2 135.698
      vertex -118.5 2 136.854
      vertex -120 2 139.451
    endloop
  endfacet
  facet normal 0 -1 0
    outer loop
      vertex -125 2 133.101
      vertex -126.5 2 135.698
      vertex -128 2 133.101
    endloop
  endfacet
  facet normal 0 -1 0
    outer loop
      vertex -126.5 2 135.698
      vertex -125 2 133.101
      vertex -118.5 2 136.854
    endloop
  endfacet
  facet normal 0 -1 0
    outer loop
      vertex -128 2 125.595
      vertex -125 2 133.101
      vertex -128 2 133.101
    endloop
  endfacet
  facet normal 0 -1 0
    outer loop
      vertex -128 2 125.595
      vertex -125 2 125.595
      vertex -125 2 133.101
    endloop
  endfacet
  facet normal 0 -1 0
    outer loop
      vertex -128 2 125.595
      vertex -126.5 2 122.998
      vertex -125 2 125.595
    endloop
  endfacet
  facet normal 0 -1 0
    outer loop
      vertex -134.5 2 121.842
      vertex -126.5 2 122.998
      vertex -128 2 125.595
    endloop
  endfacet
  facet normal 0 -1 0
    outer loop
      vertex -133 2 119.245
      vertex -134.5 2 121.842
      vertex -136 2 119.245
    endloop
  endfacet
  facet normal 0 -1 0
    outer loop
      vertex -134.5 2 121.842
      vertex -133 2 119.245
      vertex -126.5 2 122.998
    endloop
  endfacet
  facet normal 0 -1 0
    outer loop
      vertex -136 2 111.739
      vertex -133 2 119.245
      vertex -136 2 119.245
    endloop
  endfacet
  facet normal 0 -1 0
    outer loop
      vertex -136 2 111.739
      vertex -133 2 111.739
      vertex -133 2 119.245
    endloop
  endfacet
  facet normal 0 -1 0
    outer loop
      vertex -136 2 111.739
      vertex -134.5 2 109.142
      vertex -133 2 111.739
    endloop
  endfacet
  facet normal 0 -1 0
    outer loop
      vertex -142.5 2 107.986
      vertex -134.5 2 109.142
      vertex -136 2 111.739
    endloop
  endfacet
  facet normal 0 -1 0
    outer loop
      vertex -141 2 105.389
      vertex -142.5 2 107.986
      vertex -144 2 105.389
    endloop
  endfacet
  facet normal 0 -1 0
    outer loop
      vertex -142.5 2 107.986
      vertex -141 2 105.389
      vertex -134.5 2 109.142
    endloop
  endfacet
  facet normal 0 -1 0
    outer loop
      vertex -144 2 97.8832
      vertex -141 2 105.389
      vertex -144 2 105.389
    endloop
  endfacet
  facet normal 0 -1 0
    outer loop
      vertex -144 2 97.8832
      vertex -141 2 97.8832
      vertex -141 2 105.389
    endloop
  endfacet
  facet normal 0 -1 0
    outer loop
      vertex -144 2 97.8832
      vertex -142.5 2 95.2856
      vertex -141 2 97.8832
    endloop
  endfacet
  facet normal 0 -1 0
    outer loop
      vertex -150.5 2 94.1304
      vertex -142.5 2 95.2856
      vertex -144 2 97.8832
    endloop
  endfacet
  facet normal 0 -1 0
    outer loop
      vertex -149 2 91.5328
      vertex -150.5 2 94.1304
      vertex -152 2 91.5328
    endloop
  endfacet
  facet normal 0 -1 0
    outer loop
      vertex -150.5 2 94.1304
      vertex -149 2 91.5328
      vertex -142.5 2 95.2856
    endloop
  endfacet
  facet normal 0 -1 0
    outer loop
      vertex -152 2 84.0272
      vertex -149 2 91.5328
      vertex -152 2 91.5328
    endloop
  endfacet
  facet normal 0 -1 0
    outer loop
      vertex -152 2 84.0272
      vertex -149 2 84.0272
      vertex -149 2 91.5328
    endloop
  endfacet
  facet normal 0 -1 0
    outer loop
      vertex -152 2 84.0272
      vertex -150.5 2 81.4296
      vertex -149 2 84.0272
    endloop
  endfacet
  facet normal 0 -1 0
    outer loop
      vertex -158.5 2 80.2744
      vertex -150.5 2 81.4296
      vertex -152 2 84.0272
    endloop
  endfacet
  facet normal 0 -1 0
    outer loop
      vertex -157 2 77.6768
      vertex -158.5 2 80.2744
      vertex -160 2 77.6768
    endloop
  endfacet
  facet normal 0 -1 0
    outer loop
      vertex -158.5 2 80.2744
      vertex -157 2 77.6768
      vertex -150.5 2 81.4296
    endloop
  endfacet
  facet normal 0 -1 0
    outer loop
      vertex -160 2 70.1712
      vertex -157 2 77.6768
      vertex -160 2 77.6768
    endloop
  endfacet
  facet normal 0 -1 0
    outer loop
      vertex -160 2 70.1712
      vertex -157 2 70.1712
      vertex -157 2 77.6768
    endloop
  endfacet
  facet normal 0 -1 0
    outer loop
      vertex -160 2 70.1712
      vertex -158.5 2 67.5736
      vertex -157 2 70.1712
    endloop
  endfacet
  facet normal 0 -1 0
    outer loop
      vertex -166.5 2 66.4184
      vertex -158.5 2 67.5736
      vertex -160 2 70.1712
    endloop
  endfacet
  facet normal 0 -1 0
    outer loop
      vertex -165 2 63.8208
      vertex -166.5 2 66.4184
      vertex -168 2 63.8208
    endloop
  endfacet
  facet normal 0 -1 0
    outer loop
      vertex -166.5 2 66.4184
      vertex -165 2 63.8208
      vertex -158.5 2 67.5736
    endloop
  endfacet
  facet normal 0 -1 0
    outer loop
      vertex -168 2 56.3152
      vertex -165 2 63.8208
      vertex -168 2 63.8208
    endloop
  endfacet
  facet normal 0 -1 0
    outer loop
      vertex -168 2 56.3152
      vertex -165 2 56.3152
      vertex -165 2 63.8208
    endloop
  endfacet
  facet normal 0 -1 0
    outer loop
      vertex -168 2 56.3152
      vertex -166.5 2 53.7176
      vertex -165 2 56.3152
    endloop
  endfacet
  facet normal 0 -1 0
    outer loop
      vertex -174.5 2 52.5624
      vertex -166.5 2 53.7176
      vertex -168 2 56.3152
    endloop
  endfacet
  facet normal 0 -1 0
    outer loop
      vertex -173 2 49.9648
      vertex -174.5 2 52.5624
      vertex -176 2 49.9648
    endloop
  endfacet
  facet normal 0 -1 0
    outer loop
      vertex -174.5 2 52.5624
      vertex -173 2 49.9648
      vertex -166.5 2 53.7176
    endloop
  endfacet
  facet normal 0 -1 0
    outer loop
      vertex -176 2 42.4592
      vertex -173 2 49.9648
      vertex -176 2 49.9648
    endloop
  endfacet
  facet normal 0 -1 0
    outer loop
      vertex -176 2 42.4592
      vertex -173 2 42.4592
      vertex -173 2 49.9648
    endloop
  endfacet
  facet normal 0 -1 0
    outer loop
      vertex -176 2 42.4592
      vertex -174.5 2 39.8616
      vertex -173 2 42.4592
    endloop
  endfacet
  facet normal 0 -1 0
    outer loop
      vertex -182.5 2 38.7064
      vertex -174.5 2 39.8616
      vertex -176 2 42.4592
    endloop
  endfacet
  facet normal 0 -1 0
    outer loop
      vertex -181 2 36.1088
      vertex -182.5 2 38.7064
      vertex -184 2 36.1088
    endloop
  endfacet
  facet normal 0 -1 0
    outer loop
      vertex -182.5 2 38.7064
      vertex -181 2 36.1088
      vertex -174.5 2 39.8616
    endloop
  endfacet
  facet normal 0 -1 0
    outer loop
      vertex -184 2 28.6032
      vertex -181 2 36.1088
      vertex -184 2 36.1088
    endloop
  endfacet
  facet normal 0 -1 0
    outer loop
      vertex -184 2 28.6032
      vertex -181 2 28.6032
      vertex -181 2 36.1088
    endloop
  endfacet
  facet normal 0 -1 0
    outer loop
      vertex -184 2 28.6032
      vertex -182.5 2 26.0056
      vertex -181 2 28.6032
    endloop
  endfacet
  facet normal 0 -1 0
    outer loop
      vertex -190.5 2 24.8504
      vertex -182.5 2 26.0056
      vertex -184 2 28.6032
    endloop
  endfacet
  facet normal 0 -1 0
    outer loop
      vertex -189 2 22.2528
      vertex -190.5 2 24.8504
      vertex -192 2 22.2528
    endloop
  endfacet
  facet normal 0 -1 0
    outer loop
      vertex -190.5 2 24.8504
      vertex -189 2 22.2528
      vertex -182.5 2 26.0056
    endloop
  endfacet
  facet normal 0 -1 0
    outer loop
      vertex -192 2 14.7472
      vertex -189 2 22.2528
      vertex -192 2 22.2528
    endloop
  endfacet
  facet normal 0 -1 0
    outer loop
      vertex -192 2 14.7472
      vertex -189 2 14.7472
      vertex -189 2 22.2528
    endloop
  endfacet
  facet normal 0 -1 0
    outer loop
      vertex -198.5 2 10.9944
      vertex -189 2 14.7472
      vertex -192 2 14.7472
    endloop
  endfacet
  facet normal 0 -1 -0
    outer loop
      vertex -189 2 14.7472
      vertex -198.5 2 10.9944
      vertex -182.5 2 10.9944
    endloop
  endfacet
  facet normal 0 -1 0
    outer loop
      vertex -136 2 146.957
      vertex -126.5 2 150.71
      vertex -142.5 2 150.71
    endloop
  endfacet
  facet normal 0 -1 0
    outer loop
      vertex -136 2 146.957
      vertex -133 2 146.957
      vertex -126.5 2 150.71
    endloop
  endfacet
  facet normal 0 -1 0
    outer loop
      vertex -136 2 139.451
      vertex -133 2 146.957
      vertex -136 2 146.957
    endloop
  endfacet
  facet normal 0 -1 0
    outer loop
      vertex -136 2 139.451
      vertex -133 2 139.451
      vertex -133 2 146.957
    endloop
  endfacet
  facet normal 0 -1 0
    outer loop
      vertex -136 2 139.451
      vertex -134.5 2 136.854
      vertex -133 2 139.451
    endloop
  endfacet
  facet normal 0 -1 0
    outer loop
      vertex -142.5 2 135.698
      vertex -134.5 2 136.854
      vertex -136 2 139.451
    endloop
  endfacet
  facet normal 0 -1 0
    outer loop
      vertex -141 2 133.101
      vertex -142.5 2 135.698
      vertex -144 2 133.101
    endloop
  endfacet
  facet normal 0 -1 0
    outer loop
      vertex -142.5 2 135.698
      vertex -141 2 133.101
      vertex -134.5 2 136.854
    endloop
  endfacet
  facet normal 0 -1 0
    outer loop
      vertex -144 2 125.595
      vertex -141 2 133.101
      vertex -144 2 133.101
    endloop
  endfacet
  facet normal 0 -1 0
    outer loop
      vertex -144 2 125.595
      vertex -141 2 125.595
      vertex -141 2 133.101
    endloop
  endfacet
  facet normal 0 -1 0
    outer loop
      vertex -144 2 125.595
      vertex -142.5 2 122.998
      vertex -141 2 125.595
    endloop
  endfacet
  facet normal 0 -1 0
    outer loop
      vertex -150.5 2 121.842
      vertex -142.5 2 122.998
      vertex -144 2 125.595
    endloop
  endfacet
  facet normal 0 -1 0
    outer loop
      vertex -149 2 119.245
      vertex -150.5 2 121.842
      vertex -152 2 119.245
    endloop
  endfacet
  facet normal 0 -1 0
    outer loop
      vertex -150.5 2 121.842
      vertex -149 2 119.245
      vertex -142.5 2 122.998
    endloop
  endfacet
  facet normal 0 -1 0
    outer loop
      vertex -152 2 111.739
      vertex -149 2 119.245
      vertex -152 2 119.245
    endloop
  endfacet
  facet normal 0 -1 0
    outer loop
      vertex -152 2 111.739
      vertex -149 2 111.739
      vertex -149 2 119.245
    endloop
  endfacet
  facet normal 0 -1 0
    outer loop
      vertex -152 2 111.739
      vertex -150.5 2 109.142
      vertex -149 2 111.739
    endloop
  endfacet
  facet normal 0 -1 0
    outer loop
      vertex -158.5 2 107.986
      vertex -150.5 2 109.142
      vertex -152 2 111.739
    endloop
  endfacet
  facet normal 0 -1 0
    outer loop
      vertex -157 2 105.389
      vertex -158.5 2 107.986
      vertex -160 2 105.389
    endloop
  endfacet
  facet normal 0 -1 0
    outer loop
      vertex -158.5 2 107.986
      vertex -157 2 105.389
      vertex -150.5 2 109.142
    endloop
  endfacet
  facet normal 0 -1 0
    outer loop
      vertex -160 2 97.8832
      vertex -157 2 105.389
      vertex -160 2 105.389
    endloop
  endfacet
  facet normal 0 -1 0
    outer loop
      vertex -160 2 97.8832
      vertex -157 2 97.8832
      vertex -157 2 105.389
    endloop
  endfacet
  facet normal 0 -1 0
    outer loop
      vertex -160 2 97.8832
      vertex -158.5 2 95.2856
      vertex -157 2 97.8832
    endloop
  endfacet
  facet normal 0 -1 0
    outer loop
      vertex -166.5 2 94.1304
      vertex -158.5 2 95.2856
      vertex -160 2 97.8832
    endloop
  endfacet
  facet normal 0 -1 0
    outer loop
      vertex -165 2 91.5328
      vertex -166.5 2 94.1304
      vertex -168 2 91.5328
    endloop
  endfacet
  facet normal 0 -1 0
    outer loop
      vertex -166.5 2 94.1304
      vertex -165 2 91.5328
      vertex -158.5 2 95.2856
    endloop
  endfacet
  facet normal 0 -1 0
    outer loop
      vertex -168 2 84.0272
      vertex -165 2 91.5328
      vertex -168 2 91.5328
    endloop
  endfacet
  facet normal 0 -1 0
    outer loop
      vertex -168 2 84.0272
      vertex -165 2 84.0272
      vertex -165 2 91.5328
    endloop
  endfacet
  facet normal 0 -1 0
    outer loop
      vertex -168 2 84.0272
      vertex -166.5 2 81.4296
      vertex -165 2 84.0272
    endloop
  endfacet
  facet normal 0 -1 0
    outer loop
      vertex -174.5 2 80.2744
      vertex -166.5 2 81.4296
      vertex -168 2 84.0272
    endloop
  endfacet
  facet normal 0 -1 0
    outer loop
      vertex -173 2 77.6768
      vertex -174.5 2 80.2744
      vertex -176 2 77.6768
    endloop
  endfacet
  facet normal 0 -1 0
    outer loop
      vertex -174.5 2 80.2744
      vertex -173 2 77.6768
      vertex -166.5 2 81.4296
    endloop
  endfacet
  facet normal 0 -1 0
    outer loop
      vertex -176 2 70.1712
      vertex -173 2 77.6768
      vertex -176 2 77.6768
    endloop
  endfacet
  facet normal 0 -1 0
    outer loop
      vertex -176 2 70.1712
      vertex -173 2 70.1712
      vertex -173 2 77.6768
    endloop
  endfacet
  facet normal 0 -1 0
    outer loop
      vertex -176 2 70.1712
      vertex -174.5 2 67.5736
      vertex -173 2 70.1712
    endloop
  endfacet
  facet normal 0 -1 0
    outer loop
      vertex -182.5 2 66.4184
      vertex -174.5 2 67.5736
      vertex -176 2 70.1712
    endloop
  endfacet
  facet normal 0 -1 0
    outer loop
      vertex -181 2 63.8208
      vertex -182.5 2 66.4184
      vertex -184 2 63.8208
    endloop
  endfacet
  facet normal 0 -1 0
    outer loop
      vertex -182.5 2 66.4184
      vertex -181 2 63.8208
      vertex -174.5 2 67.5736
    endloop
  endfacet
  facet normal 0 -1 0
    outer loop
      vertex -184 2 56.3152
      vertex -181 2 63.8208
      vertex -184 2 63.8208
    endloop
  endfacet
  facet normal 0 -1 0
    outer loop
      vertex -184 2 56.3152
      vertex -181 2 56.3152
      vertex -181 2 63.8208
    endloop
  endfacet
  facet normal 0 -1 0
    outer loop
      vertex -184 2 56.3152
      vertex -182.5 2 53.7176
      vertex -181 2 56.3152
    endloop
  endfacet
  facet normal 0 -1 0
    outer loop
      vertex -190.5 2 52.5624
      vertex -182.5 2 53.7176
      vertex -184 2 56.3152
    endloop
  endfacet
  facet normal 0 -1 0
    outer loop
      vertex -189 2 49.9648
      vertex -190.5 2 52.5624
      vertex -192 2 49.9648
    endloop
  endfacet
  facet normal 0 -1 0
    outer loop
      vertex -190.5 2 52.5624
      vertex -189 2 49.9648
      vertex -182.5 2 53.7176
    endloop
  endfacet
  facet normal 0 -1 0
    outer loop
      vertex -192 2 42.4592
      vertex -189 2 49.9648
      vertex -192 2 49.9648
    endloop
  endfacet
  facet normal 0 -1 0
    outer loop
      vertex -192 2 42.4592
      vertex -189 2 42.4592
      vertex -189 2 49.9648
    endloop
  endfacet
  facet normal 0 -1 0
    outer loop
      vertex -192 2 42.4592
      vertex -190.5 2 39.8616
      vertex -189 2 42.4592
    endloop
  endfacet
  facet normal 0 -1 0
    outer loop
      vertex -198.5 2 38.7064
      vertex -190.5 2 39.8616
      vertex -192 2 42.4592
    endloop
  endfacet
  facet normal 0 -1 0
    outer loop
      vertex -197 2 36.1088
      vertex -198.5 2 38.7064
      vertex -200 2 36.1088
    endloop
  endfacet
  facet normal 0 -1 0
    outer loop
      vertex -198.5 2 38.7064
      vertex -197 2 36.1088
      vertex -190.5 2 39.8616
    endloop
  endfacet
  facet normal 0 -1 0
    outer loop
      vertex -200 2 28.6032
      vertex -197 2 36.1088
      vertex -200 2 36.1088
    endloop
  endfacet
  facet normal 0 -1 0
    outer loop
      vertex -200 2 28.6032
      vertex -197 2 28.6032
      vertex -197 2 36.1088
    endloop
  endfacet
  facet normal 0 -1 0
    outer loop
      vertex -200 2 28.6032
      vertex -198.5 2 26.0056
      vertex -197 2 28.6032
    endloop
  endfacet
  facet normal 0 -1 0
    outer loop
      vertex -206.5 2 24.8504
      vertex -198.5 2 26.0056
      vertex -200 2 28.6032
    endloop
  endfacet
  facet normal 0 -1 0
    outer loop
      vertex -198.5 2 26.0056
      vertex -206.5 2 24.8504
      vertex -205 2 22.2528
    endloop
  endfacet
  facet normal 0 -1 0
    outer loop
      vertex -152 2 146.957
      vertex -142.5 2 150.71
      vertex -158.5 2 150.71
    endloop
  endfacet
  facet normal 0 -1 0
    outer loop
      vertex -152 2 146.957
      vertex -149 2 146.957
      vertex -142.5 2 150.71
    endloop
  endfacet
  facet normal 0 -1 0
    outer loop
      vertex -152 2 139.451
      vertex -149 2 146.957
      vertex -152 2 146.957
    endloop
  endfacet
  facet normal 0 -1 0
    outer loop
      vertex -152 2 139.451
      vertex -149 2 139.451
      vertex -149 2 146.957
    endloop
  endfacet
  facet normal 0 -1 0
    outer loop
      vertex -152 2 139.451
      vertex -150.5 2 136.854
      vertex -149 2 139.451
    endloop
  endfacet
  facet normal 0 -1 0
    outer loop
      vertex -158.5 2 135.698
      vertex -150.5 2 136.854
      vertex -152 2 139.451
    endloop
  endfacet
  facet normal 0 -1 0
    outer loop
      vertex -157 2 133.101
      vertex -158.5 2 135.698
      vertex -160 2 133.101
    endloop
  endfacet
  facet normal 0 -1 0
    outer loop
      vertex -158.5 2 135.698
      vertex -157 2 133.101
      vertex -150.5 2 136.854
    endloop
  endfacet
  facet normal 0 -1 0
    outer loop
      vertex -160 2 125.595
      vertex -157 2 133.101
      vertex -160 2 133.101
    endloop
  endfacet
  facet normal 0 -1 0
    outer loop
      vertex -160 2 125.595
      vertex -157 2 125.595
      vertex -157 2 133.101
    endloop
  endfacet
  facet normal 0 -1 0
    outer loop
      vertex -160 2 125.595
      vertex -158.5 2 122.998
      vertex -157 2 125.595
    endloop
  endfacet
  facet normal 0 -1 0
    outer loop
      vertex -166.5 2 121.842
      vertex -158.5 2 122.998
      vertex -160 2 125.595
    endloop
  endfacet
  facet normal 0 -1 0
    outer loop
      vertex -165 2 119.245
      vertex -166.5 2 121.842
      vertex -168 2 119.245
    endloop
  endfacet
  facet normal 0 -1 0
    outer loop
      vertex -166.5 2 121.842
      vertex -165 2 119.245
      vertex -158.5 2 122.998
    endloop
  endfacet
  facet normal 0 -1 0
    outer loop
      vertex -168 2 111.739
      vertex -165 2 119.245
      vertex -168 2 119.245
    endloop
  endfacet
  facet normal 0 -1 0
    outer loop
      vertex -168 2 111.739
      vertex -165 2 111.739
      vertex -165 2 119.245
    endloop
  endfacet
  facet normal 0 -1 0
    outer loop
      vertex -168 2 111.739
      vertex -166.5 2 109.142
      vertex -165 2 111.739
    endloop
  endfacet
  facet normal 0 -1 0
    outer loop
      vertex -174.5 2 107.986
      vertex -166.5 2 109.142
      vertex -168 2 111.739
    endloop
  endfacet
  facet normal 0 -1 0
    outer loop
      vertex -173 2 105.389
      vertex -174.5 2 107.986
      vertex -176 2 105.389
    endloop
  endfacet
  facet normal 0 -1 0
    outer loop
      vertex -174.5 2 107.986
      vertex -173 2 105.389
      vertex -166.5 2 109.142
    endloop
  endfacet
  facet normal 0 -1 0
    outer loop
      vertex -176 2 97.8832
      vertex -173 2 105.389
      vertex -176 2 105.389
    endloop
  endfacet
  facet normal 0 -1 0
    outer loop
      vertex -176 2 97.8832
      vertex -173 2 97.8832
      vertex -173 2 105.389
    endloop
  endfacet
  facet normal 0 -1 0
    outer loop
      vertex -176 2 97.8832
      vertex -174.5 2 95.2856
      vertex -173 2 97.8832
    endloop
  endfacet
  facet normal 0 -1 0
    outer loop
      vertex -182.5 2 94.1304
      vertex -174.5 2 95.2856
      vertex -176 2 97.8832
    endloop
  endfacet
  facet normal 0 -1 0
    outer loop
      vertex -181 2 91.5328
      vertex -182.5 2 94.1304
      vertex -184 2 91.5328
    endloop
  endfacet
  facet normal 0 -1 0
    outer loop
      vertex -182.5 2 94.1304
      vertex -181 2 91.5328
      vertex -174.5 2 95.2856
    endloop
  endfacet
  facet normal 0 -1 0
    outer loop
      vertex -184 2 84.0272
      vertex -181 2 91.5328
      vertex -184 2 91.5328
    endloop
  endfacet
  facet normal 0 -1 0
    outer loop
      vertex -184 2 84.0272
      vertex -181 2 84.0272
      vertex -181 2 91.5328
    endloop
  endfacet
  facet normal 0 -1 0
    outer loop
      vertex -184 2 84.0272
      vertex -182.5 2 81.4296
      vertex -181 2 84.0272
    endloop
  endfacet
  facet normal 0 -1 0
    outer loop
      vertex -190.5 2 80.2744
      vertex -182.5 2 81.4296
      vertex -184 2 84.0272
    endloop
  endfacet
  facet normal 0 -1 0
    outer loop
      vertex -189 2 77.6768
      vertex -190.5 2 80.2744
      vertex -192 2 77.6768
    endloop
  endfacet
  facet normal 0 -1 0
    outer loop
      vertex -190.5 2 80.2744
      vertex -189 2 77.6768
      vertex -182.5 2 81.4296
    endloop
  endfacet
  facet normal 0 -1 0
    outer loop
      vertex -192 2 70.1712
      vertex -189 2 77.6768
      vertex -192 2 77.6768
    endloop
  endfacet
  facet normal 0 -1 0
    outer loop
      vertex -192 2 70.1712
      vertex -189 2 70.1712
      vertex -189 2 77.6768
    endloop
  endfacet
  facet normal 0 -1 0
    outer loop
      vertex -192 2 70.1712
      vertex -190.5 2 67.5736
      vertex -189 2 70.1712
    endloop
  endfacet
  facet normal 0 -1 0
    outer loop
      vertex -198.5 2 66.4184
      vertex -190.5 2 67.5736
      vertex -192 2 70.1712
    endloop
  endfacet
  facet normal 0 -1 0
    outer loop
      vertex -197 2 63.8208
      vertex -198.5 2 66.4184
      vertex -200 2 63.8208
    endloop
  endfacet
  facet normal 0 -1 0
    outer loop
      vertex -198.5 2 66.4184
      vertex -197 2 63.8208
      vertex -190.5 2 67.5736
    endloop
  endfacet
  facet normal 0 -1 0
    outer loop
      vertex -200 2 56.3152
      vertex -197 2 63.8208
      vertex -200 2 63.8208
    endloop
  endfacet
  facet normal 0 -1 0
    outer loop
      vertex -200 2 56.3152
      vertex -197 2 56.3152
      vertex -197 2 63.8208
    endloop
  endfacet
  facet normal 0 -1 0
    outer loop
      vertex -200 2 56.3152
      vertex -198.5 2 53.7176
      vertex -197 2 56.3152
    endloop
  endfacet
  facet normal 0 -1 0
    outer loop
      vertex -206.5 2 52.5624
      vertex -198.5 2 53.7176
      vertex -200 2 56.3152
    endloop
  endfacet
  facet normal 0 -1 0
    outer loop
      vertex -205 2 49.9648
      vertex -206.5 2 52.5624
      vertex -208 2 49.9648
    endloop
  endfacet
  facet normal 0 -1 0
    outer loop
      vertex -206.5 2 52.5624
      vertex -205 2 49.9648
      vertex -198.5 2 53.7176
    endloop
  endfacet
  facet normal 0 -1 0
    outer loop
      vertex -208 2 42.4592
      vertex -205 2 49.9648
      vertex -208 2 49.9648
    endloop
  endfacet
  facet normal 0 -1 0
    outer loop
      vertex -208 2 42.4592
      vertex -205 2 42.4592
      vertex -205 2 49.9648
    endloop
  endfacet
  facet normal 0 -1 0
    outer loop
      vertex -208 2 42.4592
      vertex -206.5 2 39.8616
      vertex -205 2 42.4592
    endloop
  endfacet
  facet normal 0 -1 0
    outer loop
      vertex -214.5 2 38.7064
      vertex -206.5 2 39.8616
      vertex -208 2 42.4592
    endloop
  endfacet
  facet normal 0 -1 0
    outer loop
      vertex -206.5 2 39.8616
      vertex -214.5 2 38.7064
      vertex -213 2 36.1088
    endloop
  endfacet
  facet normal 0 -1 0
    outer loop
      vertex -168 2 146.957
      vertex -158.5 2 150.71
      vertex -174.5 2 150.71
    endloop
  endfacet
  facet normal 0 -1 0
    outer loop
      vertex -168 2 146.957
      vertex -165 2 146.957
      vertex -158.5 2 150.71
    endloop
  endfacet
  facet normal 0 -1 0
    outer loop
      vertex -168 2 139.451
      vertex -165 2 146.957
      vertex -168 2 146.957
    endloop
  endfacet
  facet normal 0 -1 0
    outer loop
      vertex -168 2 139.451
      vertex -165 2 139.451
      vertex -165 2 146.957
    endloop
  endfacet
  facet normal 0 -1 0
    outer loop
      vertex -168 2 139.451
      vertex -166.5 2 136.854
      vertex -165 2 139.451
    endloop
  endfacet
  facet normal 0 -1 0
    outer loop
      vertex -174.5 2 135.698
      vertex -166.5 2 136.854
      vertex -168 2 139.451
    endloop
  endfacet
  facet normal 0 -1 0
    outer loop
      vertex -173 2 133.101
      vertex -174.5 2 135.698
      vertex -176 2 133.101
    endloop
  endfacet
  facet normal 0 -1 0
    outer loop
      vertex -174.5 2 135.698
      vertex -173 2 133.101
      vertex -166.5 2 136.854
    endloop
  endfacet
  facet normal 0 -1 0
    outer loop
      vertex -176 2 125.595
      vertex -173 2 133.101
      vertex -176 2 133.101
    endloop
  endfacet
  facet normal 0 -1 0
    outer loop
      vertex -176 2 125.595
      vertex -173 2 125.595
      vertex -173 2 133.101
    endloop
  endfacet
  facet normal 0 -1 0
    outer loop
      vertex -176 2 125.595
      vertex -174.5 2 122.998
      vertex -173 2 125.595
    endloop
  endfacet
  facet normal 0 -1 0
    outer loop
      vertex -182.5 2 121.842
      vertex -174.5 2 122.998
      vertex -176 2 125.595
    endloop
  endfacet
  facet normal 0 -1 0
    outer loop
      vertex -182.5 2 121.842
      vertex -181 2 119.245
      vertex -174.5 2 122.998
    endloop
  endfacet
  facet normal 0 -1 0
    outer loop
      vertex -189 2 125.595
      vertex -181 2 119.245
      vertex -182.5 2 121.842
    endloop
  endfacet
  facet normal 0 -1 0
    outer loop
      vertex -214.5 2 109.142
      vertex -216 2 119.245
      vertex -216 2 111.739
    endloop
  endfacet
  facet normal 0 -1 0
    outer loop
      vertex -216 2 119.245
      vertex -198.5 2 109.142
      vertex -189 2 125.595
    endloop
  endfacet
  facet normal 0 -1 0
    outer loop
      vertex -189 2 125.595
      vertex -181 2 111.739
      vertex -181 2 119.245
    endloop
  endfacet
  facet normal 0 -1 0
    outer loop
      vertex -222.5 2 107.986
      vertex -214.5 2 109.142
      vertex -216 2 111.739
    endloop
  endfacet
  facet normal 0 -1 0
    outer loop
      vertex -214.5 2 109.142
      vertex -222.5 2 107.986
      vertex -221 2 105.389
    endloop
  endfacet
  facet normal 0 -1 0
    outer loop
      vertex -184 2 146.957
      vertex -174.5 2 150.71
      vertex -190.5 2 150.71
    endloop
  endfacet
  facet normal 0 -1 0
    outer loop
      vertex -184 2 146.957
      vertex -181 2 146.957
      vertex -174.5 2 150.71
    endloop
  endfacet
  facet normal 0 -1 0
    outer loop
      vertex -184 2 139.451
      vertex -181 2 146.957
      vertex -184 2 146.957
    endloop
  endfacet
  facet normal 0 -1 0
    outer loop
      vertex -184 2 139.451
      vertex -181 2 139.451
      vertex -181 2 146.957
    endloop
  endfacet
  facet normal 0 -1 0
    outer loop
      vertex -184 2 139.451
      vertex -182.5 2 136.854
      vertex -181 2 139.451
    endloop
  endfacet
  facet normal 0 -1 0
    outer loop
      vertex -190.5 2 135.698
      vertex -182.5 2 136.854
      vertex -184 2 139.451
    endloop
  endfacet
  facet normal 0 -1 0
    outer loop
      vertex -182.5 2 136.854
      vertex -190.5 2 135.698
      vertex -189 2 133.101
    endloop
  endfacet
  facet normal 0 -1 0
    outer loop
      vertex -200 2 146.957
      vertex -190.5 2 150.71
      vertex -206.5 2 150.71
    endloop
  endfacet
  facet normal 0 -1 0
    outer loop
      vertex -200 2 146.957
      vertex -197 2 146.957
      vertex -190.5 2 150.71
    endloop
  endfacet
  facet normal 0 -1 0
    outer loop
      vertex -200 2 139.451
      vertex -197 2 146.957
      vertex -200 2 146.957
    endloop
  endfacet
  facet normal 0 -1 0
    outer loop
      vertex -200 2 139.451
      vertex -197 2 139.451
      vertex -197 2 146.957
    endloop
  endfacet
  facet normal 0 -1 0
    outer loop
      vertex -206.5 2 135.698
      vertex -197 2 139.451
      vertex -200 2 139.451
    endloop
  endfacet
  facet normal 0 -1 -0
    outer loop
      vertex -197 2 139.451
      vertex -206.5 2 135.698
      vertex -190.5 2 135.698
    endloop
  endfacet
  facet normal 0 -1 0
    outer loop
      vertex -216 2 146.957
      vertex -206.5 2 150.71
      vertex -222.5 2 150.71
    endloop
  endfacet
  facet normal 0 -1 0
    outer loop
      vertex -216 2 146.957
      vertex -213 2 146.957
      vertex -206.5 2 150.71
    endloop
  endfacet
  facet normal 0 -1 0
    outer loop
      vertex -216 2 139.451
      vertex -213 2 146.957
      vertex -216 2 146.957
    endloop
  endfacet
  facet normal 0 -1 0
    outer loop
      vertex -216 2 139.451
      vertex -213 2 139.451
      vertex -213 2 146.957
    endloop
  endfacet
  facet normal 0 -1 0
    outer loop
      vertex -222.5 2 135.698
      vertex -213 2 139.451
      vertex -216 2 139.451
    endloop
  endfacet
  facet normal 0 -1 -0
    outer loop
      vertex -213 2 139.451
      vertex -222.5 2 135.698
      vertex -206.5 2 135.698
    endloop
  endfacet
  facet normal 0 -1 0
    outer loop
      vertex -229 2 139.451
      vertex -241.951 2 153.5
      vertex -242 2 153.5
    endloop
  endfacet
  facet normal 0 -1 0
    outer loop
      vertex -241.951 2 153.5
      vertex -222.5 2 150.71
      vertex -206.5 2 150.71
    endloop
  endfacet
  facet normal 0 -1 0
    outer loop
      vertex -241.951 2 153.5
      vertex -229 2 146.957
      vertex -222.5 2 150.71
    endloop
  endfacet
  facet normal 0 -1 0
    outer loop
      vertex -241.951 2 153.5
      vertex -229 2 139.451
      vertex -229 2 146.957
    endloop
  endfacet
  facet normal 0 -1 0
    outer loop
      vertex -216 2 119.245
      vertex -206.5 2 135.698
      vertex -222.5 2 135.698
    endloop
  endfacet
  facet normal -0 -1 0
    outer loop
      vertex -189 2 125.595
      vertex -206.5 2 135.698
      vertex -216 2 119.245
    endloop
  endfacet
  facet normal 0 -1 0
    outer loop
      vertex -206.5 2 135.698
      vertex -189 2 125.595
      vertex -190.5 2 135.698
    endloop
  endfacet
  facet normal 0 -1 0
    outer loop
      vertex -216 2 119.245
      vertex -222.5 2 135.698
      vertex -222.5 2 122.998
    endloop
  endfacet
  facet normal 0 -1 0
    outer loop
      vertex -229 2 139.451
      vertex -222.5 2 122.998
      vertex -222.5 2 135.698
    endloop
  endfacet
  facet normal 0 -1 0
    outer loop
      vertex -229 2 119.245
      vertex -229 2 139.451
      vertex -242 2 153.5
    endloop
  endfacet
  facet normal 0 -1 0
    outer loop
      vertex -229 2 139.451
      vertex -229 2 119.245
      vertex -222.5 2 122.998
    endloop
  endfacet
  facet normal 0 -1 0
    outer loop
      vertex -242 2 153.5
      vertex -229 2 111.739
      vertex -229 2 119.245
    endloop
  endfacet
  facet normal 0 -1 0
    outer loop
      vertex -229 2 111.739
      vertex -221 2 105.389
      vertex -222.5 2 107.986
    endloop
  endfacet
  facet normal 0 -1 0
    outer loop
      vertex -229 2 111.739
      vertex -221 2 97.8832
      vertex -221 2 105.389
    endloop
  endfacet
  facet normal 0 -1 0
    outer loop
      vertex -229 2 111.739
      vertex -222.5 2 95.2856
      vertex -221 2 97.8832
    endloop
  endfacet
  facet normal 0 -1 0
    outer loop
      vertex -229 2 111.739
      vertex -229 2 91.5328
      vertex -222.5 2 95.2856
    endloop
  endfacet
  facet normal 0 -1 0
    outer loop
      vertex -242 2 153.5
      vertex -229 2 91.5328
      vertex -229 2 111.739
    endloop
  endfacet
  facet normal 0 -1 0
    outer loop
      vertex -242 2 153.5
      vertex -229 2 84.0272
      vertex -229 2 91.5328
    endloop
  endfacet
  facet normal 0 -1 0
    outer loop
      vertex -229 2 84.0272
      vertex -221 2 77.6768
      vertex -222.5 2 80.2744
    endloop
  endfacet
  facet normal 0 -1 0
    outer loop
      vertex -229 2 84.0272
      vertex -221 2 70.1712
      vertex -221 2 77.6768
    endloop
  endfacet
  facet normal 0 -1 0
    outer loop
      vertex -229 2 84.0272
      vertex -222.5 2 67.5736
      vertex -221 2 70.1712
    endloop
  endfacet
  facet normal 0 -1 0
    outer loop
      vertex -229 2 84.0272
      vertex -229 2 63.8208
      vertex -222.5 2 67.5736
    endloop
  endfacet
  facet normal 0 -1 0
    outer loop
      vertex -242 2 4
      vertex -229 2 84.0272
      vertex -242 2 153.5
    endloop
  endfacet
  facet normal 0 -1 -0
    outer loop
      vertex -229 2 84.0272
      vertex -242 2 4
      vertex -229 2 63.8208
    endloop
  endfacet
  facet normal 0 -1 0
    outer loop
      vertex -229 2 56.3152
      vertex -221 2 49.9648
      vertex -222.5 2 52.5624
    endloop
  endfacet
  facet normal 0 -1 0
    outer loop
      vertex -229 2 56.3152
      vertex -221 2 42.4592
      vertex -221 2 49.9648
    endloop
  endfacet
  facet normal 0 -1 0
    outer loop
      vertex -221 2 42.4592
      vertex -213 2 36.1088
      vertex -214.5 2 38.7064
    endloop
  endfacet
  facet normal 0 -1 0
    outer loop
      vertex -221 2 42.4592
      vertex -213 2 28.6032
      vertex -213 2 36.1088
    endloop
  endfacet
  facet normal 0 -1 0
    outer loop
      vertex -213 2 28.6032
      vertex -205 2 22.2528
      vertex -206.5 2 24.8504
    endloop
  endfacet
  facet normal 0 -1 0
    outer loop
      vertex -213 2 28.6032
      vertex -205 2 14.7472
      vertex -205 2 22.2528
    endloop
  endfacet
  facet normal 0 -1 0
    outer loop
      vertex -242 2 4
      vertex -213 2 28.6032
      vertex -221 2 42.4592
    endloop
  endfacet
  facet normal 0 -1 0
    outer loop
      vertex -242 2 4
      vertex -182.5 2 10.9944
      vertex -198.5 2 10.9944
    endloop
  endfacet
  facet normal 0 -1 -0
    outer loop
      vertex -182.5 2 10.9944
      vertex -242 2 4
      vertex -166.5 2 10.9944
    endloop
  endfacet
  facet normal 0 -1 -0
    outer loop
      vertex -166.5 2 10.9944
      vertex -242 2 4
      vertex -150.5 2 10.9944
    endloop
  endfacet
  facet normal 0 -1 -0
    outer loop
      vertex -150.5 2 10.9944
      vertex -242 2 4
      vertex -134.5 2 10.9944
    endloop
  endfacet
  facet normal 0 -1 -0
    outer loop
      vertex -134.5 2 10.9944
      vertex -242 2 4
      vertex -118.5 2 10.9944
    endloop
  endfacet
  facet normal 0 -1 0
    outer loop
      vertex -8 2 4
      vertex -118.5 2 10.9944
      vertex -242 2 4
    endloop
  endfacet
  facet normal 0 -1 0
    outer loop
      vertex -118.5 2 10.9944
      vertex -8 2 4
      vertex -102.5 2 10.9944
    endloop
  endfacet
  facet normal 0 -1 0
    outer loop
      vertex -102.5 2 10.9944
      vertex -8 2 4
      vertex -86.5 2 10.9944
    endloop
  endfacet
  facet normal 0 -1 0
    outer loop
      vertex -86.5 2 10.9944
      vertex -8 2 4
      vertex -70.5 2 10.9944
    endloop
  endfacet
  facet normal 0 -1 -0
    outer loop
      vertex -205 2 14.7472
      vertex -242 2 4
      vertex -198.5 2 10.9944
    endloop
  endfacet
  facet normal 0 -1 -0
    outer loop
      vertex -213 2 28.6032
      vertex -242 2 4
      vertex -205 2 14.7472
    endloop
  endfacet
  facet normal 0 -1 -0
    outer loop
      vertex -229 2 56.3152
      vertex -242 2 4
      vertex -221 2 42.4592
    endloop
  endfacet
  facet normal 0 -1 -0
    outer loop
      vertex -229 2 63.8208
      vertex -242 2 4
      vertex -229 2 56.3152
    endloop
  endfacet
  facet normal 0 -1 0
    outer loop
      vertex -241.951 2 153.5
      vertex -236 2 159
      vertex -237.171 2 158.885
    endloop
  endfacet
  facet normal 0 -1 0
    outer loop
      vertex 0 2 153
      vertex -236 2 159
      vertex -241.951 2 153.5
    endloop
  endfacet
  facet normal 0 -1 0
    outer loop
      vertex -241.951 2 153.5
      vertex -237.171 2 158.885
      vertex -238.296 2 158.543
    endloop
  endfacet
  facet normal 0 -1 0
    outer loop
      vertex -236 2 159
      vertex 0 2 153
      vertex -6 2 159
    endloop
  endfacet
  facet normal 0 -1 0
    outer loop
      vertex -241.951 2 153.5
      vertex -238.296 2 158.543
      vertex -239.333 2 157.989
    endloop
  endfacet
  facet normal 0 -1 0
    outer loop
      vertex -6 2 159
      vertex 0 2 153
      vertex -4.82945 2 158.885
    endloop
  endfacet
  facet normal 0 -1 0
    outer loop
      vertex -241.951 2 153.5
      vertex -239.333 2 157.989
      vertex -240.243 2 157.243
    endloop
  endfacet
  facet normal 0 -1 0
    outer loop
      vertex -4.82945 2 158.885
      vertex 0 2 153
      vertex -3.70389 2 158.543
    endloop
  endfacet
  facet normal 0 -1 0
    outer loop
      vertex -241.951 2 153.5
      vertex -240.243 2 157.243
      vertex -240.989 2 156.333
    endloop
  endfacet
  facet normal 0 -1 0
    outer loop
      vertex -3.70389 2 158.543
      vertex 0 2 153
      vertex -2.66656 2 157.989
    endloop
  endfacet
  facet normal 0 -1 0
    outer loop
      vertex -241.951 2 153.5
      vertex -240.989 2 156.333
      vertex -241.543 2 155.296
    endloop
  endfacet
  facet normal 0 -1 0
    outer loop
      vertex -2.66656 2 157.989
      vertex 0 2 153
      vertex -1.75735 2 157.243
    endloop
  endfacet
  facet normal 0 -1 0
    outer loop
      vertex -241.951 2 153.5
      vertex -241.543 2 155.296
      vertex -241.885 2 154.171
    endloop
  endfacet
  facet normal 0 -1 0
    outer loop
      vertex -1.75735 2 157.243
      vertex 0 2 153
      vertex -1.01117 2 156.333
    endloop
  endfacet
  facet normal 0 -1 0
    outer loop
      vertex -1.01117 2 156.333
      vertex 0 2 153
      vertex -0.456711 2 155.296
    endloop
  endfacet
  facet normal 0 -1 0
    outer loop
      vertex -0.456711 2 155.296
      vertex 0 2 153
      vertex -0.11528 2 154.171
    endloop
  endfacet
  facet normal 0 -1 0
    outer loop
      vertex -241.951 2 153.5
      vertex -206.5 2 150.71
      vertex -190.5 2 150.71
    endloop
  endfacet
  facet normal 0 -1 0
    outer loop
      vertex -241.951 2 153.5
      vertex -190.5 2 150.71
      vertex -174.5 2 150.71
    endloop
  endfacet
  facet normal 0 -1 0
    outer loop
      vertex -241.951 2 153.5
      vertex -174.5 2 150.71
      vertex -158.5 2 150.71
    endloop
  endfacet
  facet normal 0 -1 0
    outer loop
      vertex -241.951 2 153.5
      vertex -158.5 2 150.71
      vertex -142.5 2 150.71
    endloop
  endfacet
  facet normal 0 -1 0
    outer loop
      vertex -241.951 2 153.5
      vertex -142.5 2 150.71
      vertex 0 2 153
    endloop
  endfacet
  facet normal 0 -1 0
    outer loop
      vertex -126.5 2 150.71
      vertex 0 2 153
      vertex -142.5 2 150.71
    endloop
  endfacet
  facet normal 0 -1 0
    outer loop
      vertex -110.5 2 150.71
      vertex 0 2 153
      vertex -126.5 2 150.71
    endloop
  endfacet
  facet normal 0 -1 0
    outer loop
      vertex -94.5 2 150.71
      vertex 0 2 153
      vertex -110.5 2 150.71
    endloop
  endfacet
  facet normal 0 -1 0
    outer loop
      vertex -78.5 2 150.71
      vertex 0 2 153
      vertex -94.5 2 150.71
    endloop
  endfacet
  facet normal 0 -1 0
    outer loop
      vertex -62.5 2 150.71
      vertex 0 2 153
      vertex -78.5 2 150.71
    endloop
  endfacet
  facet normal 0 -1 0
    outer loop
      vertex -46.5 2 150.71
      vertex 0 2 153
      vertex -62.5 2 150.71
    endloop
  endfacet
  facet normal 0 -1 0
    outer loop
      vertex -30.5 2 150.71
      vertex 0 2 153
      vertex -46.5 2 150.71
    endloop
  endfacet
  facet normal 0 -1 0
    outer loop
      vertex -24 2 146.957
      vertex 0 2 153
      vertex -30.5 2 150.71
    endloop
  endfacet
  facet normal 0 -1 0
    outer loop
      vertex -16 2 133.101
      vertex -24 2 146.957
      vertex -24 2 139.451
    endloop
  endfacet
  facet normal 0 -1 0
    outer loop
      vertex -16 2 133.101
      vertex -24 2 139.451
      vertex -22.5 2 136.854
    endloop
  endfacet
  facet normal 0 -1 0
    outer loop
      vertex -24 2 146.957
      vertex -16 2 133.101
      vertex 0 2 153
    endloop
  endfacet
  facet normal 0 -1 0
    outer loop
      vertex -16 2 125.595
      vertex 0 2 153
      vertex -16 2 133.101
    endloop
  endfacet
  facet normal 0 -1 0
    outer loop
      vertex -56 2 119.245
      vertex -38.5 2 109.142
      vertex -29 2 125.595
    endloop
  endfacet
  facet normal 0 -1 0
    outer loop
      vertex -38.5 2 109.142
      vertex -56 2 111.739
      vertex -54.5 2 109.142
    endloop
  endfacet
  facet normal 0 -1 -0
    outer loop
      vertex -29 2 125.595
      vertex -38.5 2 109.142
      vertex -22.5 2 121.842
    endloop
  endfacet
  facet normal 0 -1 0
    outer loop
      vertex -22.5 2 109.142
      vertex -22.5 2 121.842
      vertex -38.5 2 109.142
    endloop
  endfacet
  facet normal 0 -1 0
    outer loop
      vertex -22.5 2 121.842
      vertex -22.5 2 109.142
      vertex -16 2 125.595
    endloop
  endfacet
  facet normal 0 -1 0
    outer loop
      vertex -16 2 105.389
      vertex -16 2 125.595
      vertex -22.5 2 109.142
    endloop
  endfacet
  facet normal 0 -1 0
    outer loop
      vertex -16 2 125.595
      vertex -16 2 105.389
      vertex 0 2 153
    endloop
  endfacet
  facet normal 0 -1 0
    outer loop
      vertex 0 2 64
      vertex -16 2 105.389
      vertex -16 2 97.8832
    endloop
  endfacet
  facet normal 0 -1 0
    outer loop
      vertex -24 2 91.5328
      vertex -16 2 97.8832
      vertex -22.5 2 94.1304
    endloop
  endfacet
  facet normal 0 -1 0
    outer loop
      vertex -24 2 84.0272
      vertex -16 2 97.8832
      vertex -24 2 91.5328
    endloop
  endfacet
  facet normal 0 -1 0
    outer loop
      vertex -22.5 2 81.4296
      vertex -16 2 97.8832
      vertex -24 2 84.0272
    endloop
  endfacet
  facet normal 0 -1 0
    outer loop
      vertex -16 2 77.6768
      vertex -16 2 97.8832
      vertex -22.5 2 81.4296
    endloop
  endfacet
  facet normal 0 -1 0
    outer loop
      vertex 0 2 64
      vertex -16 2 97.8832
      vertex -16 2 77.6768
    endloop
  endfacet
  facet normal 0 -1 0
    outer loop
      vertex -8 2 64
      vertex -16 2 77.6768
      vertex -16 2 70.1712
    endloop
  endfacet
  facet normal 0 -1 0
    outer loop
      vertex -8 2 64
      vertex -16 2 70.1712
      vertex -22.5 2 66.4184
    endloop
  endfacet
  facet normal 0 -1 0
    outer loop
      vertex -16 2 77.6768
      vertex -8 2 64
      vertex 0 2 64
    endloop
  endfacet
  facet normal 0 -1 0
    outer loop
      vertex -16 2 105.389
      vertex 0 2 64
      vertex 0 2 153
    endloop
  endfacet
  facet normal 0 -1 0
    outer loop
      vertex -182.5 2 136.854
      vertex -174.5 2 135.698
      vertex -181 2 139.451
    endloop
  endfacet
  facet normal -0 -1 0
    outer loop
      vertex -174.5 2 135.698
      vertex -182.5 2 136.854
      vertex -176 2 133.101
    endloop
  endfacet
  facet normal 0 -1 0
    outer loop
      vertex -166.5 2 136.854
      vertex -158.5 2 135.698
      vertex -165 2 139.451
    endloop
  endfacet
  facet normal -0 -1 0
    outer loop
      vertex -158.5 2 135.698
      vertex -166.5 2 136.854
      vertex -160 2 133.101
    endloop
  endfacet
  facet normal 0 -1 0
    outer loop
      vertex -150.5 2 136.854
      vertex -142.5 2 135.698
      vertex -149 2 139.451
    endloop
  endfacet
  facet normal -0 -1 0
    outer loop
      vertex -142.5 2 135.698
      vertex -150.5 2 136.854
      vertex -144 2 133.101
    endloop
  endfacet
  facet normal 0 -1 0
    outer loop
      vertex -134.5 2 136.854
      vertex -126.5 2 135.698
      vertex -133 2 139.451
    endloop
  endfacet
  facet normal -0 -1 0
    outer loop
      vertex -126.5 2 135.698
      vertex -134.5 2 136.854
      vertex -128 2 133.101
    endloop
  endfacet
  facet normal 0 -1 0
    outer loop
      vertex -118.5 2 136.854
      vertex -110.5 2 135.698
      vertex -117 2 139.451
    endloop
  endfacet
  facet normal -0 -1 0
    outer loop
      vertex -110.5 2 135.698
      vertex -118.5 2 136.854
      vertex -112 2 133.101
    endloop
  endfacet
  facet normal 0 -1 0
    outer loop
      vertex -102.5 2 136.854
      vertex -94.5 2 135.698
      vertex -101 2 139.451
    endloop
  endfacet
  facet normal -0 -1 0
    outer loop
      vertex -94.5 2 135.698
      vertex -102.5 2 136.854
      vertex -96 2 133.101
    endloop
  endfacet
  facet normal 0 -1 0
    outer loop
      vertex -86.5 2 136.854
      vertex -78.5 2 135.698
      vertex -85 2 139.451
    endloop
  endfacet
  facet normal -0 -1 0
    outer loop
      vertex -78.5 2 135.698
      vertex -86.5 2 136.854
      vertex -80 2 133.101
    endloop
  endfacet
  facet normal 0 -1 0
    outer loop
      vertex -70.5 2 136.854
      vertex -62.5 2 135.698
      vertex -69 2 139.451
    endloop
  endfacet
  facet normal 0 -1 0
    outer loop
      vertex -64 2 133.101
      vertex -46.5 2 135.698
      vertex -62.5 2 135.698
    endloop
  endfacet
  facet normal 0 -1 0
    outer loop
      vertex -56 2 119.245
      vertex -46.5 2 135.698
      vertex -64 2 133.101
    endloop
  endfacet
  facet normal 0 -1 0
    outer loop
      vertex -64 2 133.101
      vertex -62.5 2 135.698
      vertex -70.5 2 136.854
    endloop
  endfacet
  facet normal 0 -1 0
    outer loop
      vertex -190.5 2 135.698
      vertex -189 2 125.595
      vertex -189 2 133.101
    endloop
  endfacet
  facet normal 0 -1 0
    outer loop
      vertex -198.5 2 109.142
      vertex -216 2 119.245
      vertex -214.5 2 109.142
    endloop
  endfacet
  facet normal 0 -1 0
    outer loop
      vertex -174.5 2 122.998
      vertex -166.5 2 121.842
      vertex -173 2 125.595
    endloop
  endfacet
  facet normal -0 -1 0
    outer loop
      vertex -166.5 2 121.842
      vertex -174.5 2 122.998
      vertex -168 2 119.245
    endloop
  endfacet
  facet normal 0 -1 0
    outer loop
      vertex -158.5 2 122.998
      vertex -150.5 2 121.842
      vertex -157 2 125.595
    endloop
  endfacet
  facet normal -0 -1 0
    outer loop
      vertex -150.5 2 121.842
      vertex -158.5 2 122.998
      vertex -152 2 119.245
    endloop
  endfacet
  facet normal 0 -1 0
    outer loop
      vertex -142.5 2 122.998
      vertex -134.5 2 121.842
      vertex -141 2 125.595
    endloop
  endfacet
  facet normal -0 -1 0
    outer loop
      vertex -134.5 2 121.842
      vertex -142.5 2 122.998
      vertex -136 2 119.245
    endloop
  endfacet
  facet normal 0 -1 0
    outer loop
      vertex -126.5 2 122.998
      vertex -118.5 2 121.842
      vertex -125 2 125.595
    endloop
  endfacet
  facet normal -0 -1 0
    outer loop
      vertex -118.5 2 121.842
      vertex -126.5 2 122.998
      vertex -120 2 119.245
    endloop
  endfacet
  facet normal 0 -1 0
    outer loop
      vertex -110.5 2 122.998
      vertex -102.5 2 121.842
      vertex -109 2 125.595
    endloop
  endfacet
  facet normal -0 -1 0
    outer loop
      vertex -102.5 2 121.842
      vertex -110.5 2 122.998
      vertex -104 2 119.245
    endloop
  endfacet
  facet normal 0 -1 0
    outer loop
      vertex -94.5 2 122.998
      vertex -86.5 2 121.842
      vertex -93 2 125.595
    endloop
  endfacet
  facet normal -0 -1 0
    outer loop
      vertex -86.5 2 121.842
      vertex -94.5 2 122.998
      vertex -88 2 119.245
    endloop
  endfacet
  facet normal 0 -1 0
    outer loop
      vertex -78.5 2 122.998
      vertex -70.5 2 121.842
      vertex -77 2 125.595
    endloop
  endfacet
  facet normal -0 -1 0
    outer loop
      vertex -70.5 2 121.842
      vertex -78.5 2 122.998
      vertex -72 2 119.245
    endloop
  endfacet
  facet normal 0 -1 0
    outer loop
      vertex -46.5 2 135.698
      vertex -29 2 125.595
      vertex -29 2 133.101
    endloop
  endfacet
  facet normal 0 -1 0
    outer loop
      vertex -38.5 2 109.142
      vertex -56 2 119.245
      vertex -56 2 111.739
    endloop
  endfacet
  facet normal 0 -1 0
    outer loop
      vertex -198.5 2 26.0056
      vertex -190.5 2 24.8504
      vertex -197 2 28.6032
    endloop
  endfacet
  facet normal -0 -1 0
    outer loop
      vertex -190.5 2 24.8504
      vertex -198.5 2 26.0056
      vertex -192 2 22.2528
    endloop
  endfacet
  facet normal 0 -1 0
    outer loop
      vertex -182.5 2 26.0056
      vertex -174.5 2 24.8504
      vertex -181 2 28.6032
    endloop
  endfacet
  facet normal -0 -1 0
    outer loop
      vertex -174.5 2 24.8504
      vertex -182.5 2 26.0056
      vertex -176 2 22.2528
    endloop
  endfacet
  facet normal 0 -1 0
    outer loop
      vertex -166.5 2 26.0056
      vertex -158.5 2 24.8504
      vertex -165 2 28.6032
    endloop
  endfacet
  facet normal -0 -1 0
    outer loop
      vertex -158.5 2 24.8504
      vertex -166.5 2 26.0056
      vertex -160 2 22.2528
    endloop
  endfacet
  facet normal 0 -1 0
    outer loop
      vertex -150.5 2 26.0056
      vertex -142.5 2 24.8504
      vertex -149 2 28.6032
    endloop
  endfacet
  facet normal -0 -1 0
    outer loop
      vertex -142.5 2 24.8504
      vertex -150.5 2 26.0056
      vertex -144 2 22.2528
    endloop
  endfacet
  facet normal 0 -1 0
    outer loop
      vertex -134.5 2 26.0056
      vertex -126.5 2 24.8504
      vertex -133 2 28.6032
    endloop
  endfacet
  facet normal -0 -1 0
    outer loop
      vertex -126.5 2 24.8504
      vertex -134.5 2 26.0056
      vertex -128 2 22.2528
    endloop
  endfacet
  facet normal 0 -1 0
    outer loop
      vertex -118.5 2 26.0056
      vertex -110.5 2 24.8504
      vertex -117 2 28.6032
    endloop
  endfacet
  facet normal -0 -1 0
    outer loop
      vertex -110.5 2 24.8504
      vertex -118.5 2 26.0056
      vertex -112 2 22.2528
    endloop
  endfacet
  facet normal 0 -1 0
    outer loop
      vertex -102.5 2 26.0056
      vertex -94.5 2 24.8504
      vertex -101 2 28.6032
    endloop
  endfacet
  facet normal -0 -1 0
    outer loop
      vertex -94.5 2 24.8504
      vertex -102.5 2 26.0056
      vertex -96 2 22.2528
    endloop
  endfacet
  facet normal 0 -1 0
    outer loop
      vertex -86.5 2 26.0056
      vertex -78.5 2 24.8504
      vertex -85 2 28.6032
    endloop
  endfacet
  facet normal -0 -1 0
    outer loop
      vertex -78.5 2 24.8504
      vertex -86.5 2 26.0056
      vertex -80 2 22.2528
    endloop
  endfacet
  facet normal 0 -1 0
    outer loop
      vertex -70.5 2 26.0056
      vertex -62.5 2 24.8504
      vertex -69 2 28.6032
    endloop
  endfacet
  facet normal -0 -1 0
    outer loop
      vertex -62.5 2 24.8504
      vertex -70.5 2 26.0056
      vertex -64 2 22.2528
    endloop
  endfacet
  facet normal 0 -1 0
    outer loop
      vertex -54.5 2 26.0056
      vertex -46.5 2 24.8504
      vertex -53 2 28.6032
    endloop
  endfacet
  facet normal -0 -1 0
    outer loop
      vertex -46.5 2 24.8504
      vertex -54.5 2 26.0056
      vertex -48 2 22.2528
    endloop
  endfacet
  facet normal 0 -1 0
    outer loop
      vertex -206.5 2 39.8616
      vertex -198.5 2 38.7064
      vertex -205 2 42.4592
    endloop
  endfacet
  facet normal -0 -1 0
    outer loop
      vertex -198.5 2 38.7064
      vertex -206.5 2 39.8616
      vertex -200 2 36.1088
    endloop
  endfacet
  facet normal 0 -1 0
    outer loop
      vertex -190.5 2 39.8616
      vertex -182.5 2 38.7064
      vertex -189 2 42.4592
    endloop
  endfacet
  facet normal -0 -1 0
    outer loop
      vertex -182.5 2 38.7064
      vertex -190.5 2 39.8616
      vertex -184 2 36.1088
    endloop
  endfacet
  facet normal 0 -1 0
    outer loop
      vertex -174.5 2 39.8616
      vertex -166.5 2 38.7064
      vertex -173 2 42.4592
    endloop
  endfacet
  facet normal -0 -1 0
    outer loop
      vertex -166.5 2 38.7064
      vertex -174.5 2 39.8616
      vertex -168 2 36.1088
    endloop
  endfacet
  facet normal 0 -1 0
    outer loop
      vertex -158.5 2 39.8616
      vertex -150.5 2 38.7064
      vertex -157 2 42.4592
    endloop
  endfacet
  facet normal -0 -1 0
    outer loop
      vertex -150.5 2 38.7064
      vertex -158.5 2 39.8616
      vertex -152 2 36.1088
    endloop
  endfacet
  facet normal 0 -1 0
    outer loop
      vertex -142.5 2 39.8616
      vertex -134.5 2 38.7064
      vertex -141 2 42.4592
    endloop
  endfacet
  facet normal -0 -1 0
    outer loop
      vertex -134.5 2 38.7064
      vertex -142.5 2 39.8616
      vertex -136 2 36.1088
    endloop
  endfacet
  facet normal 0 -1 0
    outer loop
      vertex -126.5 2 39.8616
      vertex -118.5 2 38.7064
      vertex -125 2 42.4592
    endloop
  endfacet
  facet normal -0 -1 0
    outer loop
      vertex -118.5 2 38.7064
      vertex -126.5 2 39.8616
      vertex -120 2 36.1088
    endloop
  endfacet
  facet normal 0 -1 0
    outer loop
      vertex -110.5 2 39.8616
      vertex -102.5 2 38.7064
      vertex -109 2 42.4592
    endloop
  endfacet
  facet normal -0 -1 0
    outer loop
      vertex -102.5 2 38.7064
      vertex -110.5 2 39.8616
      vertex -104 2 36.1088
    endloop
  endfacet
  facet normal 0 -1 0
    outer loop
      vertex -94.5 2 39.8616
      vertex -86.5 2 38.7064
      vertex -93 2 42.4592
    endloop
  endfacet
  facet normal -0 -1 0
    outer loop
      vertex -86.5 2 38.7064
      vertex -94.5 2 39.8616
      vertex -88 2 36.1088
    endloop
  endfacet
  facet normal 0 -1 0
    outer loop
      vertex -78.5 2 39.8616
      vertex -70.5 2 38.7064
      vertex -77 2 42.4592
    endloop
  endfacet
  facet normal -0 -1 0
    outer loop
      vertex -70.5 2 38.7064
      vertex -78.5 2 39.8616
      vertex -72 2 36.1088
    endloop
  endfacet
  facet normal 0 -1 0
    outer loop
      vertex -62.5 2 39.8616
      vertex -54.5 2 38.7064
      vertex -61 2 42.4592
    endloop
  endfacet
  facet normal -0 -1 0
    outer loop
      vertex -54.5 2 38.7064
      vertex -62.5 2 39.8616
      vertex -56 2 36.1088
    endloop
  endfacet
  facet normal 0 -1 0
    outer loop
      vertex -46.5 2 39.8616
      vertex -38.5 2 38.7064
      vertex -45 2 42.4592
    endloop
  endfacet
  facet normal 0 -1 -0
    outer loop
      vertex -38.5 2 38.7064
      vertex -40 2 36.1088
      vertex -22.5 2 38.7064
    endloop
  endfacet
  facet normal 0 -1 0
    outer loop
      vertex -40 2 36.1088
      vertex -38.5 2 38.7064
      vertex -46.5 2 39.8616
    endloop
  endfacet
  facet normal 0 -1 0
    outer loop
      vertex -30.5 2 52.5624
      vertex -22.5 2 53.7176
      vertex -24 2 56.3152
    endloop
  endfacet
  facet normal 0 -1 0
    outer loop
      vertex -29 2 49.9648
      vertex -30.5 2 52.5624
      vertex -32 2 49.9648
    endloop
  endfacet
  facet normal 0 -1 0
    outer loop
      vertex -30.5 2 52.5624
      vertex -29 2 49.9648
      vertex -22.5 2 53.7176
    endloop
  endfacet
  facet normal 0 -1 0
    outer loop
      vertex -32 2 42.4592
      vertex -29 2 49.9648
      vertex -32 2 49.9648
    endloop
  endfacet
  facet normal 0 -1 0
    outer loop
      vertex -32 2 42.4592
      vertex -29 2 42.4592
      vertex -29 2 49.9648
    endloop
  endfacet
  facet normal 0 -1 0
    outer loop
      vertex -38.5 2 38.7064
      vertex -29 2 42.4592
      vertex -32 2 42.4592
    endloop
  endfacet
  facet normal 0 -1 -0
    outer loop
      vertex -29 2 42.4592
      vertex -38.5 2 38.7064
      vertex -22.5 2 38.7064
    endloop
  endfacet
  facet normal 0 -1 0
    outer loop
      vertex -214.5 2 53.7176
      vertex -206.5 2 52.5624
      vertex -213 2 56.3152
    endloop
  endfacet
  facet normal -0 -1 0
    outer loop
      vertex -206.5 2 52.5624
      vertex -214.5 2 53.7176
      vertex -208 2 49.9648
    endloop
  endfacet
  facet normal 0 -1 0
    outer loop
      vertex -198.5 2 53.7176
      vertex -190.5 2 52.5624
      vertex -197 2 56.3152
    endloop
  endfacet
  facet normal -0 -1 0
    outer loop
      vertex -190.5 2 52.5624
      vertex -198.5 2 53.7176
      vertex -192 2 49.9648
    endloop
  endfacet
  facet normal 0 -1 0
    outer loop
      vertex -182.5 2 53.7176
      vertex -174.5 2 52.5624
      vertex -181 2 56.3152
    endloop
  endfacet
  facet normal -0 -1 0
    outer loop
      vertex -174.5 2 52.5624
      vertex -182.5 2 53.7176
      vertex -176 2 49.9648
    endloop
  endfacet
  facet normal 0 -1 0
    outer loop
      vertex -166.5 2 53.7176
      vertex -158.5 2 52.5624
      vertex -165 2 56.3152
    endloop
  endfacet
  facet normal -0 -1 0
    outer loop
      vertex -158.5 2 52.5624
      vertex -166.5 2 53.7176
      vertex -160 2 49.9648
    endloop
  endfacet
  facet normal 0 -1 0
    outer loop
      vertex -150.5 2 53.7176
      vertex -142.5 2 52.5624
      vertex -149 2 56.3152
    endloop
  endfacet
  facet normal -0 -1 0
    outer loop
      vertex -142.5 2 52.5624
      vertex -150.5 2 53.7176
      vertex -144 2 49.9648
    endloop
  endfacet
  facet normal 0 -1 0
    outer loop
      vertex -134.5 2 53.7176
      vertex -126.5 2 52.5624
      vertex -133 2 56.3152
    endloop
  endfacet
  facet normal -0 -1 0
    outer loop
      vertex -126.5 2 52.5624
      vertex -134.5 2 53.7176
      vertex -128 2 49.9648
    endloop
  endfacet
  facet normal 0 -1 0
    outer loop
      vertex -118.5 2 53.7176
      vertex -110.5 2 52.5624
      vertex -117 2 56.3152
    endloop
  endfacet
  facet normal -0 -1 0
    outer loop
      vertex -110.5 2 52.5624
      vertex -118.5 2 53.7176
      vertex -112 2 49.9648
    endloop
  endfacet
  facet normal 0 -1 0
    outer loop
      vertex -102.5 2 53.7176
      vertex -94.5 2 52.5624
      vertex -101 2 56.3152
    endloop
  endfacet
  facet normal -0 -1 0
    outer loop
      vertex -94.5 2 52.5624
      vertex -102.5 2 53.7176
      vertex -96 2 49.9648
    endloop
  endfacet
  facet normal 0 -1 0
    outer loop
      vertex -86.5 2 53.7176
      vertex -78.5 2 52.5624
      vertex -85 2 56.3152
    endloop
  endfacet
  facet normal -0 -1 0
    outer loop
      vertex -78.5 2 52.5624
      vertex -86.5 2 53.7176
      vertex -80 2 49.9648
    endloop
  endfacet
  facet normal 0 -1 0
    outer loop
      vertex -70.5 2 53.7176
      vertex -62.5 2 52.5624
      vertex -69 2 56.3152
    endloop
  endfacet
  facet normal -0 -1 0
    outer loop
      vertex -62.5 2 52.5624
      vertex -70.5 2 53.7176
      vertex -64 2 49.9648
    endloop
  endfacet
  facet normal 0 -1 0
    outer loop
      vertex -54.5 2 53.7176
      vertex -46.5 2 52.5624
      vertex -53 2 56.3152
    endloop
  endfacet
  facet normal -0 -1 0
    outer loop
      vertex -46.5 2 52.5624
      vertex -54.5 2 53.7176
      vertex -48 2 49.9648
    endloop
  endfacet
  facet normal 0 -1 0
    outer loop
      vertex -38.5 2 53.7176
      vertex -30.5 2 52.5624
      vertex -37 2 56.3152
    endloop
  endfacet
  facet normal -0 -1 0
    outer loop
      vertex -30.5 2 52.5624
      vertex -38.5 2 53.7176
      vertex -32 2 49.9648
    endloop
  endfacet
  facet normal 0 -1 0
    outer loop
      vertex -30.5 2 80.2744
      vertex -22.5 2 81.4296
      vertex -24 2 84.0272
    endloop
  endfacet
  facet normal 0 -1 0
    outer loop
      vertex -29 2 77.6768
      vertex -30.5 2 80.2744
      vertex -32 2 77.6768
    endloop
  endfacet
  facet normal 0 -1 0
    outer loop
      vertex -30.5 2 80.2744
      vertex -29 2 77.6768
      vertex -22.5 2 81.4296
    endloop
  endfacet
  facet normal 0 -1 0
    outer loop
      vertex -32 2 70.1712
      vertex -29 2 77.6768
      vertex -32 2 77.6768
    endloop
  endfacet
  facet normal 0 -1 0
    outer loop
      vertex -32 2 70.1712
      vertex -29 2 70.1712
      vertex -29 2 77.6768
    endloop
  endfacet
  facet normal 0 -1 0
    outer loop
      vertex -32 2 70.1712
      vertex -30.5 2 67.5736
      vertex -29 2 70.1712
    endloop
  endfacet
  facet normal 0 -1 0
    outer loop
      vertex -38.5 2 66.4184
      vertex -30.5 2 67.5736
      vertex -32 2 70.1712
    endloop
  endfacet
  facet normal 0 -1 0
    outer loop
      vertex -37 2 63.8208
      vertex -38.5 2 66.4184
      vertex -40 2 63.8208
    endloop
  endfacet
  facet normal 0 -1 0
    outer loop
      vertex -38.5 2 66.4184
      vertex -37 2 63.8208
      vertex -30.5 2 67.5736
    endloop
  endfacet
  facet normal 0 -1 0
    outer loop
      vertex -40 2 56.3152
      vertex -37 2 63.8208
      vertex -40 2 63.8208
    endloop
  endfacet
  facet normal 0 -1 0
    outer loop
      vertex -40 2 56.3152
      vertex -37 2 56.3152
      vertex -37 2 63.8208
    endloop
  endfacet
  facet normal 0 -1 0
    outer loop
      vertex -40 2 56.3152
      vertex -38.5 2 53.7176
      vertex -37 2 56.3152
    endloop
  endfacet
  facet normal 0 -1 0
    outer loop
      vertex -46.5 2 52.5624
      vertex -38.5 2 53.7176
      vertex -40 2 56.3152
    endloop
  endfacet
  facet normal 0 -1 0
    outer loop
      vertex -45 2 49.9648
      vertex -46.5 2 52.5624
      vertex -48 2 49.9648
    endloop
  endfacet
  facet normal 0 -1 0
    outer loop
      vertex -46.5 2 52.5624
      vertex -45 2 49.9648
      vertex -38.5 2 53.7176
    endloop
  endfacet
  facet normal 0 -1 0
    outer loop
      vertex -48 2 42.4592
      vertex -45 2 49.9648
      vertex -48 2 49.9648
    endloop
  endfacet
  facet normal 0 -1 0
    outer loop
      vertex -48 2 42.4592
      vertex -45 2 42.4592
      vertex -45 2 49.9648
    endloop
  endfacet
  facet normal 0 -1 0
    outer loop
      vertex -48 2 42.4592
      vertex -46.5 2 39.8616
      vertex -45 2 42.4592
    endloop
  endfacet
  facet normal 0 -1 0
    outer loop
      vertex -54.5 2 38.7064
      vertex -46.5 2 39.8616
      vertex -48 2 42.4592
    endloop
  endfacet
  facet normal 0 -1 0
    outer loop
      vertex -53 2 36.1088
      vertex -54.5 2 38.7064
      vertex -56 2 36.1088
    endloop
  endfacet
  facet normal 0 -1 0
    outer loop
      vertex -54.5 2 38.7064
      vertex -53 2 36.1088
      vertex -46.5 2 39.8616
    endloop
  endfacet
  facet normal 0 -1 0
    outer loop
      vertex -56 2 28.6032
      vertex -53 2 36.1088
      vertex -56 2 36.1088
    endloop
  endfacet
  facet normal 0 -1 0
    outer loop
      vertex -56 2 28.6032
      vertex -53 2 28.6032
      vertex -53 2 36.1088
    endloop
  endfacet
  facet normal 0 -1 0
    outer loop
      vertex -56 2 28.6032
      vertex -54.5 2 26.0056
      vertex -53 2 28.6032
    endloop
  endfacet
  facet normal 0 -1 0
    outer loop
      vertex -62.5 2 24.8504
      vertex -54.5 2 26.0056
      vertex -56 2 28.6032
    endloop
  endfacet
  facet normal 0 -1 0
    outer loop
      vertex -61 2 22.2528
      vertex -62.5 2 24.8504
      vertex -64 2 22.2528
    endloop
  endfacet
  facet normal 0 -1 0
    outer loop
      vertex -62.5 2 24.8504
      vertex -61 2 22.2528
      vertex -54.5 2 26.0056
    endloop
  endfacet
  facet normal 0 -1 0
    outer loop
      vertex -64 2 14.7472
      vertex -61 2 22.2528
      vertex -64 2 22.2528
    endloop
  endfacet
  facet normal 0 -1 0
    outer loop
      vertex -64 2 14.7472
      vertex -61 2 14.7472
      vertex -61 2 22.2528
    endloop
  endfacet
  facet normal 0 -1 0
    outer loop
      vertex -70.5 2 10.9944
      vertex -61 2 14.7472
      vertex -64 2 14.7472
    endloop
  endfacet
  facet normal 0 -1 -0
    outer loop
      vertex -61 2 14.7472
      vertex -70.5 2 10.9944
      vertex -54.5 2 10.9944
    endloop
  endfacet
  facet normal 0 -1 0
    outer loop
      vertex -214.5 2 81.4296
      vertex -206.5 2 80.2744
      vertex -213 2 84.0272
    endloop
  endfacet
  facet normal -0 -1 0
    outer loop
      vertex -206.5 2 80.2744
      vertex -214.5 2 81.4296
      vertex -208 2 77.6768
    endloop
  endfacet
  facet normal 0 -1 0
    outer loop
      vertex -198.5 2 81.4296
      vertex -190.5 2 80.2744
      vertex -197 2 84.0272
    endloop
  endfacet
  facet normal -0 -1 0
    outer loop
      vertex -190.5 2 80.2744
      vertex -198.5 2 81.4296
      vertex -192 2 77.6768
    endloop
  endfacet
  facet normal 0 -1 0
    outer loop
      vertex -182.5 2 81.4296
      vertex -174.5 2 80.2744
      vertex -181 2 84.0272
    endloop
  endfacet
  facet normal -0 -1 0
    outer loop
      vertex -174.5 2 80.2744
      vertex -182.5 2 81.4296
      vertex -176 2 77.6768
    endloop
  endfacet
  facet normal 0 -1 0
    outer loop
      vertex -166.5 2 81.4296
      vertex -158.5 2 80.2744
      vertex -165 2 84.0272
    endloop
  endfacet
  facet normal -0 -1 0
    outer loop
      vertex -158.5 2 80.2744
      vertex -166.5 2 81.4296
      vertex -160 2 77.6768
    endloop
  endfacet
  facet normal 0 -1 0
    outer loop
      vertex -150.5 2 81.4296
      vertex -142.5 2 80.2744
      vertex -149 2 84.0272
    endloop
  endfacet
  facet normal -0 -1 0
    outer loop
      vertex -142.5 2 80.2744
      vertex -150.5 2 81.4296
      vertex -144 2 77.6768
    endloop
  endfacet
  facet normal 0 -1 0
    outer loop
      vertex -134.5 2 81.4296
      vertex -126.5 2 80.2744
      vertex -133 2 84.0272
    endloop
  endfacet
  facet normal -0 -1 0
    outer loop
      vertex -126.5 2 80.2744
      vertex -134.5 2 81.4296
      vertex -128 2 77.6768
    endloop
  endfacet
  facet normal 0 -1 0
    outer loop
      vertex -118.5 2 81.4296
      vertex -110.5 2 80.2744
      vertex -117 2 84.0272
    endloop
  endfacet
  facet normal -0 -1 0
    outer loop
      vertex -110.5 2 80.2744
      vertex -118.5 2 81.4296
      vertex -112 2 77.6768
    endloop
  endfacet
  facet normal 0 -1 0
    outer loop
      vertex -102.5 2 81.4296
      vertex -94.5 2 80.2744
      vertex -101 2 84.0272
    endloop
  endfacet
  facet normal -0 -1 0
    outer loop
      vertex -94.5 2 80.2744
      vertex -102.5 2 81.4296
      vertex -96 2 77.6768
    endloop
  endfacet
  facet normal 0 -1 0
    outer loop
      vertex -86.5 2 81.4296
      vertex -78.5 2 80.2744
      vertex -85 2 84.0272
    endloop
  endfacet
  facet normal -0 -1 0
    outer loop
      vertex -78.5 2 80.2744
      vertex -86.5 2 81.4296
      vertex -80 2 77.6768
    endloop
  endfacet
  facet normal 0 -1 0
    outer loop
      vertex -70.5 2 81.4296
      vertex -62.5 2 80.2744
      vertex -69 2 84.0272
    endloop
  endfacet
  facet normal -0 -1 0
    outer loop
      vertex -62.5 2 80.2744
      vertex -70.5 2 81.4296
      vertex -64 2 77.6768
    endloop
  endfacet
  facet normal 0 -1 0
    outer loop
      vertex -54.5 2 81.4296
      vertex -46.5 2 80.2744
      vertex -53 2 84.0272
    endloop
  endfacet
  facet normal -0 -1 0
    outer loop
      vertex -46.5 2 80.2744
      vertex -54.5 2 81.4296
      vertex -48 2 77.6768
    endloop
  endfacet
  facet normal 0 -1 0
    outer loop
      vertex -38.5 2 81.4296
      vertex -30.5 2 80.2744
      vertex -37 2 84.0272
    endloop
  endfacet
  facet normal -0 -1 0
    outer loop
      vertex -30.5 2 80.2744
      vertex -38.5 2 81.4296
      vertex -32 2 77.6768
    endloop
  endfacet
  facet normal 0 -1 0
    outer loop
      vertex -222.5 2 67.5736
      vertex -214.5 2 66.4184
      vertex -221 2 70.1712
    endloop
  endfacet
  facet normal -0 -1 0
    outer loop
      vertex -214.5 2 66.4184
      vertex -222.5 2 67.5736
      vertex -216 2 63.8208
    endloop
  endfacet
  facet normal 0 -1 0
    outer loop
      vertex -206.5 2 67.5736
      vertex -198.5 2 66.4184
      vertex -205 2 70.1712
    endloop
  endfacet
  facet normal -0 -1 0
    outer loop
      vertex -198.5 2 66.4184
      vertex -206.5 2 67.5736
      vertex -200 2 63.8208
    endloop
  endfacet
  facet normal 0 -1 0
    outer loop
      vertex -190.5 2 67.5736
      vertex -182.5 2 66.4184
      vertex -189 2 70.1712
    endloop
  endfacet
  facet normal -0 -1 0
    outer loop
      vertex -182.5 2 66.4184
      vertex -190.5 2 67.5736
      vertex -184 2 63.8208
    endloop
  endfacet
  facet normal 0 -1 0
    outer loop
      vertex -174.5 2 67.5736
      vertex -166.5 2 66.4184
      vertex -173 2 70.1712
    endloop
  endfacet
  facet normal -0 -1 0
    outer loop
      vertex -166.5 2 66.4184
      vertex -174.5 2 67.5736
      vertex -168 2 63.8208
    endloop
  endfacet
  facet normal 0 -1 0
    outer loop
      vertex -158.5 2 67.5736
      vertex -150.5 2 66.4184
      vertex -157 2 70.1712
    endloop
  endfacet
  facet normal -0 -1 0
    outer loop
      vertex -150.5 2 66.4184
      vertex -158.5 2 67.5736
      vertex -152 2 63.8208
    endloop
  endfacet
  facet normal 0 -1 0
    outer loop
      vertex -142.5 2 67.5736
      vertex -134.5 2 66.4184
      vertex -141 2 70.1712
    endloop
  endfacet
  facet normal -0 -1 0
    outer loop
      vertex -134.5 2 66.4184
      vertex -142.5 2 67.5736
      vertex -136 2 63.8208
    endloop
  endfacet
  facet normal 0 -1 0
    outer loop
      vertex -126.5 2 67.5736
      vertex -118.5 2 66.4184
      vertex -125 2 70.1712
    endloop
  endfacet
  facet normal -0 -1 0
    outer loop
      vertex -118.5 2 66.4184
      vertex -126.5 2 67.5736
      vertex -120 2 63.8208
    endloop
  endfacet
  facet normal 0 -1 0
    outer loop
      vertex -110.5 2 67.5736
      vertex -102.5 2 66.4184
      vertex -109 2 70.1712
    endloop
  endfacet
  facet normal -0 -1 0
    outer loop
      vertex -102.5 2 66.4184
      vertex -110.5 2 67.5736
      vertex -104 2 63.8208
    endloop
  endfacet
  facet normal 0 -1 0
    outer loop
      vertex -94.5 2 67.5736
      vertex -86.5 2 66.4184
      vertex -93 2 70.1712
    endloop
  endfacet
  facet normal -0 -1 0
    outer loop
      vertex -86.5 2 66.4184
      vertex -94.5 2 67.5736
      vertex -88 2 63.8208
    endloop
  endfacet
  facet normal 0 -1 0
    outer loop
      vertex -78.5 2 67.5736
      vertex -70.5 2 66.4184
      vertex -77 2 70.1712
    endloop
  endfacet
  facet normal -0 -1 0
    outer loop
      vertex -70.5 2 66.4184
      vertex -78.5 2 67.5736
      vertex -72 2 63.8208
    endloop
  endfacet
  facet normal 0 -1 0
    outer loop
      vertex -62.5 2 67.5736
      vertex -54.5 2 66.4184
      vertex -61 2 70.1712
    endloop
  endfacet
  facet normal -0 -1 0
    outer loop
      vertex -54.5 2 66.4184
      vertex -62.5 2 67.5736
      vertex -56 2 63.8208
    endloop
  endfacet
  facet normal 0 -1 0
    outer loop
      vertex -46.5 2 67.5736
      vertex -38.5 2 66.4184
      vertex -45 2 70.1712
    endloop
  endfacet
  facet normal -0 -1 0
    outer loop
      vertex -38.5 2 66.4184
      vertex -46.5 2 67.5736
      vertex -40 2 63.8208
    endloop
  endfacet
  facet normal 0 -1 0
    outer loop
      vertex -30.5 2 67.5736
      vertex -22.5 2 66.4184
      vertex -29 2 70.1712
    endloop
  endfacet
  facet normal 0 -1 0
    outer loop
      vertex -24 2 63.8208
      vertex -22.5 2 66.4184
      vertex -30.5 2 67.5736
    endloop
  endfacet
  facet normal 0 -1 -0
    outer loop
      vertex -22.5 2 66.4184
      vertex -24 2 63.8208
      vertex -8 2 64
    endloop
  endfacet
  facet normal 0 -1 0
    outer loop
      vertex -24 2 56.3152
      vertex -8 2 64
      vertex -24 2 63.8208
    endloop
  endfacet
  facet normal 0 -1 0
    outer loop
      vertex -22.5 2 53.7176
      vertex -8 2 64
      vertex -24 2 56.3152
    endloop
  endfacet
  facet normal 0 -1 0
    outer loop
      vertex -16 2 49.9648
      vertex -8 2 64
      vertex -22.5 2 53.7176
    endloop
  endfacet
  facet normal 0 -1 0
    outer loop
      vertex -16 2 42.4592
      vertex -8 2 64
      vertex -16 2 49.9648
    endloop
  endfacet
  facet normal 0 -1 0
    outer loop
      vertex -40 2 28.6032
      vertex -22.5 2 38.7064
      vertex -40 2 36.1088
    endloop
  endfacet
  facet normal 0 -1 0
    outer loop
      vertex -48 2 14.7472
      vertex -40 2 28.6032
      vertex -46.5 2 24.8504
    endloop
  endfacet
  facet normal 0 -1 0
    outer loop
      vertex -48 2 14.7472
      vertex -46.5 2 24.8504
      vertex -48 2 22.2528
    endloop
  endfacet
  facet normal 0 -1 -0
    outer loop
      vertex -40 2 28.6032
      vertex -48 2 14.7472
      vertex -8 2 4
    endloop
  endfacet
  facet normal 0 -1 0
    outer loop
      vertex -40 2 28.6032
      vertex -8 2 4
      vertex -22.5 2 38.7064
    endloop
  endfacet
  facet normal 0 -1 0
    outer loop
      vertex -16 2 42.4592
      vertex -8 2 4
      vertex -8 2 64
    endloop
  endfacet
  facet normal 0 -1 0
    outer loop
      vertex -22.5 2 38.7064
      vertex -8 2 4
      vertex -16 2 42.4592
    endloop
  endfacet
  facet normal 0 -1 0
    outer loop
      vertex -54.5 2 10.9944
      vertex -8 2 4
      vertex -48 2 14.7472
    endloop
  endfacet
  facet normal 0 -1 0
    outer loop
      vertex -70.5 2 10.9944
      vertex -8 2 4
      vertex -54.5 2 10.9944
    endloop
  endfacet
  facet normal 0 -1 0
    outer loop
      vertex -222.5 2 95.2856
      vertex -214.5 2 94.1304
      vertex -221 2 97.8832
    endloop
  endfacet
  facet normal -0 -1 0
    outer loop
      vertex -214.5 2 94.1304
      vertex -222.5 2 95.2856
      vertex -216 2 91.5328
    endloop
  endfacet
  facet normal 0 -1 0
    outer loop
      vertex -206.5 2 95.2856
      vertex -198.5 2 94.1304
      vertex -205 2 97.8832
    endloop
  endfacet
  facet normal -0 -1 0
    outer loop
      vertex -198.5 2 94.1304
      vertex -206.5 2 95.2856
      vertex -200 2 91.5328
    endloop
  endfacet
  facet normal 0 -1 0
    outer loop
      vertex -190.5 2 95.2856
      vertex -182.5 2 94.1304
      vertex -189 2 97.8832
    endloop
  endfacet
  facet normal -0 -1 0
    outer loop
      vertex -182.5 2 94.1304
      vertex -190.5 2 95.2856
      vertex -184 2 91.5328
    endloop
  endfacet
  facet normal 0 -1 0
    outer loop
      vertex -174.5 2 95.2856
      vertex -166.5 2 94.1304
      vertex -173 2 97.8832
    endloop
  endfacet
  facet normal -0 -1 0
    outer loop
      vertex -166.5 2 94.1304
      vertex -174.5 2 95.2856
      vertex -168 2 91.5328
    endloop
  endfacet
  facet normal 0 -1 0
    outer loop
      vertex -158.5 2 95.2856
      vertex -150.5 2 94.1304
      vertex -157 2 97.8832
    endloop
  endfacet
  facet normal -0 -1 0
    outer loop
      vertex -150.5 2 94.1304
      vertex -158.5 2 95.2856
      vertex -152 2 91.5328
    endloop
  endfacet
  facet normal 0 -1 0
    outer loop
      vertex -142.5 2 95.2856
      vertex -134.5 2 94.1304
      vertex -141 2 97.8832
    endloop
  endfacet
  facet normal -0 -1 0
    outer loop
      vertex -134.5 2 94.1304
      vertex -142.5 2 95.2856
      vertex -136 2 91.5328
    endloop
  endfacet
  facet normal 0 -1 0
    outer loop
      vertex -126.5 2 95.2856
      vertex -118.5 2 94.1304
      vertex -125 2 97.8832
    endloop
  endfacet
  facet normal -0 -1 0
    outer loop
      vertex -118.5 2 94.1304
      vertex -126.5 2 95.2856
      vertex -120 2 91.5328
    endloop
  endfacet
  facet normal 0 -1 0
    outer loop
      vertex -110.5 2 95.2856
      vertex -102.5 2 94.1304
      vertex -109 2 97.8832
    endloop
  endfacet
  facet normal -0 -1 0
    outer loop
      vertex -102.5 2 94.1304
      vertex -110.5 2 95.2856
      vertex -104 2 91.5328
    endloop
  endfacet
  facet normal 0 -1 0
    outer loop
      vertex -94.5 2 95.2856
      vertex -86.5 2 94.1304
      vertex -93 2 97.8832
    endloop
  endfacet
  facet normal -0 -1 0
    outer loop
      vertex -86.5 2 94.1304
      vertex -94.5 2 95.2856
      vertex -88 2 91.5328
    endloop
  endfacet
  facet normal 0 -1 0
    outer loop
      vertex -78.5 2 95.2856
      vertex -70.5 2 94.1304
      vertex -77 2 97.8832
    endloop
  endfacet
  facet normal -0 -1 0
    outer loop
      vertex -70.5 2 94.1304
      vertex -78.5 2 95.2856
      vertex -72 2 91.5328
    endloop
  endfacet
  facet normal 0 -1 0
    outer loop
      vertex -62.5 2 95.2856
      vertex -54.5 2 94.1304
      vertex -61 2 97.8832
    endloop
  endfacet
  facet normal -0 -1 0
    outer loop
      vertex -54.5 2 94.1304
      vertex -62.5 2 95.2856
      vertex -56 2 91.5328
    endloop
  endfacet
  facet normal 0 -1 0
    outer loop
      vertex -46.5 2 95.2856
      vertex -38.5 2 94.1304
      vertex -45 2 97.8832
    endloop
  endfacet
  facet normal -0 -1 0
    outer loop
      vertex -38.5 2 94.1304
      vertex -46.5 2 95.2856
      vertex -40 2 91.5328
    endloop
  endfacet
  facet normal 0 -1 0
    outer loop
      vertex -30.5 2 95.2856
      vertex -22.5 2 94.1304
      vertex -29 2 97.8832
    endloop
  endfacet
  facet normal -0 -1 0
    outer loop
      vertex -22.5 2 94.1304
      vertex -30.5 2 95.2856
      vertex -24 2 91.5328
    endloop
  endfacet
  facet normal -0.633978 7.616e-18 0.773351
    outer loop
      vertex -240.243 6 157.243
      vertex -239.333 2 157.989
      vertex -239.333 6 157.989
    endloop
  endfacet
  facet normal -0.633978 7.616e-18 0.773351
    outer loop
      vertex -239.333 2 157.989
      vertex -240.243 6 157.243
      vertex -240.243 2 157.243
    endloop
  endfacet
  facet normal 0.290725 2.21757e-18 0.956807
    outer loop
      vertex -4.82945 6 158.885
      vertex -3.70389 2 158.543
      vertex -3.70389 6 158.543
    endloop
  endfacet
  facet normal 0.290725 2.21757e-18 0.956807
    outer loop
      vertex -3.70389 2 158.543
      vertex -4.82945 6 158.885
      vertex -4.82945 2 158.885
    endloop
  endfacet
  facet normal -0.471206 4.01291e-18 0.882023
    outer loop
      vertex -239.333 6 157.989
      vertex -238.296 2 158.543
      vertex -238.296 6 158.543
    endloop
  endfacet
  facet normal -0.471206 4.01291e-18 0.882023
    outer loop
      vertex -238.296 2 158.543
      vertex -239.333 6 157.989
      vertex -239.333 2 157.989
    endloop
  endfacet
  facet normal -0.956779 0 0.290814
    outer loop
      vertex -241.885 2 154.171
      vertex -241.785 6 154.5
      vertex -241.885 6 154.171
    endloop
  endfacet
  facet normal -0.956767 -3.82707e-06 0.290857
    outer loop
      vertex -241.543 2 155.296
      vertex -241.785 6 154.5
      vertex -241.885 2 154.171
    endloop
  endfacet
  facet normal -0.956761 2.37051e-18 0.290875
    outer loop
      vertex -241.785 6 154.5
      vertex -241.543 2 155.296
      vertex -241.543 6 155.296
    endloop
  endfacet
  facet normal -1 0 0
    outer loop
      vertex -242 40.1754 11
      vertex -242 43.65 14
      vertex -242 43.65 4
    endloop
  endfacet
  facet normal -1 0 0
    outer loop
      vertex -242 40.1754 11
      vertex -242 43.65 4
      vertex -242 40.1754 4
    endloop
  endfacet
  facet normal -1 -0 0
    outer loop
      vertex -242 43.65 14
      vertex -242 40.1754 11
      vertex -242 43.1754 14
    endloop
  endfacet
  facet normal -1 0 0
    outer loop
      vertex -242 30.1754 63.0054
      vertex -242 29.9942 93.3045
      vertex -242 30.1754 94.4945
    endloop
  endfacet
  facet normal -1 0 0
    outer loop
      vertex -242 29.7172 64.8643
      vertex -242 29.9942 93.3045
      vertex -242 30.1754 63.0054
    endloop
  endfacet
  facet normal -1 0 0
    outer loop
      vertex -242 29.0038 91.6661
      vertex -242 29.7172 64.8643
      vertex -242 29.0038 65.8339
    endloop
  endfacet
  facet normal -1 0 0
    outer loop
      vertex -242 29.7172 64.8643
      vertex -242 29.0038 91.6661
      vertex -242 29.9942 93.3045
    endloop
  endfacet
  facet normal -1 0 0
    outer loop
      vertex -242 22.9161 71.9216
      vertex -242 29.0038 91.6661
      vertex -242 29.0038 65.8339
    endloop
  endfacet
  facet normal -1 0 0
    outer loop
      vertex -242 22.9161 71.9216
      vertex -242 22.9161 85.5784
      vertex -242 29.0038 91.6661
    endloop
  endfacet
  facet normal -1 0 0
    outer loop
      vertex -242 21.2777 72.912
      vertex -242 22.9161 85.5784
      vertex -242 22.9161 71.9216
    endloop
  endfacet
  facet normal -1 0 0
    outer loop
      vertex -242 21.2777 72.912
      vertex -242 20.8087 84.4724
      vertex -242 22.9161 85.5784
    endloop
  endfacet
  facet normal -1 0 0
    outer loop
      vertex -242 19.3667 73.0276
      vertex -242 20.8087 84.4724
      vertex -242 21.2777 72.912
    endloop
  endfacet
  facet normal -1 0 0
    outer loop
      vertex -242 19.3667 73.0276
      vertex -242 18.8977 84.588
      vertex -242 20.8087 84.4724
    endloop
  endfacet
  facet normal -1 0 0
    outer loop
      vertex -242 17.2592 71.9216
      vertex -242 18.8977 84.588
      vertex -242 19.3667 73.0276
    endloop
  endfacet
  facet normal -1 0 0
    outer loop
      vertex -242 17.2592 71.9216
      vertex -242 17.2592 85.5784
      vertex -242 18.8977 84.588
    endloop
  endfacet
  facet normal -1 0 0
    outer loop
      vertex -242 11.1716 65.8339
      vertex -242 17.2592 85.5784
      vertex -242 17.2592 71.9216
    endloop
  endfacet
  facet normal -1 0 0
    outer loop
      vertex -242 11.1716 65.8339
      vertex -242 11.1716 91.6661
      vertex -242 17.2592 85.5784
    endloop
  endfacet
  facet normal -1 0 0
    outer loop
      vertex -242 11.1716 65.8339
      vertex -242 10.4582 92.6357
      vertex -242 11.1716 91.6661
    endloop
  endfacet
  facet normal -1 0 0
    outer loop
      vertex -242 10.1811 64.1954
      vertex -242 10.4582 92.6357
      vertex -242 11.1716 65.8339
    endloop
  endfacet
  facet normal -1 0 0
    outer loop
      vertex -242 10 94.4945
      vertex -242 10.1811 64.1954
      vertex -242 10 63.0054
    endloop
  endfacet
  facet normal -1 0 0
    outer loop
      vertex -242 10.1811 64.1954
      vertex -242 10 94.4945
      vertex -242 10.4582 92.6357
    endloop
  endfacet
  facet normal -1 0 0
    outer loop
      vertex -242 30.1754 63.0054
      vertex -242 37.1754 145.5
      vertex -242 37.1754 4
    endloop
  endfacet
  facet normal -1 0 0
    outer loop
      vertex -242 30.1754 94.4945
      vertex -242 37.1754 145.5
      vertex -242 30.1754 63.0054
    endloop
  endfacet
  facet normal -1 0 0
    outer loop
      vertex -242 30.1754 133.755
      vertex -242 37.1754 145.5
      vertex -242 30.1754 94.4945
    endloop
  endfacet
  facet normal -1 0 0
    outer loop
      vertex -242 29.0038 136.584
      vertex -242 37.1754 145.5
      vertex -242 29.7172 135.614
    endloop
  endfacet
  facet normal -1 0 0
    outer loop
      vertex -242 22.9161 142.672
      vertex -242 37.1754 145.5
      vertex -242 29.0038 136.584
    endloop
  endfacet
  facet normal -1 0 -0
    outer loop
      vertex -242 31.1754 151.5
      vertex -242 37.1754 145.5
      vertex -242 22.9161 142.672
    endloop
  endfacet
  facet normal -1 0 0
    outer loop
      vertex -242 37.1754 145.5
      vertex -242 31.1754 151.5
      vertex -242 37.124 146.283
    endloop
  endfacet
  facet normal -1 0 0
    outer loop
      vertex -242 37.124 146.283
      vertex -242 31.1754 151.5
      vertex -242 36.9709 147.053
    endloop
  endfacet
  facet normal -1 0 0
    outer loop
      vertex -242 36.7187 147.796
      vertex -242 31.1754 151.5
      vertex -242 36.3715 148.5
    endloop
  endfacet
  facet normal -1 0 0
    outer loop
      vertex -242 36.3715 148.5
      vertex -242 31.1754 151.5
      vertex -242 35.9355 149.153
    endloop
  endfacet
  facet normal -1 0 0
    outer loop
      vertex -242 35.9355 149.153
      vertex -242 31.1754 151.5
      vertex -242 35.418 149.743
    endloop
  endfacet
  facet normal -1 0 0
    outer loop
      vertex -242 35.418 149.743
      vertex -242 31.1754 151.5
      vertex -242 34.8279 150.26
    endloop
  endfacet
  facet normal -1 0 0
    outer loop
      vertex -242 30.1754 63.0054
      vertex -242 37.1754 4
      vertex -242 30.1754 23.7445
    endloop
  endfacet
  facet normal -1 0 0
    outer loop
      vertex -242 37.1754 4
      vertex -242 29.9942 22.5545
      vertex -242 30.1754 23.7445
    endloop
  endfacet
  facet normal -1 0 0
    outer loop
      vertex -242 37.1754 4
      vertex -242 29.0038 20.9161
      vertex -242 29.9942 22.5545
    endloop
  endfacet
  facet normal -1 0 0
    outer loop
      vertex -242 37.1754 4
      vertex -242 22.9161 14.8284
      vertex -242 29.0038 20.9161
    endloop
  endfacet
  facet normal -1 0 0
    outer loop
      vertex -242 37.1754 4
      vertex -242 20.8087 13.7224
      vertex -242 22.9161 14.8284
    endloop
  endfacet
  facet normal -1 0 0
    outer loop
      vertex -242 2 4
      vertex -242 20.8087 13.7224
      vertex -242 37.1754 4
    endloop
  endfacet
  facet normal -1 0 0
    outer loop
      vertex -242 2 4
      vertex -242 10 63.0054
      vertex -242 10 23.7445
    endloop
  endfacet
  facet normal -1 -0 0
    outer loop
      vertex -242 10 63.0054
      vertex -242 2 4
      vertex -242 10 94.4945
    endloop
  endfacet
  facet normal -1 0 0
    outer loop
      vertex -242 10 94.4945
      vertex -242 2 153.5
      vertex -242 10 133.755
    endloop
  endfacet
  facet normal -1 -0 0
    outer loop
      vertex -242 20.8087 13.7224
      vertex -242 2 4
      vertex -242 18.8977 13.838
    endloop
  endfacet
  facet normal -1 0 0
    outer loop
      vertex -242 2 4
      vertex -242 17.2592 14.8284
      vertex -242 18.8977 13.838
    endloop
  endfacet
  facet normal -1 0 0
    outer loop
      vertex -242 2 4
      vertex -242 11.1716 20.9161
      vertex -242 17.2592 14.8284
    endloop
  endfacet
  facet normal -1 0 0
    outer loop
      vertex -242 2 4
      vertex -242 10.4582 21.8857
      vertex -242 11.1716 20.9161
    endloop
  endfacet
  facet normal -1 0 0
    outer loop
      vertex -242 2 4
      vertex -242 10 23.7445
      vertex -242 10.4582 21.8857
    endloop
  endfacet
  facet normal -1 -0 0
    outer loop
      vertex -242 10 94.4945
      vertex -242 2 4
      vertex -242 2 153.5
    endloop
  endfacet
  facet normal -1 0 0
    outer loop
      vertex -242 10 133.755
      vertex -242 2 153.5
      vertex -242 6 151.5
    endloop
  endfacet
  facet normal -1 0 0
    outer loop
      vertex -242 6 151.5
      vertex -242 2 153.5
      vertex -242 6 153.5
    endloop
  endfacet
  facet normal -1 0 0
    outer loop
      vertex -242 29.7172 135.614
      vertex -242 37.1754 145.5
      vertex -242 30.1754 133.755
    endloop
  endfacet
  facet normal -1 0 0
    outer loop
      vertex -242 34.8279 150.26
      vertex -242 31.1754 151.5
      vertex -242 34.1754 150.696
    endloop
  endfacet
  facet normal -1 0 0
    outer loop
      vertex -242 34.1754 150.696
      vertex -242 31.1754 151.5
      vertex -242 33.4715 151.043
    endloop
  endfacet
  facet normal -1 0 0
    outer loop
      vertex -242 33.4715 151.043
      vertex -242 31.1754 151.5
      vertex -242 32.7283 151.296
    endloop
  endfacet
  facet normal -1 0 0
    outer loop
      vertex -242 32.7283 151.296
      vertex -242 31.1754 151.5
      vertex -242 31.9585 151.449
    endloop
  endfacet
  facet normal -1 0 0
    outer loop
      vertex -242 36.9709 147.053
      vertex -242 31.1754 151.5
      vertex -242 36.7187 147.796
    endloop
  endfacet
  facet normal -1 0 0
    outer loop
      vertex -242 21.2777 143.662
      vertex -242 31.1754 151.5
      vertex -242 22.9161 142.672
    endloop
  endfacet
  facet normal -1 0 0
    outer loop
      vertex -242 19.3667 143.778
      vertex -242 31.1754 151.5
      vertex -242 21.2777 143.662
    endloop
  endfacet
  facet normal -1 0 0
    outer loop
      vertex -242 6 151.5
      vertex -242 19.3667 143.778
      vertex -242 17.2592 142.672
    endloop
  endfacet
  facet normal -1 0 0
    outer loop
      vertex -242 19.3667 143.778
      vertex -242 6 151.5
      vertex -242 31.1754 151.5
    endloop
  endfacet
  facet normal -1 0 0
    outer loop
      vertex -242 11.1716 136.584
      vertex -242 6 151.5
      vertex -242 17.2592 142.672
    endloop
  endfacet
  facet normal -1 0 0
    outer loop
      vertex -242 10.1811 134.945
      vertex -242 6 151.5
      vertex -242 11.1716 136.584
    endloop
  endfacet
  facet normal -1 0 0
    outer loop
      vertex -242 6 151.5
      vertex -242 10.1811 134.945
      vertex -242 10 133.755
    endloop
  endfacet
  facet normal 0.47109 9.25031e-18 0.882085
    outer loop
      vertex -3.70389 6 158.543
      vertex -2.66656 2 157.989
      vertex -2.66656 6 157.989
    endloop
  endfacet
  facet normal 0.47109 9.25031e-18 0.882085
    outer loop
      vertex -2.66656 2 157.989
      vertex -3.70389 6 158.543
      vertex -3.70389 2 158.543
    endloop
  endfacet
  facet normal -0.0977365 2.55516e-18 0.995212
    outer loop
      vertex -237.171 6 158.885
      vertex -236 2 159
      vertex -236 6 159
    endloop
  endfacet
  facet normal -0.0977365 2.55516e-18 0.995212
    outer loop
      vertex -236 2 159
      vertex -237.171 6 158.885
      vertex -237.171 2 158.885
    endloop
  endfacet
  facet normal -0.773351 0 0.633978
    outer loop
      vertex -240.989 2 156.333
      vertex -240.243 6 157.243
      vertex -240.989 6 156.333
    endloop
  endfacet
  facet normal -0.773351 0 0.633978
    outer loop
      vertex -240.243 6 157.243
      vertex -240.989 2 156.333
      vertex -240.243 2 157.243
    endloop
  endfacet
  facet normal -0.995197 0 0.0978883
    outer loop
      vertex -241.951 2 153.5
      vertex -241.885 6 154.171
      vertex -241.951 6 153.5
    endloop
  endfacet
  facet normal -0.995197 0 0.0978883
    outer loop
      vertex -241.885 6 154.171
      vertex -241.951 2 153.5
      vertex -241.885 2 154.171
    endloop
  endfacet
  facet normal -0.882023 0 0.471206
    outer loop
      vertex -241.543 2 155.296
      vertex -240.989 6 156.333
      vertex -241.543 6 155.296
    endloop
  endfacet
  facet normal -0.882023 0 0.471206
    outer loop
      vertex -240.989 6 156.333
      vertex -241.543 2 155.296
      vertex -240.989 2 156.333
    endloop
  endfacet
  facet normal 0.881861 -0 0.47151
    outer loop
      vertex -1.01117 2 156.333
      vertex -0.456711 6 155.296
      vertex -1.01117 6 156.333
    endloop
  endfacet
  facet normal 0.881861 0 0.47151
    outer loop
      vertex -0.456711 6 155.296
      vertex -1.01117 2 156.333
      vertex -0.456711 2 155.296
    endloop
  endfacet
  facet normal 0.0977737 1.85348e-18 0.995209
    outer loop
      vertex -6 6 159
      vertex -4.82945 2 158.885
      vertex -4.82945 6 158.885
    endloop
  endfacet
  facet normal 0.0977737 1.85348e-18 0.995209
    outer loop
      vertex -4.82945 2 158.885
      vertex -6 6 159
      vertex -6 2 159
    endloop
  endfacet
  facet normal -0 0 1
    outer loop
      vertex -236 6 159
      vertex -6 2 159
      vertex -6 6 159
    endloop
  endfacet
  facet normal 0 0 1
    outer loop
      vertex -6 2 159
      vertex -236 6 159
      vertex -236 2 159
    endloop
  endfacet
  facet normal 0.634307 9.14391e-18 0.773081
    outer loop
      vertex -2.66656 6 157.989
      vertex -1.75735 2 157.243
      vertex -1.75735 6 157.243
    endloop
  endfacet
  facet normal 0.634307 9.14391e-18 0.773081
    outer loop
      vertex -1.75735 2 157.243
      vertex -2.66656 6 157.989
      vertex -2.66656 2 157.989
    endloop
  endfacet
  facet normal 0.956901 -0 0.290414
    outer loop
      vertex -0.456711 2 155.296
      vertex -0.11528 6 154.171
      vertex -0.456711 6 155.296
    endloop
  endfacet
  facet normal 0.956901 0 0.290414
    outer loop
      vertex -0.11528 6 154.171
      vertex -0.456711 2 155.296
      vertex -0.11528 2 154.171
    endloop
  endfacet
  facet normal 0.995189 -0 0.0979722
    outer loop
      vertex -0.11528 2 154.171
      vertex 0 6 153
      vertex -0.11528 6 154.171
    endloop
  endfacet
  facet normal 0.995189 0 0.0979722
    outer loop
      vertex 0 6 153
      vertex -0.11528 2 154.171
      vertex 0 2 153
    endloop
  endfacet
  facet normal 0 1 -0
    outer loop
      vertex -238 6 153.5
      vertex -240 6 154.5
      vertex -238 6 155
    endloop
  endfacet
  facet normal 0 1 0
    outer loop
      vertex -240 6 154.5
      vertex -238 6 153.5
      vertex -240 6 153.5
    endloop
  endfacet
  facet normal 0 1 0
    outer loop
      vertex -6 6 154.5
      vertex -6 6 159
      vertex -4.82945 6 158.885
    endloop
  endfacet
  facet normal 0 1 0
    outer loop
      vertex -6 6 159
      vertex -8 6 155
      vertex -236 6 159
    endloop
  endfacet
  facet normal 0 1 0
    outer loop
      vertex -6 6 154.5
      vertex -4.82945 6 158.885
      vertex -3.70389 6 158.543
    endloop
  endfacet
  facet normal 0 1 0
    outer loop
      vertex -238 6 155
      vertex -236 6 159
      vertex -8 6 155
    endloop
  endfacet
  facet normal 0 1 -0
    outer loop
      vertex -3 6 154.5
      vertex -3.70389 6 158.543
      vertex -2.66656 6 157.989
    endloop
  endfacet
  facet normal 0 1 0
    outer loop
      vertex -236 6 159
      vertex -238 6 155
      vertex -237.171 6 158.885
    endloop
  endfacet
  facet normal 0 1 0
    outer loop
      vertex -3 6 154.5
      vertex -2.66656 6 157.989
      vertex -1.75735 6 157.243
    endloop
  endfacet
  facet normal 0 1 0
    outer loop
      vertex -237.171 6 158.885
      vertex -238 6 155
      vertex -238.296 6 158.543
    endloop
  endfacet
  facet normal 0 1 0
    outer loop
      vertex -3 6 154.5
      vertex -1.75735 6 157.243
      vertex -1.01117 6 156.333
    endloop
  endfacet
  facet normal 0 1 0
    outer loop
      vertex -238.296 6 158.543
      vertex -238 6 155
      vertex -239.333 6 157.989
    endloop
  endfacet
  facet normal 0 1 0
    outer loop
      vertex -3 6 154.5
      vertex -1.01117 6 156.333
      vertex -0.456711 6 155.296
    endloop
  endfacet
  facet normal 0 1 0
    outer loop
      vertex -239.333 6 157.989
      vertex -238 6 155
      vertex -240.243 6 157.243
    endloop
  endfacet
  facet normal 0 1 -0
    outer loop
      vertex -240 6 154.5
      vertex -240.243 6 157.243
      vertex -238 6 155
    endloop
  endfacet
  facet normal 0 1 0
    outer loop
      vertex -3.70389 6 158.543
      vertex -3 6 154.5
      vertex -6 6 154.5
    endloop
  endfacet
  facet normal 0 1 0
    outer loop
      vertex -0.11528 6 154.171
      vertex -3 6 154.5
      vertex -0.456711 6 155.296
    endloop
  endfacet
  facet normal 0 1 0
    outer loop
      vertex 0 6 153
      vertex -3 6 154.5
      vertex -0.11528 6 154.171
    endloop
  endfacet
  facet normal 0 1 0
    outer loop
      vertex 0 6 153
      vertex -3 6 151.5
      vertex -3 6 154.5
    endloop
  endfacet
  facet normal 0 1 -0
    outer loop
      vertex 0 6 64
      vertex -3 6 151.5
      vertex 0 6 153
    endloop
  endfacet
  facet normal 0 1 0
    outer loop
      vertex -4 6 64
      vertex -3 6 151.5
      vertex 0 6 64
    endloop
  endfacet
  facet normal 0 1 0
    outer loop
      vertex -3 6 151.5
      vertex -4 6 64
      vertex -4 6 151.5
    endloop
  endfacet
  facet normal 0 1 0
    outer loop
      vertex -240.243 6 157.243
      vertex -240 6 154.5
      vertex -240.989 6 156.333
    endloop
  endfacet
  facet normal 0 1 0
    outer loop
      vertex -240.989 6 156.333
      vertex -240 6 154.5
      vertex -241.543 6 155.296
    endloop
  endfacet
  facet normal 0 1 0
    outer loop
      vertex -241.543 6 155.296
      vertex -240 6 154.5
      vertex -241.785 6 154.5
    endloop
  endfacet
  facet normal 0 1 0
    outer loop
      vertex -6 6 159
      vertex -6 6 154.5
      vertex -8 6 155
    endloop
  endfacet
  facet normal 0 1 0
    outer loop
      vertex -8 6 153.5
      vertex -6 6 154.5
      vertex -6 6 153.5
    endloop
  endfacet
  facet normal 0 1 0
    outer loop
      vertex -6 6 154.5
      vertex -8 6 153.5
      vertex -8 6 155
    endloop
  endfacet
  facet normal 0 1 -0
    outer loop
      vertex -240.518 6 153.432
      vertex -241.785 6 154.5
      vertex -240 6 154.5
    endloop
  endfacet
  facet normal 0 1 0
    outer loop
      vertex -240.518 6 153.432
      vertex -240 6 154.5
      vertex -240 6 153.5
    endloop
  endfacet
  facet normal 0 1 0
    outer loop
      vertex -241.785 6 154.5
      vertex -240.518 6 153.432
      vertex -241.885 6 154.171
    endloop
  endfacet
  facet normal 0 1 -0
    outer loop
      vertex -241 6 153.232
      vertex -241.885 6 154.171
      vertex -240.518 6 153.432
    endloop
  endfacet
  facet normal 0 1 0
    outer loop
      vertex -241.885 6 154.171
      vertex -241 6 153.232
      vertex -241.951 6 153.5
    endloop
  endfacet
  facet normal 0 1 -0
    outer loop
      vertex -241.414 6 152.914
      vertex -241.951 6 153.5
      vertex -241 6 153.232
    endloop
  endfacet
  facet normal 0 1 -0
    outer loop
      vertex -241.732 6 152.5
      vertex -241.951 6 153.5
      vertex -241.414 6 152.914
    endloop
  endfacet
  facet normal 0 1 0
    outer loop
      vertex -241.951 6 153.5
      vertex -241.732 6 152.5
      vertex -242 6 153.5
    endloop
  endfacet
  facet normal 0 1 -0
    outer loop
      vertex -241.932 6 152.018
      vertex -242 6 153.5
      vertex -241.732 6 152.5
    endloop
  endfacet
  facet normal 0 1 0
    outer loop
      vertex -242 6 153.5
      vertex -241.932 6 152.018
      vertex -242 6 151.5
    endloop
  endfacet
  facet normal 0 1 0
    outer loop
      vertex -22.5 6 53.7176
      vertex -30.5 6 52.5624
      vertex -24 6 56.3152
    endloop
  endfacet
  facet normal -0 1 0
    outer loop
      vertex -30.5 6 52.5624
      vertex -22.5 6 53.7176
      vertex -29 6 49.9648
    endloop
  endfacet
  facet normal 0 1 0
    outer loop
      vertex -38.5 6 53.7176
      vertex -46.5 6 52.5624
      vertex -40 6 56.3152
    endloop
  endfacet
  facet normal -0 1 0
    outer loop
      vertex -46.5 6 52.5624
      vertex -38.5 6 53.7176
      vertex -45 6 49.9648
    endloop
  endfacet
  facet normal 0 1 0
    outer loop
      vertex -54.5 6 53.7176
      vertex -62.5 6 52.5624
      vertex -56 6 56.3152
    endloop
  endfacet
  facet normal -0 1 0
    outer loop
      vertex -62.5 6 52.5624
      vertex -54.5 6 53.7176
      vertex -61 6 49.9648
    endloop
  endfacet
  facet normal 0 1 0
    outer loop
      vertex -70.5 6 53.7176
      vertex -78.5 6 52.5624
      vertex -72 6 56.3152
    endloop
  endfacet
  facet normal -0 1 0
    outer loop
      vertex -78.5 6 52.5624
      vertex -70.5 6 53.7176
      vertex -77 6 49.9648
    endloop
  endfacet
  facet normal 0 1 0
    outer loop
      vertex -86.5 6 53.7176
      vertex -94.5 6 52.5624
      vertex -88 6 56.3152
    endloop
  endfacet
  facet normal -0 1 0
    outer loop
      vertex -94.5 6 52.5624
      vertex -86.5 6 53.7176
      vertex -93 6 49.9648
    endloop
  endfacet
  facet normal 0 1 0
    outer loop
      vertex -102.5 6 53.7176
      vertex -110.5 6 52.5624
      vertex -104 6 56.3152
    endloop
  endfacet
  facet normal -0 1 0
    outer loop
      vertex -110.5 6 52.5624
      vertex -102.5 6 53.7176
      vertex -109 6 49.9648
    endloop
  endfacet
  facet normal 0 1 0
    outer loop
      vertex -118.5 6 53.7176
      vertex -126.5 6 52.5624
      vertex -120 6 56.3152
    endloop
  endfacet
  facet normal -0 1 0
    outer loop
      vertex -126.5 6 52.5624
      vertex -118.5 6 53.7176
      vertex -125 6 49.9648
    endloop
  endfacet
  facet normal 0 1 0
    outer loop
      vertex -134.5 6 53.7176
      vertex -142.5 6 52.5624
      vertex -136 6 56.3152
    endloop
  endfacet
  facet normal -0 1 0
    outer loop
      vertex -142.5 6 52.5624
      vertex -134.5 6 53.7176
      vertex -141 6 49.9648
    endloop
  endfacet
  facet normal 0 1 0
    outer loop
      vertex -150.5 6 53.7176
      vertex -158.5 6 52.5624
      vertex -152 6 56.3152
    endloop
  endfacet
  facet normal -0 1 0
    outer loop
      vertex -158.5 6 52.5624
      vertex -150.5 6 53.7176
      vertex -157 6 49.9648
    endloop
  endfacet
  facet normal 0 1 0
    outer loop
      vertex -166.5 6 53.7176
      vertex -174.5 6 52.5624
      vertex -168 6 56.3152
    endloop
  endfacet
  facet normal -0 1 0
    outer loop
      vertex -174.5 6 52.5624
      vertex -166.5 6 53.7176
      vertex -173 6 49.9648
    endloop
  endfacet
  facet normal 0 1 0
    outer loop
      vertex -182.5 6 53.7176
      vertex -190.5 6 52.5624
      vertex -184 6 56.3152
    endloop
  endfacet
  facet normal -0 1 0
    outer loop
      vertex -190.5 6 52.5624
      vertex -182.5 6 53.7176
      vertex -189 6 49.9648
    endloop
  endfacet
  facet normal 0 1 0
    outer loop
      vertex -198.5 6 53.7176
      vertex -206.5 6 52.5624
      vertex -200 6 56.3152
    endloop
  endfacet
  facet normal -0 1 0
    outer loop
      vertex -206.5 6 52.5624
      vertex -198.5 6 53.7176
      vertex -205 6 49.9648
    endloop
  endfacet
  facet normal 0 1 0
    outer loop
      vertex -214.5 6 53.7176
      vertex -222.5 6 52.5624
      vertex -216 6 56.3152
    endloop
  endfacet
  facet normal -0 1 0
    outer loop
      vertex -222.5 6 52.5624
      vertex -214.5 6 53.7176
      vertex -221 6 49.9648
    endloop
  endfacet
  facet normal 0 1 0
    outer loop
      vertex -22.5 6 81.4296
      vertex -30.5 6 80.2744
      vertex -24 6 84.0272
    endloop
  endfacet
  facet normal -0 1 0
    outer loop
      vertex -30.5 6 80.2744
      vertex -22.5 6 81.4296
      vertex -29 6 77.6768
    endloop
  endfacet
  facet normal 0 1 0
    outer loop
      vertex -38.5 6 81.4296
      vertex -46.5 6 80.2744
      vertex -40 6 84.0272
    endloop
  endfacet
  facet normal -0 1 0
    outer loop
      vertex -46.5 6 80.2744
      vertex -38.5 6 81.4296
      vertex -45 6 77.6768
    endloop
  endfacet
  facet normal 0 1 0
    outer loop
      vertex -54.5 6 81.4296
      vertex -62.5 6 80.2744
      vertex -56 6 84.0272
    endloop
  endfacet
  facet normal -0 1 0
    outer loop
      vertex -62.5 6 80.2744
      vertex -54.5 6 81.4296
      vertex -61 6 77.6768
    endloop
  endfacet
  facet normal 0 1 0
    outer loop
      vertex -70.5 6 81.4296
      vertex -78.5 6 80.2744
      vertex -72 6 84.0272
    endloop
  endfacet
  facet normal -0 1 0
    outer loop
      vertex -78.5 6 80.2744
      vertex -70.5 6 81.4296
      vertex -77 6 77.6768
    endloop
  endfacet
  facet normal 0 1 0
    outer loop
      vertex -86.5 6 81.4296
      vertex -94.5 6 80.2744
      vertex -88 6 84.0272
    endloop
  endfacet
  facet normal -0 1 0
    outer loop
      vertex -94.5 6 80.2744
      vertex -86.5 6 81.4296
      vertex -93 6 77.6768
    endloop
  endfacet
  facet normal 0 1 0
    outer loop
      vertex -102.5 6 81.4296
      vertex -110.5 6 80.2744
      vertex -104 6 84.0272
    endloop
  endfacet
  facet normal -0 1 0
    outer loop
      vertex -110.5 6 80.2744
      vertex -102.5 6 81.4296
      vertex -109 6 77.6768
    endloop
  endfacet
  facet normal 0 1 0
    outer loop
      vertex -118.5 6 81.4296
      vertex -126.5 6 80.2744
      vertex -120 6 84.0272
    endloop
  endfacet
  facet normal -0 1 0
    outer loop
      vertex -126.5 6 80.2744
      vertex -118.5 6 81.4296
      vertex -125 6 77.6768
    endloop
  endfacet
  facet normal 0 1 0
    outer loop
      vertex -134.5 6 81.4296
      vertex -142.5 6 80.2744
      vertex -136 6 84.0272
    endloop
  endfacet
  facet normal -0 1 0
    outer loop
      vertex -142.5 6 80.2744
      vertex -134.5 6 81.4296
      vertex -141 6 77.6768
    endloop
  endfacet
  facet normal 0 1 0
    outer loop
      vertex -150.5 6 81.4296
      vertex -158.5 6 80.2744
      vertex -152 6 84.0272
    endloop
  endfacet
  facet normal -0 1 0
    outer loop
      vertex -158.5 6 80.2744
      vertex -150.5 6 81.4296
      vertex -157 6 77.6768
    endloop
  endfacet
  facet normal 0 1 0
    outer loop
      vertex -166.5 6 81.4296
      vertex -174.5 6 80.2744
      vertex -168 6 84.0272
    endloop
  endfacet
  facet normal -0 1 0
    outer loop
      vertex -174.5 6 80.2744
      vertex -166.5 6 81.4296
      vertex -173 6 77.6768
    endloop
  endfacet
  facet normal 0 1 0
    outer loop
      vertex -182.5 6 81.4296
      vertex -190.5 6 80.2744
      vertex -184 6 84.0272
    endloop
  endfacet
  facet normal -0 1 0
    outer loop
      vertex -190.5 6 80.2744
      vertex -182.5 6 81.4296
      vertex -189 6 77.6768
    endloop
  endfacet
  facet normal 0 1 0
    outer loop
      vertex -198.5 6 81.4296
      vertex -206.5 6 80.2744
      vertex -200 6 84.0272
    endloop
  endfacet
  facet normal -0 1 0
    outer loop
      vertex -206.5 6 80.2744
      vertex -198.5 6 81.4296
      vertex -205 6 77.6768
    endloop
  endfacet
  facet normal 0 1 0
    outer loop
      vertex -214.5 6 81.4296
      vertex -222.5 6 80.2744
      vertex -216 6 84.0272
    endloop
  endfacet
  facet normal -0 1 0
    outer loop
      vertex -222.5 6 80.2744
      vertex -214.5 6 81.4296
      vertex -221 6 77.6768
    endloop
  endfacet
  facet normal 0 1 0
    outer loop
      vertex -214.5 6 66.4184
      vertex -222.5 6 67.5736
      vertex -221 6 70.1712
    endloop
  endfacet
  facet normal 0 1 0
    outer loop
      vertex -216 6 63.8208
      vertex -214.5 6 66.4184
      vertex -213 6 63.8208
    endloop
  endfacet
  facet normal 0 1 0
    outer loop
      vertex -214.5 6 66.4184
      vertex -216 6 63.8208
      vertex -222.5 6 67.5736
    endloop
  endfacet
  facet normal 0 1 -0
    outer loop
      vertex -213 6 56.3152
      vertex -216 6 63.8208
      vertex -213 6 63.8208
    endloop
  endfacet
  facet normal 0 1 0
    outer loop
      vertex -213 6 56.3152
      vertex -216 6 56.3152
      vertex -216 6 63.8208
    endloop
  endfacet
  facet normal 0 1 0
    outer loop
      vertex -213 6 56.3152
      vertex -214.5 6 53.7176
      vertex -216 6 56.3152
    endloop
  endfacet
  facet normal 0 1 0
    outer loop
      vertex -206.5 6 52.5624
      vertex -214.5 6 53.7176
      vertex -213 6 56.3152
    endloop
  endfacet
  facet normal 0 1 0
    outer loop
      vertex -208 6 49.9648
      vertex -206.5 6 52.5624
      vertex -205 6 49.9648
    endloop
  endfacet
  facet normal 0 1 0
    outer loop
      vertex -206.5 6 52.5624
      vertex -208 6 49.9648
      vertex -214.5 6 53.7176
    endloop
  endfacet
  facet normal 0 1 -0
    outer loop
      vertex -205 6 42.4592
      vertex -208 6 49.9648
      vertex -205 6 49.9648
    endloop
  endfacet
  facet normal 0 1 0
    outer loop
      vertex -205 6 42.4592
      vertex -208 6 42.4592
      vertex -208 6 49.9648
    endloop
  endfacet
  facet normal 0 1 0
    outer loop
      vertex -205 6 42.4592
      vertex -206.5 6 39.8616
      vertex -208 6 42.4592
    endloop
  endfacet
  facet normal 0 1 0
    outer loop
      vertex -198.5 6 38.7064
      vertex -206.5 6 39.8616
      vertex -205 6 42.4592
    endloop
  endfacet
  facet normal 0 1 0
    outer loop
      vertex -200 6 36.1088
      vertex -198.5 6 38.7064
      vertex -197 6 36.1088
    endloop
  endfacet
  facet normal 0 1 0
    outer loop
      vertex -198.5 6 38.7064
      vertex -200 6 36.1088
      vertex -206.5 6 39.8616
    endloop
  endfacet
  facet normal 0 1 -0
    outer loop
      vertex -197 6 28.6032
      vertex -200 6 36.1088
      vertex -197 6 36.1088
    endloop
  endfacet
  facet normal 0 1 0
    outer loop
      vertex -197 6 28.6032
      vertex -200 6 28.6032
      vertex -200 6 36.1088
    endloop
  endfacet
  facet normal 0 1 0
    outer loop
      vertex -197 6 28.6032
      vertex -198.5 6 26.0056
      vertex -200 6 28.6032
    endloop
  endfacet
  facet normal 0 1 0
    outer loop
      vertex -190.5 6 24.8504
      vertex -198.5 6 26.0056
      vertex -197 6 28.6032
    endloop
  endfacet
  facet normal 0 1 0
    outer loop
      vertex -192 6 22.2528
      vertex -190.5 6 24.8504
      vertex -189 6 22.2528
    endloop
  endfacet
  facet normal 0 1 0
    outer loop
      vertex -190.5 6 24.8504
      vertex -192 6 22.2528
      vertex -198.5 6 26.0056
    endloop
  endfacet
  facet normal 0 1 -0
    outer loop
      vertex -189 6 14.7472
      vertex -192 6 22.2528
      vertex -189 6 22.2528
    endloop
  endfacet
  facet normal 0 1 0
    outer loop
      vertex -189 6 14.7472
      vertex -192 6 14.7472
      vertex -192 6 22.2528
    endloop
  endfacet
  facet normal 0 1 0
    outer loop
      vertex -182.5 6 10.9944
      vertex -192 6 14.7472
      vertex -189 6 14.7472
    endloop
  endfacet
  facet normal 0 1 0
    outer loop
      vertex -192 6 14.7472
      vertex -182.5 6 10.9944
      vertex -198.5 6 10.9944
    endloop
  endfacet
  facet normal 0 1 0
    outer loop
      vertex -30.5 6 67.5736
      vertex -38.5 6 66.4184
      vertex -32 6 70.1712
    endloop
  endfacet
  facet normal -0 1 0
    outer loop
      vertex -38.5 6 66.4184
      vertex -30.5 6 67.5736
      vertex -37 6 63.8208
    endloop
  endfacet
  facet normal 0 1 0
    outer loop
      vertex -46.5 6 67.5736
      vertex -54.5 6 66.4184
      vertex -48 6 70.1712
    endloop
  endfacet
  facet normal -0 1 0
    outer loop
      vertex -54.5 6 66.4184
      vertex -46.5 6 67.5736
      vertex -53 6 63.8208
    endloop
  endfacet
  facet normal 0 1 0
    outer loop
      vertex -62.5 6 67.5736
      vertex -70.5 6 66.4184
      vertex -64 6 70.1712
    endloop
  endfacet
  facet normal -0 1 0
    outer loop
      vertex -70.5 6 66.4184
      vertex -62.5 6 67.5736
      vertex -69 6 63.8208
    endloop
  endfacet
  facet normal 0 1 0
    outer loop
      vertex -78.5 6 67.5736
      vertex -86.5 6 66.4184
      vertex -80 6 70.1712
    endloop
  endfacet
  facet normal -0 1 0
    outer loop
      vertex -86.5 6 66.4184
      vertex -78.5 6 67.5736
      vertex -85 6 63.8208
    endloop
  endfacet
  facet normal 0 1 0
    outer loop
      vertex -94.5 6 67.5736
      vertex -102.5 6 66.4184
      vertex -96 6 70.1712
    endloop
  endfacet
  facet normal -0 1 0
    outer loop
      vertex -102.5 6 66.4184
      vertex -94.5 6 67.5736
      vertex -101 6 63.8208
    endloop
  endfacet
  facet normal 0 1 0
    outer loop
      vertex -110.5 6 67.5736
      vertex -118.5 6 66.4184
      vertex -112 6 70.1712
    endloop
  endfacet
  facet normal -0 1 0
    outer loop
      vertex -118.5 6 66.4184
      vertex -110.5 6 67.5736
      vertex -117 6 63.8208
    endloop
  endfacet
  facet normal 0 1 0
    outer loop
      vertex -126.5 6 67.5736
      vertex -134.5 6 66.4184
      vertex -128 6 70.1712
    endloop
  endfacet
  facet normal -0 1 0
    outer loop
      vertex -134.5 6 66.4184
      vertex -126.5 6 67.5736
      vertex -133 6 63.8208
    endloop
  endfacet
  facet normal 0 1 0
    outer loop
      vertex -142.5 6 67.5736
      vertex -150.5 6 66.4184
      vertex -144 6 70.1712
    endloop
  endfacet
  facet normal -0 1 0
    outer loop
      vertex -150.5 6 66.4184
      vertex -142.5 6 67.5736
      vertex -149 6 63.8208
    endloop
  endfacet
  facet normal 0 1 0
    outer loop
      vertex -158.5 6 67.5736
      vertex -166.5 6 66.4184
      vertex -160 6 70.1712
    endloop
  endfacet
  facet normal -0 1 0
    outer loop
      vertex -166.5 6 66.4184
      vertex -158.5 6 67.5736
      vertex -165 6 63.8208
    endloop
  endfacet
  facet normal 0 1 0
    outer loop
      vertex -174.5 6 67.5736
      vertex -182.5 6 66.4184
      vertex -176 6 70.1712
    endloop
  endfacet
  facet normal -0 1 0
    outer loop
      vertex -182.5 6 66.4184
      vertex -174.5 6 67.5736
      vertex -181 6 63.8208
    endloop
  endfacet
  facet normal 0 1 0
    outer loop
      vertex -190.5 6 67.5736
      vertex -198.5 6 66.4184
      vertex -192 6 70.1712
    endloop
  endfacet
  facet normal -0 1 0
    outer loop
      vertex -198.5 6 66.4184
      vertex -190.5 6 67.5736
      vertex -197 6 63.8208
    endloop
  endfacet
  facet normal 0 1 0
    outer loop
      vertex -206.5 6 67.5736
      vertex -214.5 6 66.4184
      vertex -208 6 70.1712
    endloop
  endfacet
  facet normal -0 1 0
    outer loop
      vertex -214.5 6 66.4184
      vertex -206.5 6 67.5736
      vertex -213 6 63.8208
    endloop
  endfacet
  facet normal 0 1 0
    outer loop
      vertex -214.5 6 94.1304
      vertex -222.5 6 95.2856
      vertex -221 6 97.8832
    endloop
  endfacet
  facet normal 0 1 0
    outer loop
      vertex -216 6 91.5328
      vertex -214.5 6 94.1304
      vertex -213 6 91.5328
    endloop
  endfacet
  facet normal 0 1 0
    outer loop
      vertex -214.5 6 94.1304
      vertex -216 6 91.5328
      vertex -222.5 6 95.2856
    endloop
  endfacet
  facet normal 0 1 -0
    outer loop
      vertex -213 6 84.0272
      vertex -216 6 91.5328
      vertex -213 6 91.5328
    endloop
  endfacet
  facet normal 0 1 0
    outer loop
      vertex -213 6 84.0272
      vertex -216 6 84.0272
      vertex -216 6 91.5328
    endloop
  endfacet
  facet normal 0 1 0
    outer loop
      vertex -213 6 84.0272
      vertex -214.5 6 81.4296
      vertex -216 6 84.0272
    endloop
  endfacet
  facet normal 0 1 0
    outer loop
      vertex -206.5 6 80.2744
      vertex -214.5 6 81.4296
      vertex -213 6 84.0272
    endloop
  endfacet
  facet normal 0 1 0
    outer loop
      vertex -208 6 77.6768
      vertex -206.5 6 80.2744
      vertex -205 6 77.6768
    endloop
  endfacet
  facet normal 0 1 0
    outer loop
      vertex -206.5 6 80.2744
      vertex -208 6 77.6768
      vertex -214.5 6 81.4296
    endloop
  endfacet
  facet normal 0 1 -0
    outer loop
      vertex -205 6 70.1712
      vertex -208 6 77.6768
      vertex -205 6 77.6768
    endloop
  endfacet
  facet normal 0 1 0
    outer loop
      vertex -205 6 70.1712
      vertex -208 6 70.1712
      vertex -208 6 77.6768
    endloop
  endfacet
  facet normal 0 1 0
    outer loop
      vertex -205 6 70.1712
      vertex -206.5 6 67.5736
      vertex -208 6 70.1712
    endloop
  endfacet
  facet normal 0 1 0
    outer loop
      vertex -198.5 6 66.4184
      vertex -206.5 6 67.5736
      vertex -205 6 70.1712
    endloop
  endfacet
  facet normal 0 1 0
    outer loop
      vertex -200 6 63.8208
      vertex -198.5 6 66.4184
      vertex -197 6 63.8208
    endloop
  endfacet
  facet normal 0 1 0
    outer loop
      vertex -198.5 6 66.4184
      vertex -200 6 63.8208
      vertex -206.5 6 67.5736
    endloop
  endfacet
  facet normal 0 1 -0
    outer loop
      vertex -197 6 56.3152
      vertex -200 6 63.8208
      vertex -197 6 63.8208
    endloop
  endfacet
  facet normal 0 1 0
    outer loop
      vertex -197 6 56.3152
      vertex -200 6 56.3152
      vertex -200 6 63.8208
    endloop
  endfacet
  facet normal 0 1 0
    outer loop
      vertex -197 6 56.3152
      vertex -198.5 6 53.7176
      vertex -200 6 56.3152
    endloop
  endfacet
  facet normal 0 1 0
    outer loop
      vertex -190.5 6 52.5624
      vertex -198.5 6 53.7176
      vertex -197 6 56.3152
    endloop
  endfacet
  facet normal 0 1 0
    outer loop
      vertex -192 6 49.9648
      vertex -190.5 6 52.5624
      vertex -189 6 49.9648
    endloop
  endfacet
  facet normal 0 1 0
    outer loop
      vertex -190.5 6 52.5624
      vertex -192 6 49.9648
      vertex -198.5 6 53.7176
    endloop
  endfacet
  facet normal 0 1 -0
    outer loop
      vertex -189 6 42.4592
      vertex -192 6 49.9648
      vertex -189 6 49.9648
    endloop
  endfacet
  facet normal 0 1 0
    outer loop
      vertex -189 6 42.4592
      vertex -192 6 42.4592
      vertex -192 6 49.9648
    endloop
  endfacet
  facet normal 0 1 0
    outer loop
      vertex -189 6 42.4592
      vertex -190.5 6 39.8616
      vertex -192 6 42.4592
    endloop
  endfacet
  facet normal 0 1 0
    outer loop
      vertex -182.5 6 38.7064
      vertex -190.5 6 39.8616
      vertex -189 6 42.4592
    endloop
  endfacet
  facet normal 0 1 0
    outer loop
      vertex -184 6 36.1088
      vertex -182.5 6 38.7064
      vertex -181 6 36.1088
    endloop
  endfacet
  facet normal 0 1 0
    outer loop
      vertex -182.5 6 38.7064
      vertex -184 6 36.1088
      vertex -190.5 6 39.8616
    endloop
  endfacet
  facet normal 0 1 -0
    outer loop
      vertex -181 6 28.6032
      vertex -184 6 36.1088
      vertex -181 6 36.1088
    endloop
  endfacet
  facet normal 0 1 0
    outer loop
      vertex -181 6 28.6032
      vertex -184 6 28.6032
      vertex -184 6 36.1088
    endloop
  endfacet
  facet normal 0 1 0
    outer loop
      vertex -181 6 28.6032
      vertex -182.5 6 26.0056
      vertex -184 6 28.6032
    endloop
  endfacet
  facet normal 0 1 0
    outer loop
      vertex -174.5 6 24.8504
      vertex -182.5 6 26.0056
      vertex -181 6 28.6032
    endloop
  endfacet
  facet normal 0 1 0
    outer loop
      vertex -176 6 22.2528
      vertex -174.5 6 24.8504
      vertex -173 6 22.2528
    endloop
  endfacet
  facet normal 0 1 0
    outer loop
      vertex -174.5 6 24.8504
      vertex -176 6 22.2528
      vertex -182.5 6 26.0056
    endloop
  endfacet
  facet normal 0 1 -0
    outer loop
      vertex -173 6 14.7472
      vertex -176 6 22.2528
      vertex -173 6 22.2528
    endloop
  endfacet
  facet normal 0 1 0
    outer loop
      vertex -173 6 14.7472
      vertex -176 6 14.7472
      vertex -176 6 22.2528
    endloop
  endfacet
  facet normal 0 1 0
    outer loop
      vertex -166.5 6 10.9944
      vertex -176 6 14.7472
      vertex -173 6 14.7472
    endloop
  endfacet
  facet normal 0 1 0
    outer loop
      vertex -176 6 14.7472
      vertex -166.5 6 10.9944
      vertex -182.5 6 10.9944
    endloop
  endfacet
  facet normal 0 1 0
    outer loop
      vertex -30.5 6 95.2856
      vertex -38.5 6 94.1304
      vertex -32 6 97.8832
    endloop
  endfacet
  facet normal -0 1 0
    outer loop
      vertex -38.5 6 94.1304
      vertex -30.5 6 95.2856
      vertex -37 6 91.5328
    endloop
  endfacet
  facet normal 0 1 0
    outer loop
      vertex -46.5 6 95.2856
      vertex -54.5 6 94.1304
      vertex -48 6 97.8832
    endloop
  endfacet
  facet normal -0 1 0
    outer loop
      vertex -54.5 6 94.1304
      vertex -46.5 6 95.2856
      vertex -53 6 91.5328
    endloop
  endfacet
  facet normal 0 1 0
    outer loop
      vertex -62.5 6 95.2856
      vertex -70.5 6 94.1304
      vertex -64 6 97.8832
    endloop
  endfacet
  facet normal -0 1 0
    outer loop
      vertex -70.5 6 94.1304
      vertex -62.5 6 95.2856
      vertex -69 6 91.5328
    endloop
  endfacet
  facet normal 0 1 0
    outer loop
      vertex -78.5 6 95.2856
      vertex -86.5 6 94.1304
      vertex -80 6 97.8832
    endloop
  endfacet
  facet normal -0 1 0
    outer loop
      vertex -86.5 6 94.1304
      vertex -78.5 6 95.2856
      vertex -85 6 91.5328
    endloop
  endfacet
  facet normal 0 1 0
    outer loop
      vertex -94.5 6 95.2856
      vertex -102.5 6 94.1304
      vertex -96 6 97.8832
    endloop
  endfacet
  facet normal -0 1 0
    outer loop
      vertex -102.5 6 94.1304
      vertex -94.5 6 95.2856
      vertex -101 6 91.5328
    endloop
  endfacet
  facet normal 0 1 0
    outer loop
      vertex -110.5 6 95.2856
      vertex -118.5 6 94.1304
      vertex -112 6 97.8832
    endloop
  endfacet
  facet normal -0 1 0
    outer loop
      vertex -118.5 6 94.1304
      vertex -110.5 6 95.2856
      vertex -117 6 91.5328
    endloop
  endfacet
  facet normal 0 1 0
    outer loop
      vertex -126.5 6 95.2856
      vertex -134.5 6 94.1304
      vertex -128 6 97.8832
    endloop
  endfacet
  facet normal -0 1 0
    outer loop
      vertex -134.5 6 94.1304
      vertex -126.5 6 95.2856
      vertex -133 6 91.5328
    endloop
  endfacet
  facet normal 0 1 0
    outer loop
      vertex -142.5 6 95.2856
      vertex -150.5 6 94.1304
      vertex -144 6 97.8832
    endloop
  endfacet
  facet normal -0 1 0
    outer loop
      vertex -150.5 6 94.1304
      vertex -142.5 6 95.2856
      vertex -149 6 91.5328
    endloop
  endfacet
  facet normal 0 1 0
    outer loop
      vertex -158.5 6 95.2856
      vertex -166.5 6 94.1304
      vertex -160 6 97.8832
    endloop
  endfacet
  facet normal -0 1 0
    outer loop
      vertex -166.5 6 94.1304
      vertex -158.5 6 95.2856
      vertex -165 6 91.5328
    endloop
  endfacet
  facet normal 0 1 0
    outer loop
      vertex -174.5 6 95.2856
      vertex -182.5 6 94.1304
      vertex -176 6 97.8832
    endloop
  endfacet
  facet normal -0 1 0
    outer loop
      vertex -182.5 6 94.1304
      vertex -174.5 6 95.2856
      vertex -181 6 91.5328
    endloop
  endfacet
  facet normal 0 1 0
    outer loop
      vertex -190.5 6 95.2856
      vertex -198.5 6 94.1304
      vertex -192 6 97.8832
    endloop
  endfacet
  facet normal -0 1 0
    outer loop
      vertex -198.5 6 94.1304
      vertex -190.5 6 95.2856
      vertex -197 6 91.5328
    endloop
  endfacet
  facet normal 0 1 0
    outer loop
      vertex -206.5 6 95.2856
      vertex -214.5 6 94.1304
      vertex -208 6 97.8832
    endloop
  endfacet
  facet normal -0 1 0
    outer loop
      vertex -214.5 6 94.1304
      vertex -206.5 6 95.2856
      vertex -213 6 91.5328
    endloop
  endfacet
  facet normal 0 1 0
    outer loop
      vertex -46.5 6 39.8616
      vertex -54.5 6 38.7064
      vertex -48 6 42.4592
    endloop
  endfacet
  facet normal -0 1 0
    outer loop
      vertex -54.5 6 38.7064
      vertex -46.5 6 39.8616
      vertex -53 6 36.1088
    endloop
  endfacet
  facet normal 0 1 0
    outer loop
      vertex -62.5 6 39.8616
      vertex -70.5 6 38.7064
      vertex -64 6 42.4592
    endloop
  endfacet
  facet normal -0 1 0
    outer loop
      vertex -70.5 6 38.7064
      vertex -62.5 6 39.8616
      vertex -69 6 36.1088
    endloop
  endfacet
  facet normal 0 1 0
    outer loop
      vertex -78.5 6 39.8616
      vertex -86.5 6 38.7064
      vertex -80 6 42.4592
    endloop
  endfacet
  facet normal -0 1 0
    outer loop
      vertex -86.5 6 38.7064
      vertex -78.5 6 39.8616
      vertex -85 6 36.1088
    endloop
  endfacet
  facet normal 0 1 0
    outer loop
      vertex -94.5 6 39.8616
      vertex -102.5 6 38.7064
      vertex -96 6 42.4592
    endloop
  endfacet
  facet normal -0 1 0
    outer loop
      vertex -102.5 6 38.7064
      vertex -94.5 6 39.8616
      vertex -101 6 36.1088
    endloop
  endfacet
  facet normal 0 1 0
    outer loop
      vertex -110.5 6 39.8616
      vertex -118.5 6 38.7064
      vertex -112 6 42.4592
    endloop
  endfacet
  facet normal -0 1 0
    outer loop
      vertex -118.5 6 38.7064
      vertex -110.5 6 39.8616
      vertex -117 6 36.1088
    endloop
  endfacet
  facet normal 0 1 0
    outer loop
      vertex -126.5 6 39.8616
      vertex -134.5 6 38.7064
      vertex -128 6 42.4592
    endloop
  endfacet
  facet normal -0 1 0
    outer loop
      vertex -134.5 6 38.7064
      vertex -126.5 6 39.8616
      vertex -133 6 36.1088
    endloop
  endfacet
  facet normal 0 1 0
    outer loop
      vertex -142.5 6 39.8616
      vertex -150.5 6 38.7064
      vertex -144 6 42.4592
    endloop
  endfacet
  facet normal -0 1 0
    outer loop
      vertex -150.5 6 38.7064
      vertex -142.5 6 39.8616
      vertex -149 6 36.1088
    endloop
  endfacet
  facet normal 0 1 0
    outer loop
      vertex -158.5 6 39.8616
      vertex -166.5 6 38.7064
      vertex -160 6 42.4592
    endloop
  endfacet
  facet normal -0 1 0
    outer loop
      vertex -166.5 6 38.7064
      vertex -158.5 6 39.8616
      vertex -165 6 36.1088
    endloop
  endfacet
  facet normal 0 1 0
    outer loop
      vertex -174.5 6 39.8616
      vertex -182.5 6 38.7064
      vertex -176 6 42.4592
    endloop
  endfacet
  facet normal -0 1 0
    outer loop
      vertex -182.5 6 38.7064
      vertex -174.5 6 39.8616
      vertex -181 6 36.1088
    endloop
  endfacet
  facet normal 0 1 0
    outer loop
      vertex -190.5 6 39.8616
      vertex -198.5 6 38.7064
      vertex -192 6 42.4592
    endloop
  endfacet
  facet normal -0 1 0
    outer loop
      vertex -198.5 6 38.7064
      vertex -190.5 6 39.8616
      vertex -197 6 36.1088
    endloop
  endfacet
  facet normal 0 1 0
    outer loop
      vertex -206.5 6 39.8616
      vertex -214.5 6 38.7064
      vertex -208 6 42.4592
    endloop
  endfacet
  facet normal -0 1 0
    outer loop
      vertex -214.5 6 38.7064
      vertex -206.5 6 39.8616
      vertex -213 6 36.1088
    endloop
  endfacet
  facet normal 0 1 0
    outer loop
      vertex -54.5 6 26.0056
      vertex -62.5 6 24.8504
      vertex -56 6 28.6032
    endloop
  endfacet
  facet normal -0 1 0
    outer loop
      vertex -62.5 6 24.8504
      vertex -54.5 6 26.0056
      vertex -61 6 22.2528
    endloop
  endfacet
  facet normal 0 1 0
    outer loop
      vertex -70.5 6 26.0056
      vertex -78.5 6 24.8504
      vertex -72 6 28.6032
    endloop
  endfacet
  facet normal -0 1 0
    outer loop
      vertex -78.5 6 24.8504
      vertex -70.5 6 26.0056
      vertex -77 6 22.2528
    endloop
  endfacet
  facet normal 0 1 0
    outer loop
      vertex -86.5 6 26.0056
      vertex -94.5 6 24.8504
      vertex -88 6 28.6032
    endloop
  endfacet
  facet normal -0 1 0
    outer loop
      vertex -94.5 6 24.8504
      vertex -86.5 6 26.0056
      vertex -93 6 22.2528
    endloop
  endfacet
  facet normal 0 1 0
    outer loop
      vertex -102.5 6 26.0056
      vertex -110.5 6 24.8504
      vertex -104 6 28.6032
    endloop
  endfacet
  facet normal -0 1 0
    outer loop
      vertex -110.5 6 24.8504
      vertex -102.5 6 26.0056
      vertex -109 6 22.2528
    endloop
  endfacet
  facet normal 0 1 0
    outer loop
      vertex -118.5 6 26.0056
      vertex -126.5 6 24.8504
      vertex -120 6 28.6032
    endloop
  endfacet
  facet normal -0 1 0
    outer loop
      vertex -126.5 6 24.8504
      vertex -118.5 6 26.0056
      vertex -125 6 22.2528
    endloop
  endfacet
  facet normal 0 1 0
    outer loop
      vertex -134.5 6 26.0056
      vertex -142.5 6 24.8504
      vertex -136 6 28.6032
    endloop
  endfacet
  facet normal -0 1 0
    outer loop
      vertex -142.5 6 24.8504
      vertex -134.5 6 26.0056
      vertex -141 6 22.2528
    endloop
  endfacet
  facet normal 0 1 0
    outer loop
      vertex -150.5 6 26.0056
      vertex -158.5 6 24.8504
      vertex -152 6 28.6032
    endloop
  endfacet
  facet normal -0 1 0
    outer loop
      vertex -158.5 6 24.8504
      vertex -150.5 6 26.0056
      vertex -157 6 22.2528
    endloop
  endfacet
  facet normal 0 1 0
    outer loop
      vertex -166.5 6 26.0056
      vertex -174.5 6 24.8504
      vertex -168 6 28.6032
    endloop
  endfacet
  facet normal -0 1 0
    outer loop
      vertex -174.5 6 24.8504
      vertex -166.5 6 26.0056
      vertex -173 6 22.2528
    endloop
  endfacet
  facet normal 0 1 0
    outer loop
      vertex -182.5 6 26.0056
      vertex -190.5 6 24.8504
      vertex -184 6 28.6032
    endloop
  endfacet
  facet normal -0 1 0
    outer loop
      vertex -190.5 6 24.8504
      vertex -182.5 6 26.0056
      vertex -189 6 22.2528
    endloop
  endfacet
  facet normal 0 1 0
    outer loop
      vertex -198.5 6 26.0056
      vertex -206.5 6 24.8504
      vertex -200 6 28.6032
    endloop
  endfacet
  facet normal -0 1 0
    outer loop
      vertex -206.5 6 24.8504
      vertex -198.5 6 26.0056
      vertex -205 6 22.2528
    endloop
  endfacet
  facet normal 0 1 -0
    outer loop
      vertex -205 6 105.389
      vertex -214.5 6 109.142
      vertex -198.5 6 109.142
    endloop
  endfacet
  facet normal 0 1 0
    outer loop
      vertex -205 6 105.389
      vertex -208 6 105.389
      vertex -214.5 6 109.142
    endloop
  endfacet
  facet normal 0 1 -0
    outer loop
      vertex -205 6 97.8832
      vertex -208 6 105.389
      vertex -205 6 105.389
    endloop
  endfacet
  facet normal 0 1 0
    outer loop
      vertex -205 6 97.8832
      vertex -208 6 97.8832
      vertex -208 6 105.389
    endloop
  endfacet
  facet normal 0 1 0
    outer loop
      vertex -205 6 97.8832
      vertex -206.5 6 95.2856
      vertex -208 6 97.8832
    endloop
  endfacet
  facet normal 0 1 0
    outer loop
      vertex -198.5 6 94.1304
      vertex -206.5 6 95.2856
      vertex -205 6 97.8832
    endloop
  endfacet
  facet normal 0 1 0
    outer loop
      vertex -200 6 91.5328
      vertex -198.5 6 94.1304
      vertex -197 6 91.5328
    endloop
  endfacet
  facet normal 0 1 0
    outer loop
      vertex -198.5 6 94.1304
      vertex -200 6 91.5328
      vertex -206.5 6 95.2856
    endloop
  endfacet
  facet normal 0 1 -0
    outer loop
      vertex -197 6 84.0272
      vertex -200 6 91.5328
      vertex -197 6 91.5328
    endloop
  endfacet
  facet normal 0 1 0
    outer loop
      vertex -197 6 84.0272
      vertex -200 6 84.0272
      vertex -200 6 91.5328
    endloop
  endfacet
  facet normal 0 1 0
    outer loop
      vertex -197 6 84.0272
      vertex -198.5 6 81.4296
      vertex -200 6 84.0272
    endloop
  endfacet
  facet normal 0 1 0
    outer loop
      vertex -190.5 6 80.2744
      vertex -198.5 6 81.4296
      vertex -197 6 84.0272
    endloop
  endfacet
  facet normal 0 1 0
    outer loop
      vertex -192 6 77.6768
      vertex -190.5 6 80.2744
      vertex -189 6 77.6768
    endloop
  endfacet
  facet normal 0 1 0
    outer loop
      vertex -190.5 6 80.2744
      vertex -192 6 77.6768
      vertex -198.5 6 81.4296
    endloop
  endfacet
  facet normal 0 1 -0
    outer loop
      vertex -189 6 70.1712
      vertex -192 6 77.6768
      vertex -189 6 77.6768
    endloop
  endfacet
  facet normal 0 1 0
    outer loop
      vertex -189 6 70.1712
      vertex -192 6 70.1712
      vertex -192 6 77.6768
    endloop
  endfacet
  facet normal 0 1 0
    outer loop
      vertex -189 6 70.1712
      vertex -190.5 6 67.5736
      vertex -192 6 70.1712
    endloop
  endfacet
  facet normal 0 1 0
    outer loop
      vertex -182.5 6 66.4184
      vertex -190.5 6 67.5736
      vertex -189 6 70.1712
    endloop
  endfacet
  facet normal 0 1 0
    outer loop
      vertex -184 6 63.8208
      vertex -182.5 6 66.4184
      vertex -181 6 63.8208
    endloop
  endfacet
  facet normal 0 1 0
    outer loop
      vertex -182.5 6 66.4184
      vertex -184 6 63.8208
      vertex -190.5 6 67.5736
    endloop
  endfacet
  facet normal 0 1 -0
    outer loop
      vertex -181 6 56.3152
      vertex -184 6 63.8208
      vertex -181 6 63.8208
    endloop
  endfacet
  facet normal 0 1 0
    outer loop
      vertex -181 6 56.3152
      vertex -184 6 56.3152
      vertex -184 6 63.8208
    endloop
  endfacet
  facet normal 0 1 0
    outer loop
      vertex -181 6 56.3152
      vertex -182.5 6 53.7176
      vertex -184 6 56.3152
    endloop
  endfacet
  facet normal 0 1 0
    outer loop
      vertex -174.5 6 52.5624
      vertex -182.5 6 53.7176
      vertex -181 6 56.3152
    endloop
  endfacet
  facet normal 0 1 0
    outer loop
      vertex -176 6 49.9648
      vertex -174.5 6 52.5624
      vertex -173 6 49.9648
    endloop
  endfacet
  facet normal 0 1 0
    outer loop
      vertex -174.5 6 52.5624
      vertex -176 6 49.9648
      vertex -182.5 6 53.7176
    endloop
  endfacet
  facet normal 0 1 -0
    outer loop
      vertex -173 6 42.4592
      vertex -176 6 49.9648
      vertex -173 6 49.9648
    endloop
  endfacet
  facet normal 0 1 0
    outer loop
      vertex -173 6 42.4592
      vertex -176 6 42.4592
      vertex -176 6 49.9648
    endloop
  endfacet
  facet normal 0 1 0
    outer loop
      vertex -173 6 42.4592
      vertex -174.5 6 39.8616
      vertex -176 6 42.4592
    endloop
  endfacet
  facet normal 0 1 0
    outer loop
      vertex -166.5 6 38.7064
      vertex -174.5 6 39.8616
      vertex -173 6 42.4592
    endloop
  endfacet
  facet normal 0 1 0
    outer loop
      vertex -168 6 36.1088
      vertex -166.5 6 38.7064
      vertex -165 6 36.1088
    endloop
  endfacet
  facet normal 0 1 0
    outer loop
      vertex -166.5 6 38.7064
      vertex -168 6 36.1088
      vertex -174.5 6 39.8616
    endloop
  endfacet
  facet normal 0 1 -0
    outer loop
      vertex -165 6 28.6032
      vertex -168 6 36.1088
      vertex -165 6 36.1088
    endloop
  endfacet
  facet normal 0 1 0
    outer loop
      vertex -165 6 28.6032
      vertex -168 6 28.6032
      vertex -168 6 36.1088
    endloop
  endfacet
  facet normal 0 1 0
    outer loop
      vertex -165 6 28.6032
      vertex -166.5 6 26.0056
      vertex -168 6 28.6032
    endloop
  endfacet
  facet normal 0 1 0
    outer loop
      vertex -158.5 6 24.8504
      vertex -166.5 6 26.0056
      vertex -165 6 28.6032
    endloop
  endfacet
  facet normal 0 1 0
    outer loop
      vertex -160 6 22.2528
      vertex -158.5 6 24.8504
      vertex -157 6 22.2528
    endloop
  endfacet
  facet normal 0 1 0
    outer loop
      vertex -158.5 6 24.8504
      vertex -160 6 22.2528
      vertex -166.5 6 26.0056
    endloop
  endfacet
  facet normal 0 1 -0
    outer loop
      vertex -157 6 14.7472
      vertex -160 6 22.2528
      vertex -157 6 22.2528
    endloop
  endfacet
  facet normal 0 1 0
    outer loop
      vertex -157 6 14.7472
      vertex -160 6 14.7472
      vertex -160 6 22.2528
    endloop
  endfacet
  facet normal 0 1 0
    outer loop
      vertex -150.5 6 10.9944
      vertex -160 6 14.7472
      vertex -157 6 14.7472
    endloop
  endfacet
  facet normal 0 1 0
    outer loop
      vertex -160 6 14.7472
      vertex -150.5 6 10.9944
      vertex -166.5 6 10.9944
    endloop
  endfacet
  facet normal 0 1 -0
    outer loop
      vertex -189 6 105.389
      vertex -198.5 6 109.142
      vertex -182.5 6 109.142
    endloop
  endfacet
  facet normal 0 1 0
    outer loop
      vertex -189 6 105.389
      vertex -192 6 105.389
      vertex -198.5 6 109.142
    endloop
  endfacet
  facet normal 0 1 -0
    outer loop
      vertex -189 6 97.8832
      vertex -192 6 105.389
      vertex -189 6 105.389
    endloop
  endfacet
  facet normal 0 1 0
    outer loop
      vertex -189 6 97.8832
      vertex -192 6 97.8832
      vertex -192 6 105.389
    endloop
  endfacet
  facet normal 0 1 0
    outer loop
      vertex -189 6 97.8832
      vertex -190.5 6 95.2856
      vertex -192 6 97.8832
    endloop
  endfacet
  facet normal 0 1 0
    outer loop
      vertex -182.5 6 94.1304
      vertex -190.5 6 95.2856
      vertex -189 6 97.8832
    endloop
  endfacet
  facet normal 0 1 0
    outer loop
      vertex -184 6 91.5328
      vertex -182.5 6 94.1304
      vertex -181 6 91.5328
    endloop
  endfacet
  facet normal 0 1 0
    outer loop
      vertex -182.5 6 94.1304
      vertex -184 6 91.5328
      vertex -190.5 6 95.2856
    endloop
  endfacet
  facet normal 0 1 -0
    outer loop
      vertex -181 6 84.0272
      vertex -184 6 91.5328
      vertex -181 6 91.5328
    endloop
  endfacet
  facet normal 0 1 0
    outer loop
      vertex -181 6 84.0272
      vertex -184 6 84.0272
      vertex -184 6 91.5328
    endloop
  endfacet
  facet normal 0 1 0
    outer loop
      vertex -181 6 84.0272
      vertex -182.5 6 81.4296
      vertex -184 6 84.0272
    endloop
  endfacet
  facet normal 0 1 0
    outer loop
      vertex -174.5 6 80.2744
      vertex -182.5 6 81.4296
      vertex -181 6 84.0272
    endloop
  endfacet
  facet normal 0 1 0
    outer loop
      vertex -176 6 77.6768
      vertex -174.5 6 80.2744
      vertex -173 6 77.6768
    endloop
  endfacet
  facet normal 0 1 0
    outer loop
      vertex -174.5 6 80.2744
      vertex -176 6 77.6768
      vertex -182.5 6 81.4296
    endloop
  endfacet
  facet normal 0 1 -0
    outer loop
      vertex -173 6 70.1712
      vertex -176 6 77.6768
      vertex -173 6 77.6768
    endloop
  endfacet
  facet normal 0 1 0
    outer loop
      vertex -173 6 70.1712
      vertex -176 6 70.1712
      vertex -176 6 77.6768
    endloop
  endfacet
  facet normal 0 1 0
    outer loop
      vertex -173 6 70.1712
      vertex -174.5 6 67.5736
      vertex -176 6 70.1712
    endloop
  endfacet
  facet normal 0 1 0
    outer loop
      vertex -166.5 6 66.4184
      vertex -174.5 6 67.5736
      vertex -173 6 70.1712
    endloop
  endfacet
  facet normal 0 1 0
    outer loop
      vertex -168 6 63.8208
      vertex -166.5 6 66.4184
      vertex -165 6 63.8208
    endloop
  endfacet
  facet normal 0 1 0
    outer loop
      vertex -166.5 6 66.4184
      vertex -168 6 63.8208
      vertex -174.5 6 67.5736
    endloop
  endfacet
  facet normal 0 1 -0
    outer loop
      vertex -165 6 56.3152
      vertex -168 6 63.8208
      vertex -165 6 63.8208
    endloop
  endfacet
  facet normal 0 1 0
    outer loop
      vertex -165 6 56.3152
      vertex -168 6 56.3152
      vertex -168 6 63.8208
    endloop
  endfacet
  facet normal 0 1 0
    outer loop
      vertex -165 6 56.3152
      vertex -166.5 6 53.7176
      vertex -168 6 56.3152
    endloop
  endfacet
  facet normal 0 1 0
    outer loop
      vertex -158.5 6 52.5624
      vertex -166.5 6 53.7176
      vertex -165 6 56.3152
    endloop
  endfacet
  facet normal 0 1 0
    outer loop
      vertex -160 6 49.9648
      vertex -158.5 6 52.5624
      vertex -157 6 49.9648
    endloop
  endfacet
  facet normal 0 1 0
    outer loop
      vertex -158.5 6 52.5624
      vertex -160 6 49.9648
      vertex -166.5 6 53.7176
    endloop
  endfacet
  facet normal 0 1 -0
    outer loop
      vertex -157 6 42.4592
      vertex -160 6 49.9648
      vertex -157 6 49.9648
    endloop
  endfacet
  facet normal 0 1 0
    outer loop
      vertex -157 6 42.4592
      vertex -160 6 42.4592
      vertex -160 6 49.9648
    endloop
  endfacet
  facet normal 0 1 0
    outer loop
      vertex -157 6 42.4592
      vertex -158.5 6 39.8616
      vertex -160 6 42.4592
    endloop
  endfacet
  facet normal 0 1 0
    outer loop
      vertex -150.5 6 38.7064
      vertex -158.5 6 39.8616
      vertex -157 6 42.4592
    endloop
  endfacet
  facet normal 0 1 0
    outer loop
      vertex -152 6 36.1088
      vertex -150.5 6 38.7064
      vertex -149 6 36.1088
    endloop
  endfacet
  facet normal 0 1 0
    outer loop
      vertex -150.5 6 38.7064
      vertex -152 6 36.1088
      vertex -158.5 6 39.8616
    endloop
  endfacet
  facet normal 0 1 -0
    outer loop
      vertex -149 6 28.6032
      vertex -152 6 36.1088
      vertex -149 6 36.1088
    endloop
  endfacet
  facet normal 0 1 0
    outer loop
      vertex -149 6 28.6032
      vertex -152 6 28.6032
      vertex -152 6 36.1088
    endloop
  endfacet
  facet normal 0 1 0
    outer loop
      vertex -149 6 28.6032
      vertex -150.5 6 26.0056
      vertex -152 6 28.6032
    endloop
  endfacet
  facet normal 0 1 0
    outer loop
      vertex -142.5 6 24.8504
      vertex -150.5 6 26.0056
      vertex -149 6 28.6032
    endloop
  endfacet
  facet normal 0 1 0
    outer loop
      vertex -144 6 22.2528
      vertex -142.5 6 24.8504
      vertex -141 6 22.2528
    endloop
  endfacet
  facet normal 0 1 0
    outer loop
      vertex -142.5 6 24.8504
      vertex -144 6 22.2528
      vertex -150.5 6 26.0056
    endloop
  endfacet
  facet normal 0 1 -0
    outer loop
      vertex -141 6 14.7472
      vertex -144 6 22.2528
      vertex -141 6 22.2528
    endloop
  endfacet
  facet normal 0 1 0
    outer loop
      vertex -141 6 14.7472
      vertex -144 6 14.7472
      vertex -144 6 22.2528
    endloop
  endfacet
  facet normal 0 1 0
    outer loop
      vertex -134.5 6 10.9944
      vertex -144 6 14.7472
      vertex -141 6 14.7472
    endloop
  endfacet
  facet normal 0 1 0
    outer loop
      vertex -144 6 14.7472
      vertex -134.5 6 10.9944
      vertex -150.5 6 10.9944
    endloop
  endfacet
  facet normal 0 1 -0
    outer loop
      vertex -45 6 105.389
      vertex -54.5 6 109.142
      vertex -38.5 6 109.142
    endloop
  endfacet
  facet normal 0 1 0
    outer loop
      vertex -45 6 105.389
      vertex -48 6 105.389
      vertex -54.5 6 109.142
    endloop
  endfacet
  facet normal 0 1 -0
    outer loop
      vertex -45 6 97.8832
      vertex -48 6 105.389
      vertex -45 6 105.389
    endloop
  endfacet
  facet normal 0 1 0
    outer loop
      vertex -45 6 97.8832
      vertex -48 6 97.8832
      vertex -48 6 105.389
    endloop
  endfacet
  facet normal 0 1 0
    outer loop
      vertex -45 6 97.8832
      vertex -46.5 6 95.2856
      vertex -48 6 97.8832
    endloop
  endfacet
  facet normal 0 1 0
    outer loop
      vertex -38.5 6 94.1304
      vertex -46.5 6 95.2856
      vertex -45 6 97.8832
    endloop
  endfacet
  facet normal 0 1 0
    outer loop
      vertex -40 6 91.5328
      vertex -38.5 6 94.1304
      vertex -37 6 91.5328
    endloop
  endfacet
  facet normal 0 1 0
    outer loop
      vertex -38.5 6 94.1304
      vertex -40 6 91.5328
      vertex -46.5 6 95.2856
    endloop
  endfacet
  facet normal 0 1 -0
    outer loop
      vertex -37 6 84.0272
      vertex -40 6 91.5328
      vertex -37 6 91.5328
    endloop
  endfacet
  facet normal 0 1 0
    outer loop
      vertex -37 6 84.0272
      vertex -40 6 84.0272
      vertex -40 6 91.5328
    endloop
  endfacet
  facet normal 0 1 0
    outer loop
      vertex -37 6 84.0272
      vertex -38.5 6 81.4296
      vertex -40 6 84.0272
    endloop
  endfacet
  facet normal 0 1 0
    outer loop
      vertex -30.5 6 80.2744
      vertex -38.5 6 81.4296
      vertex -37 6 84.0272
    endloop
  endfacet
  facet normal 0 1 0
    outer loop
      vertex -32 6 77.6768
      vertex -30.5 6 80.2744
      vertex -29 6 77.6768
    endloop
  endfacet
  facet normal 0 1 0
    outer loop
      vertex -30.5 6 80.2744
      vertex -32 6 77.6768
      vertex -38.5 6 81.4296
    endloop
  endfacet
  facet normal 0 1 -0
    outer loop
      vertex -29 6 70.1712
      vertex -32 6 77.6768
      vertex -29 6 77.6768
    endloop
  endfacet
  facet normal 0 1 0
    outer loop
      vertex -29 6 70.1712
      vertex -32 6 70.1712
      vertex -32 6 77.6768
    endloop
  endfacet
  facet normal 0 1 0
    outer loop
      vertex -29 6 70.1712
      vertex -30.5 6 67.5736
      vertex -32 6 70.1712
    endloop
  endfacet
  facet normal 0 1 0
    outer loop
      vertex -22.5 6 66.4184
      vertex -30.5 6 67.5736
      vertex -29 6 70.1712
    endloop
  endfacet
  facet normal 0 1 0
    outer loop
      vertex -30.5 6 67.5736
      vertex -22.5 6 66.4184
      vertex -24 6 63.8208
    endloop
  endfacet
  facet normal 0 1 -0
    outer loop
      vertex -29 6 105.389
      vertex -38.5 6 109.142
      vertex -22.5 6 109.142
    endloop
  endfacet
  facet normal 0 1 0
    outer loop
      vertex -29 6 105.389
      vertex -32 6 105.389
      vertex -38.5 6 109.142
    endloop
  endfacet
  facet normal 0 1 -0
    outer loop
      vertex -29 6 97.8832
      vertex -32 6 105.389
      vertex -29 6 105.389
    endloop
  endfacet
  facet normal 0 1 0
    outer loop
      vertex -29 6 97.8832
      vertex -32 6 97.8832
      vertex -32 6 105.389
    endloop
  endfacet
  facet normal 0 1 0
    outer loop
      vertex -29 6 97.8832
      vertex -30.5 6 95.2856
      vertex -32 6 97.8832
    endloop
  endfacet
  facet normal 0 1 0
    outer loop
      vertex -22.5 6 94.1304
      vertex -30.5 6 95.2856
      vertex -29 6 97.8832
    endloop
  endfacet
  facet normal 0 1 0
    outer loop
      vertex -30.5 6 95.2856
      vertex -22.5 6 94.1304
      vertex -24 6 91.5328
    endloop
  endfacet
  facet normal 0 1 0
    outer loop
      vertex -56 6 119.245
      vertex -38.5 6 109.142
      vertex -56 6 111.739
    endloop
  endfacet
  facet normal 0 1 -0
    outer loop
      vertex -54.5 6 109.142
      vertex -56 6 111.739
      vertex -38.5 6 109.142
    endloop
  endfacet
  facet normal 0 1 0
    outer loop
      vertex -54.5 6 109.142
      vertex -62.5 6 107.986
      vertex -56 6 111.739
    endloop
  endfacet
  facet normal -0 1 0
    outer loop
      vertex -62.5 6 107.986
      vertex -54.5 6 109.142
      vertex -61 6 105.389
    endloop
  endfacet
  facet normal 0 1 0
    outer loop
      vertex -70.5 6 109.142
      vertex -78.5 6 107.986
      vertex -72 6 111.739
    endloop
  endfacet
  facet normal -0 1 0
    outer loop
      vertex -78.5 6 107.986
      vertex -70.5 6 109.142
      vertex -77 6 105.389
    endloop
  endfacet
  facet normal 0 1 0
    outer loop
      vertex -86.5 6 109.142
      vertex -94.5 6 107.986
      vertex -88 6 111.739
    endloop
  endfacet
  facet normal -0 1 0
    outer loop
      vertex -94.5 6 107.986
      vertex -86.5 6 109.142
      vertex -93 6 105.389
    endloop
  endfacet
  facet normal 0 1 0
    outer loop
      vertex -102.5 6 109.142
      vertex -110.5 6 107.986
      vertex -104 6 111.739
    endloop
  endfacet
  facet normal -0 1 0
    outer loop
      vertex -110.5 6 107.986
      vertex -102.5 6 109.142
      vertex -109 6 105.389
    endloop
  endfacet
  facet normal 0 1 0
    outer loop
      vertex -118.5 6 109.142
      vertex -126.5 6 107.986
      vertex -120 6 111.739
    endloop
  endfacet
  facet normal -0 1 0
    outer loop
      vertex -126.5 6 107.986
      vertex -118.5 6 109.142
      vertex -125 6 105.389
    endloop
  endfacet
  facet normal 0 1 0
    outer loop
      vertex -134.5 6 109.142
      vertex -142.5 6 107.986
      vertex -136 6 111.739
    endloop
  endfacet
  facet normal -0 1 0
    outer loop
      vertex -142.5 6 107.986
      vertex -134.5 6 109.142
      vertex -141 6 105.389
    endloop
  endfacet
  facet normal 0 1 0
    outer loop
      vertex -150.5 6 109.142
      vertex -158.5 6 107.986
      vertex -152 6 111.739
    endloop
  endfacet
  facet normal -0 1 0
    outer loop
      vertex -158.5 6 107.986
      vertex -150.5 6 109.142
      vertex -157 6 105.389
    endloop
  endfacet
  facet normal 0 1 0
    outer loop
      vertex -166.5 6 109.142
      vertex -174.5 6 107.986
      vertex -168 6 111.739
    endloop
  endfacet
  facet normal -0 1 0
    outer loop
      vertex -174.5 6 107.986
      vertex -166.5 6 109.142
      vertex -173 6 105.389
    endloop
  endfacet
  facet normal 0 1 0
    outer loop
      vertex -216 6 119.245
      vertex -198.5 6 109.142
      vertex -216 6 111.739
    endloop
  endfacet
  facet normal 0 1 -0
    outer loop
      vertex -214.5 6 109.142
      vertex -216 6 111.739
      vertex -198.5 6 109.142
    endloop
  endfacet
  facet normal 0 1 0
    outer loop
      vertex -214.5 6 109.142
      vertex -222.5 6 107.986
      vertex -216 6 111.739
    endloop
  endfacet
  facet normal -0 1 0
    outer loop
      vertex -222.5 6 107.986
      vertex -214.5 6 109.142
      vertex -221 6 105.389
    endloop
  endfacet
  facet normal 0 1 -0
    outer loop
      vertex -213 6 146.957
      vertex -222.5 6 150.71
      vertex -206.5 6 150.71
    endloop
  endfacet
  facet normal 0 1 0
    outer loop
      vertex -213 6 146.957
      vertex -216 6 146.957
      vertex -222.5 6 150.71
    endloop
  endfacet
  facet normal 0 1 -0
    outer loop
      vertex -213 6 139.451
      vertex -216 6 146.957
      vertex -213 6 146.957
    endloop
  endfacet
  facet normal 0 1 0
    outer loop
      vertex -213 6 139.451
      vertex -216 6 139.451
      vertex -216 6 146.957
    endloop
  endfacet
  facet normal 0 1 0
    outer loop
      vertex -206.5 6 135.698
      vertex -216 6 139.451
      vertex -213 6 139.451
    endloop
  endfacet
  facet normal 0 1 0
    outer loop
      vertex -216 6 139.451
      vertex -206.5 6 135.698
      vertex -222.5 6 135.698
    endloop
  endfacet
  facet normal 0 1 -0
    outer loop
      vertex -197 6 146.957
      vertex -206.5 6 150.71
      vertex -190.5 6 150.71
    endloop
  endfacet
  facet normal 0 1 0
    outer loop
      vertex -197 6 146.957
      vertex -200 6 146.957
      vertex -206.5 6 150.71
    endloop
  endfacet
  facet normal 0 1 -0
    outer loop
      vertex -197 6 139.451
      vertex -200 6 146.957
      vertex -197 6 146.957
    endloop
  endfacet
  facet normal 0 1 0
    outer loop
      vertex -197 6 139.451
      vertex -200 6 139.451
      vertex -200 6 146.957
    endloop
  endfacet
  facet normal 0 1 0
    outer loop
      vertex -190.5 6 135.698
      vertex -200 6 139.451
      vertex -197 6 139.451
    endloop
  endfacet
  facet normal 0 1 0
    outer loop
      vertex -200 6 139.451
      vertex -190.5 6 135.698
      vertex -206.5 6 135.698
    endloop
  endfacet
  facet normal 0 1 -0
    outer loop
      vertex -181 6 146.957
      vertex -190.5 6 150.71
      vertex -174.5 6 150.71
    endloop
  endfacet
  facet normal 0 1 0
    outer loop
      vertex -181 6 146.957
      vertex -184 6 146.957
      vertex -190.5 6 150.71
    endloop
  endfacet
  facet normal 0 1 -0
    outer loop
      vertex -181 6 139.451
      vertex -184 6 146.957
      vertex -181 6 146.957
    endloop
  endfacet
  facet normal 0 1 0
    outer loop
      vertex -181 6 139.451
      vertex -184 6 139.451
      vertex -184 6 146.957
    endloop
  endfacet
  facet normal 0 1 0
    outer loop
      vertex -181 6 139.451
      vertex -182.5 6 136.854
      vertex -184 6 139.451
    endloop
  endfacet
  facet normal 0 1 0
    outer loop
      vertex -174.5 6 135.698
      vertex -182.5 6 136.854
      vertex -181 6 139.451
    endloop
  endfacet
  facet normal 0 1 0
    outer loop
      vertex -176 6 133.101
      vertex -174.5 6 135.698
      vertex -173 6 133.101
    endloop
  endfacet
  facet normal 0 1 0
    outer loop
      vertex -174.5 6 135.698
      vertex -176 6 133.101
      vertex -182.5 6 136.854
    endloop
  endfacet
  facet normal 0 1 -0
    outer loop
      vertex -173 6 125.595
      vertex -176 6 133.101
      vertex -173 6 133.101
    endloop
  endfacet
  facet normal 0 1 0
    outer loop
      vertex -173 6 125.595
      vertex -176 6 125.595
      vertex -176 6 133.101
    endloop
  endfacet
  facet normal 0 1 0
    outer loop
      vertex -173 6 125.595
      vertex -174.5 6 122.998
      vertex -176 6 125.595
    endloop
  endfacet
  facet normal 0 1 0
    outer loop
      vertex -166.5 6 121.842
      vertex -174.5 6 122.998
      vertex -173 6 125.595
    endloop
  endfacet
  facet normal 0 1 0
    outer loop
      vertex -168 6 119.245
      vertex -166.5 6 121.842
      vertex -165 6 119.245
    endloop
  endfacet
  facet normal 0 1 0
    outer loop
      vertex -166.5 6 121.842
      vertex -168 6 119.245
      vertex -174.5 6 122.998
    endloop
  endfacet
  facet normal 0 1 -0
    outer loop
      vertex -165 6 111.739
      vertex -168 6 119.245
      vertex -165 6 119.245
    endloop
  endfacet
  facet normal 0 1 0
    outer loop
      vertex -165 6 111.739
      vertex -168 6 111.739
      vertex -168 6 119.245
    endloop
  endfacet
  facet normal 0 1 0
    outer loop
      vertex -165 6 111.739
      vertex -166.5 6 109.142
      vertex -168 6 111.739
    endloop
  endfacet
  facet normal 0 1 0
    outer loop
      vertex -158.5 6 107.986
      vertex -166.5 6 109.142
      vertex -165 6 111.739
    endloop
  endfacet
  facet normal 0 1 0
    outer loop
      vertex -160 6 105.389
      vertex -158.5 6 107.986
      vertex -157 6 105.389
    endloop
  endfacet
  facet normal 0 1 0
    outer loop
      vertex -158.5 6 107.986
      vertex -160 6 105.389
      vertex -166.5 6 109.142
    endloop
  endfacet
  facet normal 0 1 -0
    outer loop
      vertex -157 6 97.8832
      vertex -160 6 105.389
      vertex -157 6 105.389
    endloop
  endfacet
  facet normal 0 1 0
    outer loop
      vertex -157 6 97.8832
      vertex -160 6 97.8832
      vertex -160 6 105.389
    endloop
  endfacet
  facet normal 0 1 0
    outer loop
      vertex -157 6 97.8832
      vertex -158.5 6 95.2856
      vertex -160 6 97.8832
    endloop
  endfacet
  facet normal 0 1 0
    outer loop
      vertex -150.5 6 94.1304
      vertex -158.5 6 95.2856
      vertex -157 6 97.8832
    endloop
  endfacet
  facet normal 0 1 0
    outer loop
      vertex -152 6 91.5328
      vertex -150.5 6 94.1304
      vertex -149 6 91.5328
    endloop
  endfacet
  facet normal 0 1 0
    outer loop
      vertex -150.5 6 94.1304
      vertex -152 6 91.5328
      vertex -158.5 6 95.2856
    endloop
  endfacet
  facet normal 0 1 -0
    outer loop
      vertex -149 6 84.0272
      vertex -152 6 91.5328
      vertex -149 6 91.5328
    endloop
  endfacet
  facet normal 0 1 0
    outer loop
      vertex -149 6 84.0272
      vertex -152 6 84.0272
      vertex -152 6 91.5328
    endloop
  endfacet
  facet normal 0 1 0
    outer loop
      vertex -149 6 84.0272
      vertex -150.5 6 81.4296
      vertex -152 6 84.0272
    endloop
  endfacet
  facet normal 0 1 0
    outer loop
      vertex -142.5 6 80.2744
      vertex -150.5 6 81.4296
      vertex -149 6 84.0272
    endloop
  endfacet
  facet normal 0 1 0
    outer loop
      vertex -144 6 77.6768
      vertex -142.5 6 80.2744
      vertex -141 6 77.6768
    endloop
  endfacet
  facet normal 0 1 0
    outer loop
      vertex -142.5 6 80.2744
      vertex -144 6 77.6768
      vertex -150.5 6 81.4296
    endloop
  endfacet
  facet normal 0 1 -0
    outer loop
      vertex -141 6 70.1712
      vertex -144 6 77.6768
      vertex -141 6 77.6768
    endloop
  endfacet
  facet normal 0 1 0
    outer loop
      vertex -141 6 70.1712
      vertex -144 6 70.1712
      vertex -144 6 77.6768
    endloop
  endfacet
  facet normal 0 1 0
    outer loop
      vertex -141 6 70.1712
      vertex -142.5 6 67.5736
      vertex -144 6 70.1712
    endloop
  endfacet
  facet normal 0 1 0
    outer loop
      vertex -134.5 6 66.4184
      vertex -142.5 6 67.5736
      vertex -141 6 70.1712
    endloop
  endfacet
  facet normal 0 1 0
    outer loop
      vertex -136 6 63.8208
      vertex -134.5 6 66.4184
      vertex -133 6 63.8208
    endloop
  endfacet
  facet normal 0 1 0
    outer loop
      vertex -134.5 6 66.4184
      vertex -136 6 63.8208
      vertex -142.5 6 67.5736
    endloop
  endfacet
  facet normal 0 1 -0
    outer loop
      vertex -133 6 56.3152
      vertex -136 6 63.8208
      vertex -133 6 63.8208
    endloop
  endfacet
  facet normal 0 1 0
    outer loop
      vertex -133 6 56.3152
      vertex -136 6 56.3152
      vertex -136 6 63.8208
    endloop
  endfacet
  facet normal 0 1 0
    outer loop
      vertex -133 6 56.3152
      vertex -134.5 6 53.7176
      vertex -136 6 56.3152
    endloop
  endfacet
  facet normal 0 1 0
    outer loop
      vertex -126.5 6 52.5624
      vertex -134.5 6 53.7176
      vertex -133 6 56.3152
    endloop
  endfacet
  facet normal 0 1 0
    outer loop
      vertex -128 6 49.9648
      vertex -126.5 6 52.5624
      vertex -125 6 49.9648
    endloop
  endfacet
  facet normal 0 1 0
    outer loop
      vertex -126.5 6 52.5624
      vertex -128 6 49.9648
      vertex -134.5 6 53.7176
    endloop
  endfacet
  facet normal 0 1 -0
    outer loop
      vertex -125 6 42.4592
      vertex -128 6 49.9648
      vertex -125 6 49.9648
    endloop
  endfacet
  facet normal 0 1 0
    outer loop
      vertex -125 6 42.4592
      vertex -128 6 42.4592
      vertex -128 6 49.9648
    endloop
  endfacet
  facet normal 0 1 0
    outer loop
      vertex -125 6 42.4592
      vertex -126.5 6 39.8616
      vertex -128 6 42.4592
    endloop
  endfacet
  facet normal 0 1 0
    outer loop
      vertex -118.5 6 38.7064
      vertex -126.5 6 39.8616
      vertex -125 6 42.4592
    endloop
  endfacet
  facet normal 0 1 0
    outer loop
      vertex -120 6 36.1088
      vertex -118.5 6 38.7064
      vertex -117 6 36.1088
    endloop
  endfacet
  facet normal 0 1 0
    outer loop
      vertex -118.5 6 38.7064
      vertex -120 6 36.1088
      vertex -126.5 6 39.8616
    endloop
  endfacet
  facet normal 0 1 -0
    outer loop
      vertex -117 6 28.6032
      vertex -120 6 36.1088
      vertex -117 6 36.1088
    endloop
  endfacet
  facet normal 0 1 0
    outer loop
      vertex -117 6 28.6032
      vertex -120 6 28.6032
      vertex -120 6 36.1088
    endloop
  endfacet
  facet normal 0 1 0
    outer loop
      vertex -117 6 28.6032
      vertex -118.5 6 26.0056
      vertex -120 6 28.6032
    endloop
  endfacet
  facet normal 0 1 0
    outer loop
      vertex -110.5 6 24.8504
      vertex -118.5 6 26.0056
      vertex -117 6 28.6032
    endloop
  endfacet
  facet normal 0 1 0
    outer loop
      vertex -112 6 22.2528
      vertex -110.5 6 24.8504
      vertex -109 6 22.2528
    endloop
  endfacet
  facet normal 0 1 0
    outer loop
      vertex -110.5 6 24.8504
      vertex -112 6 22.2528
      vertex -118.5 6 26.0056
    endloop
  endfacet
  facet normal 0 1 -0
    outer loop
      vertex -109 6 14.7472
      vertex -112 6 22.2528
      vertex -109 6 22.2528
    endloop
  endfacet
  facet normal 0 1 0
    outer loop
      vertex -109 6 14.7472
      vertex -112 6 14.7472
      vertex -112 6 22.2528
    endloop
  endfacet
  facet normal 0 1 0
    outer loop
      vertex -102.5 6 10.9944
      vertex -112 6 14.7472
      vertex -109 6 14.7472
    endloop
  endfacet
  facet normal 0 1 0
    outer loop
      vertex -112 6 14.7472
      vertex -102.5 6 10.9944
      vertex -118.5 6 10.9944
    endloop
  endfacet
  facet normal 0 1 -0
    outer loop
      vertex -165 6 146.957
      vertex -174.5 6 150.71
      vertex -158.5 6 150.71
    endloop
  endfacet
  facet normal 0 1 0
    outer loop
      vertex -165 6 146.957
      vertex -168 6 146.957
      vertex -174.5 6 150.71
    endloop
  endfacet
  facet normal 0 1 -0
    outer loop
      vertex -165 6 139.451
      vertex -168 6 146.957
      vertex -165 6 146.957
    endloop
  endfacet
  facet normal 0 1 0
    outer loop
      vertex -165 6 139.451
      vertex -168 6 139.451
      vertex -168 6 146.957
    endloop
  endfacet
  facet normal 0 1 0
    outer loop
      vertex -165 6 139.451
      vertex -166.5 6 136.854
      vertex -168 6 139.451
    endloop
  endfacet
  facet normal 0 1 0
    outer loop
      vertex -158.5 6 135.698
      vertex -166.5 6 136.854
      vertex -165 6 139.451
    endloop
  endfacet
  facet normal 0 1 0
    outer loop
      vertex -160 6 133.101
      vertex -158.5 6 135.698
      vertex -157 6 133.101
    endloop
  endfacet
  facet normal 0 1 0
    outer loop
      vertex -158.5 6 135.698
      vertex -160 6 133.101
      vertex -166.5 6 136.854
    endloop
  endfacet
  facet normal 0 1 -0
    outer loop
      vertex -157 6 125.595
      vertex -160 6 133.101
      vertex -157 6 133.101
    endloop
  endfacet
  facet normal 0 1 0
    outer loop
      vertex -157 6 125.595
      vertex -160 6 125.595
      vertex -160 6 133.101
    endloop
  endfacet
  facet normal 0 1 0
    outer loop
      vertex -157 6 125.595
      vertex -158.5 6 122.998
      vertex -160 6 125.595
    endloop
  endfacet
  facet normal 0 1 0
    outer loop
      vertex -150.5 6 121.842
      vertex -158.5 6 122.998
      vertex -157 6 125.595
    endloop
  endfacet
  facet normal 0 1 0
    outer loop
      vertex -152 6 119.245
      vertex -150.5 6 121.842
      vertex -149 6 119.245
    endloop
  endfacet
  facet normal 0 1 0
    outer loop
      vertex -150.5 6 121.842
      vertex -152 6 119.245
      vertex -158.5 6 122.998
    endloop
  endfacet
  facet normal 0 1 -0
    outer loop
      vertex -149 6 111.739
      vertex -152 6 119.245
      vertex -149 6 119.245
    endloop
  endfacet
  facet normal 0 1 0
    outer loop
      vertex -149 6 111.739
      vertex -152 6 111.739
      vertex -152 6 119.245
    endloop
  endfacet
  facet normal 0 1 0
    outer loop
      vertex -149 6 111.739
      vertex -150.5 6 109.142
      vertex -152 6 111.739
    endloop
  endfacet
  facet normal 0 1 0
    outer loop
      vertex -142.5 6 107.986
      vertex -150.5 6 109.142
      vertex -149 6 111.739
    endloop
  endfacet
  facet normal 0 1 0
    outer loop
      vertex -144 6 105.389
      vertex -142.5 6 107.986
      vertex -141 6 105.389
    endloop
  endfacet
  facet normal 0 1 0
    outer loop
      vertex -142.5 6 107.986
      vertex -144 6 105.389
      vertex -150.5 6 109.142
    endloop
  endfacet
  facet normal 0 1 -0
    outer loop
      vertex -141 6 97.8832
      vertex -144 6 105.389
      vertex -141 6 105.389
    endloop
  endfacet
  facet normal 0 1 0
    outer loop
      vertex -141 6 97.8832
      vertex -144 6 97.8832
      vertex -144 6 105.389
    endloop
  endfacet
  facet normal 0 1 0
    outer loop
      vertex -141 6 97.8832
      vertex -142.5 6 95.2856
      vertex -144 6 97.8832
    endloop
  endfacet
  facet normal 0 1 0
    outer loop
      vertex -134.5 6 94.1304
      vertex -142.5 6 95.2856
      vertex -141 6 97.8832
    endloop
  endfacet
  facet normal 0 1 0
    outer loop
      vertex -136 6 91.5328
      vertex -134.5 6 94.1304
      vertex -133 6 91.5328
    endloop
  endfacet
  facet normal 0 1 0
    outer loop
      vertex -134.5 6 94.1304
      vertex -136 6 91.5328
      vertex -142.5 6 95.2856
    endloop
  endfacet
  facet normal 0 1 -0
    outer loop
      vertex -133 6 84.0272
      vertex -136 6 91.5328
      vertex -133 6 91.5328
    endloop
  endfacet
  facet normal 0 1 0
    outer loop
      vertex -133 6 84.0272
      vertex -136 6 84.0272
      vertex -136 6 91.5328
    endloop
  endfacet
  facet normal 0 1 0
    outer loop
      vertex -133 6 84.0272
      vertex -134.5 6 81.4296
      vertex -136 6 84.0272
    endloop
  endfacet
  facet normal 0 1 0
    outer loop
      vertex -126.5 6 80.2744
      vertex -134.5 6 81.4296
      vertex -133 6 84.0272
    endloop
  endfacet
  facet normal 0 1 0
    outer loop
      vertex -128 6 77.6768
      vertex -126.5 6 80.2744
      vertex -125 6 77.6768
    endloop
  endfacet
  facet normal 0 1 0
    outer loop
      vertex -126.5 6 80.2744
      vertex -128 6 77.6768
      vertex -134.5 6 81.4296
    endloop
  endfacet
  facet normal 0 1 -0
    outer loop
      vertex -125 6 70.1712
      vertex -128 6 77.6768
      vertex -125 6 77.6768
    endloop
  endfacet
  facet normal 0 1 0
    outer loop
      vertex -125 6 70.1712
      vertex -128 6 70.1712
      vertex -128 6 77.6768
    endloop
  endfacet
  facet normal 0 1 0
    outer loop
      vertex -125 6 70.1712
      vertex -126.5 6 67.5736
      vertex -128 6 70.1712
    endloop
  endfacet
  facet normal 0 1 0
    outer loop
      vertex -118.5 6 66.4184
      vertex -126.5 6 67.5736
      vertex -125 6 70.1712
    endloop
  endfacet
  facet normal 0 1 0
    outer loop
      vertex -120 6 63.8208
      vertex -118.5 6 66.4184
      vertex -117 6 63.8208
    endloop
  endfacet
  facet normal 0 1 0
    outer loop
      vertex -118.5 6 66.4184
      vertex -120 6 63.8208
      vertex -126.5 6 67.5736
    endloop
  endfacet
  facet normal 0 1 -0
    outer loop
      vertex -117 6 56.3152
      vertex -120 6 63.8208
      vertex -117 6 63.8208
    endloop
  endfacet
  facet normal 0 1 0
    outer loop
      vertex -117 6 56.3152
      vertex -120 6 56.3152
      vertex -120 6 63.8208
    endloop
  endfacet
  facet normal 0 1 0
    outer loop
      vertex -117 6 56.3152
      vertex -118.5 6 53.7176
      vertex -120 6 56.3152
    endloop
  endfacet
  facet normal 0 1 0
    outer loop
      vertex -110.5 6 52.5624
      vertex -118.5 6 53.7176
      vertex -117 6 56.3152
    endloop
  endfacet
  facet normal 0 1 0
    outer loop
      vertex -112 6 49.9648
      vertex -110.5 6 52.5624
      vertex -109 6 49.9648
    endloop
  endfacet
  facet normal 0 1 0
    outer loop
      vertex -110.5 6 52.5624
      vertex -112 6 49.9648
      vertex -118.5 6 53.7176
    endloop
  endfacet
  facet normal 0 1 -0
    outer loop
      vertex -109 6 42.4592
      vertex -112 6 49.9648
      vertex -109 6 49.9648
    endloop
  endfacet
  facet normal 0 1 0
    outer loop
      vertex -109 6 42.4592
      vertex -112 6 42.4592
      vertex -112 6 49.9648
    endloop
  endfacet
  facet normal 0 1 0
    outer loop
      vertex -109 6 42.4592
      vertex -110.5 6 39.8616
      vertex -112 6 42.4592
    endloop
  endfacet
  facet normal 0 1 0
    outer loop
      vertex -102.5 6 38.7064
      vertex -110.5 6 39.8616
      vertex -109 6 42.4592
    endloop
  endfacet
  facet normal 0 1 0
    outer loop
      vertex -104 6 36.1088
      vertex -102.5 6 38.7064
      vertex -101 6 36.1088
    endloop
  endfacet
  facet normal 0 1 0
    outer loop
      vertex -102.5 6 38.7064
      vertex -104 6 36.1088
      vertex -110.5 6 39.8616
    endloop
  endfacet
  facet normal 0 1 -0
    outer loop
      vertex -101 6 28.6032
      vertex -104 6 36.1088
      vertex -101 6 36.1088
    endloop
  endfacet
  facet normal 0 1 0
    outer loop
      vertex -101 6 28.6032
      vertex -104 6 28.6032
      vertex -104 6 36.1088
    endloop
  endfacet
  facet normal 0 1 0
    outer loop
      vertex -101 6 28.6032
      vertex -102.5 6 26.0056
      vertex -104 6 28.6032
    endloop
  endfacet
  facet normal 0 1 0
    outer loop
      vertex -94.5 6 24.8504
      vertex -102.5 6 26.0056
      vertex -101 6 28.6032
    endloop
  endfacet
  facet normal 0 1 0
    outer loop
      vertex -96 6 22.2528
      vertex -94.5 6 24.8504
      vertex -93 6 22.2528
    endloop
  endfacet
  facet normal 0 1 0
    outer loop
      vertex -94.5 6 24.8504
      vertex -96 6 22.2528
      vertex -102.5 6 26.0056
    endloop
  endfacet
  facet normal 0 1 -0
    outer loop
      vertex -93 6 14.7472
      vertex -96 6 22.2528
      vertex -93 6 22.2528
    endloop
  endfacet
  facet normal 0 1 0
    outer loop
      vertex -93 6 14.7472
      vertex -96 6 14.7472
      vertex -96 6 22.2528
    endloop
  endfacet
  facet normal 0 1 0
    outer loop
      vertex -86.5 6 10.9944
      vertex -96 6 14.7472
      vertex -93 6 14.7472
    endloop
  endfacet
  facet normal 0 1 0
    outer loop
      vertex -96 6 14.7472
      vertex -86.5 6 10.9944
      vertex -102.5 6 10.9944
    endloop
  endfacet
  facet normal 0 1 -0
    outer loop
      vertex -149 6 146.957
      vertex -158.5 6 150.71
      vertex -142.5 6 150.71
    endloop
  endfacet
  facet normal 0 1 0
    outer loop
      vertex -149 6 146.957
      vertex -152 6 146.957
      vertex -158.5 6 150.71
    endloop
  endfacet
  facet normal 0 1 -0
    outer loop
      vertex -149 6 139.451
      vertex -152 6 146.957
      vertex -149 6 146.957
    endloop
  endfacet
  facet normal 0 1 0
    outer loop
      vertex -149 6 139.451
      vertex -152 6 139.451
      vertex -152 6 146.957
    endloop
  endfacet
  facet normal 0 1 0
    outer loop
      vertex -149 6 139.451
      vertex -150.5 6 136.854
      vertex -152 6 139.451
    endloop
  endfacet
  facet normal 0 1 0
    outer loop
      vertex -142.5 6 135.698
      vertex -150.5 6 136.854
      vertex -149 6 139.451
    endloop
  endfacet
  facet normal 0 1 0
    outer loop
      vertex -144 6 133.101
      vertex -142.5 6 135.698
      vertex -141 6 133.101
    endloop
  endfacet
  facet normal 0 1 0
    outer loop
      vertex -142.5 6 135.698
      vertex -144 6 133.101
      vertex -150.5 6 136.854
    endloop
  endfacet
  facet normal 0 1 -0
    outer loop
      vertex -141 6 125.595
      vertex -144 6 133.101
      vertex -141 6 133.101
    endloop
  endfacet
  facet normal 0 1 0
    outer loop
      vertex -141 6 125.595
      vertex -144 6 125.595
      vertex -144 6 133.101
    endloop
  endfacet
  facet normal 0 1 0
    outer loop
      vertex -141 6 125.595
      vertex -142.5 6 122.998
      vertex -144 6 125.595
    endloop
  endfacet
  facet normal 0 1 0
    outer loop
      vertex -134.5 6 121.842
      vertex -142.5 6 122.998
      vertex -141 6 125.595
    endloop
  endfacet
  facet normal 0 1 0
    outer loop
      vertex -136 6 119.245
      vertex -134.5 6 121.842
      vertex -133 6 119.245
    endloop
  endfacet
  facet normal 0 1 0
    outer loop
      vertex -134.5 6 121.842
      vertex -136 6 119.245
      vertex -142.5 6 122.998
    endloop
  endfacet
  facet normal 0 1 -0
    outer loop
      vertex -133 6 111.739
      vertex -136 6 119.245
      vertex -133 6 119.245
    endloop
  endfacet
  facet normal 0 1 0
    outer loop
      vertex -133 6 111.739
      vertex -136 6 111.739
      vertex -136 6 119.245
    endloop
  endfacet
  facet normal 0 1 0
    outer loop
      vertex -133 6 111.739
      vertex -134.5 6 109.142
      vertex -136 6 111.739
    endloop
  endfacet
  facet normal 0 1 0
    outer loop
      vertex -126.5 6 107.986
      vertex -134.5 6 109.142
      vertex -133 6 111.739
    endloop
  endfacet
  facet normal 0 1 0
    outer loop
      vertex -128 6 105.389
      vertex -126.5 6 107.986
      vertex -125 6 105.389
    endloop
  endfacet
  facet normal 0 1 0
    outer loop
      vertex -126.5 6 107.986
      vertex -128 6 105.389
      vertex -134.5 6 109.142
    endloop
  endfacet
  facet normal 0 1 -0
    outer loop
      vertex -125 6 97.8832
      vertex -128 6 105.389
      vertex -125 6 105.389
    endloop
  endfacet
  facet normal 0 1 0
    outer loop
      vertex -125 6 97.8832
      vertex -128 6 97.8832
      vertex -128 6 105.389
    endloop
  endfacet
  facet normal 0 1 0
    outer loop
      vertex -125 6 97.8832
      vertex -126.5 6 95.2856
      vertex -128 6 97.8832
    endloop
  endfacet
  facet normal 0 1 0
    outer loop
      vertex -118.5 6 94.1304
      vertex -126.5 6 95.2856
      vertex -125 6 97.8832
    endloop
  endfacet
  facet normal 0 1 0
    outer loop
      vertex -120 6 91.5328
      vertex -118.5 6 94.1304
      vertex -117 6 91.5328
    endloop
  endfacet
  facet normal 0 1 0
    outer loop
      vertex -118.5 6 94.1304
      vertex -120 6 91.5328
      vertex -126.5 6 95.2856
    endloop
  endfacet
  facet normal 0 1 -0
    outer loop
      vertex -117 6 84.0272
      vertex -120 6 91.5328
      vertex -117 6 91.5328
    endloop
  endfacet
  facet normal 0 1 0
    outer loop
      vertex -117 6 84.0272
      vertex -120 6 84.0272
      vertex -120 6 91.5328
    endloop
  endfacet
  facet normal 0 1 0
    outer loop
      vertex -117 6 84.0272
      vertex -118.5 6 81.4296
      vertex -120 6 84.0272
    endloop
  endfacet
  facet normal 0 1 0
    outer loop
      vertex -110.5 6 80.2744
      vertex -118.5 6 81.4296
      vertex -117 6 84.0272
    endloop
  endfacet
  facet normal 0 1 0
    outer loop
      vertex -112 6 77.6768
      vertex -110.5 6 80.2744
      vertex -109 6 77.6768
    endloop
  endfacet
  facet normal 0 1 0
    outer loop
      vertex -110.5 6 80.2744
      vertex -112 6 77.6768
      vertex -118.5 6 81.4296
    endloop
  endfacet
  facet normal 0 1 -0
    outer loop
      vertex -109 6 70.1712
      vertex -112 6 77.6768
      vertex -109 6 77.6768
    endloop
  endfacet
  facet normal 0 1 0
    outer loop
      vertex -109 6 70.1712
      vertex -112 6 70.1712
      vertex -112 6 77.6768
    endloop
  endfacet
  facet normal 0 1 0
    outer loop
      vertex -109 6 70.1712
      vertex -110.5 6 67.5736
      vertex -112 6 70.1712
    endloop
  endfacet
  facet normal 0 1 0
    outer loop
      vertex -102.5 6 66.4184
      vertex -110.5 6 67.5736
      vertex -109 6 70.1712
    endloop
  endfacet
  facet normal 0 1 0
    outer loop
      vertex -104 6 63.8208
      vertex -102.5 6 66.4184
      vertex -101 6 63.8208
    endloop
  endfacet
  facet normal 0 1 0
    outer loop
      vertex -102.5 6 66.4184
      vertex -104 6 63.8208
      vertex -110.5 6 67.5736
    endloop
  endfacet
  facet normal 0 1 -0
    outer loop
      vertex -101 6 56.3152
      vertex -104 6 63.8208
      vertex -101 6 63.8208
    endloop
  endfacet
  facet normal 0 1 0
    outer loop
      vertex -101 6 56.3152
      vertex -104 6 56.3152
      vertex -104 6 63.8208
    endloop
  endfacet
  facet normal 0 1 0
    outer loop
      vertex -101 6 56.3152
      vertex -102.5 6 53.7176
      vertex -104 6 56.3152
    endloop
  endfacet
  facet normal 0 1 0
    outer loop
      vertex -94.5 6 52.5624
      vertex -102.5 6 53.7176
      vertex -101 6 56.3152
    endloop
  endfacet
  facet normal 0 1 0
    outer loop
      vertex -96 6 49.9648
      vertex -94.5 6 52.5624
      vertex -93 6 49.9648
    endloop
  endfacet
  facet normal 0 1 0
    outer loop
      vertex -94.5 6 52.5624
      vertex -96 6 49.9648
      vertex -102.5 6 53.7176
    endloop
  endfacet
  facet normal 0 1 -0
    outer loop
      vertex -93 6 42.4592
      vertex -96 6 49.9648
      vertex -93 6 49.9648
    endloop
  endfacet
  facet normal 0 1 0
    outer loop
      vertex -93 6 42.4592
      vertex -96 6 42.4592
      vertex -96 6 49.9648
    endloop
  endfacet
  facet normal 0 1 0
    outer loop
      vertex -93 6 42.4592
      vertex -94.5 6 39.8616
      vertex -96 6 42.4592
    endloop
  endfacet
  facet normal 0 1 0
    outer loop
      vertex -86.5 6 38.7064
      vertex -94.5 6 39.8616
      vertex -93 6 42.4592
    endloop
  endfacet
  facet normal 0 1 0
    outer loop
      vertex -88 6 36.1088
      vertex -86.5 6 38.7064
      vertex -85 6 36.1088
    endloop
  endfacet
  facet normal 0 1 0
    outer loop
      vertex -86.5 6 38.7064
      vertex -88 6 36.1088
      vertex -94.5 6 39.8616
    endloop
  endfacet
  facet normal 0 1 -0
    outer loop
      vertex -85 6 28.6032
      vertex -88 6 36.1088
      vertex -85 6 36.1088
    endloop
  endfacet
  facet normal 0 1 0
    outer loop
      vertex -85 6 28.6032
      vertex -88 6 28.6032
      vertex -88 6 36.1088
    endloop
  endfacet
  facet normal 0 1 0
    outer loop
      vertex -85 6 28.6032
      vertex -86.5 6 26.0056
      vertex -88 6 28.6032
    endloop
  endfacet
  facet normal 0 1 0
    outer loop
      vertex -78.5 6 24.8504
      vertex -86.5 6 26.0056
      vertex -85 6 28.6032
    endloop
  endfacet
  facet normal 0 1 0
    outer loop
      vertex -80 6 22.2528
      vertex -78.5 6 24.8504
      vertex -77 6 22.2528
    endloop
  endfacet
  facet normal 0 1 0
    outer loop
      vertex -78.5 6 24.8504
      vertex -80 6 22.2528
      vertex -86.5 6 26.0056
    endloop
  endfacet
  facet normal 0 1 -0
    outer loop
      vertex -77 6 14.7472
      vertex -80 6 22.2528
      vertex -77 6 22.2528
    endloop
  endfacet
  facet normal 0 1 0
    outer loop
      vertex -77 6 14.7472
      vertex -80 6 14.7472
      vertex -80 6 22.2528
    endloop
  endfacet
  facet normal 0 1 0
    outer loop
      vertex -70.5 6 10.9944
      vertex -80 6 14.7472
      vertex -77 6 14.7472
    endloop
  endfacet
  facet normal 0 1 0
    outer loop
      vertex -80 6 14.7472
      vertex -70.5 6 10.9944
      vertex -86.5 6 10.9944
    endloop
  endfacet
  facet normal 0 1 -0
    outer loop
      vertex -133 6 146.957
      vertex -142.5 6 150.71
      vertex -126.5 6 150.71
    endloop
  endfacet
  facet normal 0 1 0
    outer loop
      vertex -133 6 146.957
      vertex -136 6 146.957
      vertex -142.5 6 150.71
    endloop
  endfacet
  facet normal 0 1 -0
    outer loop
      vertex -133 6 139.451
      vertex -136 6 146.957
      vertex -133 6 146.957
    endloop
  endfacet
  facet normal 0 1 0
    outer loop
      vertex -133 6 139.451
      vertex -136 6 139.451
      vertex -136 6 146.957
    endloop
  endfacet
  facet normal 0 1 0
    outer loop
      vertex -133 6 139.451
      vertex -134.5 6 136.854
      vertex -136 6 139.451
    endloop
  endfacet
  facet normal 0 1 0
    outer loop
      vertex -126.5 6 135.698
      vertex -134.5 6 136.854
      vertex -133 6 139.451
    endloop
  endfacet
  facet normal 0 1 0
    outer loop
      vertex -128 6 133.101
      vertex -126.5 6 135.698
      vertex -125 6 133.101
    endloop
  endfacet
  facet normal 0 1 0
    outer loop
      vertex -126.5 6 135.698
      vertex -128 6 133.101
      vertex -134.5 6 136.854
    endloop
  endfacet
  facet normal 0 1 -0
    outer loop
      vertex -125 6 125.595
      vertex -128 6 133.101
      vertex -125 6 133.101
    endloop
  endfacet
  facet normal 0 1 0
    outer loop
      vertex -125 6 125.595
      vertex -128 6 125.595
      vertex -128 6 133.101
    endloop
  endfacet
  facet normal 0 1 0
    outer loop
      vertex -125 6 125.595
      vertex -126.5 6 122.998
      vertex -128 6 125.595
    endloop
  endfacet
  facet normal 0 1 0
    outer loop
      vertex -118.5 6 121.842
      vertex -126.5 6 122.998
      vertex -125 6 125.595
    endloop
  endfacet
  facet normal 0 1 0
    outer loop
      vertex -120 6 119.245
      vertex -118.5 6 121.842
      vertex -117 6 119.245
    endloop
  endfacet
  facet normal 0 1 0
    outer loop
      vertex -118.5 6 121.842
      vertex -120 6 119.245
      vertex -126.5 6 122.998
    endloop
  endfacet
  facet normal 0 1 -0
    outer loop
      vertex -117 6 111.739
      vertex -120 6 119.245
      vertex -117 6 119.245
    endloop
  endfacet
  facet normal 0 1 0
    outer loop
      vertex -117 6 111.739
      vertex -120 6 111.739
      vertex -120 6 119.245
    endloop
  endfacet
  facet normal 0 1 0
    outer loop
      vertex -117 6 111.739
      vertex -118.5 6 109.142
      vertex -120 6 111.739
    endloop
  endfacet
  facet normal 0 1 0
    outer loop
      vertex -110.5 6 107.986
      vertex -118.5 6 109.142
      vertex -117 6 111.739
    endloop
  endfacet
  facet normal 0 1 0
    outer loop
      vertex -112 6 105.389
      vertex -110.5 6 107.986
      vertex -109 6 105.389
    endloop
  endfacet
  facet normal 0 1 0
    outer loop
      vertex -110.5 6 107.986
      vertex -112 6 105.389
      vertex -118.5 6 109.142
    endloop
  endfacet
  facet normal 0 1 -0
    outer loop
      vertex -109 6 97.8832
      vertex -112 6 105.389
      vertex -109 6 105.389
    endloop
  endfacet
  facet normal 0 1 0
    outer loop
      vertex -109 6 97.8832
      vertex -112 6 97.8832
      vertex -112 6 105.389
    endloop
  endfacet
  facet normal 0 1 0
    outer loop
      vertex -109 6 97.8832
      vertex -110.5 6 95.2856
      vertex -112 6 97.8832
    endloop
  endfacet
  facet normal 0 1 0
    outer loop
      vertex -102.5 6 94.1304
      vertex -110.5 6 95.2856
      vertex -109 6 97.8832
    endloop
  endfacet
  facet normal 0 1 0
    outer loop
      vertex -104 6 91.5328
      vertex -102.5 6 94.1304
      vertex -101 6 91.5328
    endloop
  endfacet
  facet normal 0 1 0
    outer loop
      vertex -102.5 6 94.1304
      vertex -104 6 91.5328
      vertex -110.5 6 95.2856
    endloop
  endfacet
  facet normal 0 1 -0
    outer loop
      vertex -101 6 84.0272
      vertex -104 6 91.5328
      vertex -101 6 91.5328
    endloop
  endfacet
  facet normal 0 1 0
    outer loop
      vertex -101 6 84.0272
      vertex -104 6 84.0272
      vertex -104 6 91.5328
    endloop
  endfacet
  facet normal 0 1 0
    outer loop
      vertex -101 6 84.0272
      vertex -102.5 6 81.4296
      vertex -104 6 84.0272
    endloop
  endfacet
  facet normal 0 1 0
    outer loop
      vertex -94.5 6 80.2744
      vertex -102.5 6 81.4296
      vertex -101 6 84.0272
    endloop
  endfacet
  facet normal 0 1 0
    outer loop
      vertex -96 6 77.6768
      vertex -94.5 6 80.2744
      vertex -93 6 77.6768
    endloop
  endfacet
  facet normal 0 1 0
    outer loop
      vertex -94.5 6 80.2744
      vertex -96 6 77.6768
      vertex -102.5 6 81.4296
    endloop
  endfacet
  facet normal 0 1 -0
    outer loop
      vertex -93 6 70.1712
      vertex -96 6 77.6768
      vertex -93 6 77.6768
    endloop
  endfacet
  facet normal 0 1 0
    outer loop
      vertex -93 6 70.1712
      vertex -96 6 70.1712
      vertex -96 6 77.6768
    endloop
  endfacet
  facet normal 0 1 0
    outer loop
      vertex -93 6 70.1712
      vertex -94.5 6 67.5736
      vertex -96 6 70.1712
    endloop
  endfacet
  facet normal 0 1 0
    outer loop
      vertex -86.5 6 66.4184
      vertex -94.5 6 67.5736
      vertex -93 6 70.1712
    endloop
  endfacet
  facet normal 0 1 0
    outer loop
      vertex -88 6 63.8208
      vertex -86.5 6 66.4184
      vertex -85 6 63.8208
    endloop
  endfacet
  facet normal 0 1 0
    outer loop
      vertex -86.5 6 66.4184
      vertex -88 6 63.8208
      vertex -94.5 6 67.5736
    endloop
  endfacet
  facet normal 0 1 -0
    outer loop
      vertex -85 6 56.3152
      vertex -88 6 63.8208
      vertex -85 6 63.8208
    endloop
  endfacet
  facet normal 0 1 0
    outer loop
      vertex -85 6 56.3152
      vertex -88 6 56.3152
      vertex -88 6 63.8208
    endloop
  endfacet
  facet normal 0 1 0
    outer loop
      vertex -85 6 56.3152
      vertex -86.5 6 53.7176
      vertex -88 6 56.3152
    endloop
  endfacet
  facet normal 0 1 0
    outer loop
      vertex -78.5 6 52.5624
      vertex -86.5 6 53.7176
      vertex -85 6 56.3152
    endloop
  endfacet
  facet normal 0 1 0
    outer loop
      vertex -80 6 49.9648
      vertex -78.5 6 52.5624
      vertex -77 6 49.9648
    endloop
  endfacet
  facet normal 0 1 0
    outer loop
      vertex -78.5 6 52.5624
      vertex -80 6 49.9648
      vertex -86.5 6 53.7176
    endloop
  endfacet
  facet normal 0 1 -0
    outer loop
      vertex -77 6 42.4592
      vertex -80 6 49.9648
      vertex -77 6 49.9648
    endloop
  endfacet
  facet normal 0 1 0
    outer loop
      vertex -77 6 42.4592
      vertex -80 6 42.4592
      vertex -80 6 49.9648
    endloop
  endfacet
  facet normal 0 1 0
    outer loop
      vertex -77 6 42.4592
      vertex -78.5 6 39.8616
      vertex -80 6 42.4592
    endloop
  endfacet
  facet normal 0 1 0
    outer loop
      vertex -70.5 6 38.7064
      vertex -78.5 6 39.8616
      vertex -77 6 42.4592
    endloop
  endfacet
  facet normal 0 1 0
    outer loop
      vertex -72 6 36.1088
      vertex -70.5 6 38.7064
      vertex -69 6 36.1088
    endloop
  endfacet
  facet normal 0 1 0
    outer loop
      vertex -70.5 6 38.7064
      vertex -72 6 36.1088
      vertex -78.5 6 39.8616
    endloop
  endfacet
  facet normal 0 1 -0
    outer loop
      vertex -69 6 28.6032
      vertex -72 6 36.1088
      vertex -69 6 36.1088
    endloop
  endfacet
  facet normal 0 1 0
    outer loop
      vertex -69 6 28.6032
      vertex -72 6 28.6032
      vertex -72 6 36.1088
    endloop
  endfacet
  facet normal 0 1 0
    outer loop
      vertex -69 6 28.6032
      vertex -70.5 6 26.0056
      vertex -72 6 28.6032
    endloop
  endfacet
  facet normal 0 1 0
    outer loop
      vertex -62.5 6 24.8504
      vertex -70.5 6 26.0056
      vertex -69 6 28.6032
    endloop
  endfacet
  facet normal 0 1 0
    outer loop
      vertex -64 6 22.2528
      vertex -62.5 6 24.8504
      vertex -61 6 22.2528
    endloop
  endfacet
  facet normal 0 1 0
    outer loop
      vertex -62.5 6 24.8504
      vertex -64 6 22.2528
      vertex -70.5 6 26.0056
    endloop
  endfacet
  facet normal 0 1 -0
    outer loop
      vertex -61 6 14.7472
      vertex -64 6 22.2528
      vertex -61 6 22.2528
    endloop
  endfacet
  facet normal 0 1 0
    outer loop
      vertex -61 6 14.7472
      vertex -64 6 14.7472
      vertex -64 6 22.2528
    endloop
  endfacet
  facet normal 0 1 0
    outer loop
      vertex -54.5 6 10.9944
      vertex -64 6 14.7472
      vertex -61 6 14.7472
    endloop
  endfacet
  facet normal 0 1 0
    outer loop
      vertex -64 6 14.7472
      vertex -54.5 6 10.9944
      vertex -70.5 6 10.9944
    endloop
  endfacet
  facet normal 0 1 -0
    outer loop
      vertex -117 6 146.957
      vertex -126.5 6 150.71
      vertex -110.5 6 150.71
    endloop
  endfacet
  facet normal 0 1 0
    outer loop
      vertex -117 6 146.957
      vertex -120 6 146.957
      vertex -126.5 6 150.71
    endloop
  endfacet
  facet normal 0 1 -0
    outer loop
      vertex -117 6 139.451
      vertex -120 6 146.957
      vertex -117 6 146.957
    endloop
  endfacet
  facet normal 0 1 0
    outer loop
      vertex -117 6 139.451
      vertex -120 6 139.451
      vertex -120 6 146.957
    endloop
  endfacet
  facet normal 0 1 0
    outer loop
      vertex -117 6 139.451
      vertex -118.5 6 136.854
      vertex -120 6 139.451
    endloop
  endfacet
  facet normal 0 1 0
    outer loop
      vertex -110.5 6 135.698
      vertex -118.5 6 136.854
      vertex -117 6 139.451
    endloop
  endfacet
  facet normal 0 1 0
    outer loop
      vertex -112 6 133.101
      vertex -110.5 6 135.698
      vertex -109 6 133.101
    endloop
  endfacet
  facet normal 0 1 0
    outer loop
      vertex -110.5 6 135.698
      vertex -112 6 133.101
      vertex -118.5 6 136.854
    endloop
  endfacet
  facet normal 0 1 -0
    outer loop
      vertex -109 6 125.595
      vertex -112 6 133.101
      vertex -109 6 133.101
    endloop
  endfacet
  facet normal 0 1 0
    outer loop
      vertex -109 6 125.595
      vertex -112 6 125.595
      vertex -112 6 133.101
    endloop
  endfacet
  facet normal 0 1 0
    outer loop
      vertex -109 6 125.595
      vertex -110.5 6 122.998
      vertex -112 6 125.595
    endloop
  endfacet
  facet normal 0 1 0
    outer loop
      vertex -102.5 6 121.842
      vertex -110.5 6 122.998
      vertex -109 6 125.595
    endloop
  endfacet
  facet normal 0 1 0
    outer loop
      vertex -104 6 119.245
      vertex -102.5 6 121.842
      vertex -101 6 119.245
    endloop
  endfacet
  facet normal 0 1 0
    outer loop
      vertex -102.5 6 121.842
      vertex -104 6 119.245
      vertex -110.5 6 122.998
    endloop
  endfacet
  facet normal 0 1 -0
    outer loop
      vertex -101 6 111.739
      vertex -104 6 119.245
      vertex -101 6 119.245
    endloop
  endfacet
  facet normal 0 1 0
    outer loop
      vertex -101 6 111.739
      vertex -104 6 111.739
      vertex -104 6 119.245
    endloop
  endfacet
  facet normal 0 1 0
    outer loop
      vertex -101 6 111.739
      vertex -102.5 6 109.142
      vertex -104 6 111.739
    endloop
  endfacet
  facet normal 0 1 0
    outer loop
      vertex -94.5 6 107.986
      vertex -102.5 6 109.142
      vertex -101 6 111.739
    endloop
  endfacet
  facet normal 0 1 0
    outer loop
      vertex -96 6 105.389
      vertex -94.5 6 107.986
      vertex -93 6 105.389
    endloop
  endfacet
  facet normal 0 1 0
    outer loop
      vertex -94.5 6 107.986
      vertex -96 6 105.389
      vertex -102.5 6 109.142
    endloop
  endfacet
  facet normal 0 1 -0
    outer loop
      vertex -93 6 97.8832
      vertex -96 6 105.389
      vertex -93 6 105.389
    endloop
  endfacet
  facet normal 0 1 0
    outer loop
      vertex -93 6 97.8832
      vertex -96 6 97.8832
      vertex -96 6 105.389
    endloop
  endfacet
  facet normal 0 1 0
    outer loop
      vertex -93 6 97.8832
      vertex -94.5 6 95.2856
      vertex -96 6 97.8832
    endloop
  endfacet
  facet normal 0 1 0
    outer loop
      vertex -86.5 6 94.1304
      vertex -94.5 6 95.2856
      vertex -93 6 97.8832
    endloop
  endfacet
  facet normal 0 1 0
    outer loop
      vertex -88 6 91.5328
      vertex -86.5 6 94.1304
      vertex -85 6 91.5328
    endloop
  endfacet
  facet normal 0 1 0
    outer loop
      vertex -86.5 6 94.1304
      vertex -88 6 91.5328
      vertex -94.5 6 95.2856
    endloop
  endfacet
  facet normal 0 1 -0
    outer loop
      vertex -85 6 84.0272
      vertex -88 6 91.5328
      vertex -85 6 91.5328
    endloop
  endfacet
  facet normal 0 1 0
    outer loop
      vertex -85 6 84.0272
      vertex -88 6 84.0272
      vertex -88 6 91.5328
    endloop
  endfacet
  facet normal 0 1 0
    outer loop
      vertex -85 6 84.0272
      vertex -86.5 6 81.4296
      vertex -88 6 84.0272
    endloop
  endfacet
  facet normal 0 1 0
    outer loop
      vertex -78.5 6 80.2744
      vertex -86.5 6 81.4296
      vertex -85 6 84.0272
    endloop
  endfacet
  facet normal 0 1 0
    outer loop
      vertex -80 6 77.6768
      vertex -78.5 6 80.2744
      vertex -77 6 77.6768
    endloop
  endfacet
  facet normal 0 1 0
    outer loop
      vertex -78.5 6 80.2744
      vertex -80 6 77.6768
      vertex -86.5 6 81.4296
    endloop
  endfacet
  facet normal 0 1 -0
    outer loop
      vertex -77 6 70.1712
      vertex -80 6 77.6768
      vertex -77 6 77.6768
    endloop
  endfacet
  facet normal 0 1 0
    outer loop
      vertex -77 6 70.1712
      vertex -80 6 70.1712
      vertex -80 6 77.6768
    endloop
  endfacet
  facet normal 0 1 0
    outer loop
      vertex -77 6 70.1712
      vertex -78.5 6 67.5736
      vertex -80 6 70.1712
    endloop
  endfacet
  facet normal 0 1 0
    outer loop
      vertex -70.5 6 66.4184
      vertex -78.5 6 67.5736
      vertex -77 6 70.1712
    endloop
  endfacet
  facet normal 0 1 0
    outer loop
      vertex -72 6 63.8208
      vertex -70.5 6 66.4184
      vertex -69 6 63.8208
    endloop
  endfacet
  facet normal 0 1 0
    outer loop
      vertex -70.5 6 66.4184
      vertex -72 6 63.8208
      vertex -78.5 6 67.5736
    endloop
  endfacet
  facet normal 0 1 -0
    outer loop
      vertex -69 6 56.3152
      vertex -72 6 63.8208
      vertex -69 6 63.8208
    endloop
  endfacet
  facet normal 0 1 0
    outer loop
      vertex -69 6 56.3152
      vertex -72 6 56.3152
      vertex -72 6 63.8208
    endloop
  endfacet
  facet normal 0 1 0
    outer loop
      vertex -69 6 56.3152
      vertex -70.5 6 53.7176
      vertex -72 6 56.3152
    endloop
  endfacet
  facet normal 0 1 0
    outer loop
      vertex -62.5 6 52.5624
      vertex -70.5 6 53.7176
      vertex -69 6 56.3152
    endloop
  endfacet
  facet normal 0 1 0
    outer loop
      vertex -64 6 49.9648
      vertex -62.5 6 52.5624
      vertex -61 6 49.9648
    endloop
  endfacet
  facet normal 0 1 0
    outer loop
      vertex -62.5 6 52.5624
      vertex -64 6 49.9648
      vertex -70.5 6 53.7176
    endloop
  endfacet
  facet normal 0 1 -0
    outer loop
      vertex -61 6 42.4592
      vertex -64 6 49.9648
      vertex -61 6 49.9648
    endloop
  endfacet
  facet normal 0 1 0
    outer loop
      vertex -61 6 42.4592
      vertex -64 6 42.4592
      vertex -64 6 49.9648
    endloop
  endfacet
  facet normal 0 1 0
    outer loop
      vertex -61 6 42.4592
      vertex -62.5 6 39.8616
      vertex -64 6 42.4592
    endloop
  endfacet
  facet normal 0 1 0
    outer loop
      vertex -54.5 6 38.7064
      vertex -62.5 6 39.8616
      vertex -61 6 42.4592
    endloop
  endfacet
  facet normal 0 1 0
    outer loop
      vertex -56 6 36.1088
      vertex -54.5 6 38.7064
      vertex -53 6 36.1088
    endloop
  endfacet
  facet normal 0 1 0
    outer loop
      vertex -54.5 6 38.7064
      vertex -56 6 36.1088
      vertex -62.5 6 39.8616
    endloop
  endfacet
  facet normal 0 1 -0
    outer loop
      vertex -53 6 28.6032
      vertex -56 6 36.1088
      vertex -53 6 36.1088
    endloop
  endfacet
  facet normal 0 1 0
    outer loop
      vertex -53 6 28.6032
      vertex -56 6 28.6032
      vertex -56 6 36.1088
    endloop
  endfacet
  facet normal 0 1 0
    outer loop
      vertex -53 6 28.6032
      vertex -54.5 6 26.0056
      vertex -56 6 28.6032
    endloop
  endfacet
  facet normal 0 1 0
    outer loop
      vertex -46.5 6 24.8504
      vertex -54.5 6 26.0056
      vertex -53 6 28.6032
    endloop
  endfacet
  facet normal 0 1 0
    outer loop
      vertex -54.5 6 26.0056
      vertex -46.5 6 24.8504
      vertex -48 6 22.2528
    endloop
  endfacet
  facet normal 0 1 -0
    outer loop
      vertex -101 6 146.957
      vertex -110.5 6 150.71
      vertex -94.5 6 150.71
    endloop
  endfacet
  facet normal 0 1 0
    outer loop
      vertex -101 6 146.957
      vertex -104 6 146.957
      vertex -110.5 6 150.71
    endloop
  endfacet
  facet normal 0 1 -0
    outer loop
      vertex -101 6 139.451
      vertex -104 6 146.957
      vertex -101 6 146.957
    endloop
  endfacet
  facet normal 0 1 0
    outer loop
      vertex -101 6 139.451
      vertex -104 6 139.451
      vertex -104 6 146.957
    endloop
  endfacet
  facet normal 0 1 0
    outer loop
      vertex -101 6 139.451
      vertex -102.5 6 136.854
      vertex -104 6 139.451
    endloop
  endfacet
  facet normal 0 1 0
    outer loop
      vertex -94.5 6 135.698
      vertex -102.5 6 136.854
      vertex -101 6 139.451
    endloop
  endfacet
  facet normal 0 1 0
    outer loop
      vertex -96 6 133.101
      vertex -94.5 6 135.698
      vertex -93 6 133.101
    endloop
  endfacet
  facet normal 0 1 0
    outer loop
      vertex -94.5 6 135.698
      vertex -96 6 133.101
      vertex -102.5 6 136.854
    endloop
  endfacet
  facet normal 0 1 -0
    outer loop
      vertex -93 6 125.595
      vertex -96 6 133.101
      vertex -93 6 133.101
    endloop
  endfacet
  facet normal 0 1 0
    outer loop
      vertex -93 6 125.595
      vertex -96 6 125.595
      vertex -96 6 133.101
    endloop
  endfacet
  facet normal 0 1 0
    outer loop
      vertex -93 6 125.595
      vertex -94.5 6 122.998
      vertex -96 6 125.595
    endloop
  endfacet
  facet normal 0 1 0
    outer loop
      vertex -86.5 6 121.842
      vertex -94.5 6 122.998
      vertex -93 6 125.595
    endloop
  endfacet
  facet normal 0 1 0
    outer loop
      vertex -88 6 119.245
      vertex -86.5 6 121.842
      vertex -85 6 119.245
    endloop
  endfacet
  facet normal 0 1 0
    outer loop
      vertex -86.5 6 121.842
      vertex -88 6 119.245
      vertex -94.5 6 122.998
    endloop
  endfacet
  facet normal 0 1 -0
    outer loop
      vertex -85 6 111.739
      vertex -88 6 119.245
      vertex -85 6 119.245
    endloop
  endfacet
  facet normal 0 1 0
    outer loop
      vertex -85 6 111.739
      vertex -88 6 111.739
      vertex -88 6 119.245
    endloop
  endfacet
  facet normal 0 1 0
    outer loop
      vertex -85 6 111.739
      vertex -86.5 6 109.142
      vertex -88 6 111.739
    endloop
  endfacet
  facet normal 0 1 0
    outer loop
      vertex -78.5 6 107.986
      vertex -86.5 6 109.142
      vertex -85 6 111.739
    endloop
  endfacet
  facet normal 0 1 0
    outer loop
      vertex -80 6 105.389
      vertex -78.5 6 107.986
      vertex -77 6 105.389
    endloop
  endfacet
  facet normal 0 1 0
    outer loop
      vertex -78.5 6 107.986
      vertex -80 6 105.389
      vertex -86.5 6 109.142
    endloop
  endfacet
  facet normal 0 1 -0
    outer loop
      vertex -77 6 97.8832
      vertex -80 6 105.389
      vertex -77 6 105.389
    endloop
  endfacet
  facet normal 0 1 0
    outer loop
      vertex -77 6 97.8832
      vertex -80 6 97.8832
      vertex -80 6 105.389
    endloop
  endfacet
  facet normal 0 1 0
    outer loop
      vertex -77 6 97.8832
      vertex -78.5 6 95.2856
      vertex -80 6 97.8832
    endloop
  endfacet
  facet normal 0 1 0
    outer loop
      vertex -70.5 6 94.1304
      vertex -78.5 6 95.2856
      vertex -77 6 97.8832
    endloop
  endfacet
  facet normal 0 1 0
    outer loop
      vertex -72 6 91.5328
      vertex -70.5 6 94.1304
      vertex -69 6 91.5328
    endloop
  endfacet
  facet normal 0 1 0
    outer loop
      vertex -70.5 6 94.1304
      vertex -72 6 91.5328
      vertex -78.5 6 95.2856
    endloop
  endfacet
  facet normal 0 1 -0
    outer loop
      vertex -69 6 84.0272
      vertex -72 6 91.5328
      vertex -69 6 91.5328
    endloop
  endfacet
  facet normal 0 1 0
    outer loop
      vertex -69 6 84.0272
      vertex -72 6 84.0272
      vertex -72 6 91.5328
    endloop
  endfacet
  facet normal 0 1 0
    outer loop
      vertex -69 6 84.0272
      vertex -70.5 6 81.4296
      vertex -72 6 84.0272
    endloop
  endfacet
  facet normal 0 1 0
    outer loop
      vertex -62.5 6 80.2744
      vertex -70.5 6 81.4296
      vertex -69 6 84.0272
    endloop
  endfacet
  facet normal 0 1 0
    outer loop
      vertex -64 6 77.6768
      vertex -62.5 6 80.2744
      vertex -61 6 77.6768
    endloop
  endfacet
  facet normal 0 1 0
    outer loop
      vertex -62.5 6 80.2744
      vertex -64 6 77.6768
      vertex -70.5 6 81.4296
    endloop
  endfacet
  facet normal 0 1 -0
    outer loop
      vertex -61 6 70.1712
      vertex -64 6 77.6768
      vertex -61 6 77.6768
    endloop
  endfacet
  facet normal 0 1 0
    outer loop
      vertex -61 6 70.1712
      vertex -64 6 70.1712
      vertex -64 6 77.6768
    endloop
  endfacet
  facet normal 0 1 0
    outer loop
      vertex -61 6 70.1712
      vertex -62.5 6 67.5736
      vertex -64 6 70.1712
    endloop
  endfacet
  facet normal 0 1 0
    outer loop
      vertex -54.5 6 66.4184
      vertex -62.5 6 67.5736
      vertex -61 6 70.1712
    endloop
  endfacet
  facet normal 0 1 0
    outer loop
      vertex -56 6 63.8208
      vertex -54.5 6 66.4184
      vertex -53 6 63.8208
    endloop
  endfacet
  facet normal 0 1 0
    outer loop
      vertex -54.5 6 66.4184
      vertex -56 6 63.8208
      vertex -62.5 6 67.5736
    endloop
  endfacet
  facet normal 0 1 -0
    outer loop
      vertex -53 6 56.3152
      vertex -56 6 63.8208
      vertex -53 6 63.8208
    endloop
  endfacet
  facet normal 0 1 0
    outer loop
      vertex -53 6 56.3152
      vertex -56 6 56.3152
      vertex -56 6 63.8208
    endloop
  endfacet
  facet normal 0 1 0
    outer loop
      vertex -53 6 56.3152
      vertex -54.5 6 53.7176
      vertex -56 6 56.3152
    endloop
  endfacet
  facet normal 0 1 0
    outer loop
      vertex -46.5 6 52.5624
      vertex -54.5 6 53.7176
      vertex -53 6 56.3152
    endloop
  endfacet
  facet normal 0 1 0
    outer loop
      vertex -48 6 49.9648
      vertex -46.5 6 52.5624
      vertex -45 6 49.9648
    endloop
  endfacet
  facet normal 0 1 0
    outer loop
      vertex -46.5 6 52.5624
      vertex -48 6 49.9648
      vertex -54.5 6 53.7176
    endloop
  endfacet
  facet normal 0 1 -0
    outer loop
      vertex -45 6 42.4592
      vertex -48 6 49.9648
      vertex -45 6 49.9648
    endloop
  endfacet
  facet normal 0 1 0
    outer loop
      vertex -45 6 42.4592
      vertex -48 6 42.4592
      vertex -48 6 49.9648
    endloop
  endfacet
  facet normal 0 1 0
    outer loop
      vertex -45 6 42.4592
      vertex -46.5 6 39.8616
      vertex -48 6 42.4592
    endloop
  endfacet
  facet normal 0 1 0
    outer loop
      vertex -38.5 6 38.7064
      vertex -46.5 6 39.8616
      vertex -45 6 42.4592
    endloop
  endfacet
  facet normal 0 1 0
    outer loop
      vertex -46.5 6 39.8616
      vertex -38.5 6 38.7064
      vertex -40 6 36.1088
    endloop
  endfacet
  facet normal 0 1 -0
    outer loop
      vertex -85 6 146.957
      vertex -94.5 6 150.71
      vertex -78.5 6 150.71
    endloop
  endfacet
  facet normal 0 1 0
    outer loop
      vertex -85 6 146.957
      vertex -88 6 146.957
      vertex -94.5 6 150.71
    endloop
  endfacet
  facet normal 0 1 -0
    outer loop
      vertex -85 6 139.451
      vertex -88 6 146.957
      vertex -85 6 146.957
    endloop
  endfacet
  facet normal 0 1 0
    outer loop
      vertex -85 6 139.451
      vertex -88 6 139.451
      vertex -88 6 146.957
    endloop
  endfacet
  facet normal 0 1 0
    outer loop
      vertex -85 6 139.451
      vertex -86.5 6 136.854
      vertex -88 6 139.451
    endloop
  endfacet
  facet normal 0 1 0
    outer loop
      vertex -78.5 6 135.698
      vertex -86.5 6 136.854
      vertex -85 6 139.451
    endloop
  endfacet
  facet normal 0 1 0
    outer loop
      vertex -80 6 133.101
      vertex -78.5 6 135.698
      vertex -77 6 133.101
    endloop
  endfacet
  facet normal 0 1 0
    outer loop
      vertex -78.5 6 135.698
      vertex -80 6 133.101
      vertex -86.5 6 136.854
    endloop
  endfacet
  facet normal 0 1 -0
    outer loop
      vertex -77 6 125.595
      vertex -80 6 133.101
      vertex -77 6 133.101
    endloop
  endfacet
  facet normal 0 1 0
    outer loop
      vertex -77 6 125.595
      vertex -80 6 125.595
      vertex -80 6 133.101
    endloop
  endfacet
  facet normal 0 1 0
    outer loop
      vertex -77 6 125.595
      vertex -78.5 6 122.998
      vertex -80 6 125.595
    endloop
  endfacet
  facet normal 0 1 0
    outer loop
      vertex -70.5 6 121.842
      vertex -78.5 6 122.998
      vertex -77 6 125.595
    endloop
  endfacet
  facet normal 0 1 0
    outer loop
      vertex -72 6 119.245
      vertex -70.5 6 121.842
      vertex -69 6 119.245
    endloop
  endfacet
  facet normal 0 1 0
    outer loop
      vertex -70.5 6 121.842
      vertex -72 6 119.245
      vertex -78.5 6 122.998
    endloop
  endfacet
  facet normal 0 1 -0
    outer loop
      vertex -69 6 111.739
      vertex -72 6 119.245
      vertex -69 6 119.245
    endloop
  endfacet
  facet normal 0 1 0
    outer loop
      vertex -69 6 111.739
      vertex -72 6 111.739
      vertex -72 6 119.245
    endloop
  endfacet
  facet normal 0 1 0
    outer loop
      vertex -69 6 111.739
      vertex -70.5 6 109.142
      vertex -72 6 111.739
    endloop
  endfacet
  facet normal 0 1 0
    outer loop
      vertex -62.5 6 107.986
      vertex -70.5 6 109.142
      vertex -69 6 111.739
    endloop
  endfacet
  facet normal 0 1 0
    outer loop
      vertex -64 6 105.389
      vertex -62.5 6 107.986
      vertex -61 6 105.389
    endloop
  endfacet
  facet normal 0 1 0
    outer loop
      vertex -62.5 6 107.986
      vertex -64 6 105.389
      vertex -70.5 6 109.142
    endloop
  endfacet
  facet normal 0 1 -0
    outer loop
      vertex -61 6 97.8832
      vertex -64 6 105.389
      vertex -61 6 105.389
    endloop
  endfacet
  facet normal 0 1 0
    outer loop
      vertex -61 6 97.8832
      vertex -64 6 97.8832
      vertex -64 6 105.389
    endloop
  endfacet
  facet normal 0 1 0
    outer loop
      vertex -61 6 97.8832
      vertex -62.5 6 95.2856
      vertex -64 6 97.8832
    endloop
  endfacet
  facet normal 0 1 0
    outer loop
      vertex -54.5 6 94.1304
      vertex -62.5 6 95.2856
      vertex -61 6 97.8832
    endloop
  endfacet
  facet normal 0 1 0
    outer loop
      vertex -56 6 91.5328
      vertex -54.5 6 94.1304
      vertex -53 6 91.5328
    endloop
  endfacet
  facet normal 0 1 0
    outer loop
      vertex -54.5 6 94.1304
      vertex -56 6 91.5328
      vertex -62.5 6 95.2856
    endloop
  endfacet
  facet normal 0 1 -0
    outer loop
      vertex -53 6 84.0272
      vertex -56 6 91.5328
      vertex -53 6 91.5328
    endloop
  endfacet
  facet normal 0 1 0
    outer loop
      vertex -53 6 84.0272
      vertex -56 6 84.0272
      vertex -56 6 91.5328
    endloop
  endfacet
  facet normal 0 1 0
    outer loop
      vertex -53 6 84.0272
      vertex -54.5 6 81.4296
      vertex -56 6 84.0272
    endloop
  endfacet
  facet normal 0 1 0
    outer loop
      vertex -46.5 6 80.2744
      vertex -54.5 6 81.4296
      vertex -53 6 84.0272
    endloop
  endfacet
  facet normal 0 1 0
    outer loop
      vertex -48 6 77.6768
      vertex -46.5 6 80.2744
      vertex -45 6 77.6768
    endloop
  endfacet
  facet normal 0 1 0
    outer loop
      vertex -46.5 6 80.2744
      vertex -48 6 77.6768
      vertex -54.5 6 81.4296
    endloop
  endfacet
  facet normal 0 1 -0
    outer loop
      vertex -45 6 70.1712
      vertex -48 6 77.6768
      vertex -45 6 77.6768
    endloop
  endfacet
  facet normal 0 1 0
    outer loop
      vertex -45 6 70.1712
      vertex -48 6 70.1712
      vertex -48 6 77.6768
    endloop
  endfacet
  facet normal 0 1 0
    outer loop
      vertex -45 6 70.1712
      vertex -46.5 6 67.5736
      vertex -48 6 70.1712
    endloop
  endfacet
  facet normal 0 1 0
    outer loop
      vertex -38.5 6 66.4184
      vertex -46.5 6 67.5736
      vertex -45 6 70.1712
    endloop
  endfacet
  facet normal 0 1 0
    outer loop
      vertex -40 6 63.8208
      vertex -38.5 6 66.4184
      vertex -37 6 63.8208
    endloop
  endfacet
  facet normal 0 1 0
    outer loop
      vertex -38.5 6 66.4184
      vertex -40 6 63.8208
      vertex -46.5 6 67.5736
    endloop
  endfacet
  facet normal 0 1 -0
    outer loop
      vertex -37 6 56.3152
      vertex -40 6 63.8208
      vertex -37 6 63.8208
    endloop
  endfacet
  facet normal 0 1 0
    outer loop
      vertex -37 6 56.3152
      vertex -40 6 56.3152
      vertex -40 6 63.8208
    endloop
  endfacet
  facet normal 0 1 0
    outer loop
      vertex -37 6 56.3152
      vertex -38.5 6 53.7176
      vertex -40 6 56.3152
    endloop
  endfacet
  facet normal 0 1 0
    outer loop
      vertex -30.5 6 52.5624
      vertex -38.5 6 53.7176
      vertex -37 6 56.3152
    endloop
  endfacet
  facet normal 0 1 0
    outer loop
      vertex -32 6 49.9648
      vertex -30.5 6 52.5624
      vertex -29 6 49.9648
    endloop
  endfacet
  facet normal 0 1 0
    outer loop
      vertex -30.5 6 52.5624
      vertex -32 6 49.9648
      vertex -38.5 6 53.7176
    endloop
  endfacet
  facet normal 0 1 -0
    outer loop
      vertex -29 6 42.4592
      vertex -32 6 49.9648
      vertex -29 6 49.9648
    endloop
  endfacet
  facet normal 0 1 0
    outer loop
      vertex -29 6 42.4592
      vertex -32 6 42.4592
      vertex -32 6 49.9648
    endloop
  endfacet
  facet normal 0 1 0
    outer loop
      vertex -22.5 6 38.7064
      vertex -32 6 42.4592
      vertex -29 6 42.4592
    endloop
  endfacet
  facet normal 0 1 0
    outer loop
      vertex -32 6 42.4592
      vertex -22.5 6 38.7064
      vertex -38.5 6 38.7064
    endloop
  endfacet
  facet normal 0 1 -0
    outer loop
      vertex -69 6 146.957
      vertex -78.5 6 150.71
      vertex -62.5 6 150.71
    endloop
  endfacet
  facet normal 0 1 0
    outer loop
      vertex -69 6 146.957
      vertex -72 6 146.957
      vertex -78.5 6 150.71
    endloop
  endfacet
  facet normal 0 1 -0
    outer loop
      vertex -69 6 139.451
      vertex -72 6 146.957
      vertex -69 6 146.957
    endloop
  endfacet
  facet normal 0 1 0
    outer loop
      vertex -69 6 139.451
      vertex -72 6 139.451
      vertex -72 6 146.957
    endloop
  endfacet
  facet normal 0 1 0
    outer loop
      vertex -69 6 139.451
      vertex -70.5 6 136.854
      vertex -72 6 139.451
    endloop
  endfacet
  facet normal 0 1 0
    outer loop
      vertex -62.5 6 135.698
      vertex -70.5 6 136.854
      vertex -69 6 139.451
    endloop
  endfacet
  facet normal 0 1 0
    outer loop
      vertex -62.5 6 135.698
      vertex -64 6 133.101
      vertex -70.5 6 136.854
    endloop
  endfacet
  facet normal 0 1 0
    outer loop
      vertex -46.5 6 135.698
      vertex -64 6 133.101
      vertex -62.5 6 135.698
    endloop
  endfacet
  facet normal 0 1 0
    outer loop
      vertex -46.5 6 135.698
      vertex -29 6 125.595
      vertex -56 6 119.245
    endloop
  endfacet
  facet normal 0 1 0
    outer loop
      vertex -46.5 6 135.698
      vertex -56 6 119.245
      vertex -64 6 133.101
    endloop
  endfacet
  facet normal 0 1 0
    outer loop
      vertex -64 6 133.101
      vertex -56 6 119.245
      vertex -64 6 125.595
    endloop
  endfacet
  facet normal 0 1 -0
    outer loop
      vertex -22.5 6 109.142
      vertex -29 6 125.595
      vertex -22.5 6 121.842
    endloop
  endfacet
  facet normal 0 1 0
    outer loop
      vertex -64 6 125.595
      vertex -56 6 119.245
      vertex -62.5 6 122.998
    endloop
  endfacet
  facet normal 0 1 -0
    outer loop
      vertex -53 6 146.957
      vertex -62.5 6 150.71
      vertex -46.5 6 150.71
    endloop
  endfacet
  facet normal 0 1 0
    outer loop
      vertex -53 6 146.957
      vertex -56 6 146.957
      vertex -62.5 6 150.71
    endloop
  endfacet
  facet normal 0 1 -0
    outer loop
      vertex -53 6 139.451
      vertex -56 6 146.957
      vertex -53 6 146.957
    endloop
  endfacet
  facet normal 0 1 0
    outer loop
      vertex -53 6 139.451
      vertex -56 6 139.451
      vertex -56 6 146.957
    endloop
  endfacet
  facet normal 0 1 0
    outer loop
      vertex -46.5 6 135.698
      vertex -56 6 139.451
      vertex -53 6 139.451
    endloop
  endfacet
  facet normal 0 1 0
    outer loop
      vertex -56 6 139.451
      vertex -46.5 6 135.698
      vertex -62.5 6 135.698
    endloop
  endfacet
  facet normal 0 1 -0
    outer loop
      vertex -37 6 146.957
      vertex -46.5 6 150.71
      vertex -30.5 6 150.71
    endloop
  endfacet
  facet normal 0 1 0
    outer loop
      vertex -37 6 146.957
      vertex -40 6 146.957
      vertex -46.5 6 150.71
    endloop
  endfacet
  facet normal 0 1 -0
    outer loop
      vertex -37 6 139.451
      vertex -40 6 146.957
      vertex -37 6 146.957
    endloop
  endfacet
  facet normal 0 1 0
    outer loop
      vertex -37 6 139.451
      vertex -40 6 139.451
      vertex -40 6 146.957
    endloop
  endfacet
  facet normal 0 1 0
    outer loop
      vertex -30.5 6 135.698
      vertex -40 6 139.451
      vertex -37 6 139.451
    endloop
  endfacet
  facet normal 0 1 0
    outer loop
      vertex -40 6 139.451
      vertex -30.5 6 135.698
      vertex -46.5 6 135.698
    endloop
  endfacet
  facet normal 0 1 0
    outer loop
      vertex -24 6 146.957
      vertex -8 6 155
      vertex -8 6 153.5
    endloop
  endfacet
  facet normal 0 1 0
    outer loop
      vertex -8 6 155
      vertex -110.5 6 150.71
      vertex -238 6 155
    endloop
  endfacet
  facet normal 0 1 0
    outer loop
      vertex -8 6 155
      vertex -30.5 6 150.71
      vertex -46.5 6 150.71
    endloop
  endfacet
  facet normal 0 1 0
    outer loop
      vertex -8 6 155
      vertex -24 6 146.957
      vertex -30.5 6 150.71
    endloop
  endfacet
  facet normal 0 1 -0
    outer loop
      vertex -16 6 133.101
      vertex -24 6 146.957
      vertex -8 6 153.5
    endloop
  endfacet
  facet normal 0 1 0
    outer loop
      vertex -24 6 146.957
      vertex -16 6 133.101
      vertex -24 6 139.451
    endloop
  endfacet
  facet normal 0 1 0
    outer loop
      vertex -24 6 139.451
      vertex -16 6 133.101
      vertex -22.5 6 136.854
    endloop
  endfacet
  facet normal 0 1 0
    outer loop
      vertex -8 6 153.5
      vertex -16 6 125.595
      vertex -16 6 133.101
    endloop
  endfacet
  facet normal 0 1 -0
    outer loop
      vertex -38.5 6 109.142
      vertex -56 6 119.245
      vertex -29 6 125.595
    endloop
  endfacet
  facet normal 0 1 0
    outer loop
      vertex -38.5 6 109.142
      vertex -29 6 125.595
      vertex -22.5 6 109.142
    endloop
  endfacet
  facet normal 0 1 0
    outer loop
      vertex -16 6 125.595
      vertex -22.5 6 109.142
      vertex -22.5 6 121.842
    endloop
  endfacet
  facet normal 0 1 0
    outer loop
      vertex -16 6 125.595
      vertex -16 6 105.389
      vertex -22.5 6 109.142
    endloop
  endfacet
  facet normal 0 1 0
    outer loop
      vertex -8 6 153.5
      vertex -16 6 105.389
      vertex -16 6 125.595
    endloop
  endfacet
  facet normal 0 1 0
    outer loop
      vertex -8 6 153.5
      vertex -16 6 97.8832
      vertex -16 6 105.389
    endloop
  endfacet
  facet normal 0 1 0
    outer loop
      vertex -16 6 97.8832
      vertex -24 6 91.5328
      vertex -22.5 6 94.1304
    endloop
  endfacet
  facet normal 0 1 0
    outer loop
      vertex -16 6 97.8832
      vertex -24 6 84.0272
      vertex -24 6 91.5328
    endloop
  endfacet
  facet normal 0 1 0
    outer loop
      vertex -16 6 97.8832
      vertex -22.5 6 81.4296
      vertex -24 6 84.0272
    endloop
  endfacet
  facet normal 0 1 0
    outer loop
      vertex -16 6 97.8832
      vertex -16 6 77.6768
      vertex -22.5 6 81.4296
    endloop
  endfacet
  facet normal 0 1 0
    outer loop
      vertex -8 6 153.5
      vertex -16 6 77.6768
      vertex -16 6 97.8832
    endloop
  endfacet
  facet normal 0 1 -0
    outer loop
      vertex -8 6 4
      vertex -16 6 77.6768
      vertex -8 6 153.5
    endloop
  endfacet
  facet normal 0 1 0
    outer loop
      vertex -16 6 70.1712
      vertex -24 6 63.8208
      vertex -22.5 6 66.4184
    endloop
  endfacet
  facet normal 0 1 0
    outer loop
      vertex -16 6 70.1712
      vertex -24 6 56.3152
      vertex -24 6 63.8208
    endloop
  endfacet
  facet normal 0 1 0
    outer loop
      vertex -16 6 70.1712
      vertex -22.5 6 53.7176
      vertex -24 6 56.3152
    endloop
  endfacet
  facet normal 0 1 0
    outer loop
      vertex -16 6 70.1712
      vertex -16 6 49.9648
      vertex -22.5 6 53.7176
    endloop
  endfacet
  facet normal 0 1 0
    outer loop
      vertex -16 6 77.6768
      vertex -8 6 4
      vertex -16 6 70.1712
    endloop
  endfacet
  facet normal 0 1 0
    outer loop
      vertex -16 6 70.1712
      vertex -8 6 4
      vertex -16 6 49.9648
    endloop
  endfacet
  facet normal 0 1 0
    outer loop
      vertex -22.5 6 38.7064
      vertex -40 6 36.1088
      vertex -38.5 6 38.7064
    endloop
  endfacet
  facet normal 0 1 0
    outer loop
      vertex -22.5 6 38.7064
      vertex -40 6 28.6032
      vertex -40 6 36.1088
    endloop
  endfacet
  facet normal 0 1 0
    outer loop
      vertex -8 6 4
      vertex -40 6 28.6032
      vertex -22.5 6 38.7064
    endloop
  endfacet
  facet normal -0 1 0
    outer loop
      vertex -48 6 14.7472
      vertex -40 6 28.6032
      vertex -8 6 4
    endloop
  endfacet
  facet normal 0 1 0
    outer loop
      vertex -8 6 4
      vertex -22.5 6 38.7064
      vertex -16 6 42.4592
    endloop
  endfacet
  facet normal 0 1 0
    outer loop
      vertex -40 6 28.6032
      vertex -48 6 14.7472
      vertex -46.5 6 24.8504
    endloop
  endfacet
  facet normal 0 1 0
    outer loop
      vertex -8 6 4
      vertex -70.5 6 10.9944
      vertex -54.5 6 10.9944
    endloop
  endfacet
  facet normal 0 1 0
    outer loop
      vertex -70.5 6 10.9944
      vertex -8 6 4
      vertex -86.5 6 10.9944
    endloop
  endfacet
  facet normal 0 1 0
    outer loop
      vertex -86.5 6 10.9944
      vertex -8 6 4
      vertex -102.5 6 10.9944
    endloop
  endfacet
  facet normal 0 1 0
    outer loop
      vertex -102.5 6 10.9944
      vertex -8 6 4
      vertex -118.5 6 10.9944
    endloop
  endfacet
  facet normal 0 1 0
    outer loop
      vertex -118.5 6 10.9944
      vertex -8 6 4
      vertex -134.5 6 10.9944
    endloop
  endfacet
  facet normal 0 1 0
    outer loop
      vertex -238 6 4
      vertex -134.5 6 10.9944
      vertex -8 6 4
    endloop
  endfacet
  facet normal 0 1 0
    outer loop
      vertex -134.5 6 10.9944
      vertex -238 6 4
      vertex -150.5 6 10.9944
    endloop
  endfacet
  facet normal 0 1 0
    outer loop
      vertex -150.5 6 10.9944
      vertex -238 6 4
      vertex -166.5 6 10.9944
    endloop
  endfacet
  facet normal 0 1 0
    outer loop
      vertex -166.5 6 10.9944
      vertex -238 6 4
      vertex -182.5 6 10.9944
    endloop
  endfacet
  facet normal 0 1 0
    outer loop
      vertex -48 6 14.7472
      vertex -8 6 4
      vertex -54.5 6 10.9944
    endloop
  endfacet
  facet normal 0 1 0
    outer loop
      vertex -46.5 6 24.8504
      vertex -48 6 14.7472
      vertex -48 6 22.2528
    endloop
  endfacet
  facet normal 0 1 0
    outer loop
      vertex -16 6 49.9648
      vertex -8 6 4
      vertex -16 6 42.4592
    endloop
  endfacet
  facet normal 0 1 0
    outer loop
      vertex -8 6 155
      vertex -46.5 6 150.71
      vertex -62.5 6 150.71
    endloop
  endfacet
  facet normal 0 1 0
    outer loop
      vertex -8 6 155
      vertex -62.5 6 150.71
      vertex -78.5 6 150.71
    endloop
  endfacet
  facet normal 0 1 0
    outer loop
      vertex -8 6 155
      vertex -78.5 6 150.71
      vertex -94.5 6 150.71
    endloop
  endfacet
  facet normal 0 1 0
    outer loop
      vertex -8 6 155
      vertex -94.5 6 150.71
      vertex -110.5 6 150.71
    endloop
  endfacet
  facet normal 0 1 -0
    outer loop
      vertex -126.5 6 150.71
      vertex -238 6 155
      vertex -110.5 6 150.71
    endloop
  endfacet
  facet normal 0 1 -0
    outer loop
      vertex -142.5 6 150.71
      vertex -238 6 155
      vertex -126.5 6 150.71
    endloop
  endfacet
  facet normal 0 1 -0
    outer loop
      vertex -158.5 6 150.71
      vertex -238 6 155
      vertex -142.5 6 150.71
    endloop
  endfacet
  facet normal 0 1 -0
    outer loop
      vertex -174.5 6 150.71
      vertex -238 6 155
      vertex -158.5 6 150.71
    endloop
  endfacet
  facet normal 0 1 -0
    outer loop
      vertex -190.5 6 150.71
      vertex -238 6 155
      vertex -174.5 6 150.71
    endloop
  endfacet
  facet normal 0 1 -0
    outer loop
      vertex -206.5 6 150.71
      vertex -238 6 155
      vertex -190.5 6 150.71
    endloop
  endfacet
  facet normal 0 1 -0
    outer loop
      vertex -222.5 6 150.71
      vertex -238 6 155
      vertex -206.5 6 150.71
    endloop
  endfacet
  facet normal 0 1 -0
    outer loop
      vertex -229 6 146.957
      vertex -238 6 155
      vertex -222.5 6 150.71
    endloop
  endfacet
  facet normal 0 1 0
    outer loop
      vertex -238 6 155
      vertex -229 6 146.957
      vertex -238 6 153.5
    endloop
  endfacet
  facet normal 0 1 -0
    outer loop
      vertex -229 6 139.451
      vertex -238 6 153.5
      vertex -229 6 146.957
    endloop
  endfacet
  facet normal 0 1 0
    outer loop
      vertex -216 6 119.245
      vertex -206.5 6 135.698
      vertex -189 6 125.595
    endloop
  endfacet
  facet normal 0 1 0
    outer loop
      vertex -206.5 6 135.698
      vertex -216 6 119.245
      vertex -222.5 6 135.698
    endloop
  endfacet
  facet normal 0 1 -0
    outer loop
      vertex -222.5 6 122.998
      vertex -229 6 139.451
      vertex -222.5 6 135.698
    endloop
  endfacet
  facet normal 0 1 0
    outer loop
      vertex -229 6 119.245
      vertex -229 6 139.451
      vertex -222.5 6 122.998
    endloop
  endfacet
  facet normal 0 1 0
    outer loop
      vertex -229 6 139.451
      vertex -229 6 119.245
      vertex -238 6 153.5
    endloop
  endfacet
  facet normal 0 1 -0
    outer loop
      vertex -229 6 111.739
      vertex -238 6 153.5
      vertex -229 6 119.245
    endloop
  endfacet
  facet normal 0 1 0
    outer loop
      vertex -221 6 105.389
      vertex -229 6 111.739
      vertex -222.5 6 107.986
    endloop
  endfacet
  facet normal 0 1 -0
    outer loop
      vertex -221 6 97.8832
      vertex -229 6 111.739
      vertex -221 6 105.389
    endloop
  endfacet
  facet normal 0 1 -0
    outer loop
      vertex -222.5 6 95.2856
      vertex -229 6 111.739
      vertex -221 6 97.8832
    endloop
  endfacet
  facet normal 0 1 0
    outer loop
      vertex -229 6 91.5328
      vertex -229 6 111.739
      vertex -222.5 6 95.2856
    endloop
  endfacet
  facet normal 0 1 -0
    outer loop
      vertex -229 6 91.5328
      vertex -238 6 153.5
      vertex -229 6 111.739
    endloop
  endfacet
  facet normal 0 1 -0
    outer loop
      vertex -229 6 84.0272
      vertex -238 6 153.5
      vertex -229 6 91.5328
    endloop
  endfacet
  facet normal 0 1 0
    outer loop
      vertex -221 6 77.6768
      vertex -229 6 84.0272
      vertex -222.5 6 80.2744
    endloop
  endfacet
  facet normal 0 1 -0
    outer loop
      vertex -221 6 70.1712
      vertex -229 6 84.0272
      vertex -221 6 77.6768
    endloop
  endfacet
  facet normal 0 1 -0
    outer loop
      vertex -222.5 6 67.5736
      vertex -229 6 84.0272
      vertex -221 6 70.1712
    endloop
  endfacet
  facet normal 0 1 0
    outer loop
      vertex -229 6 63.8208
      vertex -229 6 84.0272
      vertex -222.5 6 67.5736
    endloop
  endfacet
  facet normal 0 1 0
    outer loop
      vertex -238 6 4
      vertex -229 6 84.0272
      vertex -229 6 63.8208
    endloop
  endfacet
  facet normal 0 1 0
    outer loop
      vertex -238 6 4
      vertex -229 6 63.8208
      vertex -229 6 56.3152
    endloop
  endfacet
  facet normal 0 1 0
    outer loop
      vertex -221 6 49.9648
      vertex -229 6 56.3152
      vertex -222.5 6 52.5624
    endloop
  endfacet
  facet normal 0 1 -0
    outer loop
      vertex -221 6 42.4592
      vertex -229 6 56.3152
      vertex -221 6 49.9648
    endloop
  endfacet
  facet normal 0 1 0
    outer loop
      vertex -213 6 36.1088
      vertex -221 6 42.4592
      vertex -214.5 6 38.7064
    endloop
  endfacet
  facet normal 0 1 -0
    outer loop
      vertex -213 6 28.6032
      vertex -221 6 42.4592
      vertex -213 6 36.1088
    endloop
  endfacet
  facet normal 0 1 0
    outer loop
      vertex -205 6 22.2528
      vertex -213 6 28.6032
      vertex -206.5 6 24.8504
    endloop
  endfacet
  facet normal 0 1 -0
    outer loop
      vertex -205 6 14.7472
      vertex -213 6 28.6032
      vertex -205 6 22.2528
    endloop
  endfacet
  facet normal 0 1 0
    outer loop
      vertex -238 6 4
      vertex -213 6 28.6032
      vertex -205 6 14.7472
    endloop
  endfacet
  facet normal 0 1 0
    outer loop
      vertex -229 6 84.0272
      vertex -238 6 4
      vertex -238 6 153.5
    endloop
  endfacet
  facet normal 0 1 0
    outer loop
      vertex -221 6 42.4592
      vertex -238 6 4
      vertex -229 6 56.3152
    endloop
  endfacet
  facet normal 0 1 0
    outer loop
      vertex -213 6 28.6032
      vertex -238 6 4
      vertex -221 6 42.4592
    endloop
  endfacet
  facet normal 0 1 0
    outer loop
      vertex -198.5 6 10.9944
      vertex -238 6 4
      vertex -205 6 14.7472
    endloop
  endfacet
  facet normal 0 1 0
    outer loop
      vertex -182.5 6 10.9944
      vertex -238 6 4
      vertex -198.5 6 10.9944
    endloop
  endfacet
  facet normal 0 1 0
    outer loop
      vertex -22.5 6 136.854
      vertex -30.5 6 135.698
      vertex -24 6 139.451
    endloop
  endfacet
  facet normal 0 1 0
    outer loop
      vertex -29 6 133.101
      vertex -46.5 6 135.698
      vertex -30.5 6 135.698
    endloop
  endfacet
  facet normal 0 1 -0
    outer loop
      vertex -29 6 125.595
      vertex -46.5 6 135.698
      vertex -29 6 133.101
    endloop
  endfacet
  facet normal 0 1 -0
    outer loop
      vertex -29 6 133.101
      vertex -30.5 6 135.698
      vertex -22.5 6 136.854
    endloop
  endfacet
  facet normal 0 1 0
    outer loop
      vertex -70.5 6 136.854
      vertex -78.5 6 135.698
      vertex -72 6 139.451
    endloop
  endfacet
  facet normal -0 1 0
    outer loop
      vertex -78.5 6 135.698
      vertex -70.5 6 136.854
      vertex -77 6 133.101
    endloop
  endfacet
  facet normal 0 1 0
    outer loop
      vertex -86.5 6 136.854
      vertex -94.5 6 135.698
      vertex -88 6 139.451
    endloop
  endfacet
  facet normal -0 1 0
    outer loop
      vertex -94.5 6 135.698
      vertex -86.5 6 136.854
      vertex -93 6 133.101
    endloop
  endfacet
  facet normal 0 1 0
    outer loop
      vertex -102.5 6 136.854
      vertex -110.5 6 135.698
      vertex -104 6 139.451
    endloop
  endfacet
  facet normal -0 1 0
    outer loop
      vertex -110.5 6 135.698
      vertex -102.5 6 136.854
      vertex -109 6 133.101
    endloop
  endfacet
  facet normal 0 1 0
    outer loop
      vertex -118.5 6 136.854
      vertex -126.5 6 135.698
      vertex -120 6 139.451
    endloop
  endfacet
  facet normal -0 1 0
    outer loop
      vertex -126.5 6 135.698
      vertex -118.5 6 136.854
      vertex -125 6 133.101
    endloop
  endfacet
  facet normal 0 1 0
    outer loop
      vertex -134.5 6 136.854
      vertex -142.5 6 135.698
      vertex -136 6 139.451
    endloop
  endfacet
  facet normal -0 1 0
    outer loop
      vertex -142.5 6 135.698
      vertex -134.5 6 136.854
      vertex -141 6 133.101
    endloop
  endfacet
  facet normal 0 1 0
    outer loop
      vertex -150.5 6 136.854
      vertex -158.5 6 135.698
      vertex -152 6 139.451
    endloop
  endfacet
  facet normal -0 1 0
    outer loop
      vertex -158.5 6 135.698
      vertex -150.5 6 136.854
      vertex -157 6 133.101
    endloop
  endfacet
  facet normal 0 1 0
    outer loop
      vertex -166.5 6 136.854
      vertex -174.5 6 135.698
      vertex -168 6 139.451
    endloop
  endfacet
  facet normal -0 1 0
    outer loop
      vertex -174.5 6 135.698
      vertex -166.5 6 136.854
      vertex -173 6 133.101
    endloop
  endfacet
  facet normal 0 1 0
    outer loop
      vertex -182.5 6 136.854
      vertex -190.5 6 135.698
      vertex -184 6 139.451
    endloop
  endfacet
  facet normal 0 1 0
    outer loop
      vertex -189 6 133.101
      vertex -206.5 6 135.698
      vertex -190.5 6 135.698
    endloop
  endfacet
  facet normal 0 1 -0
    outer loop
      vertex -189 6 125.595
      vertex -206.5 6 135.698
      vertex -189 6 133.101
    endloop
  endfacet
  facet normal 0 1 -0
    outer loop
      vertex -189 6 133.101
      vertex -190.5 6 135.698
      vertex -182.5 6 136.854
    endloop
  endfacet
  facet normal 0 1 -0
    outer loop
      vertex -182.5 6 109.142
      vertex -189 6 125.595
      vertex -182.5 6 121.842
    endloop
  endfacet
  facet normal 0 1 0
    outer loop
      vertex -182.5 6 109.142
      vertex -182.5 6 121.842
      vertex -181 6 119.245
    endloop
  endfacet
  facet normal 0 1 0
    outer loop
      vertex -222.5 6 135.698
      vertex -216 6 119.245
      vertex -222.5 6 122.998
    endloop
  endfacet
  facet normal 0 1 0
    outer loop
      vertex -182.5 6 109.142
      vertex -181 6 119.245
      vertex -181 6 111.739
    endloop
  endfacet
  facet normal 0 1 0
    outer loop
      vertex -198.5 6 109.142
      vertex -189 6 125.595
      vertex -182.5 6 109.142
    endloop
  endfacet
  facet normal 0 1 -0
    outer loop
      vertex -198.5 6 109.142
      vertex -216 6 119.245
      vertex -189 6 125.595
    endloop
  endfacet
  facet normal 0 1 0
    outer loop
      vertex -174.5 6 107.986
      vertex -182.5 6 109.142
      vertex -181 6 111.739
    endloop
  endfacet
  facet normal 0 1 0
    outer loop
      vertex -176 6 105.389
      vertex -174.5 6 107.986
      vertex -173 6 105.389
    endloop
  endfacet
  facet normal 0 1 0
    outer loop
      vertex -174.5 6 107.986
      vertex -176 6 105.389
      vertex -182.5 6 109.142
    endloop
  endfacet
  facet normal 0 1 -0
    outer loop
      vertex -173 6 97.8832
      vertex -176 6 105.389
      vertex -173 6 105.389
    endloop
  endfacet
  facet normal 0 1 0
    outer loop
      vertex -173 6 97.8832
      vertex -176 6 97.8832
      vertex -176 6 105.389
    endloop
  endfacet
  facet normal 0 1 0
    outer loop
      vertex -173 6 97.8832
      vertex -174.5 6 95.2856
      vertex -176 6 97.8832
    endloop
  endfacet
  facet normal 0 1 0
    outer loop
      vertex -166.5 6 94.1304
      vertex -174.5 6 95.2856
      vertex -173 6 97.8832
    endloop
  endfacet
  facet normal 0 1 0
    outer loop
      vertex -168 6 91.5328
      vertex -166.5 6 94.1304
      vertex -165 6 91.5328
    endloop
  endfacet
  facet normal 0 1 0
    outer loop
      vertex -166.5 6 94.1304
      vertex -168 6 91.5328
      vertex -174.5 6 95.2856
    endloop
  endfacet
  facet normal 0 1 -0
    outer loop
      vertex -165 6 84.0272
      vertex -168 6 91.5328
      vertex -165 6 91.5328
    endloop
  endfacet
  facet normal 0 1 0
    outer loop
      vertex -165 6 84.0272
      vertex -168 6 84.0272
      vertex -168 6 91.5328
    endloop
  endfacet
  facet normal 0 1 0
    outer loop
      vertex -165 6 84.0272
      vertex -166.5 6 81.4296
      vertex -168 6 84.0272
    endloop
  endfacet
  facet normal 0 1 0
    outer loop
      vertex -158.5 6 80.2744
      vertex -166.5 6 81.4296
      vertex -165 6 84.0272
    endloop
  endfacet
  facet normal 0 1 0
    outer loop
      vertex -160 6 77.6768
      vertex -158.5 6 80.2744
      vertex -157 6 77.6768
    endloop
  endfacet
  facet normal 0 1 0
    outer loop
      vertex -158.5 6 80.2744
      vertex -160 6 77.6768
      vertex -166.5 6 81.4296
    endloop
  endfacet
  facet normal 0 1 -0
    outer loop
      vertex -157 6 70.1712
      vertex -160 6 77.6768
      vertex -157 6 77.6768
    endloop
  endfacet
  facet normal 0 1 0
    outer loop
      vertex -157 6 70.1712
      vertex -160 6 70.1712
      vertex -160 6 77.6768
    endloop
  endfacet
  facet normal 0 1 0
    outer loop
      vertex -157 6 70.1712
      vertex -158.5 6 67.5736
      vertex -160 6 70.1712
    endloop
  endfacet
  facet normal 0 1 0
    outer loop
      vertex -150.5 6 66.4184
      vertex -158.5 6 67.5736
      vertex -157 6 70.1712
    endloop
  endfacet
  facet normal 0 1 0
    outer loop
      vertex -152 6 63.8208
      vertex -150.5 6 66.4184
      vertex -149 6 63.8208
    endloop
  endfacet
  facet normal 0 1 0
    outer loop
      vertex -150.5 6 66.4184
      vertex -152 6 63.8208
      vertex -158.5 6 67.5736
    endloop
  endfacet
  facet normal 0 1 -0
    outer loop
      vertex -149 6 56.3152
      vertex -152 6 63.8208
      vertex -149 6 63.8208
    endloop
  endfacet
  facet normal 0 1 0
    outer loop
      vertex -149 6 56.3152
      vertex -152 6 56.3152
      vertex -152 6 63.8208
    endloop
  endfacet
  facet normal 0 1 0
    outer loop
      vertex -149 6 56.3152
      vertex -150.5 6 53.7176
      vertex -152 6 56.3152
    endloop
  endfacet
  facet normal 0 1 0
    outer loop
      vertex -142.5 6 52.5624
      vertex -150.5 6 53.7176
      vertex -149 6 56.3152
    endloop
  endfacet
  facet normal 0 1 0
    outer loop
      vertex -144 6 49.9648
      vertex -142.5 6 52.5624
      vertex -141 6 49.9648
    endloop
  endfacet
  facet normal 0 1 0
    outer loop
      vertex -142.5 6 52.5624
      vertex -144 6 49.9648
      vertex -150.5 6 53.7176
    endloop
  endfacet
  facet normal 0 1 -0
    outer loop
      vertex -141 6 42.4592
      vertex -144 6 49.9648
      vertex -141 6 49.9648
    endloop
  endfacet
  facet normal 0 1 0
    outer loop
      vertex -141 6 42.4592
      vertex -144 6 42.4592
      vertex -144 6 49.9648
    endloop
  endfacet
  facet normal 0 1 0
    outer loop
      vertex -141 6 42.4592
      vertex -142.5 6 39.8616
      vertex -144 6 42.4592
    endloop
  endfacet
  facet normal 0 1 0
    outer loop
      vertex -134.5 6 38.7064
      vertex -142.5 6 39.8616
      vertex -141 6 42.4592
    endloop
  endfacet
  facet normal 0 1 0
    outer loop
      vertex -136 6 36.1088
      vertex -134.5 6 38.7064
      vertex -133 6 36.1088
    endloop
  endfacet
  facet normal 0 1 0
    outer loop
      vertex -134.5 6 38.7064
      vertex -136 6 36.1088
      vertex -142.5 6 39.8616
    endloop
  endfacet
  facet normal 0 1 -0
    outer loop
      vertex -133 6 28.6032
      vertex -136 6 36.1088
      vertex -133 6 36.1088
    endloop
  endfacet
  facet normal 0 1 0
    outer loop
      vertex -133 6 28.6032
      vertex -136 6 28.6032
      vertex -136 6 36.1088
    endloop
  endfacet
  facet normal 0 1 0
    outer loop
      vertex -133 6 28.6032
      vertex -134.5 6 26.0056
      vertex -136 6 28.6032
    endloop
  endfacet
  facet normal 0 1 0
    outer loop
      vertex -126.5 6 24.8504
      vertex -134.5 6 26.0056
      vertex -133 6 28.6032
    endloop
  endfacet
  facet normal 0 1 0
    outer loop
      vertex -128 6 22.2528
      vertex -126.5 6 24.8504
      vertex -125 6 22.2528
    endloop
  endfacet
  facet normal 0 1 0
    outer loop
      vertex -126.5 6 24.8504
      vertex -128 6 22.2528
      vertex -134.5 6 26.0056
    endloop
  endfacet
  facet normal 0 1 -0
    outer loop
      vertex -125 6 14.7472
      vertex -128 6 22.2528
      vertex -125 6 22.2528
    endloop
  endfacet
  facet normal 0 1 0
    outer loop
      vertex -125 6 14.7472
      vertex -128 6 14.7472
      vertex -128 6 22.2528
    endloop
  endfacet
  facet normal 0 1 0
    outer loop
      vertex -118.5 6 10.9944
      vertex -128 6 14.7472
      vertex -125 6 14.7472
    endloop
  endfacet
  facet normal 0 1 0
    outer loop
      vertex -128 6 14.7472
      vertex -118.5 6 10.9944
      vertex -134.5 6 10.9944
    endloop
  endfacet
  facet normal 0 1 0
    outer loop
      vertex -62.5 6 122.998
      vertex -70.5 6 121.842
      vertex -64 6 125.595
    endloop
  endfacet
  facet normal -0 1 0
    outer loop
      vertex -70.5 6 121.842
      vertex -62.5 6 122.998
      vertex -69 6 119.245
    endloop
  endfacet
  facet normal 0 1 0
    outer loop
      vertex -78.5 6 122.998
      vertex -86.5 6 121.842
      vertex -80 6 125.595
    endloop
  endfacet
  facet normal -0 1 0
    outer loop
      vertex -86.5 6 121.842
      vertex -78.5 6 122.998
      vertex -85 6 119.245
    endloop
  endfacet
  facet normal 0 1 0
    outer loop
      vertex -94.5 6 122.998
      vertex -102.5 6 121.842
      vertex -96 6 125.595
    endloop
  endfacet
  facet normal -0 1 0
    outer loop
      vertex -102.5 6 121.842
      vertex -94.5 6 122.998
      vertex -101 6 119.245
    endloop
  endfacet
  facet normal 0 1 0
    outer loop
      vertex -110.5 6 122.998
      vertex -118.5 6 121.842
      vertex -112 6 125.595
    endloop
  endfacet
  facet normal -0 1 0
    outer loop
      vertex -118.5 6 121.842
      vertex -110.5 6 122.998
      vertex -117 6 119.245
    endloop
  endfacet
  facet normal 0 1 0
    outer loop
      vertex -126.5 6 122.998
      vertex -134.5 6 121.842
      vertex -128 6 125.595
    endloop
  endfacet
  facet normal -0 1 0
    outer loop
      vertex -134.5 6 121.842
      vertex -126.5 6 122.998
      vertex -133 6 119.245
    endloop
  endfacet
  facet normal 0 1 0
    outer loop
      vertex -142.5 6 122.998
      vertex -150.5 6 121.842
      vertex -144 6 125.595
    endloop
  endfacet
  facet normal -0 1 0
    outer loop
      vertex -150.5 6 121.842
      vertex -142.5 6 122.998
      vertex -149 6 119.245
    endloop
  endfacet
  facet normal 0 1 0
    outer loop
      vertex -158.5 6 122.998
      vertex -166.5 6 121.842
      vertex -160 6 125.595
    endloop
  endfacet
  facet normal -0 1 0
    outer loop
      vertex -166.5 6 121.842
      vertex -158.5 6 122.998
      vertex -165 6 119.245
    endloop
  endfacet
  facet normal 0 1 0
    outer loop
      vertex -174.5 6 122.998
      vertex -182.5 6 121.842
      vertex -176 6 125.595
    endloop
  endfacet
  facet normal -0 1 0
    outer loop
      vertex -182.5 6 121.842
      vertex -174.5 6 122.998
      vertex -181 6 119.245
    endloop
  endfacet
  facet normal 0 1 -0
    outer loop
      vertex -5 6 153.232
      vertex -6 6 154.5
      vertex -3 6 154.5
    endloop
  endfacet
  facet normal 0 1 0
    outer loop
      vertex -6 6 154.5
      vertex -5.48236 6 153.432
      vertex -6 6 153.5
    endloop
  endfacet
  facet normal 0 1 0
    outer loop
      vertex -6 6 154.5
      vertex -5 6 153.232
      vertex -5.48236 6 153.432
    endloop
  endfacet
  facet normal 0 1 0
    outer loop
      vertex -3 6 154.5
      vertex -4.58579 6 152.914
      vertex -5 6 153.232
    endloop
  endfacet
  facet normal 0 1 0
    outer loop
      vertex -3 6 154.5
      vertex -4.26795 6 152.5
      vertex -4.58579 6 152.914
    endloop
  endfacet
  facet normal 0 1 -0
    outer loop
      vertex -3 6 151.5
      vertex -4.26795 6 152.5
      vertex -3 6 154.5
    endloop
  endfacet
  facet normal 0 1 0
    outer loop
      vertex -4.26795 6 152.5
      vertex -3 6 151.5
      vertex -4.06815 6 152.018
    endloop
  endfacet
  facet normal 0 1 0
    outer loop
      vertex -4.06815 6 152.018
      vertex -3 6 151.5
      vertex -4 6 151.5
    endloop
  endfacet
  facet normal -0.290857 0 0.956767
    outer loop
      vertex -238.296 6 158.543
      vertex -237.171 2 158.885
      vertex -237.171 6 158.885
    endloop
  endfacet
  facet normal -0.290857 0 0.956767
    outer loop
      vertex -237.171 2 158.885
      vertex -238.296 6 158.543
      vertex -238.296 2 158.543
    endloop
  endfacet
  facet normal 0.773276 -0 0.634069
    outer loop
      vertex -1.75735 2 157.243
      vertex -1.01117 6 156.333
      vertex -1.75735 6 157.243
    endloop
  endfacet
  facet normal 0.773276 0 0.634069
    outer loop
      vertex -1.01117 6 156.333
      vertex -1.75735 2 157.243
      vertex -1.01117 2 156.333
    endloop
  endfacet
  facet normal -0 0 1
    outer loop
      vertex -242 6 153.5
      vertex -241.951 2 153.5
      vertex -241.951 6 153.5
    endloop
  endfacet
  facet normal 0 0 1
    outer loop
      vertex -241.951 2 153.5
      vertex -242 6 153.5
      vertex -242 2 153.5
    endloop
  endfacet
  facet normal -0 0 1
    outer loop
      vertex -240 31.1754 153.5
      vertex -238 6 153.5
      vertex -238 31.1754 153.5
    endloop
  endfacet
  facet normal 0 0 1
    outer loop
      vertex -238 6 153.5
      vertex -240 31.1754 153.5
      vertex -240 6 153.5
    endloop
  endfacet
  facet normal 1 -0 0
    outer loop
      vertex -238 29.9942 93.3045
      vertex -238 30.1754 63.0054
      vertex -238 30.1754 94.4945
    endloop
  endfacet
  facet normal 1 0 0
    outer loop
      vertex -238 29.9942 93.3045
      vertex -238 29.7172 64.8643
      vertex -238 30.1754 63.0054
    endloop
  endfacet
  facet normal 1 -0 0
    outer loop
      vertex -238 29.0038 91.6661
      vertex -238 29.7172 64.8643
      vertex -238 29.9942 93.3045
    endloop
  endfacet
  facet normal 1 0 0
    outer loop
      vertex -238 29.0038 91.6661
      vertex -238 29.0038 65.8339
      vertex -238 29.7172 64.8643
    endloop
  endfacet
  facet normal 1 -0 0
    outer loop
      vertex -238 22.9161 85.5784
      vertex -238 29.0038 65.8339
      vertex -238 29.0038 91.6661
    endloop
  endfacet
  facet normal 1 0 0
    outer loop
      vertex -238 22.9161 85.5784
      vertex -238 22.9161 71.9216
      vertex -238 29.0038 65.8339
    endloop
  endfacet
  facet normal 1 0 0
    outer loop
      vertex -238 22.9161 85.5784
      vertex -238 21.2777 72.912
      vertex -238 22.9161 71.9216
    endloop
  endfacet
  facet normal 1 -0 0
    outer loop
      vertex -238 20.8087 84.4724
      vertex -238 21.2777 72.912
      vertex -238 22.9161 85.5784
    endloop
  endfacet
  facet normal 1 0 0
    outer loop
      vertex -238 20.8087 84.4724
      vertex -238 19.3667 73.0276
      vertex -238 21.2777 72.912
    endloop
  endfacet
  facet normal 1 0 0
    outer loop
      vertex -238 18.8977 84.588
      vertex -238 19.3667 73.0276
      vertex -238 20.8087 84.4724
    endloop
  endfacet
  facet normal 1 0 0
    outer loop
      vertex -238 17.2592 71.9216
      vertex -238 18.8977 84.588
      vertex -238 17.2592 85.5784
    endloop
  endfacet
  facet normal 1 0 0
    outer loop
      vertex -238 18.8977 84.588
      vertex -238 17.2592 71.9216
      vertex -238 19.3667 73.0276
    endloop
  endfacet
  facet normal 1 0 0
    outer loop
      vertex -238 11.1716 91.6661
      vertex -238 17.2592 71.9216
      vertex -238 17.2592 85.5784
    endloop
  endfacet
  facet normal 1 0 0
    outer loop
      vertex -238 11.1716 91.6661
      vertex -238 11.1716 65.8339
      vertex -238 17.2592 71.9216
    endloop
  endfacet
  facet normal 1 0 0
    outer loop
      vertex -238 10.4582 92.6357
      vertex -238 11.1716 65.8339
      vertex -238 11.1716 91.6661
    endloop
  endfacet
  facet normal 1 0 0
    outer loop
      vertex -238 10.4582 92.6357
      vertex -238 10.1811 64.1954
      vertex -238 11.1716 65.8339
    endloop
  endfacet
  facet normal 1 0 0
    outer loop
      vertex -238 10 94.4945
      vertex -238 10.1811 64.1954
      vertex -238 10.4582 92.6357
    endloop
  endfacet
  facet normal 1 0 0
    outer loop
      vertex -238 10.1811 64.1954
      vertex -238 10 94.4945
      vertex -238 10 63.0054
    endloop
  endfacet
  facet normal 1 0 0
    outer loop
      vertex -238 33.1754 153.241
      vertex -238 29.7172 135.614
      vertex -238 30.1754 133.755
    endloop
  endfacet
  facet normal 1 0 0
    outer loop
      vertex -238 33.1754 153.241
      vertex -238 29.0038 136.584
      vertex -238 29.7172 135.614
    endloop
  endfacet
  facet normal 1 0 0
    outer loop
      vertex -238 33.1754 153.241
      vertex -238 22.9161 142.672
      vertex -238 29.0038 136.584
    endloop
  endfacet
  facet normal 1 0 0
    outer loop
      vertex -238 31.1754 153.5
      vertex -238 21.2777 143.662
      vertex -238 22.9161 142.672
    endloop
  endfacet
  facet normal 1 0 0
    outer loop
      vertex -238 31.1754 153.5
      vertex -238 19.3667 143.778
      vertex -238 21.2777 143.662
    endloop
  endfacet
  facet normal 1 -0 0
    outer loop
      vertex -238 6 153.5
      vertex -238 19.3667 143.778
      vertex -238 31.1754 153.5
    endloop
  endfacet
  facet normal 1 0 0
    outer loop
      vertex -238 6 153.5
      vertex -238 10 94.4945
      vertex -238 10 133.755
    endloop
  endfacet
  facet normal 1 0 0
    outer loop
      vertex -238 10 94.4945
      vertex -238 6 153.5
      vertex -238 10 63.0054
    endloop
  endfacet
  facet normal 1 0 0
    outer loop
      vertex -238 6 4
      vertex -238 10 63.0054
      vertex -238 6 153.5
    endloop
  endfacet
  facet normal 1 0 0
    outer loop
      vertex -238 10.1811 134.945
      vertex -238 6 153.5
      vertex -238 10 133.755
    endloop
  endfacet
  facet normal 1 0 0
    outer loop
      vertex -238 11.1716 136.584
      vertex -238 6 153.5
      vertex -238 10.1811 134.945
    endloop
  endfacet
  facet normal 1 0 0
    outer loop
      vertex -238 17.2592 142.672
      vertex -238 6 153.5
      vertex -238 11.1716 136.584
    endloop
  endfacet
  facet normal 1 0 0
    outer loop
      vertex -238 19.3667 143.778
      vertex -238 6 153.5
      vertex -238 17.2592 142.672
    endloop
  endfacet
  facet normal 1 0 0
    outer loop
      vertex -238 31.1754 153.5
      vertex -238 33.1754 153.241
      vertex -238 32.2196 153.432
    endloop
  endfacet
  facet normal 1 0 0
    outer loop
      vertex -238 22.9161 142.672
      vertex -238 33.1754 153.241
      vertex -238 31.1754 153.5
    endloop
  endfacet
  facet normal 1 0 0
    outer loop
      vertex -238 33.1754 153.241
      vertex -238 30.1754 133.755
      vertex -238 30.1754 94.4945
    endloop
  endfacet
  facet normal 1 0 0
    outer loop
      vertex -238 33.1754 153.241
      vertex -238 30.1754 94.4945
      vertex -238 33.1754 4
    endloop
  endfacet
  facet normal 1 -0 0
    outer loop
      vertex -238 30.1754 63.0054
      vertex -238 33.1754 4
      vertex -238 30.1754 94.4945
    endloop
  endfacet
  facet normal 1 -0 0
    outer loop
      vertex -238 30.1754 23.7445
      vertex -238 33.1754 4
      vertex -238 30.1754 63.0054
    endloop
  endfacet
  facet normal 1 -0 0
    outer loop
      vertex -238 29.9942 22.5545
      vertex -238 33.1754 4
      vertex -238 30.1754 23.7445
    endloop
  endfacet
  facet normal 1 -0 0
    outer loop
      vertex -238 29.0038 20.9161
      vertex -238 33.1754 4
      vertex -238 29.9942 22.5545
    endloop
  endfacet
  facet normal 1 -0 0
    outer loop
      vertex -238 22.9161 14.8284
      vertex -238 33.1754 4
      vertex -238 29.0038 20.9161
    endloop
  endfacet
  facet normal 1 -0 0
    outer loop
      vertex -238 20.8087 13.7224
      vertex -238 33.1754 4
      vertex -238 22.9161 14.8284
    endloop
  endfacet
  facet normal 1 0 0
    outer loop
      vertex -238 6 4
      vertex -238 20.8087 13.7224
      vertex -238 18.8977 13.838
    endloop
  endfacet
  facet normal 1 0 0
    outer loop
      vertex -238 6 4
      vertex -238 18.8977 13.838
      vertex -238 17.2592 14.8284
    endloop
  endfacet
  facet normal 1 0 0
    outer loop
      vertex -238 20.8087 13.7224
      vertex -238 6 4
      vertex -238 33.1754 4
    endloop
  endfacet
  facet normal 1 0 0
    outer loop
      vertex -238 11.1716 20.9161
      vertex -238 6 4
      vertex -238 17.2592 14.8284
    endloop
  endfacet
  facet normal 1 0 0
    outer loop
      vertex -238 10.4582 21.8857
      vertex -238 6 4
      vertex -238 11.1716 20.9161
    endloop
  endfacet
  facet normal 1 0 0
    outer loop
      vertex -238 10 23.7445
      vertex -238 6 4
      vertex -238 10.4582 21.8857
    endloop
  endfacet
  facet normal 1 0 0
    outer loop
      vertex -238 10 63.0054
      vertex -238 6 4
      vertex -238 10 23.7445
    endloop
  endfacet
  facet normal 0 1 -0
    outer loop
      vertex -238 39.1754 10
      vertex -240 39.1754 145.5
      vertex -238 39.1754 145.5
    endloop
  endfacet
  facet normal 0 1 0
    outer loop
      vertex -240 39.1754 145.5
      vertex -238 39.1754 10
      vertex -240 39.1754 10
    endloop
  endfacet
  facet normal -0.793466 0.608615 -5.73548e-18
    outer loop
      vertex -250.275 3.87513 0
      vertex -249.719 4.6 4
      vertex -249.719 4.6 0
    endloop
  endfacet
  facet normal -0.793466 0.608615 -5.73548e-18
    outer loop
      vertex -249.719 4.6 4
      vertex -250.275 3.87513 0
      vertex -250.275 3.87513 4
    endloop
  endfacet
  facet normal -0.923744 0.38301 -6.66561e-18
    outer loop
      vertex -249.719 4.6 0
      vertex -249.369 5.44413 4
      vertex -249.369 5.44413 0
    endloop
  endfacet
  facet normal -0.923744 0.38301 -6.66561e-18
    outer loop
      vertex -249.369 5.44413 4
      vertex -249.719 4.6 0
      vertex -249.719 4.6 4
    endloop
  endfacet
  facet normal -0.608698 0.793402 0
    outer loop
      vertex -250.275 3.87513 0
      vertex -251 3.31891 4
      vertex -250.275 3.87513 4
    endloop
  endfacet
  facet normal -0.608698 0.793402 0
    outer loop
      vertex -251 3.31891 4
      vertex -250.275 3.87513 0
      vertex -251 3.31891 0
    endloop
  endfacet
  facet normal -0.382734 0.923859 0
    outer loop
      vertex -251 3.31891 0
      vertex -251.844 2.96926 4
      vertex -251 3.31891 4
    endloop
  endfacet
  facet normal -0.382734 0.923859 0
    outer loop
      vertex -251.844 2.96926 4
      vertex -251 3.31891 0
      vertex -251.844 2.96926 0
    endloop
  endfacet
  facet normal -0.382734 -0.923859 0
    outer loop
      vertex -251.844 9.73074 0
      vertex -251 9.38109 4
      vertex -251.844 9.73074 4
    endloop
  endfacet
  facet normal -0.382734 -0.923859 -0
    outer loop
      vertex -251 9.38109 4
      vertex -251.844 9.73074 0
      vertex -251 9.38109 0
    endloop
  endfacet
  facet normal 0.130508 0.991447 -0
    outer loop
      vertex -259.75 2.85 0
      vertex -260.656 2.96926 4
      vertex -259.75 2.85 4
    endloop
  endfacet
  facet normal 0.130508 0.991447 0
    outer loop
      vertex -260.656 2.96926 4
      vertex -259.75 2.85 0
      vertex -260.656 2.96926 0
    endloop
  endfacet
  facet normal -0.991482 0.130246 -7.96583e-19
    outer loop
      vertex -249.369 5.44413 0
      vertex -249.25 6.35 4
      vertex -249.25 6.35 0
    endloop
  endfacet
  facet normal -0.991482 0.130246 -7.96583e-19
    outer loop
      vertex -249.25 6.35 4
      vertex -249.369 5.44413 0
      vertex -249.369 5.44413 4
    endloop
  endfacet
  facet normal -0.991482 -0.130246 -1.54258e-18
    outer loop
      vertex -249.25 6.35 0
      vertex -249.369 7.25587 4
      vertex -249.369 7.25587 0
    endloop
  endfacet
  facet normal -0.991482 -0.130246 -1.54258e-18
    outer loop
      vertex -249.369 7.25587 4
      vertex -249.25 6.35 0
      vertex -249.25 6.35 4
    endloop
  endfacet
  facet normal 0.793466 0.608615 -7.42848e-18
    outer loop
      vertex -262.225 3.87513 4
      vertex -262.781 4.6 0
      vertex -262.781 4.6 4
    endloop
  endfacet
  facet normal 0.793466 0.608615 -7.42848e-18
    outer loop
      vertex -262.781 4.6 0
      vertex -262.225 3.87513 4
      vertex -262.225 3.87513 0
    endloop
  endfacet
  facet normal -0.923744 -0.38301 5.90944e-19
    outer loop
      vertex -249.369 7.25587 0
      vertex -249.719 8.1 4
      vertex -249.719 8.1 0
    endloop
  endfacet
  facet normal -0.923744 -0.38301 5.90944e-19
    outer loop
      vertex -249.719 8.1 4
      vertex -249.369 7.25587 0
      vertex -249.369 7.25587 4
    endloop
  endfacet
  facet normal -0.130508 -0.991447 0
    outer loop
      vertex -252.75 9.85 0
      vertex -251.844 9.73074 4
      vertex -252.75 9.85 4
    endloop
  endfacet
  facet normal -0.130508 -0.991447 -0
    outer loop
      vertex -251.844 9.73074 4
      vertex -252.75 9.85 0
      vertex -251.844 9.73074 0
    endloop
  endfacet
  facet normal -0.793466 -0.608615 5.09759e-19
    outer loop
      vertex -249.719 8.1 0
      vertex -250.275 8.82487 4
      vertex -250.275 8.82487 0
    endloop
  endfacet
  facet normal -0.793466 -0.608615 5.09759e-19
    outer loop
      vertex -250.275 8.82487 4
      vertex -249.719 8.1 0
      vertex -249.719 8.1 4
    endloop
  endfacet
  facet normal 0.608698 0.793402 -0
    outer loop
      vertex -261.5 3.31891 0
      vertex -262.225 3.87513 4
      vertex -261.5 3.31891 4
    endloop
  endfacet
  facet normal 0.608698 0.793402 0
    outer loop
      vertex -262.225 3.87513 4
      vertex -261.5 3.31891 0
      vertex -262.225 3.87513 0
    endloop
  endfacet
  facet normal 0.991482 -0.130246 -1.41266e-18
    outer loop
      vertex -263.25 6.35 4
      vertex -263.131 7.25587 0
      vertex -263.131 7.25587 4
    endloop
  endfacet
  facet normal 0.991482 -0.130246 -1.41266e-18
    outer loop
      vertex -263.131 7.25587 0
      vertex -263.25 6.35 4
      vertex -263.25 6.35 0
    endloop
  endfacet
  facet normal 0 1 -0
    outer loop
      vertex -252.75 2.85 0
      vertex -259.75 2.85 4
      vertex -252.75 2.85 4
    endloop
  endfacet
  facet normal 0 1 0
    outer loop
      vertex -259.75 2.85 4
      vertex -252.75 2.85 0
      vertex -259.75 2.85 0
    endloop
  endfacet
  facet normal 0.793466 -0.608615 -2.53685e-18
    outer loop
      vertex -262.781 8.1 4
      vertex -262.225 8.82487 0
      vertex -262.225 8.82487 4
    endloop
  endfacet
  facet normal 0.793466 -0.608615 -2.53685e-18
    outer loop
      vertex -262.225 8.82487 0
      vertex -262.781 8.1 4
      vertex -262.781 8.1 0
    endloop
  endfacet
  facet normal 0.382734 0.923859 -0
    outer loop
      vertex -260.656 2.96926 0
      vertex -261.5 3.31891 4
      vertex -260.656 2.96926 4
    endloop
  endfacet
  facet normal 0.382734 0.923859 0
    outer loop
      vertex -261.5 3.31891 4
      vertex -260.656 2.96926 0
      vertex -261.5 3.31891 0
    endloop
  endfacet
  facet normal 0.923744 0.38301 -5.56634e-18
    outer loop
      vertex -262.781 4.6 4
      vertex -263.131 5.44413 0
      vertex -263.131 5.44413 4
    endloop
  endfacet
  facet normal 0.923744 0.38301 -5.56634e-18
    outer loop
      vertex -263.131 5.44413 0
      vertex -262.781 4.6 4
      vertex -262.781 4.6 0
    endloop
  endfacet
  facet normal -0.130508 0.991447 0
    outer loop
      vertex -251.844 2.96926 0
      vertex -252.75 2.85 4
      vertex -251.844 2.96926 4
    endloop
  endfacet
  facet normal -0.130508 0.991447 0
    outer loop
      vertex -252.75 2.85 4
      vertex -251.844 2.96926 0
      vertex -252.75 2.85 0
    endloop
  endfacet
  facet normal -0.608698 -0.793402 0
    outer loop
      vertex -251 9.38109 0
      vertex -250.275 8.82487 4
      vertex -251 9.38109 4
    endloop
  endfacet
  facet normal -0.608698 -0.793402 -0
    outer loop
      vertex -250.275 8.82487 4
      vertex -251 9.38109 0
      vertex -250.275 8.82487 0
    endloop
  endfacet
  facet normal 0.923744 -0.38301 -3.54566e-18
    outer loop
      vertex -263.131 7.25587 4
      vertex -262.781 8.1 0
      vertex -262.781 8.1 4
    endloop
  endfacet
  facet normal 0.923744 -0.38301 -3.54566e-18
    outer loop
      vertex -262.781 8.1 0
      vertex -263.131 7.25587 4
      vertex -263.131 7.25587 0
    endloop
  endfacet
  facet normal 0 -1 0
    outer loop
      vertex -259.75 9.85 0
      vertex -252.75 9.85 4
      vertex -259.75 9.85 4
    endloop
  endfacet
  facet normal 0 -1 -0
    outer loop
      vertex -252.75 9.85 4
      vertex -259.75 9.85 0
      vertex -252.75 9.85 0
    endloop
  endfacet
  facet normal 0.130508 -0.991447 0
    outer loop
      vertex -260.656 9.73074 0
      vertex -259.75 9.85 4
      vertex -260.656 9.73074 4
    endloop
  endfacet
  facet normal 0.130508 -0.991447 0
    outer loop
      vertex -259.75 9.85 4
      vertex -260.656 9.73074 0
      vertex -259.75 9.85 0
    endloop
  endfacet
  facet normal 0.608698 -0.793402 0
    outer loop
      vertex -262.225 8.82487 0
      vertex -261.5 9.38109 4
      vertex -262.225 8.82487 4
    endloop
  endfacet
  facet normal 0.608698 -0.793402 0
    outer loop
      vertex -261.5 9.38109 4
      vertex -262.225 8.82487 0
      vertex -261.5 9.38109 0
    endloop
  endfacet
  facet normal 0.382734 -0.923859 0
    outer loop
      vertex -261.5 9.38109 0
      vertex -260.656 9.73074 4
      vertex -261.5 9.38109 4
    endloop
  endfacet
  facet normal 0.382734 -0.923859 0
    outer loop
      vertex -260.656 9.73074 4
      vertex -261.5 9.38109 0
      vertex -260.656 9.73074 0
    endloop
  endfacet
  facet normal 0.991482 0.130246 -4.55146e-20
    outer loop
      vertex -263.131 5.44413 4
      vertex -263.25 6.35 0
      vertex -263.25 6.35 4
    endloop
  endfacet
  facet normal 0.991482 0.130246 -4.55146e-20
    outer loop
      vertex -263.25 6.35 0
      vertex -263.131 5.44413 4
      vertex -263.131 5.44413 0
    endloop
  endfacet
  facet normal 0.382687 0.923878 -0
    outer loop
      vertex -260.656 33.9193 0
      vertex -261.5 34.2689 4
      vertex -260.656 33.9193 4
    endloop
  endfacet
  facet normal 0.382687 0.923878 0
    outer loop
      vertex -261.5 34.2689 4
      vertex -260.656 33.9193 0
      vertex -261.5 34.2689 0
    endloop
  endfacet
  facet normal -0.130551 -0.991442 0
    outer loop
      vertex -252.75 40.8 0
      vertex -251.844 40.6807 4
      vertex -252.75 40.8 4
    endloop
  endfacet
  facet normal -0.130551 -0.991442 -0
    outer loop
      vertex -251.844 40.6807 4
      vertex -252.75 40.8 0
      vertex -251.844 40.6807 0
    endloop
  endfacet
  facet normal 0.608684 0.793413 -0
    outer loop
      vertex -261.5 34.2689 0
      vertex -262.225 34.8251 4
      vertex -261.5 34.2689 4
    endloop
  endfacet
  facet normal 0.608684 0.793413 0
    outer loop
      vertex -262.225 34.8251 4
      vertex -261.5 34.2689 0
      vertex -262.225 34.8251 0
    endloop
  endfacet
  facet normal -0.382687 -0.923878 0
    outer loop
      vertex -251.844 40.6807 0
      vertex -251 40.3311 4
      vertex -251.844 40.6807 4
    endloop
  endfacet
  facet normal -0.382687 -0.923878 -0
    outer loop
      vertex -251 40.3311 4
      vertex -251.844 40.6807 0
      vertex -251 40.3311 0
    endloop
  endfacet
  facet normal 0.793478 0.608599 2.79644e-18
    outer loop
      vertex -262.225 34.8251 4
      vertex -262.781 35.55 0
      vertex -262.781 35.55 4
    endloop
  endfacet
  facet normal 0.793478 0.608599 2.79644e-18
    outer loop
      vertex -262.781 35.55 0
      vertex -262.225 34.8251 4
      vertex -262.225 34.8251 0
    endloop
  endfacet
  facet normal -0.793478 0.608599 -5.36073e-19
    outer loop
      vertex -250.275 34.8251 0
      vertex -249.719 35.55 4
      vertex -249.719 35.55 0
    endloop
  endfacet
  facet normal -0.793478 0.608599 -5.36073e-19
    outer loop
      vertex -249.719 35.55 4
      vertex -250.275 34.8251 0
      vertex -250.275 34.8251 4
    endloop
  endfacet
  facet normal 0.130551 -0.991442 0
    outer loop
      vertex -260.656 40.6807 0
      vertex -259.75 40.8 4
      vertex -260.656 40.6807 4
    endloop
  endfacet
  facet normal 0.130551 -0.991442 0
    outer loop
      vertex -259.75 40.8 4
      vertex -260.656 40.6807 0
      vertex -259.75 40.8 0
    endloop
  endfacet
  facet normal 0.608684 -0.793413 0
    outer loop
      vertex -262.225 39.7749 0
      vertex -261.5 40.3311 4
      vertex -262.225 39.7749 4
    endloop
  endfacet
  facet normal 0.608684 -0.793413 0
    outer loop
      vertex -261.5 40.3311 4
      vertex -262.225 39.7749 0
      vertex -261.5 40.3311 0
    endloop
  endfacet
  facet normal -0.923739 0.383022 -5.44307e-19
    outer loop
      vertex -249.719 35.55 0
      vertex -249.369 36.3941 4
      vertex -249.369 36.3941 0
    endloop
  endfacet
  facet normal -0.923739 0.383022 -5.44307e-19
    outer loop
      vertex -249.369 36.3941 4
      vertex -249.719 35.55 0
      vertex -249.719 35.55 4
    endloop
  endfacet
  facet normal -0.608684 0.793413 0
    outer loop
      vertex -250.275 34.8251 0
      vertex -251 34.2689 4
      vertex -250.275 34.8251 4
    endloop
  endfacet
  facet normal -0.608684 0.793413 0
    outer loop
      vertex -251 34.2689 4
      vertex -250.275 34.8251 0
      vertex -251 34.2689 0
    endloop
  endfacet
  facet normal -0.382687 0.923878 0
    outer loop
      vertex -251 34.2689 0
      vertex -251.844 33.9193 4
      vertex -251 34.2689 4
    endloop
  endfacet
  facet normal -0.382687 0.923878 0
    outer loop
      vertex -251.844 33.9193 4
      vertex -251 34.2689 0
      vertex -251.844 33.9193 0
    endloop
  endfacet
  facet normal -0.991482 0.130242 -1.49711e-18
    outer loop
      vertex -249.369 36.3941 0
      vertex -249.25 37.3 4
      vertex -249.25 37.3 0
    endloop
  endfacet
  facet normal -0.991482 0.130242 -1.49711e-18
    outer loop
      vertex -249.25 37.3 4
      vertex -249.369 36.3941 0
      vertex -249.369 36.3941 4
    endloop
  endfacet
  facet normal 0 -1 0
    outer loop
      vertex -259.75 40.8 0
      vertex -252.75 40.8 4
      vertex -259.75 40.8 4
    endloop
  endfacet
  facet normal 0 -1 -0
    outer loop
      vertex -252.75 40.8 4
      vertex -259.75 40.8 0
      vertex -252.75 40.8 0
    endloop
  endfacet
  facet normal -0.991482 -0.130242 1.77051e-18
    outer loop
      vertex -249.25 37.3 0
      vertex -249.369 38.2059 4
      vertex -249.369 38.2059 0
    endloop
  endfacet
  facet normal -0.991482 -0.130242 1.77051e-18
    outer loop
      vertex -249.369 38.2059 4
      vertex -249.25 37.3 0
      vertex -249.25 37.3 4
    endloop
  endfacet
  facet normal -0.923739 -0.383022 -2.49312e-18
    outer loop
      vertex -249.369 38.2059 0
      vertex -249.719 39.05 4
      vertex -249.719 39.05 0
    endloop
  endfacet
  facet normal -0.923739 -0.383022 -2.49312e-18
    outer loop
      vertex -249.719 39.05 4
      vertex -249.369 38.2059 0
      vertex -249.369 38.2059 4
    endloop
  endfacet
  facet normal -0.793478 -0.608599 -2.01596e-18
    outer loop
      vertex -249.719 39.05 0
      vertex -250.275 39.7749 4
      vertex -250.275 39.7749 0
    endloop
  endfacet
  facet normal -0.793478 -0.608599 -2.01596e-18
    outer loop
      vertex -250.275 39.7749 4
      vertex -249.719 39.05 0
      vertex -249.719 39.05 4
    endloop
  endfacet
  facet normal 0.923739 -0.383022 -2.28414e-19
    outer loop
      vertex -263.131 38.2059 4
      vertex -262.781 39.05 0
      vertex -262.781 39.05 4
    endloop
  endfacet
  facet normal 0.923739 -0.383022 -2.28414e-19
    outer loop
      vertex -262.781 39.05 0
      vertex -263.131 38.2059 4
      vertex -263.131 38.2059 0
    endloop
  endfacet
  facet normal -0.130551 0.991442 0
    outer loop
      vertex -251.844 33.9193 0
      vertex -252.75 33.8 4
      vertex -251.844 33.9193 4
    endloop
  endfacet
  facet normal -0.130551 0.991442 0
    outer loop
      vertex -252.75 33.8 4
      vertex -251.844 33.9193 0
      vertex -252.75 33.8 0
    endloop
  endfacet
  facet normal 0 1 -0
    outer loop
      vertex -252.75 33.8 0
      vertex -259.75 33.8 4
      vertex -252.75 33.8 4
    endloop
  endfacet
  facet normal 0 1 0
    outer loop
      vertex -259.75 33.8 4
      vertex -252.75 33.8 0
      vertex -259.75 33.8 0
    endloop
  endfacet
  facet normal -0.608684 -0.793413 0
    outer loop
      vertex -251 40.3311 0
      vertex -250.275 39.7749 4
      vertex -251 40.3311 4
    endloop
  endfacet
  facet normal -0.608684 -0.793413 -0
    outer loop
      vertex -250.275 39.7749 4
      vertex -251 40.3311 0
      vertex -250.275 39.7749 0
    endloop
  endfacet
  facet normal 0.382687 -0.923878 0
    outer loop
      vertex -261.5 40.3311 0
      vertex -260.656 40.6807 4
      vertex -261.5 40.3311 4
    endloop
  endfacet
  facet normal 0.382687 -0.923878 0
    outer loop
      vertex -260.656 40.6807 4
      vertex -261.5 40.3311 0
      vertex -260.656 40.6807 0
    endloop
  endfacet
  facet normal 0.923739 0.383022 3.26584e-18
    outer loop
      vertex -262.781 35.55 4
      vertex -263.131 36.3941 0
      vertex -263.131 36.3941 4
    endloop
  endfacet
  facet normal 0.923739 0.383022 3.26584e-18
    outer loop
      vertex -263.131 36.3941 0
      vertex -262.781 35.55 4
      vertex -262.781 35.55 0
    endloop
  endfacet
  facet normal 0.793478 -0.608599 -2.44412e-19
    outer loop
      vertex -262.781 39.05 4
      vertex -262.225 39.7749 0
      vertex -262.225 39.7749 4
    endloop
  endfacet
  facet normal 0.793478 -0.608599 -2.44412e-19
    outer loop
      vertex -262.225 39.7749 0
      vertex -262.781 39.05 4
      vertex -262.781 39.05 0
    endloop
  endfacet
  facet normal 0.991482 0.130242 4.2174e-19
    outer loop
      vertex -263.131 36.3941 4
      vertex -263.25 37.3 0
      vertex -263.25 37.3 4
    endloop
  endfacet
  facet normal 0.991482 0.130242 4.2174e-19
    outer loop
      vertex -263.25 37.3 0
      vertex -263.131 36.3941 4
      vertex -263.131 36.3941 0
    endloop
  endfacet
  facet normal 0.991482 -0.130242 -6.95139e-19
    outer loop
      vertex -263.25 37.3 4
      vertex -263.131 38.2059 0
      vertex -263.131 38.2059 4
    endloop
  endfacet
  facet normal 0.991482 -0.130242 -6.95139e-19
    outer loop
      vertex -263.131 38.2059 0
      vertex -263.25 37.3 4
      vertex -263.25 37.3 0
    endloop
  endfacet
  facet normal 0.130551 0.991442 -0
    outer loop
      vertex -259.75 33.8 0
      vertex -260.656 33.9193 4
      vertex -259.75 33.8 4
    endloop
  endfacet
  facet normal 0.130551 0.991442 0
    outer loop
      vertex -260.656 33.9193 4
      vertex -259.75 33.8 0
      vertex -260.656 33.9193 0
    endloop
  endfacet
  facet normal 0 -0.130526 -0.991445
    outer loop
      vertex -5 21.825 22.65
      vertex 0 22.5109 22.5597
      vertex 0 21.825 22.65
    endloop
  endfacet
  facet normal -0 -0.130526 -0.991445
    outer loop
      vertex 0 22.5109 22.5597
      vertex -5 21.825 22.65
      vertex -5 22.5109 22.5597
    endloop
  endfacet
  facet normal 3.3944e-19 0.991445 0.130526
    outer loop
      vertex 0 19.2653 19.3141
      vertex -5 19.175 20
      vertex 0 19.175 20
    endloop
  endfacet
  facet normal 3.3944e-19 0.991445 0.130526
    outer loop
      vertex -5 19.175 20
      vertex 0 19.2653 19.3141
      vertex -5 19.2653 19.3141
    endloop
  endfacet
  facet normal 0 -0.608844 0.79329
    outer loop
      vertex -5 23.6988 18.1262
      vertex 0 23.15 17.705
      vertex 0 23.6988 18.1262
    endloop
  endfacet
  facet normal 0 -0.608844 0.79329
    outer loop
      vertex 0 23.15 17.705
      vertex -5 23.6988 18.1262
      vertex -5 23.15 17.705
    endloop
  endfacet
  facet normal -0 0.608844 0.79329
    outer loop
      vertex -5 20.5 17.705
      vertex 0 19.9512 18.1262
      vertex 0 20.5 17.705
    endloop
  endfacet
  facet normal 0 0.608844 0.79329
    outer loop
      vertex 0 19.9512 18.1262
      vertex -5 20.5 17.705
      vertex -5 19.9512 18.1262
    endloop
  endfacet
  facet normal 0 -0.130526 0.991445
    outer loop
      vertex -5 22.5109 17.4403
      vertex 0 21.825 17.35
      vertex 0 22.5109 17.4403
    endloop
  endfacet
  facet normal 0 -0.130526 0.991445
    outer loop
      vertex 0 21.825 17.35
      vertex -5 22.5109 17.4403
      vertex -5 21.825 17.35
    endloop
  endfacet
  facet normal -2.76427e-18 -0.79329 0.608844
    outer loop
      vertex -5 23.6988 18.1262
      vertex 0 24.12 18.675
      vertex -5 24.12 18.675
    endloop
  endfacet
  facet normal -2.76427e-18 -0.79329 0.608844
    outer loop
      vertex 0 24.12 18.675
      vertex -5 23.6988 18.1262
      vertex 0 23.6988 18.1262
    endloop
  endfacet
  facet normal 0 -0.608844 -0.79329
    outer loop
      vertex -5 23.15 22.295
      vertex 0 23.6988 21.8738
      vertex 0 23.15 22.295
    endloop
  endfacet
  facet normal -0 -0.608844 -0.79329
    outer loop
      vertex 0 23.6988 21.8738
      vertex -5 23.15 22.295
      vertex -5 23.6988 21.8738
    endloop
  endfacet
  facet normal 0 0.382654 -0.923892
    outer loop
      vertex -5 20.5 22.295
      vertex 0 21.1391 22.5597
      vertex 0 20.5 22.295
    endloop
  endfacet
  facet normal 0 0.382654 -0.923892
    outer loop
      vertex 0 21.1391 22.5597
      vertex -5 20.5 22.295
      vertex -5 21.1391 22.5597
    endloop
  endfacet
  facet normal -0 0.382654 0.923892
    outer loop
      vertex -5 21.1391 17.4403
      vertex 0 20.5 17.705
      vertex 0 21.1391 17.4403
    endloop
  endfacet
  facet normal 0 0.382654 0.923892
    outer loop
      vertex 0 20.5 17.705
      vertex -5 21.1391 17.4403
      vertex -5 20.5 17.705
    endloop
  endfacet
  facet normal -0 0.130526 0.991445
    outer loop
      vertex -5 21.825 17.35
      vertex 0 21.1391 17.4403
      vertex 0 21.825 17.35
    endloop
  endfacet
  facet normal 0 0.130526 0.991445
    outer loop
      vertex 0 21.1391 17.4403
      vertex -5 21.825 17.35
      vertex -5 21.1391 17.4403
    endloop
  endfacet
  facet normal 1.31644e-18 0.923892 0.382654
    outer loop
      vertex 0 19.53 18.675
      vertex -5 19.2653 19.3141
      vertex 0 19.2653 19.3141
    endloop
  endfacet
  facet normal 1.31644e-18 0.923892 0.382654
    outer loop
      vertex -5 19.2653 19.3141
      vertex 0 19.53 18.675
      vertex -5 19.53 18.675
    endloop
  endfacet
  facet normal 0 0.608844 -0.79329
    outer loop
      vertex -5 19.9512 21.8738
      vertex 0 20.5 22.295
      vertex 0 19.9512 21.8738
    endloop
  endfacet
  facet normal 0 0.608844 -0.79329
    outer loop
      vertex 0 20.5 22.295
      vertex -5 19.9512 21.8738
      vertex -5 20.5 22.295
    endloop
  endfacet
  facet normal -2.32425e-20 -0.991445 -0.130526
    outer loop
      vertex -5 24.475 20
      vertex 0 24.3847 20.6859
      vertex -5 24.3847 20.6859
    endloop
  endfacet
  facet normal -2.32425e-20 -0.991445 -0.130526
    outer loop
      vertex 0 24.3847 20.6859
      vertex -5 24.475 20
      vertex 0 24.475 20
    endloop
  endfacet
  facet normal 0 -0.382654 0.923892
    outer loop
      vertex -5 23.15 17.705
      vertex 0 22.5109 17.4403
      vertex 0 23.15 17.705
    endloop
  endfacet
  facet normal 0 -0.382654 0.923892
    outer loop
      vertex 0 22.5109 17.4403
      vertex -5 23.15 17.705
      vertex -5 22.5109 17.4403
    endloop
  endfacet
  facet normal 0 0.130526 -0.991445
    outer loop
      vertex -5 21.1391 22.5597
      vertex 0 21.825 22.65
      vertex 0 21.1391 22.5597
    endloop
  endfacet
  facet normal 0 0.130526 -0.991445
    outer loop
      vertex 0 21.825 22.65
      vertex -5 21.1391 22.5597
      vertex -5 21.825 22.65
    endloop
  endfacet
  facet normal 2.32425e-20 -0.991445 0.130526
    outer loop
      vertex -5 24.3847 19.3141
      vertex 0 24.475 20
      vertex -5 24.475 20
    endloop
  endfacet
  facet normal 2.32425e-20 -0.991445 0.130526
    outer loop
      vertex 0 24.475 20
      vertex -5 24.3847 19.3141
      vertex 0 24.3847 19.3141
    endloop
  endfacet
  facet normal -1.31644e-18 0.923892 -0.382654
    outer loop
      vertex 0 19.2653 20.6859
      vertex -5 19.53 21.325
      vertex 0 19.53 21.325
    endloop
  endfacet
  facet normal -1.31644e-18 0.923892 -0.382654
    outer loop
      vertex -5 19.53 21.325
      vertex 0 19.2653 20.6859
      vertex -5 19.2653 20.6859
    endloop
  endfacet
  facet normal -2.49993e-19 -0.923892 -0.382654
    outer loop
      vertex -5 24.3847 20.6859
      vertex 0 24.12 21.325
      vertex -5 24.12 21.325
    endloop
  endfacet
  facet normal -2.49993e-19 -0.923892 -0.382654
    outer loop
      vertex 0 24.12 21.325
      vertex -5 24.3847 20.6859
      vertex 0 24.3847 20.6859
    endloop
  endfacet
  facet normal 2.76427e-18 -0.79329 -0.608844
    outer loop
      vertex -5 24.12 21.325
      vertex 0 23.6988 21.8738
      vertex -5 23.6988 21.8738
    endloop
  endfacet
  facet normal 2.76427e-18 -0.79329 -0.608844
    outer loop
      vertex 0 23.6988 21.8738
      vertex -5 24.12 21.325
      vertex 0 24.12 21.325
    endloop
  endfacet
  facet normal 2.49993e-19 -0.923892 0.382654
    outer loop
      vertex -5 24.12 18.675
      vertex 0 24.3847 19.3141
      vertex -5 24.3847 19.3141
    endloop
  endfacet
  facet normal 2.49993e-19 -0.923892 0.382654
    outer loop
      vertex 0 24.3847 19.3141
      vertex -5 24.12 18.675
      vertex 0 24.12 18.675
    endloop
  endfacet
  facet normal -3.28272e-18 0.79329 0.608844
    outer loop
      vertex 0 19.9512 18.1262
      vertex -5 19.53 18.675
      vertex 0 19.53 18.675
    endloop
  endfacet
  facet normal -3.28272e-18 0.79329 0.608844
    outer loop
      vertex -5 19.53 18.675
      vertex 0 19.9512 18.1262
      vertex -5 19.9512 18.1262
    endloop
  endfacet
  facet normal -3.3944e-19 0.991445 -0.130526
    outer loop
      vertex 0 19.175 20
      vertex -5 19.2653 20.6859
      vertex 0 19.2653 20.6859
    endloop
  endfacet
  facet normal -3.3944e-19 0.991445 -0.130526
    outer loop
      vertex -5 19.2653 20.6859
      vertex 0 19.175 20
      vertex -5 19.175 20
    endloop
  endfacet
  facet normal 3.28272e-18 0.79329 -0.608844
    outer loop
      vertex 0 19.53 21.325
      vertex -5 19.9512 21.8738
      vertex 0 19.9512 21.8738
    endloop
  endfacet
  facet normal 3.28272e-18 0.79329 -0.608844
    outer loop
      vertex -5 19.9512 21.8738
      vertex 0 19.53 21.325
      vertex -5 19.53 21.325
    endloop
  endfacet
  facet normal 0 -0.382654 -0.923892
    outer loop
      vertex -5 22.5109 22.5597
      vertex 0 23.15 22.295
      vertex 0 22.5109 22.5597
    endloop
  endfacet
  facet normal -0 -0.382654 -0.923892
    outer loop
      vertex 0 23.15 22.295
      vertex -5 22.5109 22.5597
      vertex -5 23.15 22.295
    endloop
  endfacet
  facet normal -5.46639e-18 -0.831484 -0.555549
    outer loop
      vertex -8 26.5015 22.7
      vertex -5 26.1091 23.2873
      vertex -8 26.1091 23.2873
    endloop
  endfacet
  facet normal -5.46639e-18 -0.831484 -0.555549
    outer loop
      vertex -5 26.1091 23.2873
      vertex -8 26.5015 22.7
      vertex -5 26.5015 22.7
    endloop
  endfacet
  facet normal 1.33429e-18 0.997858 0.0654101
    outer loop
      vertex -5 16.4712 19.2952
      vertex -8 16.425 20
      vertex -5 16.425 20
    endloop
  endfacet
  facet normal 1.33429e-18 0.997858 0.0654101
    outer loop
      vertex -8 16.425 20
      vertex -5 16.4712 19.2952
      vertex -8 16.4712 19.2952
    endloop
  endfacet
  facet normal 0 -0.321489 0.946913
    outer loop
      vertex -8 23.8915 15.0111
      vertex -5 23.2226 14.784
      vertex -5 23.8915 15.0111
    endloop
  endfacet
  facet normal 0 -0.321489 0.946913
    outer loop
      vertex -5 23.2226 14.784
      vertex -8 23.8915 15.0111
      vertex -8 23.2226 14.784
    endloop
  endfacet
  facet normal 0 0.0654101 -0.997858
    outer loop
      vertex -8 21.1202 25.3538
      vertex -5 21.825 25.4
      vertex -5 21.1202 25.3538
    endloop
  endfacet
  facet normal 0 0.0654101 -0.997858
    outer loop
      vertex -5 21.825 25.4
      vertex -8 21.1202 25.3538
      vertex -8 21.825 25.4
    endloop
  endfacet
  facet normal 0 -0.555549 0.831484
    outer loop
      vertex -8 25.1123 15.7159
      vertex -5 24.525 15.3235
      vertex -5 25.1123 15.7159
    endloop
  endfacet
  facet normal 0 -0.555549 0.831484
    outer loop
      vertex -5 24.525 15.3235
      vertex -8 25.1123 15.7159
      vertex -8 24.525 15.3235
    endloop
  endfacet
  facet normal 0 -0.0654101 0.997858
    outer loop
      vertex -8 22.5298 14.6462
      vertex -5 21.825 14.6
      vertex -5 22.5298 14.6462
    endloop
  endfacet
  facet normal 0 -0.0654101 0.997858
    outer loop
      vertex -5 21.825 14.6
      vertex -8 22.5298 14.6462
      vertex -8 21.825 14.6
    endloop
  endfacet
  facet normal 6.28903e-19 0.751883 0.659296
    outer loop
      vertex -5 18.0066 16.1816
      vertex -8 17.5409 16.7127
      vertex -5 17.5409 16.7127
    endloop
  endfacet
  facet normal 6.28903e-19 0.751883 0.659296
    outer loop
      vertex -8 17.5409 16.7127
      vertex -5 18.0066 16.1816
      vertex -8 18.0066 16.1816
    endloop
  endfacet
  facet normal 5.46639e-18 -0.831484 0.555549
    outer loop
      vertex -8 26.1091 16.7127
      vertex -5 26.5015 17.3
      vertex -8 26.5015 17.3
    endloop
  endfacet
  facet normal 5.46639e-18 -0.831484 0.555549
    outer loop
      vertex -5 26.5015 17.3
      vertex -8 26.1091 16.7127
      vertex -5 26.1091 16.7127
    endloop
  endfacet
  facet normal -8.80383e-19 -0.751883 0.659296
    outer loop
      vertex -8 25.6434 16.1816
      vertex -5 26.1091 16.7127
      vertex -8 26.1091 16.7127
    endloop
  endfacet
  facet normal -8.80383e-19 -0.751883 0.659296
    outer loop
      vertex -5 26.1091 16.7127
      vertex -8 25.6434 16.1816
      vertex -5 25.6434 16.1816
    endloop
  endfacet
  facet normal -0 0.44228 0.896877
    outer loop
      vertex -8 19.7585 15.0111
      vertex -5 19.125 15.3235
      vertex -5 19.7585 15.0111
    endloop
  endfacet
  facet normal 0 0.44228 0.896877
    outer loop
      vertex -5 19.125 15.3235
      vertex -8 19.7585 15.0111
      vertex -8 19.125 15.3235
    endloop
  endfacet
  facet normal 0 -0.44228 0.896877
    outer loop
      vertex -8 24.525 15.3235
      vertex -5 23.8915 15.0111
      vertex -5 24.525 15.3235
    endloop
  endfacet
  facet normal 0 -0.44228 0.896877
    outer loop
      vertex -5 23.8915 15.0111
      vertex -8 24.525 15.3235
      vertex -8 23.8915 15.0111
    endloop
  endfacet
  facet normal 5.32148e-19 0.896877 0.44228
    outer loop
      vertex -5 17.1485 17.3
      vertex -8 16.8361 17.9335
      vertex -5 16.8361 17.9335
    endloop
  endfacet
  facet normal 5.32148e-19 0.896877 0.44228
    outer loop
      vertex -8 16.8361 17.9335
      vertex -5 17.1485 17.3
      vertex -8 17.1485 17.3
    endloop
  endfacet
  facet normal 1.47409e-18 -0.997858 0.0654101
    outer loop
      vertex -8 27.1788 19.2952
      vertex -5 27.225 20
      vertex -8 27.225 20
    endloop
  endfacet
  facet normal 1.47409e-18 -0.997858 0.0654101
    outer loop
      vertex -5 27.225 20
      vertex -8 27.1788 19.2952
      vertex -5 27.1788 19.2952
    endloop
  endfacet
  facet normal -0 0.0654101 0.997858
    outer loop
      vertex -8 21.825 14.6
      vertex -5 21.1202 14.6462
      vertex -5 21.825 14.6
    endloop
  endfacet
  facet normal 0 0.0654101 0.997858
    outer loop
      vertex -5 21.1202 14.6462
      vertex -8 21.825 14.6
      vertex -8 21.1202 14.6462
    endloop
  endfacet
  facet normal 1.35707e-18 -0.980787 0.195081
    outer loop
      vertex -8 27.041 18.6024
      vertex -5 27.1788 19.2952
      vertex -8 27.1788 19.2952
    endloop
  endfacet
  facet normal 1.35707e-18 -0.980787 0.195081
    outer loop
      vertex -5 27.1788 19.2952
      vertex -8 27.041 18.6024
      vertex -5 27.041 18.6024
    endloop
  endfacet
  facet normal -0 0.195081 0.980787
    outer loop
      vertex -8 21.1202 14.6462
      vertex -5 20.4274 14.784
      vertex -5 21.1202 14.6462
    endloop
  endfacet
  facet normal 0 0.195081 0.980787
    outer loop
      vertex -5 20.4274 14.784
      vertex -8 21.1202 14.6462
      vertex -8 20.4274 14.784
    endloop
  endfacet
  facet normal 0 0.321489 -0.946913
    outer loop
      vertex -8 19.7585 24.9889
      vertex -5 20.4274 25.216
      vertex -5 19.7585 24.9889
    endloop
  endfacet
  facet normal 0 0.321489 -0.946913
    outer loop
      vertex -5 20.4274 25.216
      vertex -8 19.7585 24.9889
      vertex -8 20.4274 25.216
    endloop
  endfacet
  facet normal -3.26212e-18 0.946913 0.321489
    outer loop
      vertex -5 16.8361 17.9335
      vertex -8 16.609 18.6024
      vertex -5 16.609 18.6024
    endloop
  endfacet
  facet normal -3.26212e-18 0.946913 0.321489
    outer loop
      vertex -8 16.609 18.6024
      vertex -5 16.8361 17.9335
      vertex -8 16.8361 17.9335
    endloop
  endfacet
  facet normal -0 0.555549 0.831484
    outer loop
      vertex -8 19.125 15.3235
      vertex -5 18.5377 15.7159
      vertex -5 19.125 15.3235
    endloop
  endfacet
  facet normal 0 0.555549 0.831484
    outer loop
      vertex -5 18.5377 15.7159
      vertex -8 19.125 15.3235
      vertex -8 18.5377 15.7159
    endloop
  endfacet
  facet normal 2.85516e-18 0.980787 0.195081
    outer loop
      vertex -5 16.609 18.6024
      vertex -8 16.4712 19.2952
      vertex -5 16.4712 19.2952
    endloop
  endfacet
  facet normal 2.85516e-18 0.980787 0.195081
    outer loop
      vertex -8 16.4712 19.2952
      vertex -5 16.609 18.6024
      vertex -8 16.609 18.6024
    endloop
  endfacet
  facet normal 8.80383e-19 -0.751883 -0.659296
    outer loop
      vertex -8 26.1091 23.2873
      vertex -5 25.6434 23.8184
      vertex -8 25.6434 23.8184
    endloop
  endfacet
  facet normal 8.80383e-19 -0.751883 -0.659296
    outer loop
      vertex -5 25.6434 23.8184
      vertex -8 26.1091 23.2873
      vertex -5 26.1091 23.2873
    endloop
  endfacet
  facet normal 0 -0.44228 -0.896877
    outer loop
      vertex -8 23.8915 24.9889
      vertex -5 24.525 24.6765
      vertex -5 23.8915 24.9889
    endloop
  endfacet
  facet normal -0 -0.44228 -0.896877
    outer loop
      vertex -5 24.525 24.6765
      vertex -8 23.8915 24.9889
      vertex -8 24.525 24.6765
    endloop
  endfacet
  facet normal -5.32148e-19 -0.896877 0.44228
    outer loop
      vertex -8 26.5015 17.3
      vertex -5 26.8139 17.9335
      vertex -8 26.8139 17.9335
    endloop
  endfacet
  facet normal -5.32148e-19 -0.896877 0.44228
    outer loop
      vertex -5 26.8139 17.9335
      vertex -8 26.5015 17.3
      vertex -5 26.5015 17.3
    endloop
  endfacet
  facet normal 0 -0.555549 -0.831484
    outer loop
      vertex -8 24.525 24.6765
      vertex -5 25.1123 24.2841
      vertex -5 24.525 24.6765
    endloop
  endfacet
  facet normal -0 -0.555549 -0.831484
    outer loop
      vertex -5 25.1123 24.2841
      vertex -8 24.525 24.6765
      vertex -8 25.1123 24.2841
    endloop
  endfacet
  facet normal -0 0.321489 0.946913
    outer loop
      vertex -8 20.4274 14.784
      vertex -5 19.7585 15.0111
      vertex -5 20.4274 14.784
    endloop
  endfacet
  facet normal 0 0.321489 0.946913
    outer loop
      vertex -5 19.7585 15.0111
      vertex -8 20.4274 14.784
      vertex -8 19.7585 15.0111
    endloop
  endfacet
  facet normal 5.32148e-19 -0.896877 -0.44228
    outer loop
      vertex -8 26.8139 22.0665
      vertex -5 26.5015 22.7
      vertex -8 26.5015 22.7
    endloop
  endfacet
  facet normal 5.32148e-19 -0.896877 -0.44228
    outer loop
      vertex -5 26.5015 22.7
      vertex -8 26.8139 22.0665
      vertex -5 26.8139 22.0665
    endloop
  endfacet
  facet normal 0 0.555549 -0.831484
    outer loop
      vertex -8 18.5377 24.2841
      vertex -5 19.125 24.6765
      vertex -5 18.5377 24.2841
    endloop
  endfacet
  facet normal 0 0.555549 -0.831484
    outer loop
      vertex -5 19.125 24.6765
      vertex -8 18.5377 24.2841
      vertex -8 19.125 24.6765
    endloop
  endfacet
  facet normal 0 0.195081 -0.980787
    outer loop
      vertex -8 20.4274 25.216
      vertex -5 21.1202 25.3538
      vertex -5 20.4274 25.216
    endloop
  endfacet
  facet normal 0 0.195081 -0.980787
    outer loop
      vertex -5 21.1202 25.3538
      vertex -8 20.4274 25.216
      vertex -8 21.1202 25.3538
    endloop
  endfacet
  facet normal -0 0.659296 0.751883
    outer loop
      vertex -8 18.5377 15.7159
      vertex -5 18.0066 16.1816
      vertex -5 18.5377 15.7159
    endloop
  endfacet
  facet normal 0 0.659296 0.751883
    outer loop
      vertex -5 18.0066 16.1816
      vertex -8 18.5377 15.7159
      vertex -8 18.0066 16.1816
    endloop
  endfacet
  facet normal 3.26212e-18 0.946913 -0.321489
    outer loop
      vertex -5 16.609 21.3976
      vertex -8 16.8361 22.0665
      vertex -5 16.8361 22.0665
    endloop
  endfacet
  facet normal 3.26212e-18 0.946913 -0.321489
    outer loop
      vertex -8 16.8361 22.0665
      vertex -5 16.609 21.3976
      vertex -8 16.609 21.3976
    endloop
  endfacet
  facet normal 0 -0.195081 0.980787
    outer loop
      vertex -8 23.2226 14.784
      vertex -5 22.5298 14.6462
      vertex -5 23.2226 14.784
    endloop
  endfacet
  facet normal 0 -0.195081 0.980787
    outer loop
      vertex -5 22.5298 14.6462
      vertex -8 23.2226 14.784
      vertex -8 22.5298 14.6462
    endloop
  endfacet
  facet normal 1.72529e-18 -0.946913 -0.321489
    outer loop
      vertex -8 27.041 21.3976
      vertex -5 26.8139 22.0665
      vertex -8 26.8139 22.0665
    endloop
  endfacet
  facet normal 1.72529e-18 -0.946913 -0.321489
    outer loop
      vertex -5 26.8139 22.0665
      vertex -8 27.041 21.3976
      vertex -5 27.041 21.3976
    endloop
  endfacet
  facet normal -1.72529e-18 -0.946913 0.321489
    outer loop
      vertex -8 26.8139 17.9335
      vertex -5 27.041 18.6024
      vertex -8 27.041 18.6024
    endloop
  endfacet
  facet normal -1.72529e-18 -0.946913 0.321489
    outer loop
      vertex -5 27.041 18.6024
      vertex -8 26.8139 17.9335
      vertex -5 26.8139 17.9335
    endloop
  endfacet
  facet normal 0 0.44228 -0.896877
    outer loop
      vertex -8 19.125 24.6765
      vertex -5 19.7585 24.9889
      vertex -5 19.125 24.6765
    endloop
  endfacet
  facet normal 0 0.44228 -0.896877
    outer loop
      vertex -5 19.7585 24.9889
      vertex -8 19.125 24.6765
      vertex -8 19.7585 24.9889
    endloop
  endfacet
  facet normal 0 -0.0654101 -0.997858
    outer loop
      vertex -8 21.825 25.4
      vertex -5 22.5298 25.3538
      vertex -5 21.825 25.4
    endloop
  endfacet
  facet normal -0 -0.0654101 -0.997858
    outer loop
      vertex -5 22.5298 25.3538
      vertex -8 21.825 25.4
      vertex -8 22.5298 25.3538
    endloop
  endfacet
  facet normal -6.28903e-19 0.751883 -0.659296
    outer loop
      vertex -5 17.5409 23.2873
      vertex -8 18.0066 23.8184
      vertex -5 18.0066 23.8184
    endloop
  endfacet
  facet normal -6.28903e-19 0.751883 -0.659296
    outer loop
      vertex -8 18.0066 23.8184
      vertex -5 17.5409 23.2873
      vertex -8 17.5409 23.2873
    endloop
  endfacet
  facet normal 0 -0.659296 -0.751883
    outer loop
      vertex -8 25.1123 24.2841
      vertex -5 25.6434 23.8184
      vertex -5 25.1123 24.2841
    endloop
  endfacet
  facet normal -0 -0.659296 -0.751883
    outer loop
      vertex -5 25.6434 23.8184
      vertex -8 25.1123 24.2841
      vertex -8 25.6434 23.8184
    endloop
  endfacet
  facet normal 5.34776e-18 0.831484 0.555549
    outer loop
      vertex -5 17.5409 16.7127
      vertex -8 17.1485 17.3
      vertex -5 17.1485 17.3
    endloop
  endfacet
  facet normal 5.34776e-18 0.831484 0.555549
    outer loop
      vertex -8 17.1485 17.3
      vertex -5 17.5409 16.7127
      vertex -8 17.5409 16.7127
    endloop
  endfacet
  facet normal 0 -0.659296 0.751883
    outer loop
      vertex -8 25.6434 16.1816
      vertex -5 25.1123 15.7159
      vertex -5 25.6434 16.1816
    endloop
  endfacet
  facet normal 0 -0.659296 0.751883
    outer loop
      vertex -5 25.1123 15.7159
      vertex -8 25.6434 16.1816
      vertex -8 25.1123 15.7159
    endloop
  endfacet
  facet normal -1.47409e-18 -0.997858 -0.0654101
    outer loop
      vertex -8 27.225 20
      vertex -5 27.1788 20.7048
      vertex -8 27.1788 20.7048
    endloop
  endfacet
  facet normal -1.47409e-18 -0.997858 -0.0654101
    outer loop
      vertex -5 27.1788 20.7048
      vertex -8 27.225 20
      vertex -5 27.225 20
    endloop
  endfacet
  facet normal -1.35707e-18 -0.980787 -0.195081
    outer loop
      vertex -8 27.1788 20.7048
      vertex -5 27.041 21.3976
      vertex -8 27.041 21.3976
    endloop
  endfacet
  facet normal -1.35707e-18 -0.980787 -0.195081
    outer loop
      vertex -5 27.041 21.3976
      vertex -8 27.1788 20.7048
      vertex -5 27.1788 20.7048
    endloop
  endfacet
  facet normal 0 0.659296 -0.751883
    outer loop
      vertex -8 18.0066 23.8184
      vertex -5 18.5377 24.2841
      vertex -5 18.0066 23.8184
    endloop
  endfacet
  facet normal 0 0.659296 -0.751883
    outer loop
      vertex -5 18.5377 24.2841
      vertex -8 18.0066 23.8184
      vertex -8 18.5377 24.2841
    endloop
  endfacet
  facet normal -1.33429e-18 0.997858 -0.0654101
    outer loop
      vertex -5 16.425 20
      vertex -8 16.4712 20.7048
      vertex -5 16.4712 20.7048
    endloop
  endfacet
  facet normal -1.33429e-18 0.997858 -0.0654101
    outer loop
      vertex -8 16.4712 20.7048
      vertex -5 16.425 20
      vertex -8 16.425 20
    endloop
  endfacet
  facet normal 0 -0.195081 -0.980787
    outer loop
      vertex -8 22.5298 25.3538
      vertex -5 23.2226 25.216
      vertex -5 22.5298 25.3538
    endloop
  endfacet
  facet normal -0 -0.195081 -0.980787
    outer loop
      vertex -5 23.2226 25.216
      vertex -8 22.5298 25.3538
      vertex -8 23.2226 25.216
    endloop
  endfacet
  facet normal 0 -0.321489 -0.946913
    outer loop
      vertex -8 23.2226 25.216
      vertex -5 23.8915 24.9889
      vertex -5 23.2226 25.216
    endloop
  endfacet
  facet normal -0 -0.321489 -0.946913
    outer loop
      vertex -5 23.8915 24.9889
      vertex -8 23.2226 25.216
      vertex -8 23.8915 24.9889
    endloop
  endfacet
  facet normal -5.34776e-18 0.831484 -0.555549
    outer loop
      vertex -5 17.1485 22.7
      vertex -8 17.5409 23.2873
      vertex -5 17.5409 23.2873
    endloop
  endfacet
  facet normal -5.34776e-18 0.831484 -0.555549
    outer loop
      vertex -8 17.5409 23.2873
      vertex -5 17.1485 22.7
      vertex -8 17.1485 22.7
    endloop
  endfacet
  facet normal -5.32148e-19 0.896877 -0.44228
    outer loop
      vertex -5 16.8361 22.0665
      vertex -8 17.1485 22.7
      vertex -5 17.1485 22.7
    endloop
  endfacet
  facet normal -5.32148e-19 0.896877 -0.44228
    outer loop
      vertex -8 17.1485 22.7
      vertex -5 16.8361 22.0665
      vertex -8 16.8361 22.0665
    endloop
  endfacet
  facet normal -1 0 0
    outer loop
      vertex -5 24.475 20
      vertex -5 27.225 20
      vertex -5 27.1788 19.2952
    endloop
  endfacet
  facet normal -1 0 0
    outer loop
      vertex -5 24.3847 19.3141
      vertex -5 27.1788 19.2952
      vertex -5 27.041 18.6024
    endloop
  endfacet
  facet normal -1 0 0
    outer loop
      vertex -5 27.225 20
      vertex -5 24.475 20
      vertex -5 27.1788 20.7048
    endloop
  endfacet
  facet normal -1 0 0
    outer loop
      vertex -5 24.3847 19.3141
      vertex -5 27.041 18.6024
      vertex -5 26.8139 17.9335
    endloop
  endfacet
  facet normal -1 0 0
    outer loop
      vertex -5 24.3847 20.6859
      vertex -5 27.1788 20.7048
      vertex -5 24.475 20
    endloop
  endfacet
  facet normal -1 0 0
    outer loop
      vertex -5 24.12 18.675
      vertex -5 26.8139 17.9335
      vertex -5 26.5015 17.3
    endloop
  endfacet
  facet normal -1 -0 0
    outer loop
      vertex -5 27.1788 20.7048
      vertex -5 24.3847 20.6859
      vertex -5 27.041 21.3976
    endloop
  endfacet
  facet normal -1 0 0
    outer loop
      vertex -5 24.12 18.675
      vertex -5 26.5015 17.3
      vertex -5 26.1091 16.7127
    endloop
  endfacet
  facet normal -1 -0 0
    outer loop
      vertex -5 27.041 21.3976
      vertex -5 24.3847 20.6859
      vertex -5 26.8139 22.0665
    endloop
  endfacet
  facet normal -1 0 0
    outer loop
      vertex -5 23.6988 18.1262
      vertex -5 26.1091 16.7127
      vertex -5 25.6434 16.1816
    endloop
  endfacet
  facet normal -1 0 0
    outer loop
      vertex -5 24.12 21.325
      vertex -5 26.8139 22.0665
      vertex -5 24.3847 20.6859
    endloop
  endfacet
  facet normal -1 0 0
    outer loop
      vertex -5 23.6988 18.1262
      vertex -5 25.6434 16.1816
      vertex -5 25.1123 15.7159
    endloop
  endfacet
  facet normal -1 -0 0
    outer loop
      vertex -5 26.8139 22.0665
      vertex -5 24.12 21.325
      vertex -5 26.5015 22.7
    endloop
  endfacet
  facet normal -1 0 0
    outer loop
      vertex -5 23.15 17.705
      vertex -5 25.1123 15.7159
      vertex -5 24.525 15.3235
    endloop
  endfacet
  facet normal -1 -0 0
    outer loop
      vertex -5 26.5015 22.7
      vertex -5 24.12 21.325
      vertex -5 26.1091 23.2873
    endloop
  endfacet
  facet normal -1 0 0
    outer loop
      vertex -5 23.6988 21.8738
      vertex -5 26.1091 23.2873
      vertex -5 24.12 21.325
    endloop
  endfacet
  facet normal -1 0 0
    outer loop
      vertex -5 27.1788 19.2952
      vertex -5 24.3847 19.3141
      vertex -5 24.475 20
    endloop
  endfacet
  facet normal -1 0 0
    outer loop
      vertex -5 26.8139 17.9335
      vertex -5 24.12 18.675
      vertex -5 24.3847 19.3141
    endloop
  endfacet
  facet normal -1 0 0
    outer loop
      vertex -5 23.15 17.705
      vertex -5 24.525 15.3235
      vertex -5 23.8915 15.0111
    endloop
  endfacet
  facet normal -1 0 0
    outer loop
      vertex -5 26.1091 16.7127
      vertex -5 23.6988 18.1262
      vertex -5 24.12 18.675
    endloop
  endfacet
  facet normal -1 0 0
    outer loop
      vertex -5 22.5109 17.4403
      vertex -5 23.8915 15.0111
      vertex -5 23.2226 14.784
    endloop
  endfacet
  facet normal -1 0 0
    outer loop
      vertex -5 25.1123 15.7159
      vertex -5 23.15 17.705
      vertex -5 23.6988 18.1262
    endloop
  endfacet
  facet normal -1 0 0
    outer loop
      vertex -5 22.5109 17.4403
      vertex -5 23.2226 14.784
      vertex -5 22.5298 14.6462
    endloop
  endfacet
  facet normal -1 0 0
    outer loop
      vertex -5 23.8915 15.0111
      vertex -5 22.5109 17.4403
      vertex -5 23.15 17.705
    endloop
  endfacet
  facet normal -1 0 0
    outer loop
      vertex -5 21.825 17.35
      vertex -5 22.5298 14.6462
      vertex -5 21.825 14.6
    endloop
  endfacet
  facet normal -1 0 0
    outer loop
      vertex -5 22.5298 14.6462
      vertex -5 21.825 17.35
      vertex -5 22.5109 17.4403
    endloop
  endfacet
  facet normal -1 0 0
    outer loop
      vertex -5 21.1202 14.6462
      vertex -5 21.825 17.35
      vertex -5 21.825 14.6
    endloop
  endfacet
  facet normal -1 -0 0
    outer loop
      vertex -5 21.825 17.35
      vertex -5 21.1202 14.6462
      vertex -5 21.1391 17.4403
    endloop
  endfacet
  facet normal -1 0 0
    outer loop
      vertex -5 20.4274 14.784
      vertex -5 21.1391 17.4403
      vertex -5 21.1202 14.6462
    endloop
  endfacet
  facet normal -1 0 0
    outer loop
      vertex -5 19.7585 15.0111
      vertex -5 21.1391 17.4403
      vertex -5 20.4274 14.784
    endloop
  endfacet
  facet normal -1 -0 0
    outer loop
      vertex -5 21.1391 17.4403
      vertex -5 19.7585 15.0111
      vertex -5 20.5 17.705
    endloop
  endfacet
  facet normal -1 0 0
    outer loop
      vertex -5 19.125 15.3235
      vertex -5 20.5 17.705
      vertex -5 19.7585 15.0111
    endloop
  endfacet
  facet normal -1 0 0
    outer loop
      vertex -5 18.5377 15.7159
      vertex -5 20.5 17.705
      vertex -5 19.125 15.3235
    endloop
  endfacet
  facet normal -1 -0 0
    outer loop
      vertex -5 20.5 17.705
      vertex -5 18.5377 15.7159
      vertex -5 19.9512 18.1262
    endloop
  endfacet
  facet normal -1 0 0
    outer loop
      vertex -5 18.0066 16.1816
      vertex -5 19.9512 18.1262
      vertex -5 18.5377 15.7159
    endloop
  endfacet
  facet normal -1 0 0
    outer loop
      vertex -5 17.5409 16.7127
      vertex -5 19.9512 18.1262
      vertex -5 18.0066 16.1816
    endloop
  endfacet
  facet normal -1 -0 0
    outer loop
      vertex -5 26.1091 23.2873
      vertex -5 23.6988 21.8738
      vertex -5 25.6434 23.8184
    endloop
  endfacet
  facet normal -1 -0 0
    outer loop
      vertex -5 25.6434 23.8184
      vertex -5 23.6988 21.8738
      vertex -5 25.1123 24.2841
    endloop
  endfacet
  facet normal -1 0 0
    outer loop
      vertex -5 23.15 22.295
      vertex -5 25.1123 24.2841
      vertex -5 23.6988 21.8738
    endloop
  endfacet
  facet normal -1 -0 0
    outer loop
      vertex -5 25.1123 24.2841
      vertex -5 23.15 22.295
      vertex -5 24.525 24.6765
    endloop
  endfacet
  facet normal -1 -0 0
    outer loop
      vertex -5 24.525 24.6765
      vertex -5 23.15 22.295
      vertex -5 23.8915 24.9889
    endloop
  endfacet
  facet normal -1 0 0
    outer loop
      vertex -5 22.5109 22.5597
      vertex -5 23.8915 24.9889
      vertex -5 23.15 22.295
    endloop
  endfacet
  facet normal -1 -0 0
    outer loop
      vertex -5 23.8915 24.9889
      vertex -5 22.5109 22.5597
      vertex -5 23.2226 25.216
    endloop
  endfacet
  facet normal -1 -0 0
    outer loop
      vertex -5 23.2226 25.216
      vertex -5 22.5109 22.5597
      vertex -5 22.5298 25.3538
    endloop
  endfacet
  facet normal -1 0 0
    outer loop
      vertex -5 21.825 22.65
      vertex -5 22.5298 25.3538
      vertex -5 22.5109 22.5597
    endloop
  endfacet
  facet normal -1 0 0
    outer loop
      vertex -5 21.825 22.65
      vertex -5 21.825 25.4
      vertex -5 22.5298 25.3538
    endloop
  endfacet
  facet normal -1 0 0
    outer loop
      vertex -5 21.1202 25.3538
      vertex -5 21.825 22.65
      vertex -5 21.1391 22.5597
    endloop
  endfacet
  facet normal -1 0 0
    outer loop
      vertex -5 21.825 22.65
      vertex -5 21.1202 25.3538
      vertex -5 21.825 25.4
    endloop
  endfacet
  facet normal -1 0 0
    outer loop
      vertex -5 19.7585 24.9889
      vertex -5 21.1391 22.5597
      vertex -5 20.5 22.295
    endloop
  endfacet
  facet normal -1 0 0
    outer loop
      vertex -5 21.1391 22.5597
      vertex -5 20.4274 25.216
      vertex -5 21.1202 25.3538
    endloop
  endfacet
  facet normal -1 0 0
    outer loop
      vertex -5 18.5377 24.2841
      vertex -5 20.5 22.295
      vertex -5 19.9512 21.8738
    endloop
  endfacet
  facet normal -1 0 0
    outer loop
      vertex -5 21.1391 22.5597
      vertex -5 19.7585 24.9889
      vertex -5 20.4274 25.216
    endloop
  endfacet
  facet normal -1 0 0
    outer loop
      vertex -5 17.5409 23.2873
      vertex -5 19.9512 21.8738
      vertex -5 19.53 21.325
    endloop
  endfacet
  facet normal -1 0 0
    outer loop
      vertex -5 16.8361 22.0665
      vertex -5 19.53 21.325
      vertex -5 19.2653 20.6859
    endloop
  endfacet
  facet normal -1 0 0
    outer loop
      vertex -5 16.4712 20.7048
      vertex -5 19.2653 20.6859
      vertex -5 19.175 20
    endloop
  endfacet
  facet normal -1 0 0
    outer loop
      vertex -5 20.5 22.295
      vertex -5 19.125 24.6765
      vertex -5 19.7585 24.9889
    endloop
  endfacet
  facet normal -1 -0 0
    outer loop
      vertex -5 19.9512 18.1262
      vertex -5 17.5409 16.7127
      vertex -5 19.53 18.675
    endloop
  endfacet
  facet normal -1 0 0
    outer loop
      vertex -5 17.1485 17.3
      vertex -5 19.53 18.675
      vertex -5 17.5409 16.7127
    endloop
  endfacet
  facet normal -1 0 0
    outer loop
      vertex -5 20.5 22.295
      vertex -5 18.5377 24.2841
      vertex -5 19.125 24.6765
    endloop
  endfacet
  facet normal -1 0 0
    outer loop
      vertex -5 16.8361 17.9335
      vertex -5 19.53 18.675
      vertex -5 17.1485 17.3
    endloop
  endfacet
  facet normal -1 0 0
    outer loop
      vertex -5 19.9512 21.8738
      vertex -5 18.0066 23.8184
      vertex -5 18.5377 24.2841
    endloop
  endfacet
  facet normal -1 -0 0
    outer loop
      vertex -5 19.53 18.675
      vertex -5 16.8361 17.9335
      vertex -5 19.2653 19.3141
    endloop
  endfacet
  facet normal -1 0 0
    outer loop
      vertex -5 19.9512 21.8738
      vertex -5 17.5409 23.2873
      vertex -5 18.0066 23.8184
    endloop
  endfacet
  facet normal -1 0 0
    outer loop
      vertex -5 16.609 18.6024
      vertex -5 19.2653 19.3141
      vertex -5 16.8361 17.9335
    endloop
  endfacet
  facet normal -1 0 0
    outer loop
      vertex -5 19.53 21.325
      vertex -5 17.1485 22.7
      vertex -5 17.5409 23.2873
    endloop
  endfacet
  facet normal -1 0 0
    outer loop
      vertex -5 16.4712 19.2952
      vertex -5 19.2653 19.3141
      vertex -5 16.609 18.6024
    endloop
  endfacet
  facet normal -1 0 0
    outer loop
      vertex -5 19.53 21.325
      vertex -5 16.8361 22.0665
      vertex -5 17.1485 22.7
    endloop
  endfacet
  facet normal -1 -0 0
    outer loop
      vertex -5 19.2653 19.3141
      vertex -5 16.4712 19.2952
      vertex -5 19.175 20
    endloop
  endfacet
  facet normal -1 0 0
    outer loop
      vertex -5 19.2653 20.6859
      vertex -5 16.609 21.3976
      vertex -5 16.8361 22.0665
    endloop
  endfacet
  facet normal -1 0 0
    outer loop
      vertex -5 16.425 20
      vertex -5 19.175 20
      vertex -5 16.4712 19.2952
    endloop
  endfacet
  facet normal -1 0 0
    outer loop
      vertex -5 19.2653 20.6859
      vertex -5 16.4712 20.7048
      vertex -5 16.609 21.3976
    endloop
  endfacet
  facet normal -1 0 0
    outer loop
      vertex -5 19.175 20
      vertex -5 16.425 20
      vertex -5 16.4712 20.7048
    endloop
  endfacet
  facet normal -2.85516e-18 0.980787 -0.195081
    outer loop
      vertex -5 16.4712 20.7048
      vertex -8 16.609 21.3976
      vertex -5 16.609 21.3976
    endloop
  endfacet
  facet normal -2.85516e-18 0.980787 -0.195081
    outer loop
      vertex -8 16.609 21.3976
      vertex -5 16.4712 20.7048
      vertex -8 16.4712 20.7048
    endloop
  endfacet
  facet normal 0 -0.130526 -0.991445
    outer loop
      vertex -5 21.825 50.65
      vertex 0 22.5109 50.5597
      vertex 0 21.825 50.65
    endloop
  endfacet
  facet normal -0 -0.130526 -0.991445
    outer loop
      vertex 0 22.5109 50.5597
      vertex -5 21.825 50.65
      vertex -5 22.5109 50.5597
    endloop
  endfacet
  facet normal 8.08038e-19 0.991445 0.130526
    outer loop
      vertex 0 19.2653 47.3141
      vertex -5 19.175 48
      vertex 0 19.175 48
    endloop
  endfacet
  facet normal 8.08038e-19 0.991445 0.130526
    outer loop
      vertex -5 19.175 48
      vertex 0 19.2653 47.3141
      vertex -5 19.2653 47.3141
    endloop
  endfacet
  facet normal 0 -0.608844 0.79329
    outer loop
      vertex -5 23.6988 46.1262
      vertex 0 23.15 45.705
      vertex 0 23.6988 46.1262
    endloop
  endfacet
  facet normal 0 -0.608844 0.79329
    outer loop
      vertex 0 23.15 45.705
      vertex -5 23.6988 46.1262
      vertex -5 23.15 45.705
    endloop
  endfacet
  facet normal -0 0.608844 0.79329
    outer loop
      vertex -5 20.5 45.705
      vertex 0 19.9512 46.1262
      vertex 0 20.5 45.705
    endloop
  endfacet
  facet normal 0 0.608844 0.79329
    outer loop
      vertex 0 19.9512 46.1262
      vertex -5 20.5 45.705
      vertex -5 19.9512 46.1262
    endloop
  endfacet
  facet normal 0 -0.130526 0.991445
    outer loop
      vertex -5 22.5109 45.4403
      vertex 0 21.825 45.35
      vertex 0 22.5109 45.4403
    endloop
  endfacet
  facet normal 0 -0.130526 0.991445
    outer loop
      vertex 0 21.825 45.35
      vertex -5 22.5109 45.4403
      vertex -5 21.825 45.35
    endloop
  endfacet
  facet normal -2.76427e-18 -0.79329 0.608844
    outer loop
      vertex -5 23.6988 46.1262
      vertex 0 24.12 46.675
      vertex -5 24.12 46.675
    endloop
  endfacet
  facet normal -2.76427e-18 -0.79329 0.608844
    outer loop
      vertex 0 24.12 46.675
      vertex -5 23.6988 46.1262
      vertex 0 23.6988 46.1262
    endloop
  endfacet
  facet normal 0 -0.608844 -0.79329
    outer loop
      vertex -5 23.15 50.295
      vertex 0 23.6988 49.8738
      vertex 0 23.15 50.295
    endloop
  endfacet
  facet normal -0 -0.608844 -0.79329
    outer loop
      vertex 0 23.6988 49.8738
      vertex -5 23.15 50.295
      vertex -5 23.6988 49.8738
    endloop
  endfacet
  facet normal 0 0.382654 -0.923892
    outer loop
      vertex -5 20.5 50.295
      vertex 0 21.1391 50.5597
      vertex 0 20.5 50.295
    endloop
  endfacet
  facet normal 0 0.382654 -0.923892
    outer loop
      vertex 0 21.1391 50.5597
      vertex -5 20.5 50.295
      vertex -5 21.1391 50.5597
    endloop
  endfacet
  facet normal -0 0.382654 0.923892
    outer loop
      vertex -5 21.1391 45.4403
      vertex 0 20.5 45.705
      vertex 0 21.1391 45.4403
    endloop
  endfacet
  facet normal 0 0.382654 0.923892
    outer loop
      vertex 0 20.5 45.705
      vertex -5 21.1391 45.4403
      vertex -5 20.5 45.705
    endloop
  endfacet
  facet normal -0 0.130526 0.991445
    outer loop
      vertex -5 21.825 45.35
      vertex 0 21.1391 45.4403
      vertex 0 21.825 45.35
    endloop
  endfacet
  facet normal 0 0.130526 0.991445
    outer loop
      vertex 0 21.1391 45.4403
      vertex -5 21.825 45.35
      vertex -5 21.1391 45.4403
    endloop
  endfacet
  facet normal 3.21671e-18 0.923892 0.382654
    outer loop
      vertex 0 19.53 46.675
      vertex -5 19.2653 47.3141
      vertex 0 19.2653 47.3141
    endloop
  endfacet
  facet normal 3.21671e-18 0.923892 0.382654
    outer loop
      vertex -5 19.2653 47.3141
      vertex 0 19.53 46.675
      vertex -5 19.53 46.675
    endloop
  endfacet
  facet normal 0 0.608844 -0.79329
    outer loop
      vertex -5 19.9512 49.8738
      vertex 0 20.5 50.295
      vertex 0 19.9512 49.8738
    endloop
  endfacet
  facet normal 0 0.608844 -0.79329
    outer loop
      vertex 0 20.5 50.295
      vertex -5 19.9512 49.8738
      vertex -5 20.5 50.295
    endloop
  endfacet
  facet normal 4.45356e-19 -0.991445 -0.130526
    outer loop
      vertex -5 24.475 48
      vertex 0 24.3847 48.6859
      vertex -5 24.3847 48.6859
    endloop
  endfacet
  facet normal 4.45356e-19 -0.991445 -0.130526
    outer loop
      vertex 0 24.3847 48.6859
      vertex -5 24.475 48
      vertex 0 24.475 48
    endloop
  endfacet
  facet normal 1.65027e-18 -0.923892 -0.382654
    outer loop
      vertex -5 24.3847 48.6859
      vertex 0 24.12 49.325
      vertex -5 24.12 49.325
    endloop
  endfacet
  facet normal 1.65027e-18 -0.923892 -0.382654
    outer loop
      vertex 0 24.12 49.325
      vertex -5 24.3847 48.6859
      vertex 0 24.3847 48.6859
    endloop
  endfacet
  facet normal 0 -0.382654 0.923892
    outer loop
      vertex -5 23.15 45.705
      vertex 0 22.5109 45.4403
      vertex 0 23.15 45.705
    endloop
  endfacet
  facet normal 0 -0.382654 0.923892
    outer loop
      vertex 0 22.5109 45.4403
      vertex -5 23.15 45.705
      vertex -5 22.5109 45.4403
    endloop
  endfacet
  facet normal 0 0.130526 -0.991445
    outer loop
      vertex -5 21.1391 50.5597
      vertex 0 21.825 50.65
      vertex 0 21.1391 50.5597
    endloop
  endfacet
  facet normal 0 0.130526 -0.991445
    outer loop
      vertex 0 21.825 50.65
      vertex -5 21.1391 50.5597
      vertex -5 21.825 50.65
    endloop
  endfacet
  facet normal -4.45356e-19 -0.991445 0.130526
    outer loop
      vertex -5 24.3847 47.3141
      vertex 0 24.475 48
      vertex -5 24.475 48
    endloop
  endfacet
  facet normal -4.45356e-19 -0.991445 0.130526
    outer loop
      vertex 0 24.475 48
      vertex -5 24.3847 47.3141
      vertex 0 24.3847 47.3141
    endloop
  endfacet
  facet normal -3.21671e-18 0.923892 -0.382654
    outer loop
      vertex 0 19.2653 48.6859
      vertex -5 19.53 49.325
      vertex 0 19.53 49.325
    endloop
  endfacet
  facet normal -3.21671e-18 0.923892 -0.382654
    outer loop
      vertex -5 19.53 49.325
      vertex 0 19.2653 48.6859
      vertex -5 19.2653 48.6859
    endloop
  endfacet
  facet normal 2.76427e-18 -0.79329 -0.608844
    outer loop
      vertex -5 24.12 49.325
      vertex 0 23.6988 49.8738
      vertex -5 23.6988 49.8738
    endloop
  endfacet
  facet normal 2.76427e-18 -0.79329 -0.608844
    outer loop
      vertex 0 23.6988 49.8738
      vertex -5 24.12 49.325
      vertex 0 24.12 49.325
    endloop
  endfacet
  facet normal -1.65027e-18 -0.923892 0.382654
    outer loop
      vertex -5 24.12 46.675
      vertex 0 24.3847 47.3141
      vertex -5 24.3847 47.3141
    endloop
  endfacet
  facet normal -1.65027e-18 -0.923892 0.382654
    outer loop
      vertex 0 24.3847 47.3141
      vertex -5 24.12 46.675
      vertex 0 24.12 46.675
    endloop
  endfacet
  facet normal -3.28272e-18 0.79329 0.608844
    outer loop
      vertex 0 19.9512 46.1262
      vertex -5 19.53 46.675
      vertex 0 19.53 46.675
    endloop
  endfacet
  facet normal -3.28272e-18 0.79329 0.608844
    outer loop
      vertex -5 19.53 46.675
      vertex 0 19.9512 46.1262
      vertex -5 19.9512 46.1262
    endloop
  endfacet
  facet normal -8.08038e-19 0.991445 -0.130526
    outer loop
      vertex 0 19.175 48
      vertex -5 19.2653 48.6859
      vertex 0 19.2653 48.6859
    endloop
  endfacet
  facet normal -8.08038e-19 0.991445 -0.130526
    outer loop
      vertex -5 19.2653 48.6859
      vertex 0 19.175 48
      vertex -5 19.175 48
    endloop
  endfacet
  facet normal 3.28272e-18 0.79329 -0.608844
    outer loop
      vertex 0 19.53 49.325
      vertex -5 19.9512 49.8738
      vertex 0 19.9512 49.8738
    endloop
  endfacet
  facet normal 3.28272e-18 0.79329 -0.608844
    outer loop
      vertex -5 19.9512 49.8738
      vertex 0 19.53 49.325
      vertex -5 19.53 49.325
    endloop
  endfacet
  facet normal 0 -0.382654 -0.923892
    outer loop
      vertex -5 22.5109 50.5597
      vertex 0 23.15 50.295
      vertex 0 22.5109 50.5597
    endloop
  endfacet
  facet normal -0 -0.382654 -0.923892
    outer loop
      vertex 0 23.15 50.295
      vertex -5 22.5109 50.5597
      vertex -5 23.15 50.295
    endloop
  endfacet
  facet normal -5.46639e-18 -0.831484 -0.555549
    outer loop
      vertex -8 26.5015 50.7
      vertex -5 26.1091 51.2873
      vertex -8 26.1091 51.2873
    endloop
  endfacet
  facet normal -5.46639e-18 -0.831484 -0.555549
    outer loop
      vertex -5 26.1091 51.2873
      vertex -8 26.5015 50.7
      vertex -5 26.5015 50.7
    endloop
  endfacet
  facet normal 1.33429e-18 0.997858 0.0654101
    outer loop
      vertex -5 16.4712 47.2952
      vertex -8 16.425 48
      vertex -5 16.425 48
    endloop
  endfacet
  facet normal 1.33429e-18 0.997858 0.0654101
    outer loop
      vertex -8 16.425 48
      vertex -5 16.4712 47.2952
      vertex -8 16.4712 47.2952
    endloop
  endfacet
  facet normal 0 -0.321489 0.946913
    outer loop
      vertex -8 23.8915 43.0111
      vertex -5 23.2226 42.784
      vertex -5 23.8915 43.0111
    endloop
  endfacet
  facet normal 0 -0.321489 0.946913
    outer loop
      vertex -5 23.2226 42.784
      vertex -8 23.8915 43.0111
      vertex -8 23.2226 42.784
    endloop
  endfacet
  facet normal 0 0.0654101 -0.997858
    outer loop
      vertex -8 21.1202 53.3538
      vertex -5 21.825 53.4
      vertex -5 21.1202 53.3538
    endloop
  endfacet
  facet normal 0 0.0654101 -0.997858
    outer loop
      vertex -5 21.825 53.4
      vertex -8 21.1202 53.3538
      vertex -8 21.825 53.4
    endloop
  endfacet
  facet normal 0 -0.555549 0.831484
    outer loop
      vertex -8 25.1123 43.7159
      vertex -5 24.525 43.3235
      vertex -5 25.1123 43.7159
    endloop
  endfacet
  facet normal 0 -0.555549 0.831484
    outer loop
      vertex -5 24.525 43.3235
      vertex -8 25.1123 43.7159
      vertex -8 24.525 43.3235
    endloop
  endfacet
  facet normal 0 -0.0654101 0.997858
    outer loop
      vertex -8 22.5298 42.6462
      vertex -5 21.825 42.6
      vertex -5 22.5298 42.6462
    endloop
  endfacet
  facet normal 0 -0.0654101 0.997858
    outer loop
      vertex -5 21.825 42.6
      vertex -8 22.5298 42.6462
      vertex -8 21.825 42.6
    endloop
  endfacet
  facet normal 3.49997e-18 0.751883 0.659296
    outer loop
      vertex -5 18.0066 44.1816
      vertex -8 17.5409 44.7127
      vertex -5 17.5409 44.7127
    endloop
  endfacet
  facet normal 3.49997e-18 0.751883 0.659296
    outer loop
      vertex -8 17.5409 44.7127
      vertex -5 18.0066 44.1816
      vertex -8 18.0066 44.1816
    endloop
  endfacet
  facet normal 5.46639e-18 -0.831484 0.555549
    outer loop
      vertex -8 26.1091 44.7127
      vertex -5 26.5015 45.3
      vertex -8 26.5015 45.3
    endloop
  endfacet
  facet normal 5.46639e-18 -0.831484 0.555549
    outer loop
      vertex -5 26.5015 45.3
      vertex -8 26.1091 44.7127
      vertex -5 26.1091 44.7127
    endloop
  endfacet
  facet normal -3.75145e-18 -0.751883 0.659296
    outer loop
      vertex -8 25.6434 44.1816
      vertex -5 26.1091 44.7127
      vertex -8 26.1091 44.7127
    endloop
  endfacet
  facet normal -3.75145e-18 -0.751883 0.659296
    outer loop
      vertex -5 26.1091 44.7127
      vertex -8 25.6434 44.1816
      vertex -5 25.6434 44.1816
    endloop
  endfacet
  facet normal -0 0.44228 0.896877
    outer loop
      vertex -8 19.7585 43.0111
      vertex -5 19.125 43.3235
      vertex -5 19.7585 43.0111
    endloop
  endfacet
  facet normal 0 0.44228 0.896877
    outer loop
      vertex -5 19.125 43.3235
      vertex -8 19.7585 43.0111
      vertex -8 19.125 43.3235
    endloop
  endfacet
  facet normal 0 -0.44228 0.896877
    outer loop
      vertex -8 24.525 43.3235
      vertex -5 23.8915 43.0111
      vertex -5 24.525 43.3235
    endloop
  endfacet
  facet normal 0 -0.44228 0.896877
    outer loop
      vertex -5 23.8915 43.0111
      vertex -8 24.525 43.3235
      vertex -8 23.8915 43.0111
    endloop
  endfacet
  facet normal 8.67464e-19 0.896877 0.44228
    outer loop
      vertex -5 17.1485 45.3
      vertex -8 16.8361 45.9335
      vertex -5 16.8361 45.9335
    endloop
  endfacet
  facet normal 8.67464e-19 0.896877 0.44228
    outer loop
      vertex -8 16.8361 45.9335
      vertex -5 17.1485 45.3
      vertex -8 17.1485 45.3
    endloop
  endfacet
  facet normal 1.47409e-18 -0.997858 0.0654101
    outer loop
      vertex -8 27.1788 47.2952
      vertex -5 27.225 48
      vertex -8 27.225 48
    endloop
  endfacet
  facet normal 1.47409e-18 -0.997858 0.0654101
    outer loop
      vertex -5 27.225 48
      vertex -8 27.1788 47.2952
      vertex -5 27.1788 47.2952
    endloop
  endfacet
  facet normal -0 0.0654101 0.997858
    outer loop
      vertex -8 21.825 42.6
      vertex -5 21.1202 42.6462
      vertex -5 21.825 42.6
    endloop
  endfacet
  facet normal 0 0.0654101 0.997858
    outer loop
      vertex -5 21.1202 42.6462
      vertex -8 21.825 42.6
      vertex -8 21.1202 42.6462
    endloop
  endfacet
  facet normal -4.55658e-19 -0.980787 0.195081
    outer loop
      vertex -8 27.041 46.6024
      vertex -5 27.1788 47.2952
      vertex -8 27.1788 47.2952
    endloop
  endfacet
  facet normal -4.55658e-19 -0.980787 0.195081
    outer loop
      vertex -5 27.1788 47.2952
      vertex -8 27.041 46.6024
      vertex -5 27.041 46.6024
    endloop
  endfacet
  facet normal -0 0.195081 0.980787
    outer loop
      vertex -8 21.1202 42.6462
      vertex -5 20.4274 42.784
      vertex -5 21.1202 42.6462
    endloop
  endfacet
  facet normal 0 0.195081 0.980787
    outer loop
      vertex -5 20.4274 42.784
      vertex -8 21.1202 42.6462
      vertex -8 20.4274 42.784
    endloop
  endfacet
  facet normal 0 0.321489 -0.946913
    outer loop
      vertex -8 19.7585 52.9889
      vertex -5 20.4274 53.216
      vertex -5 19.7585 52.9889
    endloop
  endfacet
  facet normal 0 0.321489 -0.946913
    outer loop
      vertex -5 20.4274 53.216
      vertex -8 19.7585 52.9889
      vertex -8 20.4274 53.216
    endloop
  endfacet
  facet normal -3.26212e-18 0.946913 0.321489
    outer loop
      vertex -5 16.8361 45.9335
      vertex -8 16.609 46.6024
      vertex -5 16.609 46.6024
    endloop
  endfacet
  facet normal -3.26212e-18 0.946913 0.321489
    outer loop
      vertex -8 16.609 46.6024
      vertex -5 16.8361 45.9335
      vertex -8 16.8361 45.9335
    endloop
  endfacet
  facet normal -0 0.555549 0.831484
    outer loop
      vertex -8 19.125 43.3235
      vertex -5 18.5377 43.7159
      vertex -5 19.125 43.3235
    endloop
  endfacet
  facet normal 0 0.555549 0.831484
    outer loop
      vertex -5 18.5377 43.7159
      vertex -8 19.125 43.3235
      vertex -8 18.5377 43.7159
    endloop
  endfacet
  facet normal -1.88098e-18 0.980787 0.195081
    outer loop
      vertex -5 16.609 46.6024
      vertex -8 16.4712 47.2952
      vertex -5 16.4712 47.2952
    endloop
  endfacet
  facet normal -1.88098e-18 0.980787 0.195081
    outer loop
      vertex -8 16.4712 47.2952
      vertex -5 16.609 46.6024
      vertex -8 16.609 46.6024
    endloop
  endfacet
  facet normal 3.75145e-18 -0.751883 -0.659296
    outer loop
      vertex -8 26.1091 51.2873
      vertex -5 25.6434 51.8184
      vertex -8 25.6434 51.8184
    endloop
  endfacet
  facet normal 3.75145e-18 -0.751883 -0.659296
    outer loop
      vertex -5 25.6434 51.8184
      vertex -8 26.1091 51.2873
      vertex -5 26.1091 51.2873
    endloop
  endfacet
  facet normal 0 -0.44228 -0.896877
    outer loop
      vertex -8 23.8915 52.9889
      vertex -5 24.525 52.6765
      vertex -5 23.8915 52.9889
    endloop
  endfacet
  facet normal -0 -0.44228 -0.896877
    outer loop
      vertex -5 24.525 52.6765
      vertex -8 23.8915 52.9889
      vertex -8 24.525 52.6765
    endloop
  endfacet
  facet normal -8.67464e-19 -0.896877 0.44228
    outer loop
      vertex -8 26.5015 45.3
      vertex -5 26.8139 45.9335
      vertex -8 26.8139 45.9335
    endloop
  endfacet
  facet normal -8.67464e-19 -0.896877 0.44228
    outer loop
      vertex -5 26.8139 45.9335
      vertex -8 26.5015 45.3
      vertex -5 26.5015 45.3
    endloop
  endfacet
  facet normal 0 -0.555549 -0.831484
    outer loop
      vertex -8 24.525 52.6765
      vertex -5 25.1123 52.2841
      vertex -5 24.525 52.6765
    endloop
  endfacet
  facet normal -0 -0.555549 -0.831484
    outer loop
      vertex -5 25.1123 52.2841
      vertex -8 24.525 52.6765
      vertex -8 25.1123 52.2841
    endloop
  endfacet
  facet normal -0 0.321489 0.946913
    outer loop
      vertex -8 20.4274 42.784
      vertex -5 19.7585 43.0111
      vertex -5 20.4274 42.784
    endloop
  endfacet
  facet normal 0 0.321489 0.946913
    outer loop
      vertex -5 19.7585 43.0111
      vertex -8 20.4274 42.784
      vertex -8 19.7585 43.0111
    endloop
  endfacet
  facet normal 8.67464e-19 -0.896877 -0.44228
    outer loop
      vertex -8 26.8139 50.0665
      vertex -5 26.5015 50.7
      vertex -8 26.5015 50.7
    endloop
  endfacet
  facet normal 8.67464e-19 -0.896877 -0.44228
    outer loop
      vertex -5 26.5015 50.7
      vertex -8 26.8139 50.0665
      vertex -5 26.8139 50.0665
    endloop
  endfacet
  facet normal 0 0.555549 -0.831484
    outer loop
      vertex -8 18.5377 52.2841
      vertex -5 19.125 52.6765
      vertex -5 18.5377 52.2841
    endloop
  endfacet
  facet normal 0 0.555549 -0.831484
    outer loop
      vertex -5 19.125 52.6765
      vertex -8 18.5377 52.2841
      vertex -8 19.125 52.6765
    endloop
  endfacet
  facet normal 0 0.195081 -0.980787
    outer loop
      vertex -8 20.4274 53.216
      vertex -5 21.1202 53.3538
      vertex -5 20.4274 53.216
    endloop
  endfacet
  facet normal 0 0.195081 -0.980787
    outer loop
      vertex -5 21.1202 53.3538
      vertex -8 20.4274 53.216
      vertex -8 21.1202 53.3538
    endloop
  endfacet
  facet normal -0 0.659296 0.751883
    outer loop
      vertex -8 18.5377 43.7159
      vertex -5 18.0066 44.1816
      vertex -5 18.5377 43.7159
    endloop
  endfacet
  facet normal 0 0.659296 0.751883
    outer loop
      vertex -5 18.0066 44.1816
      vertex -8 18.5377 43.7159
      vertex -8 18.0066 44.1816
    endloop
  endfacet
  facet normal 3.26212e-18 0.946913 -0.321489
    outer loop
      vertex -5 16.609 49.3976
      vertex -8 16.8361 50.0665
      vertex -5 16.8361 50.0665
    endloop
  endfacet
  facet normal 3.26212e-18 0.946913 -0.321489
    outer loop
      vertex -8 16.8361 50.0665
      vertex -5 16.609 49.3976
      vertex -8 16.609 49.3976
    endloop
  endfacet
  facet normal 0 -0.195081 0.980787
    outer loop
      vertex -8 23.2226 42.784
      vertex -5 22.5298 42.6462
      vertex -5 23.2226 42.784
    endloop
  endfacet
  facet normal 0 -0.195081 0.980787
    outer loop
      vertex -5 22.5298 42.6462
      vertex -8 23.2226 42.784
      vertex -8 22.5298 42.6462
    endloop
  endfacet
  facet normal 1.72529e-18 -0.946913 -0.321489
    outer loop
      vertex -8 27.041 49.3976
      vertex -5 26.8139 50.0665
      vertex -8 26.8139 50.0665
    endloop
  endfacet
  facet normal 1.72529e-18 -0.946913 -0.321489
    outer loop
      vertex -5 26.8139 50.0665
      vertex -8 27.041 49.3976
      vertex -5 27.041 49.3976
    endloop
  endfacet
  facet normal -1.72529e-18 -0.946913 0.321489
    outer loop
      vertex -8 26.8139 45.9335
      vertex -5 27.041 46.6024
      vertex -8 27.041 46.6024
    endloop
  endfacet
  facet normal -1.72529e-18 -0.946913 0.321489
    outer loop
      vertex -5 27.041 46.6024
      vertex -8 26.8139 45.9335
      vertex -5 26.8139 45.9335
    endloop
  endfacet
  facet normal 0 0.44228 -0.896877
    outer loop
      vertex -8 19.125 52.6765
      vertex -5 19.7585 52.9889
      vertex -5 19.125 52.6765
    endloop
  endfacet
  facet normal 0 0.44228 -0.896877
    outer loop
      vertex -5 19.7585 52.9889
      vertex -8 19.125 52.6765
      vertex -8 19.7585 52.9889
    endloop
  endfacet
  facet normal 0 -0.0654101 -0.997858
    outer loop
      vertex -8 21.825 53.4
      vertex -5 22.5298 53.3538
      vertex -5 21.825 53.4
    endloop
  endfacet
  facet normal -0 -0.0654101 -0.997858
    outer loop
      vertex -5 22.5298 53.3538
      vertex -8 21.825 53.4
      vertex -8 22.5298 53.3538
    endloop
  endfacet
  facet normal -3.49997e-18 0.751883 -0.659296
    outer loop
      vertex -5 17.5409 51.2873
      vertex -8 18.0066 51.8184
      vertex -5 18.0066 51.8184
    endloop
  endfacet
  facet normal -3.49997e-18 0.751883 -0.659296
    outer loop
      vertex -8 18.0066 51.8184
      vertex -5 17.5409 51.2873
      vertex -8 17.5409 51.2873
    endloop
  endfacet
  facet normal 0 -0.659296 -0.751883
    outer loop
      vertex -8 25.1123 52.2841
      vertex -5 25.6434 51.8184
      vertex -5 25.1123 52.2841
    endloop
  endfacet
  facet normal -0 -0.659296 -0.751883
    outer loop
      vertex -5 25.6434 51.8184
      vertex -8 25.1123 52.2841
      vertex -8 25.6434 51.8184
    endloop
  endfacet
  facet normal 5.34776e-18 0.831484 0.555549
    outer loop
      vertex -5 17.5409 44.7127
      vertex -8 17.1485 45.3
      vertex -5 17.1485 45.3
    endloop
  endfacet
  facet normal 5.34776e-18 0.831484 0.555549
    outer loop
      vertex -8 17.1485 45.3
      vertex -5 17.5409 44.7127
      vertex -8 17.5409 44.7127
    endloop
  endfacet
  facet normal 0 -0.659296 0.751883
    outer loop
      vertex -8 25.6434 44.1816
      vertex -5 25.1123 43.7159
      vertex -5 25.6434 44.1816
    endloop
  endfacet
  facet normal 0 -0.659296 0.751883
    outer loop
      vertex -5 25.1123 43.7159
      vertex -8 25.6434 44.1816
      vertex -8 25.1123 43.7159
    endloop
  endfacet
  facet normal -1.47409e-18 -0.997858 -0.0654101
    outer loop
      vertex -8 27.225 48
      vertex -5 27.1788 48.7048
      vertex -8 27.1788 48.7048
    endloop
  endfacet
  facet normal -1.47409e-18 -0.997858 -0.0654101
    outer loop
      vertex -5 27.1788 48.7048
      vertex -8 27.225 48
      vertex -5 27.225 48
    endloop
  endfacet
  facet normal 4.55658e-19 -0.980787 -0.195081
    outer loop
      vertex -8 27.1788 48.7048
      vertex -5 27.041 49.3976
      vertex -8 27.041 49.3976
    endloop
  endfacet
  facet normal 4.55658e-19 -0.980787 -0.195081
    outer loop
      vertex -5 27.041 49.3976
      vertex -8 27.1788 48.7048
      vertex -5 27.1788 48.7048
    endloop
  endfacet
  facet normal 0 0.659296 -0.751883
    outer loop
      vertex -8 18.0066 51.8184
      vertex -5 18.5377 52.2841
      vertex -5 18.0066 51.8184
    endloop
  endfacet
  facet normal 0 0.659296 -0.751883
    outer loop
      vertex -5 18.5377 52.2841
      vertex -8 18.0066 51.8184
      vertex -8 18.5377 52.2841
    endloop
  endfacet
  facet normal -1.33429e-18 0.997858 -0.0654101
    outer loop
      vertex -5 16.425 48
      vertex -8 16.4712 48.7048
      vertex -5 16.4712 48.7048
    endloop
  endfacet
  facet normal -1.33429e-18 0.997858 -0.0654101
    outer loop
      vertex -8 16.4712 48.7048
      vertex -5 16.425 48
      vertex -8 16.425 48
    endloop
  endfacet
  facet normal 0 -0.195081 -0.980787
    outer loop
      vertex -8 22.5298 53.3538
      vertex -5 23.2226 53.216
      vertex -5 22.5298 53.3538
    endloop
  endfacet
  facet normal -0 -0.195081 -0.980787
    outer loop
      vertex -5 23.2226 53.216
      vertex -8 22.5298 53.3538
      vertex -8 23.2226 53.216
    endloop
  endfacet
  facet normal 0 -0.321489 -0.946913
    outer loop
      vertex -8 23.2226 53.216
      vertex -5 23.8915 52.9889
      vertex -5 23.2226 53.216
    endloop
  endfacet
  facet normal -0 -0.321489 -0.946913
    outer loop
      vertex -5 23.8915 52.9889
      vertex -8 23.2226 53.216
      vertex -8 23.8915 52.9889
    endloop
  endfacet
  facet normal -5.34776e-18 0.831484 -0.555549
    outer loop
      vertex -5 17.1485 50.7
      vertex -8 17.5409 51.2873
      vertex -5 17.5409 51.2873
    endloop
  endfacet
  facet normal -5.34776e-18 0.831484 -0.555549
    outer loop
      vertex -8 17.5409 51.2873
      vertex -5 17.1485 50.7
      vertex -8 17.1485 50.7
    endloop
  endfacet
  facet normal -8.67464e-19 0.896877 -0.44228
    outer loop
      vertex -5 16.8361 50.0665
      vertex -8 17.1485 50.7
      vertex -5 17.1485 50.7
    endloop
  endfacet
  facet normal -8.67464e-19 0.896877 -0.44228
    outer loop
      vertex -8 17.1485 50.7
      vertex -5 16.8361 50.0665
      vertex -8 16.8361 50.0665
    endloop
  endfacet
  facet normal -1 0 0
    outer loop
      vertex -5 24.475 48
      vertex -5 27.225 48
      vertex -5 27.1788 47.2952
    endloop
  endfacet
  facet normal -1 0 0
    outer loop
      vertex -5 24.3847 47.3141
      vertex -5 27.1788 47.2952
      vertex -5 27.041 46.6024
    endloop
  endfacet
  facet normal -1 0 0
    outer loop
      vertex -5 27.225 48
      vertex -5 24.475 48
      vertex -5 27.1788 48.7048
    endloop
  endfacet
  facet normal -1 0 0
    outer loop
      vertex -5 24.3847 47.3141
      vertex -5 27.041 46.6024
      vertex -5 26.8139 45.9335
    endloop
  endfacet
  facet normal -1 0 0
    outer loop
      vertex -5 24.3847 48.6859
      vertex -5 27.1788 48.7048
      vertex -5 24.475 48
    endloop
  endfacet
  facet normal -1 0 0
    outer loop
      vertex -5 24.12 46.675
      vertex -5 26.8139 45.9335
      vertex -5 26.5015 45.3
    endloop
  endfacet
  facet normal -1 -0 0
    outer loop
      vertex -5 27.1788 48.7048
      vertex -5 24.3847 48.6859
      vertex -5 27.041 49.3976
    endloop
  endfacet
  facet normal -1 0 0
    outer loop
      vertex -5 24.12 46.675
      vertex -5 26.5015 45.3
      vertex -5 26.1091 44.7127
    endloop
  endfacet
  facet normal -1 -0 0
    outer loop
      vertex -5 27.041 49.3976
      vertex -5 24.3847 48.6859
      vertex -5 26.8139 50.0665
    endloop
  endfacet
  facet normal -1 0 0
    outer loop
      vertex -5 23.6988 46.1262
      vertex -5 26.1091 44.7127
      vertex -5 25.6434 44.1816
    endloop
  endfacet
  facet normal -1 0 0
    outer loop
      vertex -5 24.12 49.325
      vertex -5 26.8139 50.0665
      vertex -5 24.3847 48.6859
    endloop
  endfacet
  facet normal -1 0 0
    outer loop
      vertex -5 23.6988 46.1262
      vertex -5 25.6434 44.1816
      vertex -5 25.1123 43.7159
    endloop
  endfacet
  facet normal -1 -0 0
    outer loop
      vertex -5 26.8139 50.0665
      vertex -5 24.12 49.325
      vertex -5 26.5015 50.7
    endloop
  endfacet
  facet normal -1 0 0
    outer loop
      vertex -5 23.15 45.705
      vertex -5 25.1123 43.7159
      vertex -5 24.525 43.3235
    endloop
  endfacet
  facet normal -1 -0 0
    outer loop
      vertex -5 26.5015 50.7
      vertex -5 24.12 49.325
      vertex -5 26.1091 51.2873
    endloop
  endfacet
  facet normal -1 0 0
    outer loop
      vertex -5 23.6988 49.8738
      vertex -5 26.1091 51.2873
      vertex -5 24.12 49.325
    endloop
  endfacet
  facet normal -1 0 0
    outer loop
      vertex -5 27.1788 47.2952
      vertex -5 24.3847 47.3141
      vertex -5 24.475 48
    endloop
  endfacet
  facet normal -1 0 0
    outer loop
      vertex -5 26.8139 45.9335
      vertex -5 24.12 46.675
      vertex -5 24.3847 47.3141
    endloop
  endfacet
  facet normal -1 0 0
    outer loop
      vertex -5 23.15 45.705
      vertex -5 24.525 43.3235
      vertex -5 23.8915 43.0111
    endloop
  endfacet
  facet normal -1 0 0
    outer loop
      vertex -5 26.1091 44.7127
      vertex -5 23.6988 46.1262
      vertex -5 24.12 46.675
    endloop
  endfacet
  facet normal -1 0 0
    outer loop
      vertex -5 22.5109 45.4403
      vertex -5 23.8915 43.0111
      vertex -5 23.2226 42.784
    endloop
  endfacet
  facet normal -1 0 0
    outer loop
      vertex -5 25.1123 43.7159
      vertex -5 23.15 45.705
      vertex -5 23.6988 46.1262
    endloop
  endfacet
  facet normal -1 0 0
    outer loop
      vertex -5 22.5109 45.4403
      vertex -5 23.2226 42.784
      vertex -5 22.5298 42.6462
    endloop
  endfacet
  facet normal -1 0 0
    outer loop
      vertex -5 23.8915 43.0111
      vertex -5 22.5109 45.4403
      vertex -5 23.15 45.705
    endloop
  endfacet
  facet normal -1 0 0
    outer loop
      vertex -5 21.825 45.35
      vertex -5 22.5298 42.6462
      vertex -5 21.825 42.6
    endloop
  endfacet
  facet normal -1 0 0
    outer loop
      vertex -5 22.5298 42.6462
      vertex -5 21.825 45.35
      vertex -5 22.5109 45.4403
    endloop
  endfacet
  facet normal -1 0 0
    outer loop
      vertex -5 21.1202 42.6462
      vertex -5 21.825 45.35
      vertex -5 21.825 42.6
    endloop
  endfacet
  facet normal -1 -0 0
    outer loop
      vertex -5 21.825 45.35
      vertex -5 21.1202 42.6462
      vertex -5 21.1391 45.4403
    endloop
  endfacet
  facet normal -1 0 0
    outer loop
      vertex -5 20.4274 42.784
      vertex -5 21.1391 45.4403
      vertex -5 21.1202 42.6462
    endloop
  endfacet
  facet normal -1 0 0
    outer loop
      vertex -5 19.7585 43.0111
      vertex -5 21.1391 45.4403
      vertex -5 20.4274 42.784
    endloop
  endfacet
  facet normal -1 -0 0
    outer loop
      vertex -5 21.1391 45.4403
      vertex -5 19.7585 43.0111
      vertex -5 20.5 45.705
    endloop
  endfacet
  facet normal -1 0 0
    outer loop
      vertex -5 19.125 43.3235
      vertex -5 20.5 45.705
      vertex -5 19.7585 43.0111
    endloop
  endfacet
  facet normal -1 0 0
    outer loop
      vertex -5 18.5377 43.7159
      vertex -5 20.5 45.705
      vertex -5 19.125 43.3235
    endloop
  endfacet
  facet normal -1 -0 0
    outer loop
      vertex -5 20.5 45.705
      vertex -5 18.5377 43.7159
      vertex -5 19.9512 46.1262
    endloop
  endfacet
  facet normal -1 0 0
    outer loop
      vertex -5 18.0066 44.1816
      vertex -5 19.9512 46.1262
      vertex -5 18.5377 43.7159
    endloop
  endfacet
  facet normal -1 0 0
    outer loop
      vertex -5 17.5409 44.7127
      vertex -5 19.9512 46.1262
      vertex -5 18.0066 44.1816
    endloop
  endfacet
  facet normal -1 -0 0
    outer loop
      vertex -5 26.1091 51.2873
      vertex -5 23.6988 49.8738
      vertex -5 25.6434 51.8184
    endloop
  endfacet
  facet normal -1 -0 0
    outer loop
      vertex -5 25.6434 51.8184
      vertex -5 23.6988 49.8738
      vertex -5 25.1123 52.2841
    endloop
  endfacet
  facet normal -1 0 0
    outer loop
      vertex -5 23.15 50.295
      vertex -5 25.1123 52.2841
      vertex -5 23.6988 49.8738
    endloop
  endfacet
  facet normal -1 -0 0
    outer loop
      vertex -5 25.1123 52.2841
      vertex -5 23.15 50.295
      vertex -5 24.525 52.6765
    endloop
  endfacet
  facet normal -1 -0 0
    outer loop
      vertex -5 24.525 52.6765
      vertex -5 23.15 50.295
      vertex -5 23.8915 52.9889
    endloop
  endfacet
  facet normal -1 0 0
    outer loop
      vertex -5 22.5109 50.5597
      vertex -5 23.8915 52.9889
      vertex -5 23.15 50.295
    endloop
  endfacet
  facet normal -1 -0 0
    outer loop
      vertex -5 23.8915 52.9889
      vertex -5 22.5109 50.5597
      vertex -5 23.2226 53.216
    endloop
  endfacet
  facet normal -1 -0 0
    outer loop
      vertex -5 23.2226 53.216
      vertex -5 22.5109 50.5597
      vertex -5 22.5298 53.3538
    endloop
  endfacet
  facet normal -1 0 0
    outer loop
      vertex -5 21.825 50.65
      vertex -5 22.5298 53.3538
      vertex -5 22.5109 50.5597
    endloop
  endfacet
  facet normal -1 0 0
    outer loop
      vertex -5 21.825 50.65
      vertex -5 21.825 53.4
      vertex -5 22.5298 53.3538
    endloop
  endfacet
  facet normal -1 0 0
    outer loop
      vertex -5 21.1202 53.3538
      vertex -5 21.825 50.65
      vertex -5 21.1391 50.5597
    endloop
  endfacet
  facet normal -1 0 0
    outer loop
      vertex -5 21.825 50.65
      vertex -5 21.1202 53.3538
      vertex -5 21.825 53.4
    endloop
  endfacet
  facet normal -1 0 0
    outer loop
      vertex -5 19.7585 52.9889
      vertex -5 21.1391 50.5597
      vertex -5 20.5 50.295
    endloop
  endfacet
  facet normal -1 0 0
    outer loop
      vertex -5 21.1391 50.5597
      vertex -5 20.4274 53.216
      vertex -5 21.1202 53.3538
    endloop
  endfacet
  facet normal -1 0 0
    outer loop
      vertex -5 18.5377 52.2841
      vertex -5 20.5 50.295
      vertex -5 19.9512 49.8738
    endloop
  endfacet
  facet normal -1 0 0
    outer loop
      vertex -5 21.1391 50.5597
      vertex -5 19.7585 52.9889
      vertex -5 20.4274 53.216
    endloop
  endfacet
  facet normal -1 0 0
    outer loop
      vertex -5 17.5409 51.2873
      vertex -5 19.9512 49.8738
      vertex -5 19.53 49.325
    endloop
  endfacet
  facet normal -1 0 0
    outer loop
      vertex -5 16.8361 50.0665
      vertex -5 19.53 49.325
      vertex -5 19.2653 48.6859
    endloop
  endfacet
  facet normal -1 0 0
    outer loop
      vertex -5 16.4712 48.7048
      vertex -5 19.2653 48.6859
      vertex -5 19.175 48
    endloop
  endfacet
  facet normal -1 0 0
    outer loop
      vertex -5 20.5 50.295
      vertex -5 19.125 52.6765
      vertex -5 19.7585 52.9889
    endloop
  endfacet
  facet normal -1 -0 0
    outer loop
      vertex -5 19.9512 46.1262
      vertex -5 17.5409 44.7127
      vertex -5 19.53 46.675
    endloop
  endfacet
  facet normal -1 0 0
    outer loop
      vertex -5 17.1485 45.3
      vertex -5 19.53 46.675
      vertex -5 17.5409 44.7127
    endloop
  endfacet
  facet normal -1 0 0
    outer loop
      vertex -5 20.5 50.295
      vertex -5 18.5377 52.2841
      vertex -5 19.125 52.6765
    endloop
  endfacet
  facet normal -1 0 0
    outer loop
      vertex -5 16.8361 45.9335
      vertex -5 19.53 46.675
      vertex -5 17.1485 45.3
    endloop
  endfacet
  facet normal -1 0 0
    outer loop
      vertex -5 19.9512 49.8738
      vertex -5 18.0066 51.8184
      vertex -5 18.5377 52.2841
    endloop
  endfacet
  facet normal -1 -0 0
    outer loop
      vertex -5 19.53 46.675
      vertex -5 16.8361 45.9335
      vertex -5 19.2653 47.3141
    endloop
  endfacet
  facet normal -1 0 0
    outer loop
      vertex -5 19.9512 49.8738
      vertex -5 17.5409 51.2873
      vertex -5 18.0066 51.8184
    endloop
  endfacet
  facet normal -1 0 0
    outer loop
      vertex -5 16.609 46.6024
      vertex -5 19.2653 47.3141
      vertex -5 16.8361 45.9335
    endloop
  endfacet
  facet normal -1 0 0
    outer loop
      vertex -5 19.53 49.325
      vertex -5 17.1485 50.7
      vertex -5 17.5409 51.2873
    endloop
  endfacet
  facet normal -1 0 0
    outer loop
      vertex -5 16.4712 47.2952
      vertex -5 19.2653 47.3141
      vertex -5 16.609 46.6024
    endloop
  endfacet
  facet normal -1 0 0
    outer loop
      vertex -5 19.53 49.325
      vertex -5 16.8361 50.0665
      vertex -5 17.1485 50.7
    endloop
  endfacet
  facet normal -1 -0 0
    outer loop
      vertex -5 19.2653 47.3141
      vertex -5 16.4712 47.2952
      vertex -5 19.175 48
    endloop
  endfacet
  facet normal -1 0 0
    outer loop
      vertex -5 19.2653 48.6859
      vertex -5 16.609 49.3976
      vertex -5 16.8361 50.0665
    endloop
  endfacet
  facet normal -1 0 0
    outer loop
      vertex -5 16.425 48
      vertex -5 19.175 48
      vertex -5 16.4712 47.2952
    endloop
  endfacet
  facet normal -1 0 0
    outer loop
      vertex -5 19.2653 48.6859
      vertex -5 16.4712 48.7048
      vertex -5 16.609 49.3976
    endloop
  endfacet
  facet normal -1 0 0
    outer loop
      vertex -5 19.175 48
      vertex -5 16.425 48
      vertex -5 16.4712 48.7048
    endloop
  endfacet
  facet normal 1.88098e-18 0.980787 -0.195081
    outer loop
      vertex -5 16.4712 48.7048
      vertex -8 16.609 49.3976
      vertex -5 16.609 49.3976
    endloop
  endfacet
  facet normal 1.88098e-18 0.980787 -0.195081
    outer loop
      vertex -8 16.609 49.3976
      vertex -5 16.4712 48.7048
      vertex -8 16.4712 48.7048
    endloop
  endfacet
  facet normal 0.500002 0 -0.866024
    outer loop
      vertex -61 2 22.2528
      vertex -54.5 6 26.0056
      vertex -54.5 2 26.0056
    endloop
  endfacet
  facet normal 0.500002 0 -0.866024
    outer loop
      vertex -54.5 6 26.0056
      vertex -61 2 22.2528
      vertex -61 6 22.2528
    endloop
  endfacet
  facet normal -0.500002 -2.9584e-17 0.866024
    outer loop
      vertex -54.5 6 10.9944
      vertex -48 2 14.7472
      vertex -48 6 14.7472
    endloop
  endfacet
  facet normal -0.500002 -2.9584e-17 0.866024
    outer loop
      vertex -48 2 14.7472
      vertex -54.5 6 10.9944
      vertex -54.5 2 10.9944
    endloop
  endfacet
  facet normal 0.500002 2.9584e-17 0.866024
    outer loop
      vertex -61 6 14.7472
      vertex -54.5 2 10.9944
      vertex -54.5 6 10.9944
    endloop
  endfacet
  facet normal 0.500002 2.9584e-17 0.866024
    outer loop
      vertex -54.5 2 10.9944
      vertex -61 6 14.7472
      vertex -61 2 14.7472
    endloop
  endfacet
  facet normal -1 0 0
    outer loop
      vertex -48 2 14.7472
      vertex -48 6 22.2528
      vertex -48 6 14.7472
    endloop
  endfacet
  facet normal -1 -0 0
    outer loop
      vertex -48 6 22.2528
      vertex -48 2 14.7472
      vertex -48 2 22.2528
    endloop
  endfacet
  facet normal -0.500002 0 -0.866024
    outer loop
      vertex -54.5 2 26.0056
      vertex -48 6 22.2528
      vertex -48 2 22.2528
    endloop
  endfacet
  facet normal -0.500002 0 -0.866024
    outer loop
      vertex -48 6 22.2528
      vertex -54.5 2 26.0056
      vertex -54.5 6 26.0056
    endloop
  endfacet
  facet normal 1 -0 0
    outer loop
      vertex -61 2 22.2528
      vertex -61 6 14.7472
      vertex -61 6 22.2528
    endloop
  endfacet
  facet normal 1 0 0
    outer loop
      vertex -61 6 14.7472
      vertex -61 2 22.2528
      vertex -61 2 14.7472
    endloop
  endfacet
  facet normal 0.500002 0 -0.866024
    outer loop
      vertex -77 2 22.2528
      vertex -70.5 6 26.0056
      vertex -70.5 2 26.0056
    endloop
  endfacet
  facet normal 0.500002 0 -0.866024
    outer loop
      vertex -70.5 6 26.0056
      vertex -77 2 22.2528
      vertex -77 6 22.2528
    endloop
  endfacet
  facet normal 1 -0 0
    outer loop
      vertex -77 2 22.2528
      vertex -77 6 14.7472
      vertex -77 6 22.2528
    endloop
  endfacet
  facet normal 1 0 0
    outer loop
      vertex -77 6 14.7472
      vertex -77 2 22.2528
      vertex -77 2 14.7472
    endloop
  endfacet
  facet normal -0.500002 -2.9584e-17 0.866024
    outer loop
      vertex -70.5 6 10.9944
      vertex -64 2 14.7472
      vertex -64 6 14.7472
    endloop
  endfacet
  facet normal -0.500002 -2.9584e-17 0.866024
    outer loop
      vertex -64 2 14.7472
      vertex -70.5 6 10.9944
      vertex -70.5 2 10.9944
    endloop
  endfacet
  facet normal 0.500002 2.9584e-17 0.866024
    outer loop
      vertex -77 6 14.7472
      vertex -70.5 2 10.9944
      vertex -70.5 6 10.9944
    endloop
  endfacet
  facet normal 0.500002 2.9584e-17 0.866024
    outer loop
      vertex -70.5 2 10.9944
      vertex -77 6 14.7472
      vertex -77 2 14.7472
    endloop
  endfacet
  facet normal -1 0 0
    outer loop
      vertex -64 2 14.7472
      vertex -64 6 22.2528
      vertex -64 6 14.7472
    endloop
  endfacet
  facet normal -1 -0 0
    outer loop
      vertex -64 6 22.2528
      vertex -64 2 14.7472
      vertex -64 2 22.2528
    endloop
  endfacet
  facet normal -0.500002 0 -0.866024
    outer loop
      vertex -70.5 2 26.0056
      vertex -64 6 22.2528
      vertex -64 2 22.2528
    endloop
  endfacet
  facet normal -0.500002 0 -0.866024
    outer loop
      vertex -64 6 22.2528
      vertex -70.5 2 26.0056
      vertex -70.5 6 26.0056
    endloop
  endfacet
  facet normal 0.500002 0 -0.866024
    outer loop
      vertex -93 2 22.2528
      vertex -86.5 6 26.0056
      vertex -86.5 2 26.0056
    endloop
  endfacet
  facet normal 0.500002 0 -0.866024
    outer loop
      vertex -86.5 6 26.0056
      vertex -93 2 22.2528
      vertex -93 6 22.2528
    endloop
  endfacet
  facet normal -0.500002 -2.9584e-17 0.866024
    outer loop
      vertex -86.5 6 10.9944
      vertex -80 2 14.7472
      vertex -80 6 14.7472
    endloop
  endfacet
  facet normal -0.500002 -2.9584e-17 0.866024
    outer loop
      vertex -80 2 14.7472
      vertex -86.5 6 10.9944
      vertex -86.5 2 10.9944
    endloop
  endfacet
  facet normal 0.500002 2.9584e-17 0.866024
    outer loop
      vertex -93 6 14.7472
      vertex -86.5 2 10.9944
      vertex -86.5 6 10.9944
    endloop
  endfacet
  facet normal 0.500002 2.9584e-17 0.866024
    outer loop
      vertex -86.5 2 10.9944
      vertex -93 6 14.7472
      vertex -93 2 14.7472
    endloop
  endfacet
  facet normal -1 0 0
    outer loop
      vertex -80 2 14.7472
      vertex -80 6 22.2528
      vertex -80 6 14.7472
    endloop
  endfacet
  facet normal -1 -0 0
    outer loop
      vertex -80 6 22.2528
      vertex -80 2 14.7472
      vertex -80 2 22.2528
    endloop
  endfacet
  facet normal -0.500002 0 -0.866024
    outer loop
      vertex -86.5 2 26.0056
      vertex -80 6 22.2528
      vertex -80 2 22.2528
    endloop
  endfacet
  facet normal -0.500002 0 -0.866024
    outer loop
      vertex -80 6 22.2528
      vertex -86.5 2 26.0056
      vertex -86.5 6 26.0056
    endloop
  endfacet
  facet normal 1 -0 0
    outer loop
      vertex -93 2 22.2528
      vertex -93 6 14.7472
      vertex -93 6 22.2528
    endloop
  endfacet
  facet normal 1 0 0
    outer loop
      vertex -93 6 14.7472
      vertex -93 2 22.2528
      vertex -93 2 14.7472
    endloop
  endfacet
  facet normal 0.500002 0 -0.866024
    outer loop
      vertex -109 2 22.2528
      vertex -102.5 6 26.0056
      vertex -102.5 2 26.0056
    endloop
  endfacet
  facet normal 0.500002 0 -0.866024
    outer loop
      vertex -102.5 6 26.0056
      vertex -109 2 22.2528
      vertex -109 6 22.2528
    endloop
  endfacet
  facet normal -0.500002 -2.9584e-17 0.866024
    outer loop
      vertex -102.5 6 10.9944
      vertex -96 2 14.7472
      vertex -96 6 14.7472
    endloop
  endfacet
  facet normal -0.500002 -2.9584e-17 0.866024
    outer loop
      vertex -96 2 14.7472
      vertex -102.5 6 10.9944
      vertex -102.5 2 10.9944
    endloop
  endfacet
  facet normal 0.500002 2.9584e-17 0.866024
    outer loop
      vertex -109 6 14.7472
      vertex -102.5 2 10.9944
      vertex -102.5 6 10.9944
    endloop
  endfacet
  facet normal 0.500002 2.9584e-17 0.866024
    outer loop
      vertex -102.5 2 10.9944
      vertex -109 6 14.7472
      vertex -109 2 14.7472
    endloop
  endfacet
  facet normal -1 0 0
    outer loop
      vertex -96 2 14.7472
      vertex -96 6 22.2528
      vertex -96 6 14.7472
    endloop
  endfacet
  facet normal -1 -0 0
    outer loop
      vertex -96 6 22.2528
      vertex -96 2 14.7472
      vertex -96 2 22.2528
    endloop
  endfacet
  facet normal -0.500002 0 -0.866024
    outer loop
      vertex -102.5 2 26.0056
      vertex -96 6 22.2528
      vertex -96 2 22.2528
    endloop
  endfacet
  facet normal -0.500002 0 -0.866024
    outer loop
      vertex -96 6 22.2528
      vertex -102.5 2 26.0056
      vertex -102.5 6 26.0056
    endloop
  endfacet
  facet normal 1 -0 0
    outer loop
      vertex -109 2 22.2528
      vertex -109 6 14.7472
      vertex -109 6 22.2528
    endloop
  endfacet
  facet normal 1 0 0
    outer loop
      vertex -109 6 14.7472
      vertex -109 2 22.2528
      vertex -109 2 14.7472
    endloop
  endfacet
  facet normal 0.500002 0 -0.866024
    outer loop
      vertex -125 2 22.2528
      vertex -118.5 6 26.0056
      vertex -118.5 2 26.0056
    endloop
  endfacet
  facet normal 0.500002 0 -0.866024
    outer loop
      vertex -118.5 6 26.0056
      vertex -125 2 22.2528
      vertex -125 6 22.2528
    endloop
  endfacet
  facet normal 1 -0 0
    outer loop
      vertex -125 2 22.2528
      vertex -125 6 14.7472
      vertex -125 6 22.2528
    endloop
  endfacet
  facet normal 1 0 0
    outer loop
      vertex -125 6 14.7472
      vertex -125 2 22.2528
      vertex -125 2 14.7472
    endloop
  endfacet
  facet normal -0.500002 -2.9584e-17 0.866024
    outer loop
      vertex -118.5 6 10.9944
      vertex -112 2 14.7472
      vertex -112 6 14.7472
    endloop
  endfacet
  facet normal -0.500002 -2.9584e-17 0.866024
    outer loop
      vertex -112 2 14.7472
      vertex -118.5 6 10.9944
      vertex -118.5 2 10.9944
    endloop
  endfacet
  facet normal 0.500002 2.9584e-17 0.866024
    outer loop
      vertex -125 6 14.7472
      vertex -118.5 2 10.9944
      vertex -118.5 6 10.9944
    endloop
  endfacet
  facet normal 0.500002 2.9584e-17 0.866024
    outer loop
      vertex -118.5 2 10.9944
      vertex -125 6 14.7472
      vertex -125 2 14.7472
    endloop
  endfacet
  facet normal -1 0 0
    outer loop
      vertex -112 2 14.7472
      vertex -112 6 22.2528
      vertex -112 6 14.7472
    endloop
  endfacet
  facet normal -1 -0 0
    outer loop
      vertex -112 6 22.2528
      vertex -112 2 14.7472
      vertex -112 2 22.2528
    endloop
  endfacet
  facet normal -0.500002 0 -0.866024
    outer loop
      vertex -118.5 2 26.0056
      vertex -112 6 22.2528
      vertex -112 2 22.2528
    endloop
  endfacet
  facet normal -0.500002 0 -0.866024
    outer loop
      vertex -112 6 22.2528
      vertex -118.5 2 26.0056
      vertex -118.5 6 26.0056
    endloop
  endfacet
  facet normal 0.500002 0 -0.866024
    outer loop
      vertex -141 2 22.2528
      vertex -134.5 6 26.0056
      vertex -134.5 2 26.0056
    endloop
  endfacet
  facet normal 0.500002 0 -0.866024
    outer loop
      vertex -134.5 6 26.0056
      vertex -141 2 22.2528
      vertex -141 6 22.2528
    endloop
  endfacet
  facet normal -0.500002 -2.9584e-17 0.866024
    outer loop
      vertex -134.5 6 10.9944
      vertex -128 2 14.7472
      vertex -128 6 14.7472
    endloop
  endfacet
  facet normal -0.500002 -2.9584e-17 0.866024
    outer loop
      vertex -128 2 14.7472
      vertex -134.5 6 10.9944
      vertex -134.5 2 10.9944
    endloop
  endfacet
  facet normal 0.500002 2.9584e-17 0.866024
    outer loop
      vertex -141 6 14.7472
      vertex -134.5 2 10.9944
      vertex -134.5 6 10.9944
    endloop
  endfacet
  facet normal 0.500002 2.9584e-17 0.866024
    outer loop
      vertex -134.5 2 10.9944
      vertex -141 6 14.7472
      vertex -141 2 14.7472
    endloop
  endfacet
  facet normal -1 0 0
    outer loop
      vertex -128 2 14.7472
      vertex -128 6 22.2528
      vertex -128 6 14.7472
    endloop
  endfacet
  facet normal -1 -0 0
    outer loop
      vertex -128 6 22.2528
      vertex -128 2 14.7472
      vertex -128 2 22.2528
    endloop
  endfacet
  facet normal -0.500002 0 -0.866024
    outer loop
      vertex -134.5 2 26.0056
      vertex -128 6 22.2528
      vertex -128 2 22.2528
    endloop
  endfacet
  facet normal -0.500002 0 -0.866024
    outer loop
      vertex -128 6 22.2528
      vertex -134.5 2 26.0056
      vertex -134.5 6 26.0056
    endloop
  endfacet
  facet normal 1 -0 0
    outer loop
      vertex -141 2 22.2528
      vertex -141 6 14.7472
      vertex -141 6 22.2528
    endloop
  endfacet
  facet normal 1 0 0
    outer loop
      vertex -141 6 14.7472
      vertex -141 2 22.2528
      vertex -141 2 14.7472
    endloop
  endfacet
  facet normal 0.500002 0 -0.866024
    outer loop
      vertex -157 2 22.2528
      vertex -150.5 6 26.0056
      vertex -150.5 2 26.0056
    endloop
  endfacet
  facet normal 0.500002 0 -0.866024
    outer loop
      vertex -150.5 6 26.0056
      vertex -157 2 22.2528
      vertex -157 6 22.2528
    endloop
  endfacet
  facet normal -0.500002 -2.9584e-17 0.866024
    outer loop
      vertex -150.5 6 10.9944
      vertex -144 2 14.7472
      vertex -144 6 14.7472
    endloop
  endfacet
  facet normal -0.500002 -2.9584e-17 0.866024
    outer loop
      vertex -144 2 14.7472
      vertex -150.5 6 10.9944
      vertex -150.5 2 10.9944
    endloop
  endfacet
  facet normal 0.500002 2.9584e-17 0.866024
    outer loop
      vertex -157 6 14.7472
      vertex -150.5 2 10.9944
      vertex -150.5 6 10.9944
    endloop
  endfacet
  facet normal 0.500002 2.9584e-17 0.866024
    outer loop
      vertex -150.5 2 10.9944
      vertex -157 6 14.7472
      vertex -157 2 14.7472
    endloop
  endfacet
  facet normal -1 0 0
    outer loop
      vertex -144 2 14.7472
      vertex -144 6 22.2528
      vertex -144 6 14.7472
    endloop
  endfacet
  facet normal -1 -0 0
    outer loop
      vertex -144 6 22.2528
      vertex -144 2 14.7472
      vertex -144 2 22.2528
    endloop
  endfacet
  facet normal -0.500002 0 -0.866024
    outer loop
      vertex -150.5 2 26.0056
      vertex -144 6 22.2528
      vertex -144 2 22.2528
    endloop
  endfacet
  facet normal -0.500002 0 -0.866024
    outer loop
      vertex -144 6 22.2528
      vertex -150.5 2 26.0056
      vertex -150.5 6 26.0056
    endloop
  endfacet
  facet normal 1 -0 0
    outer loop
      vertex -157 2 22.2528
      vertex -157 6 14.7472
      vertex -157 6 22.2528
    endloop
  endfacet
  facet normal 1 0 0
    outer loop
      vertex -157 6 14.7472
      vertex -157 2 22.2528
      vertex -157 2 14.7472
    endloop
  endfacet
  facet normal 0.500002 0 -0.866024
    outer loop
      vertex -173 2 22.2528
      vertex -166.5 6 26.0056
      vertex -166.5 2 26.0056
    endloop
  endfacet
  facet normal 0.500002 0 -0.866024
    outer loop
      vertex -166.5 6 26.0056
      vertex -173 2 22.2528
      vertex -173 6 22.2528
    endloop
  endfacet
  facet normal 1 -0 0
    outer loop
      vertex -173 2 22.2528
      vertex -173 6 14.7472
      vertex -173 6 22.2528
    endloop
  endfacet
  facet normal 1 0 0
    outer loop
      vertex -173 6 14.7472
      vertex -173 2 22.2528
      vertex -173 2 14.7472
    endloop
  endfacet
  facet normal -0.500002 -2.9584e-17 0.866024
    outer loop
      vertex -166.5 6 10.9944
      vertex -160 2 14.7472
      vertex -160 6 14.7472
    endloop
  endfacet
  facet normal -0.500002 -2.9584e-17 0.866024
    outer loop
      vertex -160 2 14.7472
      vertex -166.5 6 10.9944
      vertex -166.5 2 10.9944
    endloop
  endfacet
  facet normal 0.500002 2.9584e-17 0.866024
    outer loop
      vertex -173 6 14.7472
      vertex -166.5 2 10.9944
      vertex -166.5 6 10.9944
    endloop
  endfacet
  facet normal 0.500002 2.9584e-17 0.866024
    outer loop
      vertex -166.5 2 10.9944
      vertex -173 6 14.7472
      vertex -173 2 14.7472
    endloop
  endfacet
  facet normal -1 0 0
    outer loop
      vertex -160 2 14.7472
      vertex -160 6 22.2528
      vertex -160 6 14.7472
    endloop
  endfacet
  facet normal -1 -0 0
    outer loop
      vertex -160 6 22.2528
      vertex -160 2 14.7472
      vertex -160 2 22.2528
    endloop
  endfacet
  facet normal -0.500002 0 -0.866024
    outer loop
      vertex -166.5 2 26.0056
      vertex -160 6 22.2528
      vertex -160 2 22.2528
    endloop
  endfacet
  facet normal -0.500002 0 -0.866024
    outer loop
      vertex -160 6 22.2528
      vertex -166.5 2 26.0056
      vertex -166.5 6 26.0056
    endloop
  endfacet
  facet normal 0.500002 0 -0.866024
    outer loop
      vertex -189 2 22.2528
      vertex -182.5 6 26.0056
      vertex -182.5 2 26.0056
    endloop
  endfacet
  facet normal 0.500002 0 -0.866024
    outer loop
      vertex -182.5 6 26.0056
      vertex -189 2 22.2528
      vertex -189 6 22.2528
    endloop
  endfacet
  facet normal 1 -0 0
    outer loop
      vertex -189 2 22.2528
      vertex -189 6 14.7472
      vertex -189 6 22.2528
    endloop
  endfacet
  facet normal 1 0 0
    outer loop
      vertex -189 6 14.7472
      vertex -189 2 22.2528
      vertex -189 2 14.7472
    endloop
  endfacet
  facet normal -0.500002 -2.9584e-17 0.866024
    outer loop
      vertex -182.5 6 10.9944
      vertex -176 2 14.7472
      vertex -176 6 14.7472
    endloop
  endfacet
  facet normal -0.500002 -2.9584e-17 0.866024
    outer loop
      vertex -176 2 14.7472
      vertex -182.5 6 10.9944
      vertex -182.5 2 10.9944
    endloop
  endfacet
  facet normal 0.500002 2.9584e-17 0.866024
    outer loop
      vertex -189 6 14.7472
      vertex -182.5 2 10.9944
      vertex -182.5 6 10.9944
    endloop
  endfacet
  facet normal 0.500002 2.9584e-17 0.866024
    outer loop
      vertex -182.5 2 10.9944
      vertex -189 6 14.7472
      vertex -189 2 14.7472
    endloop
  endfacet
  facet normal -1 0 0
    outer loop
      vertex -176 2 14.7472
      vertex -176 6 22.2528
      vertex -176 6 14.7472
    endloop
  endfacet
  facet normal -1 -0 0
    outer loop
      vertex -176 6 22.2528
      vertex -176 2 14.7472
      vertex -176 2 22.2528
    endloop
  endfacet
  facet normal -0.500002 0 -0.866024
    outer loop
      vertex -182.5 2 26.0056
      vertex -176 6 22.2528
      vertex -176 2 22.2528
    endloop
  endfacet
  facet normal -0.500002 0 -0.866024
    outer loop
      vertex -176 6 22.2528
      vertex -182.5 2 26.0056
      vertex -182.5 6 26.0056
    endloop
  endfacet
  facet normal 0.500002 0 -0.866024
    outer loop
      vertex -205 2 22.2528
      vertex -198.5 6 26.0056
      vertex -198.5 2 26.0056
    endloop
  endfacet
  facet normal 0.500002 0 -0.866024
    outer loop
      vertex -198.5 6 26.0056
      vertex -205 2 22.2528
      vertex -205 6 22.2528
    endloop
  endfacet
  facet normal -0.500002 -2.9584e-17 0.866024
    outer loop
      vertex -198.5 6 10.9944
      vertex -192 2 14.7472
      vertex -192 6 14.7472
    endloop
  endfacet
  facet normal -0.500002 -2.9584e-17 0.866024
    outer loop
      vertex -192 2 14.7472
      vertex -198.5 6 10.9944
      vertex -198.5 2 10.9944
    endloop
  endfacet
  facet normal 0.500002 2.9584e-17 0.866024
    outer loop
      vertex -205 6 14.7472
      vertex -198.5 2 10.9944
      vertex -198.5 6 10.9944
    endloop
  endfacet
  facet normal 0.500002 2.9584e-17 0.866024
    outer loop
      vertex -198.5 2 10.9944
      vertex -205 6 14.7472
      vertex -205 2 14.7472
    endloop
  endfacet
  facet normal -1 0 0
    outer loop
      vertex -192 2 14.7472
      vertex -192 6 22.2528
      vertex -192 6 14.7472
    endloop
  endfacet
  facet normal -1 -0 0
    outer loop
      vertex -192 6 22.2528
      vertex -192 2 14.7472
      vertex -192 2 22.2528
    endloop
  endfacet
  facet normal -0.500002 0 -0.866024
    outer loop
      vertex -198.5 2 26.0056
      vertex -192 6 22.2528
      vertex -192 2 22.2528
    endloop
  endfacet
  facet normal -0.500002 0 -0.866024
    outer loop
      vertex -192 6 22.2528
      vertex -198.5 2 26.0056
      vertex -198.5 6 26.0056
    endloop
  endfacet
  facet normal 1 -0 0
    outer loop
      vertex -205 2 22.2528
      vertex -205 6 14.7472
      vertex -205 6 22.2528
    endloop
  endfacet
  facet normal 1 0 0
    outer loop
      vertex -205 6 14.7472
      vertex -205 2 22.2528
      vertex -205 2 14.7472
    endloop
  endfacet
  facet normal 0.500002 0 -0.866024
    outer loop
      vertex -53 2 36.1088
      vertex -46.5 6 39.8616
      vertex -46.5 2 39.8616
    endloop
  endfacet
  facet normal 0.500002 0 -0.866024
    outer loop
      vertex -46.5 6 39.8616
      vertex -53 2 36.1088
      vertex -53 6 36.1088
    endloop
  endfacet
  facet normal 1 -0 0
    outer loop
      vertex -53 2 36.1088
      vertex -53 6 28.6032
      vertex -53 6 36.1088
    endloop
  endfacet
  facet normal 1 0 0
    outer loop
      vertex -53 6 28.6032
      vertex -53 2 36.1088
      vertex -53 2 28.6032
    endloop
  endfacet
  facet normal -0.500002 0 0.866024
    outer loop
      vertex -46.5 6 24.8504
      vertex -40 2 28.6032
      vertex -40 6 28.6032
    endloop
  endfacet
  facet normal -0.500002 0 0.866024
    outer loop
      vertex -40 2 28.6032
      vertex -46.5 6 24.8504
      vertex -46.5 2 24.8504
    endloop
  endfacet
  facet normal 0.500002 0 0.866024
    outer loop
      vertex -53 6 28.6032
      vertex -46.5 2 24.8504
      vertex -46.5 6 24.8504
    endloop
  endfacet
  facet normal 0.500002 0 0.866024
    outer loop
      vertex -46.5 2 24.8504
      vertex -53 6 28.6032
      vertex -53 2 28.6032
    endloop
  endfacet
  facet normal -1 0 0
    outer loop
      vertex -40 2 28.6032
      vertex -40 6 36.1088
      vertex -40 6 28.6032
    endloop
  endfacet
  facet normal -1 -0 0
    outer loop
      vertex -40 6 36.1088
      vertex -40 2 28.6032
      vertex -40 2 36.1088
    endloop
  endfacet
  facet normal -0.500002 0 -0.866024
    outer loop
      vertex -46.5 2 39.8616
      vertex -40 6 36.1088
      vertex -40 2 36.1088
    endloop
  endfacet
  facet normal -0.500002 0 -0.866024
    outer loop
      vertex -40 6 36.1088
      vertex -46.5 2 39.8616
      vertex -46.5 6 39.8616
    endloop
  endfacet
  facet normal 0.500002 0 -0.866024
    outer loop
      vertex -69 2 36.1088
      vertex -62.5 6 39.8616
      vertex -62.5 2 39.8616
    endloop
  endfacet
  facet normal 0.500002 0 -0.866024
    outer loop
      vertex -62.5 6 39.8616
      vertex -69 2 36.1088
      vertex -69 6 36.1088
    endloop
  endfacet
  facet normal 1 -0 0
    outer loop
      vertex -69 2 36.1088
      vertex -69 6 28.6032
      vertex -69 6 36.1088
    endloop
  endfacet
  facet normal 1 0 0
    outer loop
      vertex -69 6 28.6032
      vertex -69 2 36.1088
      vertex -69 2 28.6032
    endloop
  endfacet
  facet normal -0.500002 0 0.866024
    outer loop
      vertex -62.5 6 24.8504
      vertex -56 2 28.6032
      vertex -56 6 28.6032
    endloop
  endfacet
  facet normal -0.500002 0 0.866024
    outer loop
      vertex -56 2 28.6032
      vertex -62.5 6 24.8504
      vertex -62.5 2 24.8504
    endloop
  endfacet
  facet normal 0.500002 0 0.866024
    outer loop
      vertex -69 6 28.6032
      vertex -62.5 2 24.8504
      vertex -62.5 6 24.8504
    endloop
  endfacet
  facet normal 0.500002 0 0.866024
    outer loop
      vertex -62.5 2 24.8504
      vertex -69 6 28.6032
      vertex -69 2 28.6032
    endloop
  endfacet
  facet normal -1 0 0
    outer loop
      vertex -56 2 28.6032
      vertex -56 6 36.1088
      vertex -56 6 28.6032
    endloop
  endfacet
  facet normal -1 -0 0
    outer loop
      vertex -56 6 36.1088
      vertex -56 2 28.6032
      vertex -56 2 36.1088
    endloop
  endfacet
  facet normal -0.500002 0 -0.866024
    outer loop
      vertex -62.5 2 39.8616
      vertex -56 6 36.1088
      vertex -56 2 36.1088
    endloop
  endfacet
  facet normal -0.500002 0 -0.866024
    outer loop
      vertex -56 6 36.1088
      vertex -62.5 2 39.8616
      vertex -62.5 6 39.8616
    endloop
  endfacet
  facet normal 0.500002 0 -0.866024
    outer loop
      vertex -85 2 36.1088
      vertex -78.5 6 39.8616
      vertex -78.5 2 39.8616
    endloop
  endfacet
  facet normal 0.500002 0 -0.866024
    outer loop
      vertex -78.5 6 39.8616
      vertex -85 2 36.1088
      vertex -85 6 36.1088
    endloop
  endfacet
  facet normal -0.500002 0 0.866024
    outer loop
      vertex -78.5 6 24.8504
      vertex -72 2 28.6032
      vertex -72 6 28.6032
    endloop
  endfacet
  facet normal -0.500002 0 0.866024
    outer loop
      vertex -72 2 28.6032
      vertex -78.5 6 24.8504
      vertex -78.5 2 24.8504
    endloop
  endfacet
  facet normal 0.500002 0 0.866024
    outer loop
      vertex -85 6 28.6032
      vertex -78.5 2 24.8504
      vertex -78.5 6 24.8504
    endloop
  endfacet
  facet normal 0.500002 0 0.866024
    outer loop
      vertex -78.5 2 24.8504
      vertex -85 6 28.6032
      vertex -85 2 28.6032
    endloop
  endfacet
  facet normal -1 0 0
    outer loop
      vertex -72 2 28.6032
      vertex -72 6 36.1088
      vertex -72 6 28.6032
    endloop
  endfacet
  facet normal -1 -0 0
    outer loop
      vertex -72 6 36.1088
      vertex -72 2 28.6032
      vertex -72 2 36.1088
    endloop
  endfacet
  facet normal -0.500002 0 -0.866024
    outer loop
      vertex -78.5 2 39.8616
      vertex -72 6 36.1088
      vertex -72 2 36.1088
    endloop
  endfacet
  facet normal -0.500002 0 -0.866024
    outer loop
      vertex -72 6 36.1088
      vertex -78.5 2 39.8616
      vertex -78.5 6 39.8616
    endloop
  endfacet
  facet normal 1 -0 0
    outer loop
      vertex -85 2 36.1088
      vertex -85 6 28.6032
      vertex -85 6 36.1088
    endloop
  endfacet
  facet normal 1 0 0
    outer loop
      vertex -85 6 28.6032
      vertex -85 2 36.1088
      vertex -85 2 28.6032
    endloop
  endfacet
  facet normal 0.500002 0 -0.866024
    outer loop
      vertex -101 2 36.1088
      vertex -94.5 6 39.8616
      vertex -94.5 2 39.8616
    endloop
  endfacet
  facet normal 0.500002 0 -0.866024
    outer loop
      vertex -94.5 6 39.8616
      vertex -101 2 36.1088
      vertex -101 6 36.1088
    endloop
  endfacet
  facet normal -0.500002 0 0.866024
    outer loop
      vertex -94.5 6 24.8504
      vertex -88 2 28.6032
      vertex -88 6 28.6032
    endloop
  endfacet
  facet normal -0.500002 0 0.866024
    outer loop
      vertex -88 2 28.6032
      vertex -94.5 6 24.8504
      vertex -94.5 2 24.8504
    endloop
  endfacet
  facet normal 0.500002 0 0.866024
    outer loop
      vertex -101 6 28.6032
      vertex -94.5 2 24.8504
      vertex -94.5 6 24.8504
    endloop
  endfacet
  facet normal 0.500002 0 0.866024
    outer loop
      vertex -94.5 2 24.8504
      vertex -101 6 28.6032
      vertex -101 2 28.6032
    endloop
  endfacet
  facet normal -1 0 0
    outer loop
      vertex -88 2 28.6032
      vertex -88 6 36.1088
      vertex -88 6 28.6032
    endloop
  endfacet
  facet normal -1 -0 0
    outer loop
      vertex -88 6 36.1088
      vertex -88 2 28.6032
      vertex -88 2 36.1088
    endloop
  endfacet
  facet normal -0.500002 0 -0.866024
    outer loop
      vertex -94.5 2 39.8616
      vertex -88 6 36.1088
      vertex -88 2 36.1088
    endloop
  endfacet
  facet normal -0.500002 0 -0.866024
    outer loop
      vertex -88 6 36.1088
      vertex -94.5 2 39.8616
      vertex -94.5 6 39.8616
    endloop
  endfacet
  facet normal 1 -0 0
    outer loop
      vertex -101 2 36.1088
      vertex -101 6 28.6032
      vertex -101 6 36.1088
    endloop
  endfacet
  facet normal 1 0 0
    outer loop
      vertex -101 6 28.6032
      vertex -101 2 36.1088
      vertex -101 2 28.6032
    endloop
  endfacet
  facet normal 0.500002 0 -0.866024
    outer loop
      vertex -117 2 36.1088
      vertex -110.5 6 39.8616
      vertex -110.5 2 39.8616
    endloop
  endfacet
  facet normal 0.500002 0 -0.866024
    outer loop
      vertex -110.5 6 39.8616
      vertex -117 2 36.1088
      vertex -117 6 36.1088
    endloop
  endfacet
  facet normal -0.500002 0 0.866024
    outer loop
      vertex -110.5 6 24.8504
      vertex -104 2 28.6032
      vertex -104 6 28.6032
    endloop
  endfacet
  facet normal -0.500002 0 0.866024
    outer loop
      vertex -104 2 28.6032
      vertex -110.5 6 24.8504
      vertex -110.5 2 24.8504
    endloop
  endfacet
  facet normal 0.500002 0 0.866024
    outer loop
      vertex -117 6 28.6032
      vertex -110.5 2 24.8504
      vertex -110.5 6 24.8504
    endloop
  endfacet
  facet normal 0.500002 0 0.866024
    outer loop
      vertex -110.5 2 24.8504
      vertex -117 6 28.6032
      vertex -117 2 28.6032
    endloop
  endfacet
  facet normal -1 0 0
    outer loop
      vertex -104 2 28.6032
      vertex -104 6 36.1088
      vertex -104 6 28.6032
    endloop
  endfacet
  facet normal -1 -0 0
    outer loop
      vertex -104 6 36.1088
      vertex -104 2 28.6032
      vertex -104 2 36.1088
    endloop
  endfacet
  facet normal -0.500002 0 -0.866024
    outer loop
      vertex -110.5 2 39.8616
      vertex -104 6 36.1088
      vertex -104 2 36.1088
    endloop
  endfacet
  facet normal -0.500002 0 -0.866024
    outer loop
      vertex -104 6 36.1088
      vertex -110.5 2 39.8616
      vertex -110.5 6 39.8616
    endloop
  endfacet
  facet normal 1 -0 0
    outer loop
      vertex -117 2 36.1088
      vertex -117 6 28.6032
      vertex -117 6 36.1088
    endloop
  endfacet
  facet normal 1 0 0
    outer loop
      vertex -117 6 28.6032
      vertex -117 2 36.1088
      vertex -117 2 28.6032
    endloop
  endfacet
  facet normal 0.500002 0 -0.866024
    outer loop
      vertex -133 2 36.1088
      vertex -126.5 6 39.8616
      vertex -126.5 2 39.8616
    endloop
  endfacet
  facet normal 0.500002 0 -0.866024
    outer loop
      vertex -126.5 6 39.8616
      vertex -133 2 36.1088
      vertex -133 6 36.1088
    endloop
  endfacet
  facet normal -0.500002 0 0.866024
    outer loop
      vertex -126.5 6 24.8504
      vertex -120 2 28.6032
      vertex -120 6 28.6032
    endloop
  endfacet
  facet normal -0.500002 0 0.866024
    outer loop
      vertex -120 2 28.6032
      vertex -126.5 6 24.8504
      vertex -126.5 2 24.8504
    endloop
  endfacet
  facet normal 0.500002 0 0.866024
    outer loop
      vertex -133 6 28.6032
      vertex -126.5 2 24.8504
      vertex -126.5 6 24.8504
    endloop
  endfacet
  facet normal 0.500002 0 0.866024
    outer loop
      vertex -126.5 2 24.8504
      vertex -133 6 28.6032
      vertex -133 2 28.6032
    endloop
  endfacet
  facet normal -1 0 0
    outer loop
      vertex -120 2 28.6032
      vertex -120 6 36.1088
      vertex -120 6 28.6032
    endloop
  endfacet
  facet normal -1 -0 0
    outer loop
      vertex -120 6 36.1088
      vertex -120 2 28.6032
      vertex -120 2 36.1088
    endloop
  endfacet
  facet normal -0.500002 0 -0.866024
    outer loop
      vertex -126.5 2 39.8616
      vertex -120 6 36.1088
      vertex -120 2 36.1088
    endloop
  endfacet
  facet normal -0.500002 0 -0.866024
    outer loop
      vertex -120 6 36.1088
      vertex -126.5 2 39.8616
      vertex -126.5 6 39.8616
    endloop
  endfacet
  facet normal 1 -0 0
    outer loop
      vertex -133 2 36.1088
      vertex -133 6 28.6032
      vertex -133 6 36.1088
    endloop
  endfacet
  facet normal 1 0 0
    outer loop
      vertex -133 6 28.6032
      vertex -133 2 36.1088
      vertex -133 2 28.6032
    endloop
  endfacet
  facet normal 0.500002 0 -0.866024
    outer loop
      vertex -149 2 36.1088
      vertex -142.5 6 39.8616
      vertex -142.5 2 39.8616
    endloop
  endfacet
  facet normal 0.500002 0 -0.866024
    outer loop
      vertex -142.5 6 39.8616
      vertex -149 2 36.1088
      vertex -149 6 36.1088
    endloop
  endfacet
  facet normal -0.500002 0 0.866024
    outer loop
      vertex -142.5 6 24.8504
      vertex -136 2 28.6032
      vertex -136 6 28.6032
    endloop
  endfacet
  facet normal -0.500002 0 0.866024
    outer loop
      vertex -136 2 28.6032
      vertex -142.5 6 24.8504
      vertex -142.5 2 24.8504
    endloop
  endfacet
  facet normal 0.500002 0 0.866024
    outer loop
      vertex -149 6 28.6032
      vertex -142.5 2 24.8504
      vertex -142.5 6 24.8504
    endloop
  endfacet
  facet normal 0.500002 0 0.866024
    outer loop
      vertex -142.5 2 24.8504
      vertex -149 6 28.6032
      vertex -149 2 28.6032
    endloop
  endfacet
  facet normal -1 0 0
    outer loop
      vertex -136 2 28.6032
      vertex -136 6 36.1088
      vertex -136 6 28.6032
    endloop
  endfacet
  facet normal -1 -0 0
    outer loop
      vertex -136 6 36.1088
      vertex -136 2 28.6032
      vertex -136 2 36.1088
    endloop
  endfacet
  facet normal -0.500002 0 -0.866024
    outer loop
      vertex -142.5 2 39.8616
      vertex -136 6 36.1088
      vertex -136 2 36.1088
    endloop
  endfacet
  facet normal -0.500002 0 -0.866024
    outer loop
      vertex -136 6 36.1088
      vertex -142.5 2 39.8616
      vertex -142.5 6 39.8616
    endloop
  endfacet
  facet normal 1 -0 0
    outer loop
      vertex -149 2 36.1088
      vertex -149 6 28.6032
      vertex -149 6 36.1088
    endloop
  endfacet
  facet normal 1 0 0
    outer loop
      vertex -149 6 28.6032
      vertex -149 2 36.1088
      vertex -149 2 28.6032
    endloop
  endfacet
  facet normal 0.500002 0 -0.866024
    outer loop
      vertex -165 2 36.1088
      vertex -158.5 6 39.8616
      vertex -158.5 2 39.8616
    endloop
  endfacet
  facet normal 0.500002 0 -0.866024
    outer loop
      vertex -158.5 6 39.8616
      vertex -165 2 36.1088
      vertex -165 6 36.1088
    endloop
  endfacet
  facet normal 1 -0 0
    outer loop
      vertex -165 2 36.1088
      vertex -165 6 28.6032
      vertex -165 6 36.1088
    endloop
  endfacet
  facet normal 1 0 0
    outer loop
      vertex -165 6 28.6032
      vertex -165 2 36.1088
      vertex -165 2 28.6032
    endloop
  endfacet
  facet normal -0.500002 0 0.866024
    outer loop
      vertex -158.5 6 24.8504
      vertex -152 2 28.6032
      vertex -152 6 28.6032
    endloop
  endfacet
  facet normal -0.500002 0 0.866024
    outer loop
      vertex -152 2 28.6032
      vertex -158.5 6 24.8504
      vertex -158.5 2 24.8504
    endloop
  endfacet
  facet normal 0.500002 0 0.866024
    outer loop
      vertex -165 6 28.6032
      vertex -158.5 2 24.8504
      vertex -158.5 6 24.8504
    endloop
  endfacet
  facet normal 0.500002 0 0.866024
    outer loop
      vertex -158.5 2 24.8504
      vertex -165 6 28.6032
      vertex -165 2 28.6032
    endloop
  endfacet
  facet normal -1 0 0
    outer loop
      vertex -152 2 28.6032
      vertex -152 6 36.1088
      vertex -152 6 28.6032
    endloop
  endfacet
  facet normal -1 -0 0
    outer loop
      vertex -152 6 36.1088
      vertex -152 2 28.6032
      vertex -152 2 36.1088
    endloop
  endfacet
  facet normal -0.500002 0 -0.866024
    outer loop
      vertex -158.5 2 39.8616
      vertex -152 6 36.1088
      vertex -152 2 36.1088
    endloop
  endfacet
  facet normal -0.500002 0 -0.866024
    outer loop
      vertex -152 6 36.1088
      vertex -158.5 2 39.8616
      vertex -158.5 6 39.8616
    endloop
  endfacet
  facet normal 0.500002 0 -0.866024
    outer loop
      vertex -181 2 36.1088
      vertex -174.5 6 39.8616
      vertex -174.5 2 39.8616
    endloop
  endfacet
  facet normal 0.500002 0 -0.866024
    outer loop
      vertex -174.5 6 39.8616
      vertex -181 2 36.1088
      vertex -181 6 36.1088
    endloop
  endfacet
  facet normal 1 -0 0
    outer loop
      vertex -181 2 36.1088
      vertex -181 6 28.6032
      vertex -181 6 36.1088
    endloop
  endfacet
  facet normal 1 0 0
    outer loop
      vertex -181 6 28.6032
      vertex -181 2 36.1088
      vertex -181 2 28.6032
    endloop
  endfacet
  facet normal -0.500002 0 0.866024
    outer loop
      vertex -174.5 6 24.8504
      vertex -168 2 28.6032
      vertex -168 6 28.6032
    endloop
  endfacet
  facet normal -0.500002 0 0.866024
    outer loop
      vertex -168 2 28.6032
      vertex -174.5 6 24.8504
      vertex -174.5 2 24.8504
    endloop
  endfacet
  facet normal 0.500002 0 0.866024
    outer loop
      vertex -181 6 28.6032
      vertex -174.5 2 24.8504
      vertex -174.5 6 24.8504
    endloop
  endfacet
  facet normal 0.500002 0 0.866024
    outer loop
      vertex -174.5 2 24.8504
      vertex -181 6 28.6032
      vertex -181 2 28.6032
    endloop
  endfacet
  facet normal -1 0 0
    outer loop
      vertex -168 2 28.6032
      vertex -168 6 36.1088
      vertex -168 6 28.6032
    endloop
  endfacet
  facet normal -1 -0 0
    outer loop
      vertex -168 6 36.1088
      vertex -168 2 28.6032
      vertex -168 2 36.1088
    endloop
  endfacet
  facet normal -0.500002 0 -0.866024
    outer loop
      vertex -174.5 2 39.8616
      vertex -168 6 36.1088
      vertex -168 2 36.1088
    endloop
  endfacet
  facet normal -0.500002 0 -0.866024
    outer loop
      vertex -168 6 36.1088
      vertex -174.5 2 39.8616
      vertex -174.5 6 39.8616
    endloop
  endfacet
  facet normal 0.500002 0 -0.866024
    outer loop
      vertex -197 2 36.1088
      vertex -190.5 6 39.8616
      vertex -190.5 2 39.8616
    endloop
  endfacet
  facet normal 0.500002 0 -0.866024
    outer loop
      vertex -190.5 6 39.8616
      vertex -197 2 36.1088
      vertex -197 6 36.1088
    endloop
  endfacet
  facet normal -0.500002 0 0.866024
    outer loop
      vertex -190.5 6 24.8504
      vertex -184 2 28.6032
      vertex -184 6 28.6032
    endloop
  endfacet
  facet normal -0.500002 0 0.866024
    outer loop
      vertex -184 2 28.6032
      vertex -190.5 6 24.8504
      vertex -190.5 2 24.8504
    endloop
  endfacet
  facet normal 0.500002 0 0.866024
    outer loop
      vertex -197 6 28.6032
      vertex -190.5 2 24.8504
      vertex -190.5 6 24.8504
    endloop
  endfacet
  facet normal 0.500002 0 0.866024
    outer loop
      vertex -190.5 2 24.8504
      vertex -197 6 28.6032
      vertex -197 2 28.6032
    endloop
  endfacet
  facet normal -1 0 0
    outer loop
      vertex -184 2 28.6032
      vertex -184 6 36.1088
      vertex -184 6 28.6032
    endloop
  endfacet
  facet normal -1 -0 0
    outer loop
      vertex -184 6 36.1088
      vertex -184 2 28.6032
      vertex -184 2 36.1088
    endloop
  endfacet
  facet normal -0.500002 0 -0.866024
    outer loop
      vertex -190.5 2 39.8616
      vertex -184 6 36.1088
      vertex -184 2 36.1088
    endloop
  endfacet
  facet normal -0.500002 0 -0.866024
    outer loop
      vertex -184 6 36.1088
      vertex -190.5 2 39.8616
      vertex -190.5 6 39.8616
    endloop
  endfacet
  facet normal 1 -0 0
    outer loop
      vertex -197 2 36.1088
      vertex -197 6 28.6032
      vertex -197 6 36.1088
    endloop
  endfacet
  facet normal 1 0 0
    outer loop
      vertex -197 6 28.6032
      vertex -197 2 36.1088
      vertex -197 2 28.6032
    endloop
  endfacet
  facet normal 0.500002 0 -0.866024
    outer loop
      vertex -213 2 36.1088
      vertex -206.5 6 39.8616
      vertex -206.5 2 39.8616
    endloop
  endfacet
  facet normal 0.500002 0 -0.866024
    outer loop
      vertex -206.5 6 39.8616
      vertex -213 2 36.1088
      vertex -213 6 36.1088
    endloop
  endfacet
  facet normal -0.500002 0 0.866024
    outer loop
      vertex -206.5 6 24.8504
      vertex -200 2 28.6032
      vertex -200 6 28.6032
    endloop
  endfacet
  facet normal -0.500002 0 0.866024
    outer loop
      vertex -200 2 28.6032
      vertex -206.5 6 24.8504
      vertex -206.5 2 24.8504
    endloop
  endfacet
  facet normal 0.500002 0 0.866024
    outer loop
      vertex -213 6 28.6032
      vertex -206.5 2 24.8504
      vertex -206.5 6 24.8504
    endloop
  endfacet
  facet normal 0.500002 0 0.866024
    outer loop
      vertex -206.5 2 24.8504
      vertex -213 6 28.6032
      vertex -213 2 28.6032
    endloop
  endfacet
  facet normal -1 0 0
    outer loop
      vertex -200 2 28.6032
      vertex -200 6 36.1088
      vertex -200 6 28.6032
    endloop
  endfacet
  facet normal -1 -0 0
    outer loop
      vertex -200 6 36.1088
      vertex -200 2 28.6032
      vertex -200 2 36.1088
    endloop
  endfacet
  facet normal -0.500002 0 -0.866024
    outer loop
      vertex -206.5 2 39.8616
      vertex -200 6 36.1088
      vertex -200 2 36.1088
    endloop
  endfacet
  facet normal -0.500002 0 -0.866024
    outer loop
      vertex -200 6 36.1088
      vertex -206.5 2 39.8616
      vertex -206.5 6 39.8616
    endloop
  endfacet
  facet normal 1 -0 0
    outer loop
      vertex -213 2 36.1088
      vertex -213 6 28.6032
      vertex -213 6 36.1088
    endloop
  endfacet
  facet normal 1 0 0
    outer loop
      vertex -213 6 28.6032
      vertex -213 2 36.1088
      vertex -213 2 28.6032
    endloop
  endfacet
  facet normal 0.500002 0 -0.866024
    outer loop
      vertex -29 2 49.9648
      vertex -22.5 6 53.7176
      vertex -22.5 2 53.7176
    endloop
  endfacet
  facet normal 0.500002 0 -0.866024
    outer loop
      vertex -22.5 6 53.7176
      vertex -29 2 49.9648
      vertex -29 6 49.9648
    endloop
  endfacet
  facet normal 1 -0 0
    outer loop
      vertex -29 2 49.9648
      vertex -29 6 42.4592
      vertex -29 6 49.9648
    endloop
  endfacet
  facet normal 1 0 0
    outer loop
      vertex -29 6 42.4592
      vertex -29 2 49.9648
      vertex -29 2 42.4592
    endloop
  endfacet
  facet normal -0.500002 0 0.866024
    outer loop
      vertex -22.5 6 38.7064
      vertex -16 2 42.4592
      vertex -16 6 42.4592
    endloop
  endfacet
  facet normal -0.500002 0 0.866024
    outer loop
      vertex -16 2 42.4592
      vertex -22.5 6 38.7064
      vertex -22.5 2 38.7064
    endloop
  endfacet
  facet normal 0.500002 0 0.866024
    outer loop
      vertex -29 6 42.4592
      vertex -22.5 2 38.7064
      vertex -22.5 6 38.7064
    endloop
  endfacet
  facet normal 0.500002 0 0.866024
    outer loop
      vertex -22.5 2 38.7064
      vertex -29 6 42.4592
      vertex -29 2 42.4592
    endloop
  endfacet
  facet normal -1 0 0
    outer loop
      vertex -16 2 42.4592
      vertex -16 6 49.9648
      vertex -16 6 42.4592
    endloop
  endfacet
  facet normal -1 -0 0
    outer loop
      vertex -16 6 49.9648
      vertex -16 2 42.4592
      vertex -16 2 49.9648
    endloop
  endfacet
  facet normal -0.500002 0 -0.866024
    outer loop
      vertex -22.5 2 53.7176
      vertex -16 6 49.9648
      vertex -16 2 49.9648
    endloop
  endfacet
  facet normal -0.500002 0 -0.866024
    outer loop
      vertex -16 6 49.9648
      vertex -22.5 2 53.7176
      vertex -22.5 6 53.7176
    endloop
  endfacet
  facet normal 0.500002 0 -0.866024
    outer loop
      vertex -45 2 49.9648
      vertex -38.5 6 53.7176
      vertex -38.5 2 53.7176
    endloop
  endfacet
  facet normal 0.500002 0 -0.866024
    outer loop
      vertex -38.5 6 53.7176
      vertex -45 2 49.9648
      vertex -45 6 49.9648
    endloop
  endfacet
  facet normal -0.500002 0 0.866024
    outer loop
      vertex -38.5 6 38.7064
      vertex -32 2 42.4592
      vertex -32 6 42.4592
    endloop
  endfacet
  facet normal -0.500002 0 0.866024
    outer loop
      vertex -32 2 42.4592
      vertex -38.5 6 38.7064
      vertex -38.5 2 38.7064
    endloop
  endfacet
  facet normal 0.500002 0 0.866024
    outer loop
      vertex -45 6 42.4592
      vertex -38.5 2 38.7064
      vertex -38.5 6 38.7064
    endloop
  endfacet
  facet normal 0.500002 0 0.866024
    outer loop
      vertex -38.5 2 38.7064
      vertex -45 6 42.4592
      vertex -45 2 42.4592
    endloop
  endfacet
  facet normal -1 0 0
    outer loop
      vertex -32 2 42.4592
      vertex -32 6 49.9648
      vertex -32 6 42.4592
    endloop
  endfacet
  facet normal -1 -0 0
    outer loop
      vertex -32 6 49.9648
      vertex -32 2 42.4592
      vertex -32 2 49.9648
    endloop
  endfacet
  facet normal -0.500002 0 -0.866024
    outer loop
      vertex -38.5 2 53.7176
      vertex -32 6 49.9648
      vertex -32 2 49.9648
    endloop
  endfacet
  facet normal -0.500002 0 -0.866024
    outer loop
      vertex -32 6 49.9648
      vertex -38.5 2 53.7176
      vertex -38.5 6 53.7176
    endloop
  endfacet
  facet normal 1 -0 0
    outer loop
      vertex -45 2 49.9648
      vertex -45 6 42.4592
      vertex -45 6 49.9648
    endloop
  endfacet
  facet normal 1 0 0
    outer loop
      vertex -45 6 42.4592
      vertex -45 2 49.9648
      vertex -45 2 42.4592
    endloop
  endfacet
  facet normal 0.500002 0 -0.866024
    outer loop
      vertex -61 2 49.9648
      vertex -54.5 6 53.7176
      vertex -54.5 2 53.7176
    endloop
  endfacet
  facet normal 0.500002 0 -0.866024
    outer loop
      vertex -54.5 6 53.7176
      vertex -61 2 49.9648
      vertex -61 6 49.9648
    endloop
  endfacet
  facet normal -0.500002 0 0.866024
    outer loop
      vertex -54.5 6 38.7064
      vertex -48 2 42.4592
      vertex -48 6 42.4592
    endloop
  endfacet
  facet normal -0.500002 0 0.866024
    outer loop
      vertex -48 2 42.4592
      vertex -54.5 6 38.7064
      vertex -54.5 2 38.7064
    endloop
  endfacet
  facet normal 0.500002 0 0.866024
    outer loop
      vertex -61 6 42.4592
      vertex -54.5 2 38.7064
      vertex -54.5 6 38.7064
    endloop
  endfacet
  facet normal 0.500002 0 0.866024
    outer loop
      vertex -54.5 2 38.7064
      vertex -61 6 42.4592
      vertex -61 2 42.4592
    endloop
  endfacet
  facet normal -1 0 0
    outer loop
      vertex -48 2 42.4592
      vertex -48 6 49.9648
      vertex -48 6 42.4592
    endloop
  endfacet
  facet normal -1 -0 0
    outer loop
      vertex -48 6 49.9648
      vertex -48 2 42.4592
      vertex -48 2 49.9648
    endloop
  endfacet
  facet normal -0.500002 0 -0.866024
    outer loop
      vertex -54.5 2 53.7176
      vertex -48 6 49.9648
      vertex -48 2 49.9648
    endloop
  endfacet
  facet normal -0.500002 0 -0.866024
    outer loop
      vertex -48 6 49.9648
      vertex -54.5 2 53.7176
      vertex -54.5 6 53.7176
    endloop
  endfacet
  facet normal 1 -0 0
    outer loop
      vertex -61 2 49.9648
      vertex -61 6 42.4592
      vertex -61 6 49.9648
    endloop
  endfacet
  facet normal 1 0 0
    outer loop
      vertex -61 6 42.4592
      vertex -61 2 49.9648
      vertex -61 2 42.4592
    endloop
  endfacet
  facet normal 0.500002 0 -0.866024
    outer loop
      vertex -77 2 49.9648
      vertex -70.5 6 53.7176
      vertex -70.5 2 53.7176
    endloop
  endfacet
  facet normal 0.500002 0 -0.866024
    outer loop
      vertex -70.5 6 53.7176
      vertex -77 2 49.9648
      vertex -77 6 49.9648
    endloop
  endfacet
  facet normal 1 -0 0
    outer loop
      vertex -77 2 49.9648
      vertex -77 6 42.4592
      vertex -77 6 49.9648
    endloop
  endfacet
  facet normal 1 0 0
    outer loop
      vertex -77 6 42.4592
      vertex -77 2 49.9648
      vertex -77 2 42.4592
    endloop
  endfacet
  facet normal -0.500002 0 0.866024
    outer loop
      vertex -70.5 6 38.7064
      vertex -64 2 42.4592
      vertex -64 6 42.4592
    endloop
  endfacet
  facet normal -0.500002 0 0.866024
    outer loop
      vertex -64 2 42.4592
      vertex -70.5 6 38.7064
      vertex -70.5 2 38.7064
    endloop
  endfacet
  facet normal 0.500002 0 0.866024
    outer loop
      vertex -77 6 42.4592
      vertex -70.5 2 38.7064
      vertex -70.5 6 38.7064
    endloop
  endfacet
  facet normal 0.500002 0 0.866024
    outer loop
      vertex -70.5 2 38.7064
      vertex -77 6 42.4592
      vertex -77 2 42.4592
    endloop
  endfacet
  facet normal -1 0 0
    outer loop
      vertex -64 2 42.4592
      vertex -64 6 49.9648
      vertex -64 6 42.4592
    endloop
  endfacet
  facet normal -1 -0 0
    outer loop
      vertex -64 6 49.9648
      vertex -64 2 42.4592
      vertex -64 2 49.9648
    endloop
  endfacet
  facet normal -0.500002 0 -0.866024
    outer loop
      vertex -70.5 2 53.7176
      vertex -64 6 49.9648
      vertex -64 2 49.9648
    endloop
  endfacet
  facet normal -0.500002 0 -0.866024
    outer loop
      vertex -64 6 49.9648
      vertex -70.5 2 53.7176
      vertex -70.5 6 53.7176
    endloop
  endfacet
  facet normal 0.500002 0 -0.866024
    outer loop
      vertex -93 2 49.9648
      vertex -86.5 6 53.7176
      vertex -86.5 2 53.7176
    endloop
  endfacet
  facet normal 0.500002 0 -0.866024
    outer loop
      vertex -86.5 6 53.7176
      vertex -93 2 49.9648
      vertex -93 6 49.9648
    endloop
  endfacet
  facet normal 1 -0 0
    outer loop
      vertex -93 2 49.9648
      vertex -93 6 42.4592
      vertex -93 6 49.9648
    endloop
  endfacet
  facet normal 1 0 0
    outer loop
      vertex -93 6 42.4592
      vertex -93 2 49.9648
      vertex -93 2 42.4592
    endloop
  endfacet
  facet normal -0.500002 0 0.866024
    outer loop
      vertex -86.5 6 38.7064
      vertex -80 2 42.4592
      vertex -80 6 42.4592
    endloop
  endfacet
  facet normal -0.500002 0 0.866024
    outer loop
      vertex -80 2 42.4592
      vertex -86.5 6 38.7064
      vertex -86.5 2 38.7064
    endloop
  endfacet
  facet normal 0.500002 0 0.866024
    outer loop
      vertex -93 6 42.4592
      vertex -86.5 2 38.7064
      vertex -86.5 6 38.7064
    endloop
  endfacet
  facet normal 0.500002 0 0.866024
    outer loop
      vertex -86.5 2 38.7064
      vertex -93 6 42.4592
      vertex -93 2 42.4592
    endloop
  endfacet
  facet normal -1 0 0
    outer loop
      vertex -80 2 42.4592
      vertex -80 6 49.9648
      vertex -80 6 42.4592
    endloop
  endfacet
  facet normal -1 -0 0
    outer loop
      vertex -80 6 49.9648
      vertex -80 2 42.4592
      vertex -80 2 49.9648
    endloop
  endfacet
  facet normal -0.500002 0 -0.866024
    outer loop
      vertex -86.5 2 53.7176
      vertex -80 6 49.9648
      vertex -80 2 49.9648
    endloop
  endfacet
  facet normal -0.500002 0 -0.866024
    outer loop
      vertex -80 6 49.9648
      vertex -86.5 2 53.7176
      vertex -86.5 6 53.7176
    endloop
  endfacet
  facet normal 0.500002 0 -0.866024
    outer loop
      vertex -109 2 49.9648
      vertex -102.5 6 53.7176
      vertex -102.5 2 53.7176
    endloop
  endfacet
  facet normal 0.500002 0 -0.866024
    outer loop
      vertex -102.5 6 53.7176
      vertex -109 2 49.9648
      vertex -109 6 49.9648
    endloop
  endfacet
  facet normal 1 -0 0
    outer loop
      vertex -109 2 49.9648
      vertex -109 6 42.4592
      vertex -109 6 49.9648
    endloop
  endfacet
  facet normal 1 0 0
    outer loop
      vertex -109 6 42.4592
      vertex -109 2 49.9648
      vertex -109 2 42.4592
    endloop
  endfacet
  facet normal -0.500002 0 0.866024
    outer loop
      vertex -102.5 6 38.7064
      vertex -96 2 42.4592
      vertex -96 6 42.4592
    endloop
  endfacet
  facet normal -0.500002 0 0.866024
    outer loop
      vertex -96 2 42.4592
      vertex -102.5 6 38.7064
      vertex -102.5 2 38.7064
    endloop
  endfacet
  facet normal 0.500002 0 0.866024
    outer loop
      vertex -109 6 42.4592
      vertex -102.5 2 38.7064
      vertex -102.5 6 38.7064
    endloop
  endfacet
  facet normal 0.500002 0 0.866024
    outer loop
      vertex -102.5 2 38.7064
      vertex -109 6 42.4592
      vertex -109 2 42.4592
    endloop
  endfacet
  facet normal -1 0 0
    outer loop
      vertex -96 2 42.4592
      vertex -96 6 49.9648
      vertex -96 6 42.4592
    endloop
  endfacet
  facet normal -1 -0 0
    outer loop
      vertex -96 6 49.9648
      vertex -96 2 42.4592
      vertex -96 2 49.9648
    endloop
  endfacet
  facet normal -0.500002 0 -0.866024
    outer loop
      vertex -102.5 2 53.7176
      vertex -96 6 49.9648
      vertex -96 2 49.9648
    endloop
  endfacet
  facet normal -0.500002 0 -0.866024
    outer loop
      vertex -96 6 49.9648
      vertex -102.5 2 53.7176
      vertex -102.5 6 53.7176
    endloop
  endfacet
  facet normal 0.500002 0 -0.866024
    outer loop
      vertex -125 2 49.9648
      vertex -118.5 6 53.7176
      vertex -118.5 2 53.7176
    endloop
  endfacet
  facet normal 0.500002 0 -0.866024
    outer loop
      vertex -118.5 6 53.7176
      vertex -125 2 49.9648
      vertex -125 6 49.9648
    endloop
  endfacet
  facet normal -0.500002 0 0.866024
    outer loop
      vertex -118.5 6 38.7064
      vertex -112 2 42.4592
      vertex -112 6 42.4592
    endloop
  endfacet
  facet normal -0.500002 0 0.866024
    outer loop
      vertex -112 2 42.4592
      vertex -118.5 6 38.7064
      vertex -118.5 2 38.7064
    endloop
  endfacet
  facet normal 0.500002 0 0.866024
    outer loop
      vertex -125 6 42.4592
      vertex -118.5 2 38.7064
      vertex -118.5 6 38.7064
    endloop
  endfacet
  facet normal 0.500002 0 0.866024
    outer loop
      vertex -118.5 2 38.7064
      vertex -125 6 42.4592
      vertex -125 2 42.4592
    endloop
  endfacet
  facet normal -1 0 0
    outer loop
      vertex -112 2 42.4592
      vertex -112 6 49.9648
      vertex -112 6 42.4592
    endloop
  endfacet
  facet normal -1 -0 0
    outer loop
      vertex -112 6 49.9648
      vertex -112 2 42.4592
      vertex -112 2 49.9648
    endloop
  endfacet
  facet normal -0.500002 0 -0.866024
    outer loop
      vertex -118.5 2 53.7176
      vertex -112 6 49.9648
      vertex -112 2 49.9648
    endloop
  endfacet
  facet normal -0.500002 0 -0.866024
    outer loop
      vertex -112 6 49.9648
      vertex -118.5 2 53.7176
      vertex -118.5 6 53.7176
    endloop
  endfacet
  facet normal 1 -0 0
    outer loop
      vertex -125 2 49.9648
      vertex -125 6 42.4592
      vertex -125 6 49.9648
    endloop
  endfacet
  facet normal 1 0 0
    outer loop
      vertex -125 6 42.4592
      vertex -125 2 49.9648
      vertex -125 2 42.4592
    endloop
  endfacet
  facet normal 0.500002 0 -0.866024
    outer loop
      vertex -141 2 49.9648
      vertex -134.5 6 53.7176
      vertex -134.5 2 53.7176
    endloop
  endfacet
  facet normal 0.500002 0 -0.866024
    outer loop
      vertex -134.5 6 53.7176
      vertex -141 2 49.9648
      vertex -141 6 49.9648
    endloop
  endfacet
  facet normal 1 -0 0
    outer loop
      vertex -141 2 49.9648
      vertex -141 6 42.4592
      vertex -141 6 49.9648
    endloop
  endfacet
  facet normal 1 0 0
    outer loop
      vertex -141 6 42.4592
      vertex -141 2 49.9648
      vertex -141 2 42.4592
    endloop
  endfacet
  facet normal -0.500002 0 0.866024
    outer loop
      vertex -134.5 6 38.7064
      vertex -128 2 42.4592
      vertex -128 6 42.4592
    endloop
  endfacet
  facet normal -0.500002 0 0.866024
    outer loop
      vertex -128 2 42.4592
      vertex -134.5 6 38.7064
      vertex -134.5 2 38.7064
    endloop
  endfacet
  facet normal 0.500002 0 0.866024
    outer loop
      vertex -141 6 42.4592
      vertex -134.5 2 38.7064
      vertex -134.5 6 38.7064
    endloop
  endfacet
  facet normal 0.500002 0 0.866024
    outer loop
      vertex -134.5 2 38.7064
      vertex -141 6 42.4592
      vertex -141 2 42.4592
    endloop
  endfacet
  facet normal -1 0 0
    outer loop
      vertex -128 2 42.4592
      vertex -128 6 49.9648
      vertex -128 6 42.4592
    endloop
  endfacet
  facet normal -1 -0 0
    outer loop
      vertex -128 6 49.9648
      vertex -128 2 42.4592
      vertex -128 2 49.9648
    endloop
  endfacet
  facet normal -0.500002 0 -0.866024
    outer loop
      vertex -134.5 2 53.7176
      vertex -128 6 49.9648
      vertex -128 2 49.9648
    endloop
  endfacet
  facet normal -0.500002 0 -0.866024
    outer loop
      vertex -128 6 49.9648
      vertex -134.5 2 53.7176
      vertex -134.5 6 53.7176
    endloop
  endfacet
  facet normal 0.500002 0 -0.866024
    outer loop
      vertex -157 2 49.9648
      vertex -150.5 6 53.7176
      vertex -150.5 2 53.7176
    endloop
  endfacet
  facet normal 0.500002 0 -0.866024
    outer loop
      vertex -150.5 6 53.7176
      vertex -157 2 49.9648
      vertex -157 6 49.9648
    endloop
  endfacet
  facet normal 1 -0 0
    outer loop
      vertex -157 2 49.9648
      vertex -157 6 42.4592
      vertex -157 6 49.9648
    endloop
  endfacet
  facet normal 1 0 0
    outer loop
      vertex -157 6 42.4592
      vertex -157 2 49.9648
      vertex -157 2 42.4592
    endloop
  endfacet
  facet normal -0.500002 0 0.866024
    outer loop
      vertex -150.5 6 38.7064
      vertex -144 2 42.4592
      vertex -144 6 42.4592
    endloop
  endfacet
  facet normal -0.500002 0 0.866024
    outer loop
      vertex -144 2 42.4592
      vertex -150.5 6 38.7064
      vertex -150.5 2 38.7064
    endloop
  endfacet
  facet normal 0.500002 0 0.866024
    outer loop
      vertex -157 6 42.4592
      vertex -150.5 2 38.7064
      vertex -150.5 6 38.7064
    endloop
  endfacet
  facet normal 0.500002 0 0.866024
    outer loop
      vertex -150.5 2 38.7064
      vertex -157 6 42.4592
      vertex -157 2 42.4592
    endloop
  endfacet
  facet normal -1 0 0
    outer loop
      vertex -144 2 42.4592
      vertex -144 6 49.9648
      vertex -144 6 42.4592
    endloop
  endfacet
  facet normal -1 -0 0
    outer loop
      vertex -144 6 49.9648
      vertex -144 2 42.4592
      vertex -144 2 49.9648
    endloop
  endfacet
  facet normal -0.500002 0 -0.866024
    outer loop
      vertex -150.5 2 53.7176
      vertex -144 6 49.9648
      vertex -144 2 49.9648
    endloop
  endfacet
  facet normal -0.500002 0 -0.866024
    outer loop
      vertex -144 6 49.9648
      vertex -150.5 2 53.7176
      vertex -150.5 6 53.7176
    endloop
  endfacet
  facet normal 0.500002 0 -0.866024
    outer loop
      vertex -173 2 49.9648
      vertex -166.5 6 53.7176
      vertex -166.5 2 53.7176
    endloop
  endfacet
  facet normal 0.500002 0 -0.866024
    outer loop
      vertex -166.5 6 53.7176
      vertex -173 2 49.9648
      vertex -173 6 49.9648
    endloop
  endfacet
  facet normal -0.500002 0 0.866024
    outer loop
      vertex -166.5 6 38.7064
      vertex -160 2 42.4592
      vertex -160 6 42.4592
    endloop
  endfacet
  facet normal -0.500002 0 0.866024
    outer loop
      vertex -160 2 42.4592
      vertex -166.5 6 38.7064
      vertex -166.5 2 38.7064
    endloop
  endfacet
  facet normal 0.500002 0 0.866024
    outer loop
      vertex -173 6 42.4592
      vertex -166.5 2 38.7064
      vertex -166.5 6 38.7064
    endloop
  endfacet
  facet normal 0.500002 0 0.866024
    outer loop
      vertex -166.5 2 38.7064
      vertex -173 6 42.4592
      vertex -173 2 42.4592
    endloop
  endfacet
  facet normal -1 0 0
    outer loop
      vertex -160 2 42.4592
      vertex -160 6 49.9648
      vertex -160 6 42.4592
    endloop
  endfacet
  facet normal -1 -0 0
    outer loop
      vertex -160 6 49.9648
      vertex -160 2 42.4592
      vertex -160 2 49.9648
    endloop
  endfacet
  facet normal -0.500002 0 -0.866024
    outer loop
      vertex -166.5 2 53.7176
      vertex -160 6 49.9648
      vertex -160 2 49.9648
    endloop
  endfacet
  facet normal -0.500002 0 -0.866024
    outer loop
      vertex -160 6 49.9648
      vertex -166.5 2 53.7176
      vertex -166.5 6 53.7176
    endloop
  endfacet
  facet normal 1 -0 0
    outer loop
      vertex -173 2 49.9648
      vertex -173 6 42.4592
      vertex -173 6 49.9648
    endloop
  endfacet
  facet normal 1 0 0
    outer loop
      vertex -173 6 42.4592
      vertex -173 2 49.9648
      vertex -173 2 42.4592
    endloop
  endfacet
  facet normal 0.500002 0 -0.866024
    outer loop
      vertex -189 2 49.9648
      vertex -182.5 6 53.7176
      vertex -182.5 2 53.7176
    endloop
  endfacet
  facet normal 0.500002 0 -0.866024
    outer loop
      vertex -182.5 6 53.7176
      vertex -189 2 49.9648
      vertex -189 6 49.9648
    endloop
  endfacet
  facet normal 1 -0 0
    outer loop
      vertex -189 2 49.9648
      vertex -189 6 42.4592
      vertex -189 6 49.9648
    endloop
  endfacet
  facet normal 1 0 0
    outer loop
      vertex -189 6 42.4592
      vertex -189 2 49.9648
      vertex -189 2 42.4592
    endloop
  endfacet
  facet normal -0.500002 0 0.866024
    outer loop
      vertex -182.5 6 38.7064
      vertex -176 2 42.4592
      vertex -176 6 42.4592
    endloop
  endfacet
  facet normal -0.500002 0 0.866024
    outer loop
      vertex -176 2 42.4592
      vertex -182.5 6 38.7064
      vertex -182.5 2 38.7064
    endloop
  endfacet
  facet normal 0.500002 0 0.866024
    outer loop
      vertex -189 6 42.4592
      vertex -182.5 2 38.7064
      vertex -182.5 6 38.7064
    endloop
  endfacet
  facet normal 0.500002 0 0.866024
    outer loop
      vertex -182.5 2 38.7064
      vertex -189 6 42.4592
      vertex -189 2 42.4592
    endloop
  endfacet
  facet normal -1 0 0
    outer loop
      vertex -176 2 42.4592
      vertex -176 6 49.9648
      vertex -176 6 42.4592
    endloop
  endfacet
  facet normal -1 -0 0
    outer loop
      vertex -176 6 49.9648
      vertex -176 2 42.4592
      vertex -176 2 49.9648
    endloop
  endfacet
  facet normal -0.500002 0 -0.866024
    outer loop
      vertex -182.5 2 53.7176
      vertex -176 6 49.9648
      vertex -176 2 49.9648
    endloop
  endfacet
  facet normal -0.500002 0 -0.866024
    outer loop
      vertex -176 6 49.9648
      vertex -182.5 2 53.7176
      vertex -182.5 6 53.7176
    endloop
  endfacet
  facet normal 0.500002 0 -0.866024
    outer loop
      vertex -205 2 49.9648
      vertex -198.5 6 53.7176
      vertex -198.5 2 53.7176
    endloop
  endfacet
  facet normal 0.500002 0 -0.866024
    outer loop
      vertex -198.5 6 53.7176
      vertex -205 2 49.9648
      vertex -205 6 49.9648
    endloop
  endfacet
  facet normal -0.500002 0 0.866024
    outer loop
      vertex -198.5 6 38.7064
      vertex -192 2 42.4592
      vertex -192 6 42.4592
    endloop
  endfacet
  facet normal -0.500002 0 0.866024
    outer loop
      vertex -192 2 42.4592
      vertex -198.5 6 38.7064
      vertex -198.5 2 38.7064
    endloop
  endfacet
  facet normal 0.500002 0 0.866024
    outer loop
      vertex -205 6 42.4592
      vertex -198.5 2 38.7064
      vertex -198.5 6 38.7064
    endloop
  endfacet
  facet normal 0.500002 0 0.866024
    outer loop
      vertex -198.5 2 38.7064
      vertex -205 6 42.4592
      vertex -205 2 42.4592
    endloop
  endfacet
  facet normal -1 0 0
    outer loop
      vertex -192 2 42.4592
      vertex -192 6 49.9648
      vertex -192 6 42.4592
    endloop
  endfacet
  facet normal -1 -0 0
    outer loop
      vertex -192 6 49.9648
      vertex -192 2 42.4592
      vertex -192 2 49.9648
    endloop
  endfacet
  facet normal -0.500002 0 -0.866024
    outer loop
      vertex -198.5 2 53.7176
      vertex -192 6 49.9648
      vertex -192 2 49.9648
    endloop
  endfacet
  facet normal -0.500002 0 -0.866024
    outer loop
      vertex -192 6 49.9648
      vertex -198.5 2 53.7176
      vertex -198.5 6 53.7176
    endloop
  endfacet
  facet normal 1 -0 0
    outer loop
      vertex -205 2 49.9648
      vertex -205 6 42.4592
      vertex -205 6 49.9648
    endloop
  endfacet
  facet normal 1 0 0
    outer loop
      vertex -205 6 42.4592
      vertex -205 2 49.9648
      vertex -205 2 42.4592
    endloop
  endfacet
  facet normal 0.500002 0 -0.866024
    outer loop
      vertex -221 2 49.9648
      vertex -214.5 6 53.7176
      vertex -214.5 2 53.7176
    endloop
  endfacet
  facet normal 0.500002 0 -0.866024
    outer loop
      vertex -214.5 6 53.7176
      vertex -221 2 49.9648
      vertex -221 6 49.9648
    endloop
  endfacet
  facet normal -0.500002 0 0.866024
    outer loop
      vertex -214.5 6 38.7064
      vertex -208 2 42.4592
      vertex -208 6 42.4592
    endloop
  endfacet
  facet normal -0.500002 0 0.866024
    outer loop
      vertex -208 2 42.4592
      vertex -214.5 6 38.7064
      vertex -214.5 2 38.7064
    endloop
  endfacet
  facet normal 0.500002 0 0.866024
    outer loop
      vertex -221 6 42.4592
      vertex -214.5 2 38.7064
      vertex -214.5 6 38.7064
    endloop
  endfacet
  facet normal 0.500002 0 0.866024
    outer loop
      vertex -214.5 2 38.7064
      vertex -221 6 42.4592
      vertex -221 2 42.4592
    endloop
  endfacet
  facet normal -1 0 0
    outer loop
      vertex -208 2 42.4592
      vertex -208 6 49.9648
      vertex -208 6 42.4592
    endloop
  endfacet
  facet normal -1 -0 0
    outer loop
      vertex -208 6 49.9648
      vertex -208 2 42.4592
      vertex -208 2 49.9648
    endloop
  endfacet
  facet normal -0.500002 0 -0.866024
    outer loop
      vertex -214.5 2 53.7176
      vertex -208 6 49.9648
      vertex -208 2 49.9648
    endloop
  endfacet
  facet normal -0.500002 0 -0.866024
    outer loop
      vertex -208 6 49.9648
      vertex -214.5 2 53.7176
      vertex -214.5 6 53.7176
    endloop
  endfacet
  facet normal 1 -0 0
    outer loop
      vertex -221 2 49.9648
      vertex -221 6 42.4592
      vertex -221 6 49.9648
    endloop
  endfacet
  facet normal 1 0 0
    outer loop
      vertex -221 6 42.4592
      vertex -221 2 49.9648
      vertex -221 2 42.4592
    endloop
  endfacet
  facet normal 0.500002 0 -0.866024
    outer loop
      vertex -37 2 63.8208
      vertex -30.5 6 67.5736
      vertex -30.5 2 67.5736
    endloop
  endfacet
  facet normal 0.500002 0 -0.866024
    outer loop
      vertex -30.5 6 67.5736
      vertex -37 2 63.8208
      vertex -37 6 63.8208
    endloop
  endfacet
  facet normal 1 -0 0
    outer loop
      vertex -37 2 63.8208
      vertex -37 6 56.3152
      vertex -37 6 63.8208
    endloop
  endfacet
  facet normal 1 0 0
    outer loop
      vertex -37 6 56.3152
      vertex -37 2 63.8208
      vertex -37 2 56.3152
    endloop
  endfacet
  facet normal -0.500002 0 0.866024
    outer loop
      vertex -30.5 6 52.5624
      vertex -24 2 56.3152
      vertex -24 6 56.3152
    endloop
  endfacet
  facet normal -0.500002 0 0.866024
    outer loop
      vertex -24 2 56.3152
      vertex -30.5 6 52.5624
      vertex -30.5 2 52.5624
    endloop
  endfacet
  facet normal 0.500002 0 0.866024
    outer loop
      vertex -37 6 56.3152
      vertex -30.5 2 52.5624
      vertex -30.5 6 52.5624
    endloop
  endfacet
  facet normal 0.500002 0 0.866024
    outer loop
      vertex -30.5 2 52.5624
      vertex -37 6 56.3152
      vertex -37 2 56.3152
    endloop
  endfacet
  facet normal -1 0 0
    outer loop
      vertex -24 2 56.3152
      vertex -24 6 63.8208
      vertex -24 6 56.3152
    endloop
  endfacet
  facet normal -1 -0 0
    outer loop
      vertex -24 6 63.8208
      vertex -24 2 56.3152
      vertex -24 2 63.8208
    endloop
  endfacet
  facet normal -0.500002 0 -0.866024
    outer loop
      vertex -30.5 2 67.5736
      vertex -24 6 63.8208
      vertex -24 2 63.8208
    endloop
  endfacet
  facet normal -0.500002 0 -0.866024
    outer loop
      vertex -24 6 63.8208
      vertex -30.5 2 67.5736
      vertex -30.5 6 67.5736
    endloop
  endfacet
  facet normal 0.500002 0 -0.866024
    outer loop
      vertex -53 2 63.8208
      vertex -46.5 6 67.5736
      vertex -46.5 2 67.5736
    endloop
  endfacet
  facet normal 0.500002 0 -0.866024
    outer loop
      vertex -46.5 6 67.5736
      vertex -53 2 63.8208
      vertex -53 6 63.8208
    endloop
  endfacet
  facet normal -0.500002 0 0.866024
    outer loop
      vertex -46.5 6 52.5624
      vertex -40 2 56.3152
      vertex -40 6 56.3152
    endloop
  endfacet
  facet normal -0.500002 0 0.866024
    outer loop
      vertex -40 2 56.3152
      vertex -46.5 6 52.5624
      vertex -46.5 2 52.5624
    endloop
  endfacet
  facet normal 0.500002 0 0.866024
    outer loop
      vertex -53 6 56.3152
      vertex -46.5 2 52.5624
      vertex -46.5 6 52.5624
    endloop
  endfacet
  facet normal 0.500002 0 0.866024
    outer loop
      vertex -46.5 2 52.5624
      vertex -53 6 56.3152
      vertex -53 2 56.3152
    endloop
  endfacet
  facet normal -1 0 0
    outer loop
      vertex -40 2 56.3152
      vertex -40 6 63.8208
      vertex -40 6 56.3152
    endloop
  endfacet
  facet normal -1 -0 0
    outer loop
      vertex -40 6 63.8208
      vertex -40 2 56.3152
      vertex -40 2 63.8208
    endloop
  endfacet
  facet normal -0.500002 0 -0.866024
    outer loop
      vertex -46.5 2 67.5736
      vertex -40 6 63.8208
      vertex -40 2 63.8208
    endloop
  endfacet
  facet normal -0.500002 0 -0.866024
    outer loop
      vertex -40 6 63.8208
      vertex -46.5 2 67.5736
      vertex -46.5 6 67.5736
    endloop
  endfacet
  facet normal 1 -0 0
    outer loop
      vertex -53 2 63.8208
      vertex -53 6 56.3152
      vertex -53 6 63.8208
    endloop
  endfacet
  facet normal 1 0 0
    outer loop
      vertex -53 6 56.3152
      vertex -53 2 63.8208
      vertex -53 2 56.3152
    endloop
  endfacet
  facet normal 0.500002 0 -0.866024
    outer loop
      vertex -69 2 63.8208
      vertex -62.5 6 67.5736
      vertex -62.5 2 67.5736
    endloop
  endfacet
  facet normal 0.500002 0 -0.866024
    outer loop
      vertex -62.5 6 67.5736
      vertex -69 2 63.8208
      vertex -69 6 63.8208
    endloop
  endfacet
  facet normal 1 -0 0
    outer loop
      vertex -69 2 63.8208
      vertex -69 6 56.3152
      vertex -69 6 63.8208
    endloop
  endfacet
  facet normal 1 0 0
    outer loop
      vertex -69 6 56.3152
      vertex -69 2 63.8208
      vertex -69 2 56.3152
    endloop
  endfacet
  facet normal -0.500002 0 0.866024
    outer loop
      vertex -62.5 6 52.5624
      vertex -56 2 56.3152
      vertex -56 6 56.3152
    endloop
  endfacet
  facet normal -0.500002 0 0.866024
    outer loop
      vertex -56 2 56.3152
      vertex -62.5 6 52.5624
      vertex -62.5 2 52.5624
    endloop
  endfacet
  facet normal 0.500002 0 0.866024
    outer loop
      vertex -69 6 56.3152
      vertex -62.5 2 52.5624
      vertex -62.5 6 52.5624
    endloop
  endfacet
  facet normal 0.500002 0 0.866024
    outer loop
      vertex -62.5 2 52.5624
      vertex -69 6 56.3152
      vertex -69 2 56.3152
    endloop
  endfacet
  facet normal -1 0 0
    outer loop
      vertex -56 2 56.3152
      vertex -56 6 63.8208
      vertex -56 6 56.3152
    endloop
  endfacet
  facet normal -1 -0 0
    outer loop
      vertex -56 6 63.8208
      vertex -56 2 56.3152
      vertex -56 2 63.8208
    endloop
  endfacet
  facet normal -0.500002 0 -0.866024
    outer loop
      vertex -62.5 2 67.5736
      vertex -56 6 63.8208
      vertex -56 2 63.8208
    endloop
  endfacet
  facet normal -0.500002 0 -0.866024
    outer loop
      vertex -56 6 63.8208
      vertex -62.5 2 67.5736
      vertex -62.5 6 67.5736
    endloop
  endfacet
  facet normal 0.500002 0 -0.866024
    outer loop
      vertex -85 2 63.8208
      vertex -78.5 6 67.5736
      vertex -78.5 2 67.5736
    endloop
  endfacet
  facet normal 0.500002 0 -0.866024
    outer loop
      vertex -78.5 6 67.5736
      vertex -85 2 63.8208
      vertex -85 6 63.8208
    endloop
  endfacet
  facet normal -0.500002 0 0.866024
    outer loop
      vertex -78.5 6 52.5624
      vertex -72 2 56.3152
      vertex -72 6 56.3152
    endloop
  endfacet
  facet normal -0.500002 0 0.866024
    outer loop
      vertex -72 2 56.3152
      vertex -78.5 6 52.5624
      vertex -78.5 2 52.5624
    endloop
  endfacet
  facet normal 0.500002 0 0.866024
    outer loop
      vertex -85 6 56.3152
      vertex -78.5 2 52.5624
      vertex -78.5 6 52.5624
    endloop
  endfacet
  facet normal 0.500002 0 0.866024
    outer loop
      vertex -78.5 2 52.5624
      vertex -85 6 56.3152
      vertex -85 2 56.3152
    endloop
  endfacet
  facet normal -1 0 0
    outer loop
      vertex -72 2 56.3152
      vertex -72 6 63.8208
      vertex -72 6 56.3152
    endloop
  endfacet
  facet normal -1 -0 0
    outer loop
      vertex -72 6 63.8208
      vertex -72 2 56.3152
      vertex -72 2 63.8208
    endloop
  endfacet
  facet normal -0.500002 0 -0.866024
    outer loop
      vertex -78.5 2 67.5736
      vertex -72 6 63.8208
      vertex -72 2 63.8208
    endloop
  endfacet
  facet normal -0.500002 0 -0.866024
    outer loop
      vertex -72 6 63.8208
      vertex -78.5 2 67.5736
      vertex -78.5 6 67.5736
    endloop
  endfacet
  facet normal 1 -0 0
    outer loop
      vertex -85 2 63.8208
      vertex -85 6 56.3152
      vertex -85 6 63.8208
    endloop
  endfacet
  facet normal 1 0 0
    outer loop
      vertex -85 6 56.3152
      vertex -85 2 63.8208
      vertex -85 2 56.3152
    endloop
  endfacet
  facet normal 0.500002 0 -0.866024
    outer loop
      vertex -101 2 63.8208
      vertex -94.5 6 67.5736
      vertex -94.5 2 67.5736
    endloop
  endfacet
  facet normal 0.500002 0 -0.866024
    outer loop
      vertex -94.5 6 67.5736
      vertex -101 2 63.8208
      vertex -101 6 63.8208
    endloop
  endfacet
  facet normal 1 -0 0
    outer loop
      vertex -101 2 63.8208
      vertex -101 6 56.3152
      vertex -101 6 63.8208
    endloop
  endfacet
  facet normal 1 0 0
    outer loop
      vertex -101 6 56.3152
      vertex -101 2 63.8208
      vertex -101 2 56.3152
    endloop
  endfacet
  facet normal -0.500002 0 0.866024
    outer loop
      vertex -94.5 6 52.5624
      vertex -88 2 56.3152
      vertex -88 6 56.3152
    endloop
  endfacet
  facet normal -0.500002 0 0.866024
    outer loop
      vertex -88 2 56.3152
      vertex -94.5 6 52.5624
      vertex -94.5 2 52.5624
    endloop
  endfacet
  facet normal 0.500002 0 0.866024
    outer loop
      vertex -101 6 56.3152
      vertex -94.5 2 52.5624
      vertex -94.5 6 52.5624
    endloop
  endfacet
  facet normal 0.500002 0 0.866024
    outer loop
      vertex -94.5 2 52.5624
      vertex -101 6 56.3152
      vertex -101 2 56.3152
    endloop
  endfacet
  facet normal -1 0 0
    outer loop
      vertex -88 2 56.3152
      vertex -88 6 63.8208
      vertex -88 6 56.3152
    endloop
  endfacet
  facet normal -1 -0 0
    outer loop
      vertex -88 6 63.8208
      vertex -88 2 56.3152
      vertex -88 2 63.8208
    endloop
  endfacet
  facet normal -0.500002 0 -0.866024
    outer loop
      vertex -94.5 2 67.5736
      vertex -88 6 63.8208
      vertex -88 2 63.8208
    endloop
  endfacet
  facet normal -0.500002 0 -0.866024
    outer loop
      vertex -88 6 63.8208
      vertex -94.5 2 67.5736
      vertex -94.5 6 67.5736
    endloop
  endfacet
  facet normal 0.500002 0 -0.866024
    outer loop
      vertex -117 2 63.8208
      vertex -110.5 6 67.5736
      vertex -110.5 2 67.5736
    endloop
  endfacet
  facet normal 0.500002 0 -0.866024
    outer loop
      vertex -110.5 6 67.5736
      vertex -117 2 63.8208
      vertex -117 6 63.8208
    endloop
  endfacet
  facet normal 1 -0 0
    outer loop
      vertex -117 2 63.8208
      vertex -117 6 56.3152
      vertex -117 6 63.8208
    endloop
  endfacet
  facet normal 1 0 0
    outer loop
      vertex -117 6 56.3152
      vertex -117 2 63.8208
      vertex -117 2 56.3152
    endloop
  endfacet
  facet normal -0.500002 0 0.866024
    outer loop
      vertex -110.5 6 52.5624
      vertex -104 2 56.3152
      vertex -104 6 56.3152
    endloop
  endfacet
  facet normal -0.500002 0 0.866024
    outer loop
      vertex -104 2 56.3152
      vertex -110.5 6 52.5624
      vertex -110.5 2 52.5624
    endloop
  endfacet
  facet normal 0.500002 0 0.866024
    outer loop
      vertex -117 6 56.3152
      vertex -110.5 2 52.5624
      vertex -110.5 6 52.5624
    endloop
  endfacet
  facet normal 0.500002 0 0.866024
    outer loop
      vertex -110.5 2 52.5624
      vertex -117 6 56.3152
      vertex -117 2 56.3152
    endloop
  endfacet
  facet normal -1 0 0
    outer loop
      vertex -104 2 56.3152
      vertex -104 6 63.8208
      vertex -104 6 56.3152
    endloop
  endfacet
  facet normal -1 -0 0
    outer loop
      vertex -104 6 63.8208
      vertex -104 2 56.3152
      vertex -104 2 63.8208
    endloop
  endfacet
  facet normal -0.500002 0 -0.866024
    outer loop
      vertex -110.5 2 67.5736
      vertex -104 6 63.8208
      vertex -104 2 63.8208
    endloop
  endfacet
  facet normal -0.500002 0 -0.866024
    outer loop
      vertex -104 6 63.8208
      vertex -110.5 2 67.5736
      vertex -110.5 6 67.5736
    endloop
  endfacet
  facet normal 0.500002 0 -0.866024
    outer loop
      vertex -133 2 63.8208
      vertex -126.5 6 67.5736
      vertex -126.5 2 67.5736
    endloop
  endfacet
  facet normal 0.500002 0 -0.866024
    outer loop
      vertex -126.5 6 67.5736
      vertex -133 2 63.8208
      vertex -133 6 63.8208
    endloop
  endfacet
  facet normal -0.500002 0 0.866024
    outer loop
      vertex -126.5 6 52.5624
      vertex -120 2 56.3152
      vertex -120 6 56.3152
    endloop
  endfacet
  facet normal -0.500002 0 0.866024
    outer loop
      vertex -120 2 56.3152
      vertex -126.5 6 52.5624
      vertex -126.5 2 52.5624
    endloop
  endfacet
  facet normal 0.500002 0 0.866024
    outer loop
      vertex -133 6 56.3152
      vertex -126.5 2 52.5624
      vertex -126.5 6 52.5624
    endloop
  endfacet
  facet normal 0.500002 0 0.866024
    outer loop
      vertex -126.5 2 52.5624
      vertex -133 6 56.3152
      vertex -133 2 56.3152
    endloop
  endfacet
  facet normal -1 0 0
    outer loop
      vertex -120 2 56.3152
      vertex -120 6 63.8208
      vertex -120 6 56.3152
    endloop
  endfacet
  facet normal -1 -0 0
    outer loop
      vertex -120 6 63.8208
      vertex -120 2 56.3152
      vertex -120 2 63.8208
    endloop
  endfacet
  facet normal -0.500002 0 -0.866024
    outer loop
      vertex -126.5 2 67.5736
      vertex -120 6 63.8208
      vertex -120 2 63.8208
    endloop
  endfacet
  facet normal -0.500002 0 -0.866024
    outer loop
      vertex -120 6 63.8208
      vertex -126.5 2 67.5736
      vertex -126.5 6 67.5736
    endloop
  endfacet
  facet normal 1 -0 0
    outer loop
      vertex -133 2 63.8208
      vertex -133 6 56.3152
      vertex -133 6 63.8208
    endloop
  endfacet
  facet normal 1 0 0
    outer loop
      vertex -133 6 56.3152
      vertex -133 2 63.8208
      vertex -133 2 56.3152
    endloop
  endfacet
  facet normal 0.500002 0 -0.866024
    outer loop
      vertex -149 2 63.8208
      vertex -142.5 6 67.5736
      vertex -142.5 2 67.5736
    endloop
  endfacet
  facet normal 0.500002 0 -0.866024
    outer loop
      vertex -142.5 6 67.5736
      vertex -149 2 63.8208
      vertex -149 6 63.8208
    endloop
  endfacet
  facet normal -0.500002 0 0.866024
    outer loop
      vertex -142.5 6 52.5624
      vertex -136 2 56.3152
      vertex -136 6 56.3152
    endloop
  endfacet
  facet normal -0.500002 0 0.866024
    outer loop
      vertex -136 2 56.3152
      vertex -142.5 6 52.5624
      vertex -142.5 2 52.5624
    endloop
  endfacet
  facet normal 0.500002 0 0.866024
    outer loop
      vertex -149 6 56.3152
      vertex -142.5 2 52.5624
      vertex -142.5 6 52.5624
    endloop
  endfacet
  facet normal 0.500002 0 0.866024
    outer loop
      vertex -142.5 2 52.5624
      vertex -149 6 56.3152
      vertex -149 2 56.3152
    endloop
  endfacet
  facet normal -1 0 0
    outer loop
      vertex -136 2 56.3152
      vertex -136 6 63.8208
      vertex -136 6 56.3152
    endloop
  endfacet
  facet normal -1 -0 0
    outer loop
      vertex -136 6 63.8208
      vertex -136 2 56.3152
      vertex -136 2 63.8208
    endloop
  endfacet
  facet normal -0.500002 0 -0.866024
    outer loop
      vertex -142.5 2 67.5736
      vertex -136 6 63.8208
      vertex -136 2 63.8208
    endloop
  endfacet
  facet normal -0.500002 0 -0.866024
    outer loop
      vertex -136 6 63.8208
      vertex -142.5 2 67.5736
      vertex -142.5 6 67.5736
    endloop
  endfacet
  facet normal 1 -0 0
    outer loop
      vertex -149 2 63.8208
      vertex -149 6 56.3152
      vertex -149 6 63.8208
    endloop
  endfacet
  facet normal 1 0 0
    outer loop
      vertex -149 6 56.3152
      vertex -149 2 63.8208
      vertex -149 2 56.3152
    endloop
  endfacet
  facet normal 0.500002 0 -0.866024
    outer loop
      vertex -165 2 63.8208
      vertex -158.5 6 67.5736
      vertex -158.5 2 67.5736
    endloop
  endfacet
  facet normal 0.500002 0 -0.866024
    outer loop
      vertex -158.5 6 67.5736
      vertex -165 2 63.8208
      vertex -165 6 63.8208
    endloop
  endfacet
  facet normal 1 -0 0
    outer loop
      vertex -165 2 63.8208
      vertex -165 6 56.3152
      vertex -165 6 63.8208
    endloop
  endfacet
  facet normal 1 0 0
    outer loop
      vertex -165 6 56.3152
      vertex -165 2 63.8208
      vertex -165 2 56.3152
    endloop
  endfacet
  facet normal -0.500002 0 0.866024
    outer loop
      vertex -158.5 6 52.5624
      vertex -152 2 56.3152
      vertex -152 6 56.3152
    endloop
  endfacet
  facet normal -0.500002 0 0.866024
    outer loop
      vertex -152 2 56.3152
      vertex -158.5 6 52.5624
      vertex -158.5 2 52.5624
    endloop
  endfacet
  facet normal 0.500002 0 0.866024
    outer loop
      vertex -165 6 56.3152
      vertex -158.5 2 52.5624
      vertex -158.5 6 52.5624
    endloop
  endfacet
  facet normal 0.500002 0 0.866024
    outer loop
      vertex -158.5 2 52.5624
      vertex -165 6 56.3152
      vertex -165 2 56.3152
    endloop
  endfacet
  facet normal -1 0 0
    outer loop
      vertex -152 2 56.3152
      vertex -152 6 63.8208
      vertex -152 6 56.3152
    endloop
  endfacet
  facet normal -1 -0 0
    outer loop
      vertex -152 6 63.8208
      vertex -152 2 56.3152
      vertex -152 2 63.8208
    endloop
  endfacet
  facet normal -0.500002 0 -0.866024
    outer loop
      vertex -158.5 2 67.5736
      vertex -152 6 63.8208
      vertex -152 2 63.8208
    endloop
  endfacet
  facet normal -0.500002 0 -0.866024
    outer loop
      vertex -152 6 63.8208
      vertex -158.5 2 67.5736
      vertex -158.5 6 67.5736
    endloop
  endfacet
  facet normal 0.500002 0 -0.866024
    outer loop
      vertex -181 2 63.8208
      vertex -174.5 6 67.5736
      vertex -174.5 2 67.5736
    endloop
  endfacet
  facet normal 0.500002 0 -0.866024
    outer loop
      vertex -174.5 6 67.5736
      vertex -181 2 63.8208
      vertex -181 6 63.8208
    endloop
  endfacet
  facet normal -0.500002 0 0.866024
    outer loop
      vertex -174.5 6 52.5624
      vertex -168 2 56.3152
      vertex -168 6 56.3152
    endloop
  endfacet
  facet normal -0.500002 0 0.866024
    outer loop
      vertex -168 2 56.3152
      vertex -174.5 6 52.5624
      vertex -174.5 2 52.5624
    endloop
  endfacet
  facet normal 0.500002 0 0.866024
    outer loop
      vertex -181 6 56.3152
      vertex -174.5 2 52.5624
      vertex -174.5 6 52.5624
    endloop
  endfacet
  facet normal 0.500002 0 0.866024
    outer loop
      vertex -174.5 2 52.5624
      vertex -181 6 56.3152
      vertex -181 2 56.3152
    endloop
  endfacet
  facet normal -1 0 0
    outer loop
      vertex -168 2 56.3152
      vertex -168 6 63.8208
      vertex -168 6 56.3152
    endloop
  endfacet
  facet normal -1 -0 0
    outer loop
      vertex -168 6 63.8208
      vertex -168 2 56.3152
      vertex -168 2 63.8208
    endloop
  endfacet
  facet normal -0.500002 0 -0.866024
    outer loop
      vertex -174.5 2 67.5736
      vertex -168 6 63.8208
      vertex -168 2 63.8208
    endloop
  endfacet
  facet normal -0.500002 0 -0.866024
    outer loop
      vertex -168 6 63.8208
      vertex -174.5 2 67.5736
      vertex -174.5 6 67.5736
    endloop
  endfacet
  facet normal 1 -0 0
    outer loop
      vertex -181 2 63.8208
      vertex -181 6 56.3152
      vertex -181 6 63.8208
    endloop
  endfacet
  facet normal 1 0 0
    outer loop
      vertex -181 6 56.3152
      vertex -181 2 63.8208
      vertex -181 2 56.3152
    endloop
  endfacet
  facet normal 0.500002 0 -0.866024
    outer loop
      vertex -197 2 63.8208
      vertex -190.5 6 67.5736
      vertex -190.5 2 67.5736
    endloop
  endfacet
  facet normal 0.500002 0 -0.866024
    outer loop
      vertex -190.5 6 67.5736
      vertex -197 2 63.8208
      vertex -197 6 63.8208
    endloop
  endfacet
  facet normal -0.500002 0 0.866024
    outer loop
      vertex -190.5 6 52.5624
      vertex -184 2 56.3152
      vertex -184 6 56.3152
    endloop
  endfacet
  facet normal -0.500002 0 0.866024
    outer loop
      vertex -184 2 56.3152
      vertex -190.5 6 52.5624
      vertex -190.5 2 52.5624
    endloop
  endfacet
  facet normal 0.500002 0 0.866024
    outer loop
      vertex -197 6 56.3152
      vertex -190.5 2 52.5624
      vertex -190.5 6 52.5624
    endloop
  endfacet
  facet normal 0.500002 0 0.866024
    outer loop
      vertex -190.5 2 52.5624
      vertex -197 6 56.3152
      vertex -197 2 56.3152
    endloop
  endfacet
  facet normal -1 0 0
    outer loop
      vertex -184 2 56.3152
      vertex -184 6 63.8208
      vertex -184 6 56.3152
    endloop
  endfacet
  facet normal -1 -0 0
    outer loop
      vertex -184 6 63.8208
      vertex -184 2 56.3152
      vertex -184 2 63.8208
    endloop
  endfacet
  facet normal -0.500002 0 -0.866024
    outer loop
      vertex -190.5 2 67.5736
      vertex -184 6 63.8208
      vertex -184 2 63.8208
    endloop
  endfacet
  facet normal -0.500002 0 -0.866024
    outer loop
      vertex -184 6 63.8208
      vertex -190.5 2 67.5736
      vertex -190.5 6 67.5736
    endloop
  endfacet
  facet normal 1 -0 0
    outer loop
      vertex -197 2 63.8208
      vertex -197 6 56.3152
      vertex -197 6 63.8208
    endloop
  endfacet
  facet normal 1 0 0
    outer loop
      vertex -197 6 56.3152
      vertex -197 2 63.8208
      vertex -197 2 56.3152
    endloop
  endfacet
  facet normal 0.500002 0 -0.866024
    outer loop
      vertex -213 2 63.8208
      vertex -206.5 6 67.5736
      vertex -206.5 2 67.5736
    endloop
  endfacet
  facet normal 0.500002 0 -0.866024
    outer loop
      vertex -206.5 6 67.5736
      vertex -213 2 63.8208
      vertex -213 6 63.8208
    endloop
  endfacet
  facet normal -0.500002 0 0.866024
    outer loop
      vertex -206.5 6 52.5624
      vertex -200 2 56.3152
      vertex -200 6 56.3152
    endloop
  endfacet
  facet normal -0.500002 0 0.866024
    outer loop
      vertex -200 2 56.3152
      vertex -206.5 6 52.5624
      vertex -206.5 2 52.5624
    endloop
  endfacet
  facet normal 0.500002 0 0.866024
    outer loop
      vertex -213 6 56.3152
      vertex -206.5 2 52.5624
      vertex -206.5 6 52.5624
    endloop
  endfacet
  facet normal 0.500002 0 0.866024
    outer loop
      vertex -206.5 2 52.5624
      vertex -213 6 56.3152
      vertex -213 2 56.3152
    endloop
  endfacet
  facet normal -1 0 0
    outer loop
      vertex -200 2 56.3152
      vertex -200 6 63.8208
      vertex -200 6 56.3152
    endloop
  endfacet
  facet normal -1 -0 0
    outer loop
      vertex -200 6 63.8208
      vertex -200 2 56.3152
      vertex -200 2 63.8208
    endloop
  endfacet
  facet normal -0.500002 0 -0.866024
    outer loop
      vertex -206.5 2 67.5736
      vertex -200 6 63.8208
      vertex -200 2 63.8208
    endloop
  endfacet
  facet normal -0.500002 0 -0.866024
    outer loop
      vertex -200 6 63.8208
      vertex -206.5 2 67.5736
      vertex -206.5 6 67.5736
    endloop
  endfacet
  facet normal 1 -0 0
    outer loop
      vertex -213 2 63.8208
      vertex -213 6 56.3152
      vertex -213 6 63.8208
    endloop
  endfacet
  facet normal 1 0 0
    outer loop
      vertex -213 6 56.3152
      vertex -213 2 63.8208
      vertex -213 2 56.3152
    endloop
  endfacet
  facet normal 0.500002 0 -0.866024
    outer loop
      vertex -229 2 63.8208
      vertex -222.5 6 67.5736
      vertex -222.5 2 67.5736
    endloop
  endfacet
  facet normal 0.500002 0 -0.866024
    outer loop
      vertex -222.5 6 67.5736
      vertex -229 2 63.8208
      vertex -229 6 63.8208
    endloop
  endfacet
  facet normal 1 -0 0
    outer loop
      vertex -229 2 63.8208
      vertex -229 6 56.3152
      vertex -229 6 63.8208
    endloop
  endfacet
  facet normal 1 0 0
    outer loop
      vertex -229 6 56.3152
      vertex -229 2 63.8208
      vertex -229 2 56.3152
    endloop
  endfacet
  facet normal -0.500002 0 0.866024
    outer loop
      vertex -222.5 6 52.5624
      vertex -216 2 56.3152
      vertex -216 6 56.3152
    endloop
  endfacet
  facet normal -0.500002 0 0.866024
    outer loop
      vertex -216 2 56.3152
      vertex -222.5 6 52.5624
      vertex -222.5 2 52.5624
    endloop
  endfacet
  facet normal 0.500002 0 0.866024
    outer loop
      vertex -229 6 56.3152
      vertex -222.5 2 52.5624
      vertex -222.5 6 52.5624
    endloop
  endfacet
  facet normal 0.500002 0 0.866024
    outer loop
      vertex -222.5 2 52.5624
      vertex -229 6 56.3152
      vertex -229 2 56.3152
    endloop
  endfacet
  facet normal -1 0 0
    outer loop
      vertex -216 2 56.3152
      vertex -216 6 63.8208
      vertex -216 6 56.3152
    endloop
  endfacet
  facet normal -1 -0 0
    outer loop
      vertex -216 6 63.8208
      vertex -216 2 56.3152
      vertex -216 2 63.8208
    endloop
  endfacet
  facet normal -0.500002 0 -0.866024
    outer loop
      vertex -222.5 2 67.5736
      vertex -216 6 63.8208
      vertex -216 2 63.8208
    endloop
  endfacet
  facet normal -0.500002 0 -0.866024
    outer loop
      vertex -216 6 63.8208
      vertex -222.5 2 67.5736
      vertex -222.5 6 67.5736
    endloop
  endfacet
  facet normal 0.500002 0 -0.866024
    outer loop
      vertex -29 2 77.6768
      vertex -22.5 6 81.4296
      vertex -22.5 2 81.4296
    endloop
  endfacet
  facet normal 0.500002 0 -0.866024
    outer loop
      vertex -22.5 6 81.4296
      vertex -29 2 77.6768
      vertex -29 6 77.6768
    endloop
  endfacet
  facet normal -0.500002 0 0.866024
    outer loop
      vertex -22.5 6 66.4184
      vertex -16 2 70.1712
      vertex -16 6 70.1712
    endloop
  endfacet
  facet normal -0.500002 0 0.866024
    outer loop
      vertex -16 2 70.1712
      vertex -22.5 6 66.4184
      vertex -22.5 2 66.4184
    endloop
  endfacet
  facet normal 0.500002 0 0.866024
    outer loop
      vertex -29 6 70.1712
      vertex -22.5 2 66.4184
      vertex -22.5 6 66.4184
    endloop
  endfacet
  facet normal 0.500002 0 0.866024
    outer loop
      vertex -22.5 2 66.4184
      vertex -29 6 70.1712
      vertex -29 2 70.1712
    endloop
  endfacet
  facet normal -1 0 0
    outer loop
      vertex -16 2 70.1712
      vertex -16 6 77.6768
      vertex -16 6 70.1712
    endloop
  endfacet
  facet normal -1 -0 0
    outer loop
      vertex -16 6 77.6768
      vertex -16 2 70.1712
      vertex -16 2 77.6768
    endloop
  endfacet
  facet normal -0.500002 0 -0.866024
    outer loop
      vertex -22.5 2 81.4296
      vertex -16 6 77.6768
      vertex -16 2 77.6768
    endloop
  endfacet
  facet normal -0.500002 0 -0.866024
    outer loop
      vertex -16 6 77.6768
      vertex -22.5 2 81.4296
      vertex -22.5 6 81.4296
    endloop
  endfacet
  facet normal 1 -0 0
    outer loop
      vertex -29 2 77.6768
      vertex -29 6 70.1712
      vertex -29 6 77.6768
    endloop
  endfacet
  facet normal 1 0 0
    outer loop
      vertex -29 6 70.1712
      vertex -29 2 77.6768
      vertex -29 2 70.1712
    endloop
  endfacet
  facet normal 0.500002 0 -0.866024
    outer loop
      vertex -45 2 77.6768
      vertex -38.5 6 81.4296
      vertex -38.5 2 81.4296
    endloop
  endfacet
  facet normal 0.500002 0 -0.866024
    outer loop
      vertex -38.5 6 81.4296
      vertex -45 2 77.6768
      vertex -45 6 77.6768
    endloop
  endfacet
  facet normal -0.500002 0 0.866024
    outer loop
      vertex -38.5 6 66.4184
      vertex -32 2 70.1712
      vertex -32 6 70.1712
    endloop
  endfacet
  facet normal -0.500002 0 0.866024
    outer loop
      vertex -32 2 70.1712
      vertex -38.5 6 66.4184
      vertex -38.5 2 66.4184
    endloop
  endfacet
  facet normal 0.500002 0 0.866024
    outer loop
      vertex -45 6 70.1712
      vertex -38.5 2 66.4184
      vertex -38.5 6 66.4184
    endloop
  endfacet
  facet normal 0.500002 0 0.866024
    outer loop
      vertex -38.5 2 66.4184
      vertex -45 6 70.1712
      vertex -45 2 70.1712
    endloop
  endfacet
  facet normal -1 0 0
    outer loop
      vertex -32 2 70.1712
      vertex -32 6 77.6768
      vertex -32 6 70.1712
    endloop
  endfacet
  facet normal -1 -0 0
    outer loop
      vertex -32 6 77.6768
      vertex -32 2 70.1712
      vertex -32 2 77.6768
    endloop
  endfacet
  facet normal -0.500002 0 -0.866024
    outer loop
      vertex -38.5 2 81.4296
      vertex -32 6 77.6768
      vertex -32 2 77.6768
    endloop
  endfacet
  facet normal -0.500002 0 -0.866024
    outer loop
      vertex -32 6 77.6768
      vertex -38.5 2 81.4296
      vertex -38.5 6 81.4296
    endloop
  endfacet
  facet normal 1 -0 0
    outer loop
      vertex -45 2 77.6768
      vertex -45 6 70.1712
      vertex -45 6 77.6768
    endloop
  endfacet
  facet normal 1 0 0
    outer loop
      vertex -45 6 70.1712
      vertex -45 2 77.6768
      vertex -45 2 70.1712
    endloop
  endfacet
  facet normal 0.500002 0 -0.866024
    outer loop
      vertex -61 2 77.6768
      vertex -54.5 6 81.4296
      vertex -54.5 2 81.4296
    endloop
  endfacet
  facet normal 0.500002 0 -0.866024
    outer loop
      vertex -54.5 6 81.4296
      vertex -61 2 77.6768
      vertex -61 6 77.6768
    endloop
  endfacet
  facet normal 1 -0 0
    outer loop
      vertex -61 2 77.6768
      vertex -61 6 70.1712
      vertex -61 6 77.6768
    endloop
  endfacet
  facet normal 1 0 0
    outer loop
      vertex -61 6 70.1712
      vertex -61 2 77.6768
      vertex -61 2 70.1712
    endloop
  endfacet
  facet normal -0.500002 0 0.866024
    outer loop
      vertex -54.5 6 66.4184
      vertex -48 2 70.1712
      vertex -48 6 70.1712
    endloop
  endfacet
  facet normal -0.500002 0 0.866024
    outer loop
      vertex -48 2 70.1712
      vertex -54.5 6 66.4184
      vertex -54.5 2 66.4184
    endloop
  endfacet
  facet normal 0.500002 0 0.866024
    outer loop
      vertex -61 6 70.1712
      vertex -54.5 2 66.4184
      vertex -54.5 6 66.4184
    endloop
  endfacet
  facet normal 0.500002 0 0.866024
    outer loop
      vertex -54.5 2 66.4184
      vertex -61 6 70.1712
      vertex -61 2 70.1712
    endloop
  endfacet
  facet normal -1 0 0
    outer loop
      vertex -48 2 70.1712
      vertex -48 6 77.6768
      vertex -48 6 70.1712
    endloop
  endfacet
  facet normal -1 -0 0
    outer loop
      vertex -48 6 77.6768
      vertex -48 2 70.1712
      vertex -48 2 77.6768
    endloop
  endfacet
  facet normal -0.500002 0 -0.866024
    outer loop
      vertex -54.5 2 81.4296
      vertex -48 6 77.6768
      vertex -48 2 77.6768
    endloop
  endfacet
  facet normal -0.500002 0 -0.866024
    outer loop
      vertex -48 6 77.6768
      vertex -54.5 2 81.4296
      vertex -54.5 6 81.4296
    endloop
  endfacet
  facet normal 0.500002 0 -0.866024
    outer loop
      vertex -77 2 77.6768
      vertex -70.5 6 81.4296
      vertex -70.5 2 81.4296
    endloop
  endfacet
  facet normal 0.500002 0 -0.866024
    outer loop
      vertex -70.5 6 81.4296
      vertex -77 2 77.6768
      vertex -77 6 77.6768
    endloop
  endfacet
  facet normal -0.500002 0 0.866024
    outer loop
      vertex -70.5 6 66.4184
      vertex -64 2 70.1712
      vertex -64 6 70.1712
    endloop
  endfacet
  facet normal -0.500002 0 0.866024
    outer loop
      vertex -64 2 70.1712
      vertex -70.5 6 66.4184
      vertex -70.5 2 66.4184
    endloop
  endfacet
  facet normal 0.500002 0 0.866024
    outer loop
      vertex -77 6 70.1712
      vertex -70.5 2 66.4184
      vertex -70.5 6 66.4184
    endloop
  endfacet
  facet normal 0.500002 0 0.866024
    outer loop
      vertex -70.5 2 66.4184
      vertex -77 6 70.1712
      vertex -77 2 70.1712
    endloop
  endfacet
  facet normal -1 0 0
    outer loop
      vertex -64 2 70.1712
      vertex -64 6 77.6768
      vertex -64 6 70.1712
    endloop
  endfacet
  facet normal -1 -0 0
    outer loop
      vertex -64 6 77.6768
      vertex -64 2 70.1712
      vertex -64 2 77.6768
    endloop
  endfacet
  facet normal -0.500002 0 -0.866024
    outer loop
      vertex -70.5 2 81.4296
      vertex -64 6 77.6768
      vertex -64 2 77.6768
    endloop
  endfacet
  facet normal -0.500002 0 -0.866024
    outer loop
      vertex -64 6 77.6768
      vertex -70.5 2 81.4296
      vertex -70.5 6 81.4296
    endloop
  endfacet
  facet normal 1 -0 0
    outer loop
      vertex -77 2 77.6768
      vertex -77 6 70.1712
      vertex -77 6 77.6768
    endloop
  endfacet
  facet normal 1 0 0
    outer loop
      vertex -77 6 70.1712
      vertex -77 2 77.6768
      vertex -77 2 70.1712
    endloop
  endfacet
  facet normal 0.500002 0 -0.866024
    outer loop
      vertex -93 2 77.6768
      vertex -86.5 6 81.4296
      vertex -86.5 2 81.4296
    endloop
  endfacet
  facet normal 0.500002 0 -0.866024
    outer loop
      vertex -86.5 6 81.4296
      vertex -93 2 77.6768
      vertex -93 6 77.6768
    endloop
  endfacet
  facet normal 1 -0 0
    outer loop
      vertex -93 2 77.6768
      vertex -93 6 70.1712
      vertex -93 6 77.6768
    endloop
  endfacet
  facet normal 1 0 0
    outer loop
      vertex -93 6 70.1712
      vertex -93 2 77.6768
      vertex -93 2 70.1712
    endloop
  endfacet
  facet normal -0.500002 0 0.866024
    outer loop
      vertex -86.5 6 66.4184
      vertex -80 2 70.1712
      vertex -80 6 70.1712
    endloop
  endfacet
  facet normal -0.500002 0 0.866024
    outer loop
      vertex -80 2 70.1712
      vertex -86.5 6 66.4184
      vertex -86.5 2 66.4184
    endloop
  endfacet
  facet normal 0.500002 0 0.866024
    outer loop
      vertex -93 6 70.1712
      vertex -86.5 2 66.4184
      vertex -86.5 6 66.4184
    endloop
  endfacet
  facet normal 0.500002 0 0.866024
    outer loop
      vertex -86.5 2 66.4184
      vertex -93 6 70.1712
      vertex -93 2 70.1712
    endloop
  endfacet
  facet normal -1 0 0
    outer loop
      vertex -80 2 70.1712
      vertex -80 6 77.6768
      vertex -80 6 70.1712
    endloop
  endfacet
  facet normal -1 -0 0
    outer loop
      vertex -80 6 77.6768
      vertex -80 2 70.1712
      vertex -80 2 77.6768
    endloop
  endfacet
  facet normal -0.500002 0 -0.866024
    outer loop
      vertex -86.5 2 81.4296
      vertex -80 6 77.6768
      vertex -80 2 77.6768
    endloop
  endfacet
  facet normal -0.500002 0 -0.866024
    outer loop
      vertex -80 6 77.6768
      vertex -86.5 2 81.4296
      vertex -86.5 6 81.4296
    endloop
  endfacet
  facet normal 0.500002 0 -0.866024
    outer loop
      vertex -109 2 77.6768
      vertex -102.5 6 81.4296
      vertex -102.5 2 81.4296
    endloop
  endfacet
  facet normal 0.500002 0 -0.866024
    outer loop
      vertex -102.5 6 81.4296
      vertex -109 2 77.6768
      vertex -109 6 77.6768
    endloop
  endfacet
  facet normal 1 -0 0
    outer loop
      vertex -109 2 77.6768
      vertex -109 6 70.1712
      vertex -109 6 77.6768
    endloop
  endfacet
  facet normal 1 0 0
    outer loop
      vertex -109 6 70.1712
      vertex -109 2 77.6768
      vertex -109 2 70.1712
    endloop
  endfacet
  facet normal -0.500002 0 0.866024
    outer loop
      vertex -102.5 6 66.4184
      vertex -96 2 70.1712
      vertex -96 6 70.1712
    endloop
  endfacet
  facet normal -0.500002 0 0.866024
    outer loop
      vertex -96 2 70.1712
      vertex -102.5 6 66.4184
      vertex -102.5 2 66.4184
    endloop
  endfacet
  facet normal 0.500002 0 0.866024
    outer loop
      vertex -109 6 70.1712
      vertex -102.5 2 66.4184
      vertex -102.5 6 66.4184
    endloop
  endfacet
  facet normal 0.500002 0 0.866024
    outer loop
      vertex -102.5 2 66.4184
      vertex -109 6 70.1712
      vertex -109 2 70.1712
    endloop
  endfacet
  facet normal -1 0 0
    outer loop
      vertex -96 2 70.1712
      vertex -96 6 77.6768
      vertex -96 6 70.1712
    endloop
  endfacet
  facet normal -1 -0 0
    outer loop
      vertex -96 6 77.6768
      vertex -96 2 70.1712
      vertex -96 2 77.6768
    endloop
  endfacet
  facet normal -0.500002 0 -0.866024
    outer loop
      vertex -102.5 2 81.4296
      vertex -96 6 77.6768
      vertex -96 2 77.6768
    endloop
  endfacet
  facet normal -0.500002 0 -0.866024
    outer loop
      vertex -96 6 77.6768
      vertex -102.5 2 81.4296
      vertex -102.5 6 81.4296
    endloop
  endfacet
  facet normal 0.500002 0 -0.866024
    outer loop
      vertex -125 2 77.6768
      vertex -118.5 6 81.4296
      vertex -118.5 2 81.4296
    endloop
  endfacet
  facet normal 0.500002 0 -0.866024
    outer loop
      vertex -118.5 6 81.4296
      vertex -125 2 77.6768
      vertex -125 6 77.6768
    endloop
  endfacet
  facet normal 1 -0 0
    outer loop
      vertex -125 2 77.6768
      vertex -125 6 70.1712
      vertex -125 6 77.6768
    endloop
  endfacet
  facet normal 1 0 0
    outer loop
      vertex -125 6 70.1712
      vertex -125 2 77.6768
      vertex -125 2 70.1712
    endloop
  endfacet
  facet normal -0.500002 0 0.866024
    outer loop
      vertex -118.5 6 66.4184
      vertex -112 2 70.1712
      vertex -112 6 70.1712
    endloop
  endfacet
  facet normal -0.500002 0 0.866024
    outer loop
      vertex -112 2 70.1712
      vertex -118.5 6 66.4184
      vertex -118.5 2 66.4184
    endloop
  endfacet
  facet normal 0.500002 0 0.866024
    outer loop
      vertex -125 6 70.1712
      vertex -118.5 2 66.4184
      vertex -118.5 6 66.4184
    endloop
  endfacet
  facet normal 0.500002 0 0.866024
    outer loop
      vertex -118.5 2 66.4184
      vertex -125 6 70.1712
      vertex -125 2 70.1712
    endloop
  endfacet
  facet normal -1 0 0
    outer loop
      vertex -112 2 70.1712
      vertex -112 6 77.6768
      vertex -112 6 70.1712
    endloop
  endfacet
  facet normal -1 -0 0
    outer loop
      vertex -112 6 77.6768
      vertex -112 2 70.1712
      vertex -112 2 77.6768
    endloop
  endfacet
  facet normal -0.500002 0 -0.866024
    outer loop
      vertex -118.5 2 81.4296
      vertex -112 6 77.6768
      vertex -112 2 77.6768
    endloop
  endfacet
  facet normal -0.500002 0 -0.866024
    outer loop
      vertex -112 6 77.6768
      vertex -118.5 2 81.4296
      vertex -118.5 6 81.4296
    endloop
  endfacet
  facet normal 0.500002 0 -0.866024
    outer loop
      vertex -141 2 77.6768
      vertex -134.5 6 81.4296
      vertex -134.5 2 81.4296
    endloop
  endfacet
  facet normal 0.500002 0 -0.866024
    outer loop
      vertex -134.5 6 81.4296
      vertex -141 2 77.6768
      vertex -141 6 77.6768
    endloop
  endfacet
  facet normal -0.500002 0 0.866024
    outer loop
      vertex -134.5 6 66.4184
      vertex -128 2 70.1712
      vertex -128 6 70.1712
    endloop
  endfacet
  facet normal -0.500002 0 0.866024
    outer loop
      vertex -128 2 70.1712
      vertex -134.5 6 66.4184
      vertex -134.5 2 66.4184
    endloop
  endfacet
  facet normal 0.500002 0 0.866024
    outer loop
      vertex -141 6 70.1712
      vertex -134.5 2 66.4184
      vertex -134.5 6 66.4184
    endloop
  endfacet
  facet normal 0.500002 0 0.866024
    outer loop
      vertex -134.5 2 66.4184
      vertex -141 6 70.1712
      vertex -141 2 70.1712
    endloop
  endfacet
  facet normal -1 0 0
    outer loop
      vertex -128 2 70.1712
      vertex -128 6 77.6768
      vertex -128 6 70.1712
    endloop
  endfacet
  facet normal -1 -0 0
    outer loop
      vertex -128 6 77.6768
      vertex -128 2 70.1712
      vertex -128 2 77.6768
    endloop
  endfacet
  facet normal -0.500002 0 -0.866024
    outer loop
      vertex -134.5 2 81.4296
      vertex -128 6 77.6768
      vertex -128 2 77.6768
    endloop
  endfacet
  facet normal -0.500002 0 -0.866024
    outer loop
      vertex -128 6 77.6768
      vertex -134.5 2 81.4296
      vertex -134.5 6 81.4296
    endloop
  endfacet
  facet normal 1 -0 0
    outer loop
      vertex -141 2 77.6768
      vertex -141 6 70.1712
      vertex -141 6 77.6768
    endloop
  endfacet
  facet normal 1 0 0
    outer loop
      vertex -141 6 70.1712
      vertex -141 2 77.6768
      vertex -141 2 70.1712
    endloop
  endfacet
  facet normal 0.500002 0 -0.866024
    outer loop
      vertex -157 2 77.6768
      vertex -150.5 6 81.4296
      vertex -150.5 2 81.4296
    endloop
  endfacet
  facet normal 0.500002 0 -0.866024
    outer loop
      vertex -150.5 6 81.4296
      vertex -157 2 77.6768
      vertex -157 6 77.6768
    endloop
  endfacet
  facet normal 1 -0 0
    outer loop
      vertex -157 2 77.6768
      vertex -157 6 70.1712
      vertex -157 6 77.6768
    endloop
  endfacet
  facet normal 1 0 0
    outer loop
      vertex -157 6 70.1712
      vertex -157 2 77.6768
      vertex -157 2 70.1712
    endloop
  endfacet
  facet normal -0.500002 0 0.866024
    outer loop
      vertex -150.5 6 66.4184
      vertex -144 2 70.1712
      vertex -144 6 70.1712
    endloop
  endfacet
  facet normal -0.500002 0 0.866024
    outer loop
      vertex -144 2 70.1712
      vertex -150.5 6 66.4184
      vertex -150.5 2 66.4184
    endloop
  endfacet
  facet normal 0.500002 0 0.866024
    outer loop
      vertex -157 6 70.1712
      vertex -150.5 2 66.4184
      vertex -150.5 6 66.4184
    endloop
  endfacet
  facet normal 0.500002 0 0.866024
    outer loop
      vertex -150.5 2 66.4184
      vertex -157 6 70.1712
      vertex -157 2 70.1712
    endloop
  endfacet
  facet normal -1 0 0
    outer loop
      vertex -144 2 70.1712
      vertex -144 6 77.6768
      vertex -144 6 70.1712
    endloop
  endfacet
  facet normal -1 -0 0
    outer loop
      vertex -144 6 77.6768
      vertex -144 2 70.1712
      vertex -144 2 77.6768
    endloop
  endfacet
  facet normal -0.500002 0 -0.866024
    outer loop
      vertex -150.5 2 81.4296
      vertex -144 6 77.6768
      vertex -144 2 77.6768
    endloop
  endfacet
  facet normal -0.500002 0 -0.866024
    outer loop
      vertex -144 6 77.6768
      vertex -150.5 2 81.4296
      vertex -150.5 6 81.4296
    endloop
  endfacet
  facet normal 0.500002 0 -0.866024
    outer loop
      vertex -173 2 77.6768
      vertex -166.5 6 81.4296
      vertex -166.5 2 81.4296
    endloop
  endfacet
  facet normal 0.500002 0 -0.866024
    outer loop
      vertex -166.5 6 81.4296
      vertex -173 2 77.6768
      vertex -173 6 77.6768
    endloop
  endfacet
  facet normal -0.500002 0 0.866024
    outer loop
      vertex -166.5 6 66.4184
      vertex -160 2 70.1712
      vertex -160 6 70.1712
    endloop
  endfacet
  facet normal -0.500002 0 0.866024
    outer loop
      vertex -160 2 70.1712
      vertex -166.5 6 66.4184
      vertex -166.5 2 66.4184
    endloop
  endfacet
  facet normal 0.500002 0 0.866024
    outer loop
      vertex -173 6 70.1712
      vertex -166.5 2 66.4184
      vertex -166.5 6 66.4184
    endloop
  endfacet
  facet normal 0.500002 0 0.866024
    outer loop
      vertex -166.5 2 66.4184
      vertex -173 6 70.1712
      vertex -173 2 70.1712
    endloop
  endfacet
  facet normal -1 0 0
    outer loop
      vertex -160 2 70.1712
      vertex -160 6 77.6768
      vertex -160 6 70.1712
    endloop
  endfacet
  facet normal -1 -0 0
    outer loop
      vertex -160 6 77.6768
      vertex -160 2 70.1712
      vertex -160 2 77.6768
    endloop
  endfacet
  facet normal -0.500002 0 -0.866024
    outer loop
      vertex -166.5 2 81.4296
      vertex -160 6 77.6768
      vertex -160 2 77.6768
    endloop
  endfacet
  facet normal -0.500002 0 -0.866024
    outer loop
      vertex -160 6 77.6768
      vertex -166.5 2 81.4296
      vertex -166.5 6 81.4296
    endloop
  endfacet
  facet normal 1 -0 0
    outer loop
      vertex -173 2 77.6768
      vertex -173 6 70.1712
      vertex -173 6 77.6768
    endloop
  endfacet
  facet normal 1 0 0
    outer loop
      vertex -173 6 70.1712
      vertex -173 2 77.6768
      vertex -173 2 70.1712
    endloop
  endfacet
  facet normal 0.500002 0 -0.866024
    outer loop
      vertex -189 2 77.6768
      vertex -182.5 6 81.4296
      vertex -182.5 2 81.4296
    endloop
  endfacet
  facet normal 0.500002 0 -0.866024
    outer loop
      vertex -182.5 6 81.4296
      vertex -189 2 77.6768
      vertex -189 6 77.6768
    endloop
  endfacet
  facet normal -0.500002 0 0.866024
    outer loop
      vertex -182.5 6 66.4184
      vertex -176 2 70.1712
      vertex -176 6 70.1712
    endloop
  endfacet
  facet normal -0.500002 0 0.866024
    outer loop
      vertex -176 2 70.1712
      vertex -182.5 6 66.4184
      vertex -182.5 2 66.4184
    endloop
  endfacet
  facet normal 0.500002 0 0.866024
    outer loop
      vertex -189 6 70.1712
      vertex -182.5 2 66.4184
      vertex -182.5 6 66.4184
    endloop
  endfacet
  facet normal 0.500002 0 0.866024
    outer loop
      vertex -182.5 2 66.4184
      vertex -189 6 70.1712
      vertex -189 2 70.1712
    endloop
  endfacet
  facet normal -1 0 0
    outer loop
      vertex -176 2 70.1712
      vertex -176 6 77.6768
      vertex -176 6 70.1712
    endloop
  endfacet
  facet normal -1 -0 0
    outer loop
      vertex -176 6 77.6768
      vertex -176 2 70.1712
      vertex -176 2 77.6768
    endloop
  endfacet
  facet normal -0.500002 0 -0.866024
    outer loop
      vertex -182.5 2 81.4296
      vertex -176 6 77.6768
      vertex -176 2 77.6768
    endloop
  endfacet
  facet normal -0.500002 0 -0.866024
    outer loop
      vertex -176 6 77.6768
      vertex -182.5 2 81.4296
      vertex -182.5 6 81.4296
    endloop
  endfacet
  facet normal 1 -0 0
    outer loop
      vertex -189 2 77.6768
      vertex -189 6 70.1712
      vertex -189 6 77.6768
    endloop
  endfacet
  facet normal 1 0 0
    outer loop
      vertex -189 6 70.1712
      vertex -189 2 77.6768
      vertex -189 2 70.1712
    endloop
  endfacet
  facet normal 0.500002 0 -0.866024
    outer loop
      vertex -205 2 77.6768
      vertex -198.5 6 81.4296
      vertex -198.5 2 81.4296
    endloop
  endfacet
  facet normal 0.500002 0 -0.866024
    outer loop
      vertex -198.5 6 81.4296
      vertex -205 2 77.6768
      vertex -205 6 77.6768
    endloop
  endfacet
  facet normal 1 -0 0
    outer loop
      vertex -205 2 77.6768
      vertex -205 6 70.1712
      vertex -205 6 77.6768
    endloop
  endfacet
  facet normal 1 0 0
    outer loop
      vertex -205 6 70.1712
      vertex -205 2 77.6768
      vertex -205 2 70.1712
    endloop
  endfacet
  facet normal -0.500002 0 0.866024
    outer loop
      vertex -198.5 6 66.4184
      vertex -192 2 70.1712
      vertex -192 6 70.1712
    endloop
  endfacet
  facet normal -0.500002 0 0.866024
    outer loop
      vertex -192 2 70.1712
      vertex -198.5 6 66.4184
      vertex -198.5 2 66.4184
    endloop
  endfacet
  facet normal 0.500002 0 0.866024
    outer loop
      vertex -205 6 70.1712
      vertex -198.5 2 66.4184
      vertex -198.5 6 66.4184
    endloop
  endfacet
  facet normal 0.500002 0 0.866024
    outer loop
      vertex -198.5 2 66.4184
      vertex -205 6 70.1712
      vertex -205 2 70.1712
    endloop
  endfacet
  facet normal -1 0 0
    outer loop
      vertex -192 2 70.1712
      vertex -192 6 77.6768
      vertex -192 6 70.1712
    endloop
  endfacet
  facet normal -1 -0 0
    outer loop
      vertex -192 6 77.6768
      vertex -192 2 70.1712
      vertex -192 2 77.6768
    endloop
  endfacet
  facet normal -0.500002 0 -0.866024
    outer loop
      vertex -198.5 2 81.4296
      vertex -192 6 77.6768
      vertex -192 2 77.6768
    endloop
  endfacet
  facet normal -0.500002 0 -0.866024
    outer loop
      vertex -192 6 77.6768
      vertex -198.5 2 81.4296
      vertex -198.5 6 81.4296
    endloop
  endfacet
  facet normal 0.500002 0 -0.866024
    outer loop
      vertex -221 2 77.6768
      vertex -214.5 6 81.4296
      vertex -214.5 2 81.4296
    endloop
  endfacet
  facet normal 0.500002 0 -0.866024
    outer loop
      vertex -214.5 6 81.4296
      vertex -221 2 77.6768
      vertex -221 6 77.6768
    endloop
  endfacet
  facet normal 1 -0 0
    outer loop
      vertex -221 2 77.6768
      vertex -221 6 70.1712
      vertex -221 6 77.6768
    endloop
  endfacet
  facet normal 1 0 0
    outer loop
      vertex -221 6 70.1712
      vertex -221 2 77.6768
      vertex -221 2 70.1712
    endloop
  endfacet
  facet normal -0.500002 0 0.866024
    outer loop
      vertex -214.5 6 66.4184
      vertex -208 2 70.1712
      vertex -208 6 70.1712
    endloop
  endfacet
  facet normal -0.500002 0 0.866024
    outer loop
      vertex -208 2 70.1712
      vertex -214.5 6 66.4184
      vertex -214.5 2 66.4184
    endloop
  endfacet
  facet normal 0.500002 0 0.866024
    outer loop
      vertex -221 6 70.1712
      vertex -214.5 2 66.4184
      vertex -214.5 6 66.4184
    endloop
  endfacet
  facet normal 0.500002 0 0.866024
    outer loop
      vertex -214.5 2 66.4184
      vertex -221 6 70.1712
      vertex -221 2 70.1712
    endloop
  endfacet
  facet normal -1 0 0
    outer loop
      vertex -208 2 70.1712
      vertex -208 6 77.6768
      vertex -208 6 70.1712
    endloop
  endfacet
  facet normal -1 -0 0
    outer loop
      vertex -208 6 77.6768
      vertex -208 2 70.1712
      vertex -208 2 77.6768
    endloop
  endfacet
  facet normal -0.500002 0 -0.866024
    outer loop
      vertex -214.5 2 81.4296
      vertex -208 6 77.6768
      vertex -208 2 77.6768
    endloop
  endfacet
  facet normal -0.500002 0 -0.866024
    outer loop
      vertex -208 6 77.6768
      vertex -214.5 2 81.4296
      vertex -214.5 6 81.4296
    endloop
  endfacet
  facet normal -0.500002 0 0.866024
    outer loop
      vertex -30.5 6 80.2744
      vertex -24 2 84.0272
      vertex -24 6 84.0272
    endloop
  endfacet
  facet normal -0.500002 0 0.866024
    outer loop
      vertex -24 2 84.0272
      vertex -30.5 6 80.2744
      vertex -30.5 2 80.2744
    endloop
  endfacet
  facet normal 0.500002 0 0.866024
    outer loop
      vertex -37 6 84.0272
      vertex -30.5 2 80.2744
      vertex -30.5 6 80.2744
    endloop
  endfacet
  facet normal 0.500002 0 0.866024
    outer loop
      vertex -30.5 2 80.2744
      vertex -37 6 84.0272
      vertex -37 2 84.0272
    endloop
  endfacet
  facet normal -0.500002 0 -0.866024
    outer loop
      vertex -30.5 2 95.2856
      vertex -24 6 91.5328
      vertex -24 2 91.5328
    endloop
  endfacet
  facet normal -0.500002 0 -0.866024
    outer loop
      vertex -24 6 91.5328
      vertex -30.5 2 95.2856
      vertex -30.5 6 95.2856
    endloop
  endfacet
  facet normal 0.500002 0 -0.866024
    outer loop
      vertex -37 2 91.5328
      vertex -30.5 6 95.2856
      vertex -30.5 2 95.2856
    endloop
  endfacet
  facet normal 0.500002 0 -0.866024
    outer loop
      vertex -30.5 6 95.2856
      vertex -37 2 91.5328
      vertex -37 6 91.5328
    endloop
  endfacet
  facet normal 1 -0 0
    outer loop
      vertex -37 2 91.5328
      vertex -37 6 84.0272
      vertex -37 6 91.5328
    endloop
  endfacet
  facet normal 1 0 0
    outer loop
      vertex -37 6 84.0272
      vertex -37 2 91.5328
      vertex -37 2 84.0272
    endloop
  endfacet
  facet normal -1 0 0
    outer loop
      vertex -24 2 84.0272
      vertex -24 6 91.5328
      vertex -24 6 84.0272
    endloop
  endfacet
  facet normal -1 -0 0
    outer loop
      vertex -24 6 91.5328
      vertex -24 2 84.0272
      vertex -24 2 91.5328
    endloop
  endfacet
  facet normal -0.500002 0 0.866024
    outer loop
      vertex -46.5 6 80.2744
      vertex -40 2 84.0272
      vertex -40 6 84.0272
    endloop
  endfacet
  facet normal -0.500002 0 0.866024
    outer loop
      vertex -40 2 84.0272
      vertex -46.5 6 80.2744
      vertex -46.5 2 80.2744
    endloop
  endfacet
  facet normal 0.500002 0 0.866024
    outer loop
      vertex -53 6 84.0272
      vertex -46.5 2 80.2744
      vertex -46.5 6 80.2744
    endloop
  endfacet
  facet normal 0.500002 0 0.866024
    outer loop
      vertex -46.5 2 80.2744
      vertex -53 6 84.0272
      vertex -53 2 84.0272
    endloop
  endfacet
  facet normal -0.500002 0 -0.866024
    outer loop
      vertex -46.5 2 95.2856
      vertex -40 6 91.5328
      vertex -40 2 91.5328
    endloop
  endfacet
  facet normal -0.500002 0 -0.866024
    outer loop
      vertex -40 6 91.5328
      vertex -46.5 2 95.2856
      vertex -46.5 6 95.2856
    endloop
  endfacet
  facet normal 0.500002 0 -0.866024
    outer loop
      vertex -53 2 91.5328
      vertex -46.5 6 95.2856
      vertex -46.5 2 95.2856
    endloop
  endfacet
  facet normal 0.500002 0 -0.866024
    outer loop
      vertex -46.5 6 95.2856
      vertex -53 2 91.5328
      vertex -53 6 91.5328
    endloop
  endfacet
  facet normal 1 -0 0
    outer loop
      vertex -53 2 91.5328
      vertex -53 6 84.0272
      vertex -53 6 91.5328
    endloop
  endfacet
  facet normal 1 0 0
    outer loop
      vertex -53 6 84.0272
      vertex -53 2 91.5328
      vertex -53 2 84.0272
    endloop
  endfacet
  facet normal -1 0 0
    outer loop
      vertex -40 2 84.0272
      vertex -40 6 91.5328
      vertex -40 6 84.0272
    endloop
  endfacet
  facet normal -1 -0 0
    outer loop
      vertex -40 6 91.5328
      vertex -40 2 84.0272
      vertex -40 2 91.5328
    endloop
  endfacet
  facet normal -0.500002 0 0.866024
    outer loop
      vertex -62.5 6 80.2744
      vertex -56 2 84.0272
      vertex -56 6 84.0272
    endloop
  endfacet
  facet normal -0.500002 0 0.866024
    outer loop
      vertex -56 2 84.0272
      vertex -62.5 6 80.2744
      vertex -62.5 2 80.2744
    endloop
  endfacet
  facet normal 0.500002 0 0.866024
    outer loop
      vertex -69 6 84.0272
      vertex -62.5 2 80.2744
      vertex -62.5 6 80.2744
    endloop
  endfacet
  facet normal 0.500002 0 0.866024
    outer loop
      vertex -62.5 2 80.2744
      vertex -69 6 84.0272
      vertex -69 2 84.0272
    endloop
  endfacet
  facet normal 1 -0 0
    outer loop
      vertex -69 2 91.5328
      vertex -69 6 84.0272
      vertex -69 6 91.5328
    endloop
  endfacet
  facet normal 1 0 0
    outer loop
      vertex -69 6 84.0272
      vertex -69 2 91.5328
      vertex -69 2 84.0272
    endloop
  endfacet
  facet normal -0.500002 0 -0.866024
    outer loop
      vertex -62.5 2 95.2856
      vertex -56 6 91.5328
      vertex -56 2 91.5328
    endloop
  endfacet
  facet normal -0.500002 0 -0.866024
    outer loop
      vertex -56 6 91.5328
      vertex -62.5 2 95.2856
      vertex -62.5 6 95.2856
    endloop
  endfacet
  facet normal 0.500002 0 -0.866024
    outer loop
      vertex -69 2 91.5328
      vertex -62.5 6 95.2856
      vertex -62.5 2 95.2856
    endloop
  endfacet
  facet normal 0.500002 0 -0.866024
    outer loop
      vertex -62.5 6 95.2856
      vertex -69 2 91.5328
      vertex -69 6 91.5328
    endloop
  endfacet
  facet normal -1 0 0
    outer loop
      vertex -56 2 84.0272
      vertex -56 6 91.5328
      vertex -56 6 84.0272
    endloop
  endfacet
  facet normal -1 -0 0
    outer loop
      vertex -56 6 91.5328
      vertex -56 2 84.0272
      vertex -56 2 91.5328
    endloop
  endfacet
  facet normal -0.500002 0 0.866024
    outer loop
      vertex -78.5 6 80.2744
      vertex -72 2 84.0272
      vertex -72 6 84.0272
    endloop
  endfacet
  facet normal -0.500002 0 0.866024
    outer loop
      vertex -72 2 84.0272
      vertex -78.5 6 80.2744
      vertex -78.5 2 80.2744
    endloop
  endfacet
  facet normal 0.500002 0 0.866024
    outer loop
      vertex -85 6 84.0272
      vertex -78.5 2 80.2744
      vertex -78.5 6 80.2744
    endloop
  endfacet
  facet normal 0.500002 0 0.866024
    outer loop
      vertex -78.5 2 80.2744
      vertex -85 6 84.0272
      vertex -85 2 84.0272
    endloop
  endfacet
  facet normal -0.500002 0 -0.866024
    outer loop
      vertex -78.5 2 95.2856
      vertex -72 6 91.5328
      vertex -72 2 91.5328
    endloop
  endfacet
  facet normal -0.500002 0 -0.866024
    outer loop
      vertex -72 6 91.5328
      vertex -78.5 2 95.2856
      vertex -78.5 6 95.2856
    endloop
  endfacet
  facet normal 0.500002 0 -0.866024
    outer loop
      vertex -85 2 91.5328
      vertex -78.5 6 95.2856
      vertex -78.5 2 95.2856
    endloop
  endfacet
  facet normal 0.500002 0 -0.866024
    outer loop
      vertex -78.5 6 95.2856
      vertex -85 2 91.5328
      vertex -85 6 91.5328
    endloop
  endfacet
  facet normal 1 -0 0
    outer loop
      vertex -85 2 91.5328
      vertex -85 6 84.0272
      vertex -85 6 91.5328
    endloop
  endfacet
  facet normal 1 0 0
    outer loop
      vertex -85 6 84.0272
      vertex -85 2 91.5328
      vertex -85 2 84.0272
    endloop
  endfacet
  facet normal -1 0 0
    outer loop
      vertex -72 2 84.0272
      vertex -72 6 91.5328
      vertex -72 6 84.0272
    endloop
  endfacet
  facet normal -1 -0 0
    outer loop
      vertex -72 6 91.5328
      vertex -72 2 84.0272
      vertex -72 2 91.5328
    endloop
  endfacet
  facet normal -0.500002 0 0.866024
    outer loop
      vertex -94.5 6 80.2744
      vertex -88 2 84.0272
      vertex -88 6 84.0272
    endloop
  endfacet
  facet normal -0.500002 0 0.866024
    outer loop
      vertex -88 2 84.0272
      vertex -94.5 6 80.2744
      vertex -94.5 2 80.2744
    endloop
  endfacet
  facet normal 0.500002 0 0.866024
    outer loop
      vertex -101 6 84.0272
      vertex -94.5 2 80.2744
      vertex -94.5 6 80.2744
    endloop
  endfacet
  facet normal 0.500002 0 0.866024
    outer loop
      vertex -94.5 2 80.2744
      vertex -101 6 84.0272
      vertex -101 2 84.0272
    endloop
  endfacet
  facet normal -0.500002 0 -0.866024
    outer loop
      vertex -94.5 2 95.2856
      vertex -88 6 91.5328
      vertex -88 2 91.5328
    endloop
  endfacet
  facet normal -0.500002 0 -0.866024
    outer loop
      vertex -88 6 91.5328
      vertex -94.5 2 95.2856
      vertex -94.5 6 95.2856
    endloop
  endfacet
  facet normal 0.500002 0 -0.866024
    outer loop
      vertex -101 2 91.5328
      vertex -94.5 6 95.2856
      vertex -94.5 2 95.2856
    endloop
  endfacet
  facet normal 0.500002 0 -0.866024
    outer loop
      vertex -94.5 6 95.2856
      vertex -101 2 91.5328
      vertex -101 6 91.5328
    endloop
  endfacet
  facet normal 1 -0 0
    outer loop
      vertex -101 2 91.5328
      vertex -101 6 84.0272
      vertex -101 6 91.5328
    endloop
  endfacet
  facet normal 1 0 0
    outer loop
      vertex -101 6 84.0272
      vertex -101 2 91.5328
      vertex -101 2 84.0272
    endloop
  endfacet
  facet normal -1 0 0
    outer loop
      vertex -88 2 84.0272
      vertex -88 6 91.5328
      vertex -88 6 84.0272
    endloop
  endfacet
  facet normal -1 -0 0
    outer loop
      vertex -88 6 91.5328
      vertex -88 2 84.0272
      vertex -88 2 91.5328
    endloop
  endfacet
  facet normal -0.500002 0 0.866024
    outer loop
      vertex -110.5 6 80.2744
      vertex -104 2 84.0272
      vertex -104 6 84.0272
    endloop
  endfacet
  facet normal -0.500002 0 0.866024
    outer loop
      vertex -104 2 84.0272
      vertex -110.5 6 80.2744
      vertex -110.5 2 80.2744
    endloop
  endfacet
  facet normal 0.500002 0 0.866024
    outer loop
      vertex -117 6 84.0272
      vertex -110.5 2 80.2744
      vertex -110.5 6 80.2744
    endloop
  endfacet
  facet normal 0.500002 0 0.866024
    outer loop
      vertex -110.5 2 80.2744
      vertex -117 6 84.0272
      vertex -117 2 84.0272
    endloop
  endfacet
  facet normal -0.500002 0 -0.866024
    outer loop
      vertex -110.5 2 95.2856
      vertex -104 6 91.5328
      vertex -104 2 91.5328
    endloop
  endfacet
  facet normal -0.500002 0 -0.866024
    outer loop
      vertex -104 6 91.5328
      vertex -110.5 2 95.2856
      vertex -110.5 6 95.2856
    endloop
  endfacet
  facet normal 0.500002 0 -0.866024
    outer loop
      vertex -117 2 91.5328
      vertex -110.5 6 95.2856
      vertex -110.5 2 95.2856
    endloop
  endfacet
  facet normal 0.500002 0 -0.866024
    outer loop
      vertex -110.5 6 95.2856
      vertex -117 2 91.5328
      vertex -117 6 91.5328
    endloop
  endfacet
  facet normal 1 -0 0
    outer loop
      vertex -117 2 91.5328
      vertex -117 6 84.0272
      vertex -117 6 91.5328
    endloop
  endfacet
  facet normal 1 0 0
    outer loop
      vertex -117 6 84.0272
      vertex -117 2 91.5328
      vertex -117 2 84.0272
    endloop
  endfacet
  facet normal -1 0 0
    outer loop
      vertex -104 2 84.0272
      vertex -104 6 91.5328
      vertex -104 6 84.0272
    endloop
  endfacet
  facet normal -1 -0 0
    outer loop
      vertex -104 6 91.5328
      vertex -104 2 84.0272
      vertex -104 2 91.5328
    endloop
  endfacet
  facet normal -0.500002 0 0.866024
    outer loop
      vertex -126.5 6 80.2744
      vertex -120 2 84.0272
      vertex -120 6 84.0272
    endloop
  endfacet
  facet normal -0.500002 0 0.866024
    outer loop
      vertex -120 2 84.0272
      vertex -126.5 6 80.2744
      vertex -126.5 2 80.2744
    endloop
  endfacet
  facet normal 0.500002 0 0.866024
    outer loop
      vertex -133 6 84.0272
      vertex -126.5 2 80.2744
      vertex -126.5 6 80.2744
    endloop
  endfacet
  facet normal 0.500002 0 0.866024
    outer loop
      vertex -126.5 2 80.2744
      vertex -133 6 84.0272
      vertex -133 2 84.0272
    endloop
  endfacet
  facet normal 1 -0 0
    outer loop
      vertex -133 2 91.5328
      vertex -133 6 84.0272
      vertex -133 6 91.5328
    endloop
  endfacet
  facet normal 1 0 0
    outer loop
      vertex -133 6 84.0272
      vertex -133 2 91.5328
      vertex -133 2 84.0272
    endloop
  endfacet
  facet normal -0.500002 0 -0.866024
    outer loop
      vertex -126.5 2 95.2856
      vertex -120 6 91.5328
      vertex -120 2 91.5328
    endloop
  endfacet
  facet normal -0.500002 0 -0.866024
    outer loop
      vertex -120 6 91.5328
      vertex -126.5 2 95.2856
      vertex -126.5 6 95.2856
    endloop
  endfacet
  facet normal 0.500002 0 -0.866024
    outer loop
      vertex -133 2 91.5328
      vertex -126.5 6 95.2856
      vertex -126.5 2 95.2856
    endloop
  endfacet
  facet normal 0.500002 0 -0.866024
    outer loop
      vertex -126.5 6 95.2856
      vertex -133 2 91.5328
      vertex -133 6 91.5328
    endloop
  endfacet
  facet normal -1 0 0
    outer loop
      vertex -120 2 84.0272
      vertex -120 6 91.5328
      vertex -120 6 84.0272
    endloop
  endfacet
  facet normal -1 -0 0
    outer loop
      vertex -120 6 91.5328
      vertex -120 2 84.0272
      vertex -120 2 91.5328
    endloop
  endfacet
  facet normal -0.500002 0 0.866024
    outer loop
      vertex -142.5 6 80.2744
      vertex -136 2 84.0272
      vertex -136 6 84.0272
    endloop
  endfacet
  facet normal -0.500002 0 0.866024
    outer loop
      vertex -136 2 84.0272
      vertex -142.5 6 80.2744
      vertex -142.5 2 80.2744
    endloop
  endfacet
  facet normal 0.500002 0 0.866024
    outer loop
      vertex -149 6 84.0272
      vertex -142.5 2 80.2744
      vertex -142.5 6 80.2744
    endloop
  endfacet
  facet normal 0.500002 0 0.866024
    outer loop
      vertex -142.5 2 80.2744
      vertex -149 6 84.0272
      vertex -149 2 84.0272
    endloop
  endfacet
  facet normal 1 -0 0
    outer loop
      vertex -149 2 91.5328
      vertex -149 6 84.0272
      vertex -149 6 91.5328
    endloop
  endfacet
  facet normal 1 0 0
    outer loop
      vertex -149 6 84.0272
      vertex -149 2 91.5328
      vertex -149 2 84.0272
    endloop
  endfacet
  facet normal -0.500002 0 -0.866024
    outer loop
      vertex -142.5 2 95.2856
      vertex -136 6 91.5328
      vertex -136 2 91.5328
    endloop
  endfacet
  facet normal -0.500002 0 -0.866024
    outer loop
      vertex -136 6 91.5328
      vertex -142.5 2 95.2856
      vertex -142.5 6 95.2856
    endloop
  endfacet
  facet normal 0.500002 0 -0.866024
    outer loop
      vertex -149 2 91.5328
      vertex -142.5 6 95.2856
      vertex -142.5 2 95.2856
    endloop
  endfacet
  facet normal 0.500002 0 -0.866024
    outer loop
      vertex -142.5 6 95.2856
      vertex -149 2 91.5328
      vertex -149 6 91.5328
    endloop
  endfacet
  facet normal -1 0 0
    outer loop
      vertex -136 2 84.0272
      vertex -136 6 91.5328
      vertex -136 6 84.0272
    endloop
  endfacet
  facet normal -1 -0 0
    outer loop
      vertex -136 6 91.5328
      vertex -136 2 84.0272
      vertex -136 2 91.5328
    endloop
  endfacet
  facet normal -0.500002 0 0.866024
    outer loop
      vertex -158.5 6 80.2744
      vertex -152 2 84.0272
      vertex -152 6 84.0272
    endloop
  endfacet
  facet normal -0.500002 0 0.866024
    outer loop
      vertex -152 2 84.0272
      vertex -158.5 6 80.2744
      vertex -158.5 2 80.2744
    endloop
  endfacet
  facet normal 0.500002 0 0.866024
    outer loop
      vertex -165 6 84.0272
      vertex -158.5 2 80.2744
      vertex -158.5 6 80.2744
    endloop
  endfacet
  facet normal 0.500002 0 0.866024
    outer loop
      vertex -158.5 2 80.2744
      vertex -165 6 84.0272
      vertex -165 2 84.0272
    endloop
  endfacet
  facet normal -0.500002 0 -0.866024
    outer loop
      vertex -158.5 2 95.2856
      vertex -152 6 91.5328
      vertex -152 2 91.5328
    endloop
  endfacet
  facet normal -0.500002 0 -0.866024
    outer loop
      vertex -152 6 91.5328
      vertex -158.5 2 95.2856
      vertex -158.5 6 95.2856
    endloop
  endfacet
  facet normal 0.500002 0 -0.866024
    outer loop
      vertex -165 2 91.5328
      vertex -158.5 6 95.2856
      vertex -158.5 2 95.2856
    endloop
  endfacet
  facet normal 0.500002 0 -0.866024
    outer loop
      vertex -158.5 6 95.2856
      vertex -165 2 91.5328
      vertex -165 6 91.5328
    endloop
  endfacet
  facet normal 1 -0 0
    outer loop
      vertex -165 2 91.5328
      vertex -165 6 84.0272
      vertex -165 6 91.5328
    endloop
  endfacet
  facet normal 1 0 0
    outer loop
      vertex -165 6 84.0272
      vertex -165 2 91.5328
      vertex -165 2 84.0272
    endloop
  endfacet
  facet normal -1 0 0
    outer loop
      vertex -152 2 84.0272
      vertex -152 6 91.5328
      vertex -152 6 84.0272
    endloop
  endfacet
  facet normal -1 -0 0
    outer loop
      vertex -152 6 91.5328
      vertex -152 2 84.0272
      vertex -152 2 91.5328
    endloop
  endfacet
  facet normal -0.500002 0 0.866024
    outer loop
      vertex -174.5 6 80.2744
      vertex -168 2 84.0272
      vertex -168 6 84.0272
    endloop
  endfacet
  facet normal -0.500002 0 0.866024
    outer loop
      vertex -168 2 84.0272
      vertex -174.5 6 80.2744
      vertex -174.5 2 80.2744
    endloop
  endfacet
  facet normal 0.500002 0 0.866024
    outer loop
      vertex -181 6 84.0272
      vertex -174.5 2 80.2744
      vertex -174.5 6 80.2744
    endloop
  endfacet
  facet normal 0.500002 0 0.866024
    outer loop
      vertex -174.5 2 80.2744
      vertex -181 6 84.0272
      vertex -181 2 84.0272
    endloop
  endfacet
  facet normal 1 -0 0
    outer loop
      vertex -181 2 91.5328
      vertex -181 6 84.0272
      vertex -181 6 91.5328
    endloop
  endfacet
  facet normal 1 0 0
    outer loop
      vertex -181 6 84.0272
      vertex -181 2 91.5328
      vertex -181 2 84.0272
    endloop
  endfacet
  facet normal -0.500002 0 -0.866024
    outer loop
      vertex -174.5 2 95.2856
      vertex -168 6 91.5328
      vertex -168 2 91.5328
    endloop
  endfacet
  facet normal -0.500002 0 -0.866024
    outer loop
      vertex -168 6 91.5328
      vertex -174.5 2 95.2856
      vertex -174.5 6 95.2856
    endloop
  endfacet
  facet normal 0.500002 0 -0.866024
    outer loop
      vertex -181 2 91.5328
      vertex -174.5 6 95.2856
      vertex -174.5 2 95.2856
    endloop
  endfacet
  facet normal 0.500002 0 -0.866024
    outer loop
      vertex -174.5 6 95.2856
      vertex -181 2 91.5328
      vertex -181 6 91.5328
    endloop
  endfacet
  facet normal -1 0 0
    outer loop
      vertex -168 2 84.0272
      vertex -168 6 91.5328
      vertex -168 6 84.0272
    endloop
  endfacet
  facet normal -1 -0 0
    outer loop
      vertex -168 6 91.5328
      vertex -168 2 84.0272
      vertex -168 2 91.5328
    endloop
  endfacet
  facet normal -0.500002 0 0.866024
    outer loop
      vertex -190.5 6 80.2744
      vertex -184 2 84.0272
      vertex -184 6 84.0272
    endloop
  endfacet
  facet normal -0.500002 0 0.866024
    outer loop
      vertex -184 2 84.0272
      vertex -190.5 6 80.2744
      vertex -190.5 2 80.2744
    endloop
  endfacet
  facet normal 0.500002 0 0.866024
    outer loop
      vertex -197 6 84.0272
      vertex -190.5 2 80.2744
      vertex -190.5 6 80.2744
    endloop
  endfacet
  facet normal 0.500002 0 0.866024
    outer loop
      vertex -190.5 2 80.2744
      vertex -197 6 84.0272
      vertex -197 2 84.0272
    endloop
  endfacet
  facet normal -0.500002 0 -0.866024
    outer loop
      vertex -190.5 2 95.2856
      vertex -184 6 91.5328
      vertex -184 2 91.5328
    endloop
  endfacet
  facet normal -0.500002 0 -0.866024
    outer loop
      vertex -184 6 91.5328
      vertex -190.5 2 95.2856
      vertex -190.5 6 95.2856
    endloop
  endfacet
  facet normal 0.500002 0 -0.866024
    outer loop
      vertex -197 2 91.5328
      vertex -190.5 6 95.2856
      vertex -190.5 2 95.2856
    endloop
  endfacet
  facet normal 0.500002 0 -0.866024
    outer loop
      vertex -190.5 6 95.2856
      vertex -197 2 91.5328
      vertex -197 6 91.5328
    endloop
  endfacet
  facet normal 1 -0 0
    outer loop
      vertex -197 2 91.5328
      vertex -197 6 84.0272
      vertex -197 6 91.5328
    endloop
  endfacet
  facet normal 1 0 0
    outer loop
      vertex -197 6 84.0272
      vertex -197 2 91.5328
      vertex -197 2 84.0272
    endloop
  endfacet
  facet normal -1 0 0
    outer loop
      vertex -184 2 84.0272
      vertex -184 6 91.5328
      vertex -184 6 84.0272
    endloop
  endfacet
  facet normal -1 -0 0
    outer loop
      vertex -184 6 91.5328
      vertex -184 2 84.0272
      vertex -184 2 91.5328
    endloop
  endfacet
  facet normal -0.500002 0 0.866024
    outer loop
      vertex -206.5 6 80.2744
      vertex -200 2 84.0272
      vertex -200 6 84.0272
    endloop
  endfacet
  facet normal -0.500002 0 0.866024
    outer loop
      vertex -200 2 84.0272
      vertex -206.5 6 80.2744
      vertex -206.5 2 80.2744
    endloop
  endfacet
  facet normal 0.500002 0 0.866024
    outer loop
      vertex -213 6 84.0272
      vertex -206.5 2 80.2744
      vertex -206.5 6 80.2744
    endloop
  endfacet
  facet normal 0.500002 0 0.866024
    outer loop
      vertex -206.5 2 80.2744
      vertex -213 6 84.0272
      vertex -213 2 84.0272
    endloop
  endfacet
  facet normal 1 -0 0
    outer loop
      vertex -213 2 91.5328
      vertex -213 6 84.0272
      vertex -213 6 91.5328
    endloop
  endfacet
  facet normal 1 0 0
    outer loop
      vertex -213 6 84.0272
      vertex -213 2 91.5328
      vertex -213 2 84.0272
    endloop
  endfacet
  facet normal -0.500002 0 -0.866024
    outer loop
      vertex -206.5 2 95.2856
      vertex -200 6 91.5328
      vertex -200 2 91.5328
    endloop
  endfacet
  facet normal -0.500002 0 -0.866024
    outer loop
      vertex -200 6 91.5328
      vertex -206.5 2 95.2856
      vertex -206.5 6 95.2856
    endloop
  endfacet
  facet normal 0.500002 0 -0.866024
    outer loop
      vertex -213 2 91.5328
      vertex -206.5 6 95.2856
      vertex -206.5 2 95.2856
    endloop
  endfacet
  facet normal 0.500002 0 -0.866024
    outer loop
      vertex -206.5 6 95.2856
      vertex -213 2 91.5328
      vertex -213 6 91.5328
    endloop
  endfacet
  facet normal -1 0 0
    outer loop
      vertex -200 2 84.0272
      vertex -200 6 91.5328
      vertex -200 6 84.0272
    endloop
  endfacet
  facet normal -1 -0 0
    outer loop
      vertex -200 6 91.5328
      vertex -200 2 84.0272
      vertex -200 2 91.5328
    endloop
  endfacet
  facet normal -0.500002 0 0.866024
    outer loop
      vertex -222.5 6 80.2744
      vertex -216 2 84.0272
      vertex -216 6 84.0272
    endloop
  endfacet
  facet normal -0.500002 0 0.866024
    outer loop
      vertex -216 2 84.0272
      vertex -222.5 6 80.2744
      vertex -222.5 2 80.2744
    endloop
  endfacet
  facet normal 0.500002 0 0.866024
    outer loop
      vertex -229 6 84.0272
      vertex -222.5 2 80.2744
      vertex -222.5 6 80.2744
    endloop
  endfacet
  facet normal 0.500002 0 0.866024
    outer loop
      vertex -222.5 2 80.2744
      vertex -229 6 84.0272
      vertex -229 2 84.0272
    endloop
  endfacet
  facet normal 1 -0 0
    outer loop
      vertex -229 2 91.5328
      vertex -229 6 84.0272
      vertex -229 6 91.5328
    endloop
  endfacet
  facet normal 1 0 0
    outer loop
      vertex -229 6 84.0272
      vertex -229 2 91.5328
      vertex -229 2 84.0272
    endloop
  endfacet
  facet normal -0.500002 0 -0.866024
    outer loop
      vertex -222.5 2 95.2856
      vertex -216 6 91.5328
      vertex -216 2 91.5328
    endloop
  endfacet
  facet normal -0.500002 0 -0.866024
    outer loop
      vertex -216 6 91.5328
      vertex -222.5 2 95.2856
      vertex -222.5 6 95.2856
    endloop
  endfacet
  facet normal 0.500002 0 -0.866024
    outer loop
      vertex -229 2 91.5328
      vertex -222.5 6 95.2856
      vertex -222.5 2 95.2856
    endloop
  endfacet
  facet normal 0.500002 0 -0.866024
    outer loop
      vertex -222.5 6 95.2856
      vertex -229 2 91.5328
      vertex -229 6 91.5328
    endloop
  endfacet
  facet normal -1 0 0
    outer loop
      vertex -216 2 84.0272
      vertex -216 6 91.5328
      vertex -216 6 84.0272
    endloop
  endfacet
  facet normal -1 -0 0
    outer loop
      vertex -216 6 91.5328
      vertex -216 2 84.0272
      vertex -216 2 91.5328
    endloop
  endfacet
  facet normal -0.500002 0 0.866024
    outer loop
      vertex -22.5 6 94.1304
      vertex -16 2 97.8832
      vertex -16 6 97.8832
    endloop
  endfacet
  facet normal -0.500002 0 0.866024
    outer loop
      vertex -16 2 97.8832
      vertex -22.5 6 94.1304
      vertex -22.5 2 94.1304
    endloop
  endfacet
  facet normal 0.500002 0 0.866024
    outer loop
      vertex -29 6 97.8832
      vertex -22.5 2 94.1304
      vertex -22.5 6 94.1304
    endloop
  endfacet
  facet normal 0.500002 0 0.866024
    outer loop
      vertex -22.5 2 94.1304
      vertex -29 6 97.8832
      vertex -29 2 97.8832
    endloop
  endfacet
  facet normal -0.500022 0 -0.866013
    outer loop
      vertex -22.5 2 109.142
      vertex -16 6 105.389
      vertex -16 2 105.389
    endloop
  endfacet
  facet normal -0.500022 0 -0.866013
    outer loop
      vertex -16 6 105.389
      vertex -22.5 2 109.142
      vertex -22.5 6 109.142
    endloop
  endfacet
  facet normal 0.500022 0 -0.866013
    outer loop
      vertex -29 2 105.389
      vertex -22.5 6 109.142
      vertex -22.5 2 109.142
    endloop
  endfacet
  facet normal 0.500022 0 -0.866013
    outer loop
      vertex -22.5 6 109.142
      vertex -29 2 105.389
      vertex -29 6 105.389
    endloop
  endfacet
  facet normal 1 -0 0
    outer loop
      vertex -29 2 105.389
      vertex -29 6 97.8832
      vertex -29 6 105.389
    endloop
  endfacet
  facet normal 1 0 0
    outer loop
      vertex -29 6 97.8832
      vertex -29 2 105.389
      vertex -29 2 97.8832
    endloop
  endfacet
  facet normal -1 0 0
    outer loop
      vertex -16 2 97.8832
      vertex -16 6 105.389
      vertex -16 6 97.8832
    endloop
  endfacet
  facet normal -1 -0 0
    outer loop
      vertex -16 6 105.389
      vertex -16 2 97.8832
      vertex -16 2 105.389
    endloop
  endfacet
  facet normal -0.500002 0 0.866024
    outer loop
      vertex -38.5 6 94.1304
      vertex -32 2 97.8832
      vertex -32 6 97.8832
    endloop
  endfacet
  facet normal -0.500002 0 0.866024
    outer loop
      vertex -32 2 97.8832
      vertex -38.5 6 94.1304
      vertex -38.5 2 94.1304
    endloop
  endfacet
  facet normal 0.500002 0 0.866024
    outer loop
      vertex -45 6 97.8832
      vertex -38.5 2 94.1304
      vertex -38.5 6 94.1304
    endloop
  endfacet
  facet normal 0.500002 0 0.866024
    outer loop
      vertex -38.5 2 94.1304
      vertex -45 6 97.8832
      vertex -45 2 97.8832
    endloop
  endfacet
  facet normal -0.500022 0 -0.866013
    outer loop
      vertex -38.5 2 109.142
      vertex -32 6 105.389
      vertex -32 2 105.389
    endloop
  endfacet
  facet normal -0.500022 0 -0.866013
    outer loop
      vertex -32 6 105.389
      vertex -38.5 2 109.142
      vertex -38.5 6 109.142
    endloop
  endfacet
  facet normal 0.500022 0 -0.866013
    outer loop
      vertex -45 2 105.389
      vertex -38.5 6 109.142
      vertex -38.5 2 109.142
    endloop
  endfacet
  facet normal 0.500022 0 -0.866013
    outer loop
      vertex -38.5 6 109.142
      vertex -45 2 105.389
      vertex -45 6 105.389
    endloop
  endfacet
  facet normal 1 -0 0
    outer loop
      vertex -45 2 105.389
      vertex -45 6 97.8832
      vertex -45 6 105.389
    endloop
  endfacet
  facet normal 1 0 0
    outer loop
      vertex -45 6 97.8832
      vertex -45 2 105.389
      vertex -45 2 97.8832
    endloop
  endfacet
  facet normal -1 0 0
    outer loop
      vertex -32 2 97.8832
      vertex -32 6 105.389
      vertex -32 6 97.8832
    endloop
  endfacet
  facet normal -1 -0 0
    outer loop
      vertex -32 6 105.389
      vertex -32 2 97.8832
      vertex -32 2 105.389
    endloop
  endfacet
  facet normal -0.500002 0 0.866024
    outer loop
      vertex -54.5 6 94.1304
      vertex -48 2 97.8832
      vertex -48 6 97.8832
    endloop
  endfacet
  facet normal -0.500002 0 0.866024
    outer loop
      vertex -48 2 97.8832
      vertex -54.5 6 94.1304
      vertex -54.5 2 94.1304
    endloop
  endfacet
  facet normal 0.500002 0 0.866024
    outer loop
      vertex -61 6 97.8832
      vertex -54.5 2 94.1304
      vertex -54.5 6 94.1304
    endloop
  endfacet
  facet normal 0.500002 0 0.866024
    outer loop
      vertex -54.5 2 94.1304
      vertex -61 6 97.8832
      vertex -61 2 97.8832
    endloop
  endfacet
  facet normal -0.500022 0 -0.866013
    outer loop
      vertex -54.5 2 109.142
      vertex -48 6 105.389
      vertex -48 2 105.389
    endloop
  endfacet
  facet normal -0.500022 0 -0.866013
    outer loop
      vertex -48 6 105.389
      vertex -54.5 2 109.142
      vertex -54.5 6 109.142
    endloop
  endfacet
  facet normal 0.500022 0 -0.866013
    outer loop
      vertex -61 2 105.389
      vertex -54.5 6 109.142
      vertex -54.5 2 109.142
    endloop
  endfacet
  facet normal 0.500022 0 -0.866013
    outer loop
      vertex -54.5 6 109.142
      vertex -61 2 105.389
      vertex -61 6 105.389
    endloop
  endfacet
  facet normal 1 -0 0
    outer loop
      vertex -61 2 105.389
      vertex -61 6 97.8832
      vertex -61 6 105.389
    endloop
  endfacet
  facet normal 1 0 0
    outer loop
      vertex -61 6 97.8832
      vertex -61 2 105.389
      vertex -61 2 97.8832
    endloop
  endfacet
  facet normal -1 0 0
    outer loop
      vertex -48 2 97.8832
      vertex -48 6 105.389
      vertex -48 6 97.8832
    endloop
  endfacet
  facet normal -1 -0 0
    outer loop
      vertex -48 6 105.389
      vertex -48 2 97.8832
      vertex -48 2 105.389
    endloop
  endfacet
  facet normal -0.500002 0 0.866024
    outer loop
      vertex -70.5 6 94.1304
      vertex -64 2 97.8832
      vertex -64 6 97.8832
    endloop
  endfacet
  facet normal -0.500002 0 0.866024
    outer loop
      vertex -64 2 97.8832
      vertex -70.5 6 94.1304
      vertex -70.5 2 94.1304
    endloop
  endfacet
  facet normal 0.500002 0 0.866024
    outer loop
      vertex -77 6 97.8832
      vertex -70.5 2 94.1304
      vertex -70.5 6 94.1304
    endloop
  endfacet
  facet normal 0.500002 0 0.866024
    outer loop
      vertex -70.5 2 94.1304
      vertex -77 6 97.8832
      vertex -77 2 97.8832
    endloop
  endfacet
  facet normal 1 -0 0
    outer loop
      vertex -77 2 105.389
      vertex -77 6 97.8832
      vertex -77 6 105.389
    endloop
  endfacet
  facet normal 1 0 0
    outer loop
      vertex -77 6 97.8832
      vertex -77 2 105.389
      vertex -77 2 97.8832
    endloop
  endfacet
  facet normal -0.500022 0 -0.866013
    outer loop
      vertex -70.5 2 109.142
      vertex -64 6 105.389
      vertex -64 2 105.389
    endloop
  endfacet
  facet normal -0.500022 0 -0.866013
    outer loop
      vertex -64 6 105.389
      vertex -70.5 2 109.142
      vertex -70.5 6 109.142
    endloop
  endfacet
  facet normal 0.500022 0 -0.866013
    outer loop
      vertex -77 2 105.389
      vertex -70.5 6 109.142
      vertex -70.5 2 109.142
    endloop
  endfacet
  facet normal 0.500022 0 -0.866013
    outer loop
      vertex -70.5 6 109.142
      vertex -77 2 105.389
      vertex -77 6 105.389
    endloop
  endfacet
  facet normal -1 0 0
    outer loop
      vertex -64 2 97.8832
      vertex -64 6 105.389
      vertex -64 6 97.8832
    endloop
  endfacet
  facet normal -1 -0 0
    outer loop
      vertex -64 6 105.389
      vertex -64 2 97.8832
      vertex -64 2 105.389
    endloop
  endfacet
  facet normal -0.500002 0 0.866024
    outer loop
      vertex -86.5 6 94.1304
      vertex -80 2 97.8832
      vertex -80 6 97.8832
    endloop
  endfacet
  facet normal -0.500002 0 0.866024
    outer loop
      vertex -80 2 97.8832
      vertex -86.5 6 94.1304
      vertex -86.5 2 94.1304
    endloop
  endfacet
  facet normal 0.500002 0 0.866024
    outer loop
      vertex -93 6 97.8832
      vertex -86.5 2 94.1304
      vertex -86.5 6 94.1304
    endloop
  endfacet
  facet normal 0.500002 0 0.866024
    outer loop
      vertex -86.5 2 94.1304
      vertex -93 6 97.8832
      vertex -93 2 97.8832
    endloop
  endfacet
  facet normal -0.500022 0 -0.866013
    outer loop
      vertex -86.5 2 109.142
      vertex -80 6 105.389
      vertex -80 2 105.389
    endloop
  endfacet
  facet normal -0.500022 0 -0.866013
    outer loop
      vertex -80 6 105.389
      vertex -86.5 2 109.142
      vertex -86.5 6 109.142
    endloop
  endfacet
  facet normal 0.500022 0 -0.866013
    outer loop
      vertex -93 2 105.389
      vertex -86.5 6 109.142
      vertex -86.5 2 109.142
    endloop
  endfacet
  facet normal 0.500022 0 -0.866013
    outer loop
      vertex -86.5 6 109.142
      vertex -93 2 105.389
      vertex -93 6 105.389
    endloop
  endfacet
  facet normal 1 -0 0
    outer loop
      vertex -93 2 105.389
      vertex -93 6 97.8832
      vertex -93 6 105.389
    endloop
  endfacet
  facet normal 1 0 0
    outer loop
      vertex -93 6 97.8832
      vertex -93 2 105.389
      vertex -93 2 97.8832
    endloop
  endfacet
  facet normal -1 0 0
    outer loop
      vertex -80 2 97.8832
      vertex -80 6 105.389
      vertex -80 6 97.8832
    endloop
  endfacet
  facet normal -1 -0 0
    outer loop
      vertex -80 6 105.389
      vertex -80 2 97.8832
      vertex -80 2 105.389
    endloop
  endfacet
  facet normal -0.500002 0 0.866024
    outer loop
      vertex -102.5 6 94.1304
      vertex -96 2 97.8832
      vertex -96 6 97.8832
    endloop
  endfacet
  facet normal -0.500002 0 0.866024
    outer loop
      vertex -96 2 97.8832
      vertex -102.5 6 94.1304
      vertex -102.5 2 94.1304
    endloop
  endfacet
  facet normal 0.500002 0 0.866024
    outer loop
      vertex -109 6 97.8832
      vertex -102.5 2 94.1304
      vertex -102.5 6 94.1304
    endloop
  endfacet
  facet normal 0.500002 0 0.866024
    outer loop
      vertex -102.5 2 94.1304
      vertex -109 6 97.8832
      vertex -109 2 97.8832
    endloop
  endfacet
  facet normal 1 -0 0
    outer loop
      vertex -109 2 105.389
      vertex -109 6 97.8832
      vertex -109 6 105.389
    endloop
  endfacet
  facet normal 1 0 0
    outer loop
      vertex -109 6 97.8832
      vertex -109 2 105.389
      vertex -109 2 97.8832
    endloop
  endfacet
  facet normal -0.500022 0 -0.866013
    outer loop
      vertex -102.5 2 109.142
      vertex -96 6 105.389
      vertex -96 2 105.389
    endloop
  endfacet
  facet normal -0.500022 0 -0.866013
    outer loop
      vertex -96 6 105.389
      vertex -102.5 2 109.142
      vertex -102.5 6 109.142
    endloop
  endfacet
  facet normal 0.500022 0 -0.866013
    outer loop
      vertex -109 2 105.389
      vertex -102.5 6 109.142
      vertex -102.5 2 109.142
    endloop
  endfacet
  facet normal 0.500022 0 -0.866013
    outer loop
      vertex -102.5 6 109.142
      vertex -109 2 105.389
      vertex -109 6 105.389
    endloop
  endfacet
  facet normal -1 0 0
    outer loop
      vertex -96 2 97.8832
      vertex -96 6 105.389
      vertex -96 6 97.8832
    endloop
  endfacet
  facet normal -1 -0 0
    outer loop
      vertex -96 6 105.389
      vertex -96 2 97.8832
      vertex -96 2 105.389
    endloop
  endfacet
  facet normal -0.500002 0 0.866024
    outer loop
      vertex -118.5 6 94.1304
      vertex -112 2 97.8832
      vertex -112 6 97.8832
    endloop
  endfacet
  facet normal -0.500002 0 0.866024
    outer loop
      vertex -112 2 97.8832
      vertex -118.5 6 94.1304
      vertex -118.5 2 94.1304
    endloop
  endfacet
  facet normal 0.500002 0 0.866024
    outer loop
      vertex -125 6 97.8832
      vertex -118.5 2 94.1304
      vertex -118.5 6 94.1304
    endloop
  endfacet
  facet normal 0.500002 0 0.866024
    outer loop
      vertex -118.5 2 94.1304
      vertex -125 6 97.8832
      vertex -125 2 97.8832
    endloop
  endfacet
  facet normal 1 -0 0
    outer loop
      vertex -125 2 105.389
      vertex -125 6 97.8832
      vertex -125 6 105.389
    endloop
  endfacet
  facet normal 1 0 0
    outer loop
      vertex -125 6 97.8832
      vertex -125 2 105.389
      vertex -125 2 97.8832
    endloop
  endfacet
  facet normal -0.500022 0 -0.866013
    outer loop
      vertex -118.5 2 109.142
      vertex -112 6 105.389
      vertex -112 2 105.389
    endloop
  endfacet
  facet normal -0.500022 0 -0.866013
    outer loop
      vertex -112 6 105.389
      vertex -118.5 2 109.142
      vertex -118.5 6 109.142
    endloop
  endfacet
  facet normal 0.500022 0 -0.866013
    outer loop
      vertex -125 2 105.389
      vertex -118.5 6 109.142
      vertex -118.5 2 109.142
    endloop
  endfacet
  facet normal 0.500022 0 -0.866013
    outer loop
      vertex -118.5 6 109.142
      vertex -125 2 105.389
      vertex -125 6 105.389
    endloop
  endfacet
  facet normal -1 0 0
    outer loop
      vertex -112 2 97.8832
      vertex -112 6 105.389
      vertex -112 6 97.8832
    endloop
  endfacet
  facet normal -1 -0 0
    outer loop
      vertex -112 6 105.389
      vertex -112 2 97.8832
      vertex -112 2 105.389
    endloop
  endfacet
  facet normal -0.500002 0 0.866024
    outer loop
      vertex -134.5 6 94.1304
      vertex -128 2 97.8832
      vertex -128 6 97.8832
    endloop
  endfacet
  facet normal -0.500002 0 0.866024
    outer loop
      vertex -128 2 97.8832
      vertex -134.5 6 94.1304
      vertex -134.5 2 94.1304
    endloop
  endfacet
  facet normal 0.500002 0 0.866024
    outer loop
      vertex -141 6 97.8832
      vertex -134.5 2 94.1304
      vertex -134.5 6 94.1304
    endloop
  endfacet
  facet normal 0.500002 0 0.866024
    outer loop
      vertex -134.5 2 94.1304
      vertex -141 6 97.8832
      vertex -141 2 97.8832
    endloop
  endfacet
  facet normal 1 -0 0
    outer loop
      vertex -141 2 105.389
      vertex -141 6 97.8832
      vertex -141 6 105.389
    endloop
  endfacet
  facet normal 1 0 0
    outer loop
      vertex -141 6 97.8832
      vertex -141 2 105.389
      vertex -141 2 97.8832
    endloop
  endfacet
  facet normal -0.500022 0 -0.866013
    outer loop
      vertex -134.5 2 109.142
      vertex -128 6 105.389
      vertex -128 2 105.389
    endloop
  endfacet
  facet normal -0.500022 0 -0.866013
    outer loop
      vertex -128 6 105.389
      vertex -134.5 2 109.142
      vertex -134.5 6 109.142
    endloop
  endfacet
  facet normal 0.500022 0 -0.866013
    outer loop
      vertex -141 2 105.389
      vertex -134.5 6 109.142
      vertex -134.5 2 109.142
    endloop
  endfacet
  facet normal 0.500022 0 -0.866013
    outer loop
      vertex -134.5 6 109.142
      vertex -141 2 105.389
      vertex -141 6 105.389
    endloop
  endfacet
  facet normal -1 0 0
    outer loop
      vertex -128 2 97.8832
      vertex -128 6 105.389
      vertex -128 6 97.8832
    endloop
  endfacet
  facet normal -1 -0 0
    outer loop
      vertex -128 6 105.389
      vertex -128 2 97.8832
      vertex -128 2 105.389
    endloop
  endfacet
  facet normal -0.500002 0 0.866024
    outer loop
      vertex -150.5 6 94.1304
      vertex -144 2 97.8832
      vertex -144 6 97.8832
    endloop
  endfacet
  facet normal -0.500002 0 0.866024
    outer loop
      vertex -144 2 97.8832
      vertex -150.5 6 94.1304
      vertex -150.5 2 94.1304
    endloop
  endfacet
  facet normal 0.500002 0 0.866024
    outer loop
      vertex -157 6 97.8832
      vertex -150.5 2 94.1304
      vertex -150.5 6 94.1304
    endloop
  endfacet
  facet normal 0.500002 0 0.866024
    outer loop
      vertex -150.5 2 94.1304
      vertex -157 6 97.8832
      vertex -157 2 97.8832
    endloop
  endfacet
  facet normal 1 -0 0
    outer loop
      vertex -157 2 105.389
      vertex -157 6 97.8832
      vertex -157 6 105.389
    endloop
  endfacet
  facet normal 1 0 0
    outer loop
      vertex -157 6 97.8832
      vertex -157 2 105.389
      vertex -157 2 97.8832
    endloop
  endfacet
  facet normal -0.500022 0 -0.866013
    outer loop
      vertex -150.5 2 109.142
      vertex -144 6 105.389
      vertex -144 2 105.389
    endloop
  endfacet
  facet normal -0.500022 0 -0.866013
    outer loop
      vertex -144 6 105.389
      vertex -150.5 2 109.142
      vertex -150.5 6 109.142
    endloop
  endfacet
  facet normal 0.500022 0 -0.866013
    outer loop
      vertex -157 2 105.389
      vertex -150.5 6 109.142
      vertex -150.5 2 109.142
    endloop
  endfacet
  facet normal 0.500022 0 -0.866013
    outer loop
      vertex -150.5 6 109.142
      vertex -157 2 105.389
      vertex -157 6 105.389
    endloop
  endfacet
  facet normal -1 0 0
    outer loop
      vertex -144 2 97.8832
      vertex -144 6 105.389
      vertex -144 6 97.8832
    endloop
  endfacet
  facet normal -1 -0 0
    outer loop
      vertex -144 6 105.389
      vertex -144 2 97.8832
      vertex -144 2 105.389
    endloop
  endfacet
  facet normal -0.500002 0 0.866024
    outer loop
      vertex -166.5 6 94.1304
      vertex -160 2 97.8832
      vertex -160 6 97.8832
    endloop
  endfacet
  facet normal -0.500002 0 0.866024
    outer loop
      vertex -160 2 97.8832
      vertex -166.5 6 94.1304
      vertex -166.5 2 94.1304
    endloop
  endfacet
  facet normal 0.500002 0 0.866024
    outer loop
      vertex -173 6 97.8832
      vertex -166.5 2 94.1304
      vertex -166.5 6 94.1304
    endloop
  endfacet
  facet normal 0.500002 0 0.866024
    outer loop
      vertex -166.5 2 94.1304
      vertex -173 6 97.8832
      vertex -173 2 97.8832
    endloop
  endfacet
  facet normal -0.500022 0 -0.866013
    outer loop
      vertex -166.5 2 109.142
      vertex -160 6 105.389
      vertex -160 2 105.389
    endloop
  endfacet
  facet normal -0.500022 0 -0.866013
    outer loop
      vertex -160 6 105.389
      vertex -166.5 2 109.142
      vertex -166.5 6 109.142
    endloop
  endfacet
  facet normal 0.500022 0 -0.866013
    outer loop
      vertex -173 2 105.389
      vertex -166.5 6 109.142
      vertex -166.5 2 109.142
    endloop
  endfacet
  facet normal 0.500022 0 -0.866013
    outer loop
      vertex -166.5 6 109.142
      vertex -173 2 105.389
      vertex -173 6 105.389
    endloop
  endfacet
  facet normal 1 -0 0
    outer loop
      vertex -173 2 105.389
      vertex -173 6 97.8832
      vertex -173 6 105.389
    endloop
  endfacet
  facet normal 1 0 0
    outer loop
      vertex -173 6 97.8832
      vertex -173 2 105.389
      vertex -173 2 97.8832
    endloop
  endfacet
  facet normal -1 0 0
    outer loop
      vertex -160 2 97.8832
      vertex -160 6 105.389
      vertex -160 6 97.8832
    endloop
  endfacet
  facet normal -1 -0 0
    outer loop
      vertex -160 6 105.389
      vertex -160 2 97.8832
      vertex -160 2 105.389
    endloop
  endfacet
  facet normal -0.500002 0 0.866024
    outer loop
      vertex -182.5 6 94.1304
      vertex -176 2 97.8832
      vertex -176 6 97.8832
    endloop
  endfacet
  facet normal -0.500002 0 0.866024
    outer loop
      vertex -176 2 97.8832
      vertex -182.5 6 94.1304
      vertex -182.5 2 94.1304
    endloop
  endfacet
  facet normal 0.500002 0 0.866024
    outer loop
      vertex -189 6 97.8832
      vertex -182.5 2 94.1304
      vertex -182.5 6 94.1304
    endloop
  endfacet
  facet normal 0.500002 0 0.866024
    outer loop
      vertex -182.5 2 94.1304
      vertex -189 6 97.8832
      vertex -189 2 97.8832
    endloop
  endfacet
  facet normal -0.500022 0 -0.866013
    outer loop
      vertex -182.5 2 109.142
      vertex -176 6 105.389
      vertex -176 2 105.389
    endloop
  endfacet
  facet normal -0.500022 0 -0.866013
    outer loop
      vertex -176 6 105.389
      vertex -182.5 2 109.142
      vertex -182.5 6 109.142
    endloop
  endfacet
  facet normal 0.500022 0 -0.866013
    outer loop
      vertex -189 2 105.389
      vertex -182.5 6 109.142
      vertex -182.5 2 109.142
    endloop
  endfacet
  facet normal 0.500022 0 -0.866013
    outer loop
      vertex -182.5 6 109.142
      vertex -189 2 105.389
      vertex -189 6 105.389
    endloop
  endfacet
  facet normal 1 -0 0
    outer loop
      vertex -189 2 105.389
      vertex -189 6 97.8832
      vertex -189 6 105.389
    endloop
  endfacet
  facet normal 1 0 0
    outer loop
      vertex -189 6 97.8832
      vertex -189 2 105.389
      vertex -189 2 97.8832
    endloop
  endfacet
  facet normal -1 0 0
    outer loop
      vertex -176 2 97.8832
      vertex -176 6 105.389
      vertex -176 6 97.8832
    endloop
  endfacet
  facet normal -1 -0 0
    outer loop
      vertex -176 6 105.389
      vertex -176 2 97.8832
      vertex -176 2 105.389
    endloop
  endfacet
  facet normal -0.500002 0 0.866024
    outer loop
      vertex -198.5 6 94.1304
      vertex -192 2 97.8832
      vertex -192 6 97.8832
    endloop
  endfacet
  facet normal -0.500002 0 0.866024
    outer loop
      vertex -192 2 97.8832
      vertex -198.5 6 94.1304
      vertex -198.5 2 94.1304
    endloop
  endfacet
  facet normal 0.500002 0 0.866024
    outer loop
      vertex -205 6 97.8832
      vertex -198.5 2 94.1304
      vertex -198.5 6 94.1304
    endloop
  endfacet
  facet normal 0.500002 0 0.866024
    outer loop
      vertex -198.5 2 94.1304
      vertex -205 6 97.8832
      vertex -205 2 97.8832
    endloop
  endfacet
  facet normal 1 -0 0
    outer loop
      vertex -205 2 105.389
      vertex -205 6 97.8832
      vertex -205 6 105.389
    endloop
  endfacet
  facet normal 1 0 0
    outer loop
      vertex -205 6 97.8832
      vertex -205 2 105.389
      vertex -205 2 97.8832
    endloop
  endfacet
  facet normal -0.500022 0 -0.866013
    outer loop
      vertex -198.5 2 109.142
      vertex -192 6 105.389
      vertex -192 2 105.389
    endloop
  endfacet
  facet normal -0.500022 0 -0.866013
    outer loop
      vertex -192 6 105.389
      vertex -198.5 2 109.142
      vertex -198.5 6 109.142
    endloop
  endfacet
  facet normal 0.500022 0 -0.866013
    outer loop
      vertex -205 2 105.389
      vertex -198.5 6 109.142
      vertex -198.5 2 109.142
    endloop
  endfacet
  facet normal 0.500022 0 -0.866013
    outer loop
      vertex -198.5 6 109.142
      vertex -205 2 105.389
      vertex -205 6 105.389
    endloop
  endfacet
  facet normal -1 0 0
    outer loop
      vertex -192 2 97.8832
      vertex -192 6 105.389
      vertex -192 6 97.8832
    endloop
  endfacet
  facet normal -1 -0 0
    outer loop
      vertex -192 6 105.389
      vertex -192 2 97.8832
      vertex -192 2 105.389
    endloop
  endfacet
  facet normal -0.500002 0 0.866024
    outer loop
      vertex -214.5 6 94.1304
      vertex -208 2 97.8832
      vertex -208 6 97.8832
    endloop
  endfacet
  facet normal -0.500002 0 0.866024
    outer loop
      vertex -208 2 97.8832
      vertex -214.5 6 94.1304
      vertex -214.5 2 94.1304
    endloop
  endfacet
  facet normal 0.500002 0 0.866024
    outer loop
      vertex -221 6 97.8832
      vertex -214.5 2 94.1304
      vertex -214.5 6 94.1304
    endloop
  endfacet
  facet normal 0.500002 0 0.866024
    outer loop
      vertex -214.5 2 94.1304
      vertex -221 6 97.8832
      vertex -221 2 97.8832
    endloop
  endfacet
  facet normal -0.500022 0 -0.866013
    outer loop
      vertex -214.5 2 109.142
      vertex -208 6 105.389
      vertex -208 2 105.389
    endloop
  endfacet
  facet normal -0.500022 0 -0.866013
    outer loop
      vertex -208 6 105.389
      vertex -214.5 2 109.142
      vertex -214.5 6 109.142
    endloop
  endfacet
  facet normal 0.500022 0 -0.866013
    outer loop
      vertex -221 2 105.389
      vertex -214.5 6 109.142
      vertex -214.5 2 109.142
    endloop
  endfacet
  facet normal 0.500022 0 -0.866013
    outer loop
      vertex -214.5 6 109.142
      vertex -221 2 105.389
      vertex -221 6 105.389
    endloop
  endfacet
  facet normal 1 -0 0
    outer loop
      vertex -221 2 105.389
      vertex -221 6 97.8832
      vertex -221 6 105.389
    endloop
  endfacet
  facet normal 1 0 0
    outer loop
      vertex -221 6 97.8832
      vertex -221 2 105.389
      vertex -221 2 97.8832
    endloop
  endfacet
  facet normal -1 0 0
    outer loop
      vertex -208 2 97.8832
      vertex -208 6 105.389
      vertex -208 6 97.8832
    endloop
  endfacet
  facet normal -1 -0 0
    outer loop
      vertex -208 6 105.389
      vertex -208 2 97.8832
      vertex -208 2 105.389
    endloop
  endfacet
  facet normal -0.500022 0 0.866013
    outer loop
      vertex -62.5 6 107.986
      vertex -56 2 111.739
      vertex -56 6 111.739
    endloop
  endfacet
  facet normal -0.500022 0 0.866013
    outer loop
      vertex -56 2 111.739
      vertex -62.5 6 107.986
      vertex -62.5 2 107.986
    endloop
  endfacet
  facet normal 0.500022 0 0.866013
    outer loop
      vertex -69 6 111.739
      vertex -62.5 2 107.986
      vertex -62.5 6 107.986
    endloop
  endfacet
  facet normal 0.500022 0 0.866013
    outer loop
      vertex -62.5 2 107.986
      vertex -69 6 111.739
      vertex -69 2 111.739
    endloop
  endfacet
  facet normal -1 0 0
    outer loop
      vertex -56 2 111.739
      vertex -56 6 119.245
      vertex -56 6 111.739
    endloop
  endfacet
  facet normal -1 -0 0
    outer loop
      vertex -56 6 119.245
      vertex -56 2 111.739
      vertex -56 2 119.245
    endloop
  endfacet
  facet normal 0.500022 0 -0.866013
    outer loop
      vertex -69 2 119.245
      vertex -62.5 6 122.998
      vertex -62.5 2 122.998
    endloop
  endfacet
  facet normal 0.500022 0 -0.866013
    outer loop
      vertex -62.5 6 122.998
      vertex -69 2 119.245
      vertex -69 6 119.245
    endloop
  endfacet
  facet normal 1 -0 0
    outer loop
      vertex -69 2 119.245
      vertex -69 6 111.739
      vertex -69 6 119.245
    endloop
  endfacet
  facet normal 1 0 0
    outer loop
      vertex -69 6 111.739
      vertex -69 2 119.245
      vertex -69 2 111.739
    endloop
  endfacet
  facet normal -0.500022 0 -0.866013
    outer loop
      vertex -62.5 2 122.998
      vertex -56 6 119.245
      vertex -56 2 119.245
    endloop
  endfacet
  facet normal -0.500022 0 -0.866013
    outer loop
      vertex -56 6 119.245
      vertex -62.5 2 122.998
      vertex -62.5 6 122.998
    endloop
  endfacet
  facet normal -0.500022 0 0.866013
    outer loop
      vertex -78.5 6 107.986
      vertex -72 2 111.739
      vertex -72 6 111.739
    endloop
  endfacet
  facet normal -0.500022 0 0.866013
    outer loop
      vertex -72 2 111.739
      vertex -78.5 6 107.986
      vertex -78.5 2 107.986
    endloop
  endfacet
  facet normal 0.500022 0 0.866013
    outer loop
      vertex -85 6 111.739
      vertex -78.5 2 107.986
      vertex -78.5 6 107.986
    endloop
  endfacet
  facet normal 0.500022 0 0.866013
    outer loop
      vertex -78.5 2 107.986
      vertex -85 6 111.739
      vertex -85 2 111.739
    endloop
  endfacet
  facet normal -1 0 0
    outer loop
      vertex -72 2 111.739
      vertex -72 6 119.245
      vertex -72 6 111.739
    endloop
  endfacet
  facet normal -1 -0 0
    outer loop
      vertex -72 6 119.245
      vertex -72 2 111.739
      vertex -72 2 119.245
    endloop
  endfacet
  facet normal 0.500022 0 -0.866013
    outer loop
      vertex -85 2 119.245
      vertex -78.5 6 122.998
      vertex -78.5 2 122.998
    endloop
  endfacet
  facet normal 0.500022 0 -0.866013
    outer loop
      vertex -78.5 6 122.998
      vertex -85 2 119.245
      vertex -85 6 119.245
    endloop
  endfacet
  facet normal 1 -0 0
    outer loop
      vertex -85 2 119.245
      vertex -85 6 111.739
      vertex -85 6 119.245
    endloop
  endfacet
  facet normal 1 0 0
    outer loop
      vertex -85 6 111.739
      vertex -85 2 119.245
      vertex -85 2 111.739
    endloop
  endfacet
  facet normal -0.500022 0 -0.866013
    outer loop
      vertex -78.5 2 122.998
      vertex -72 6 119.245
      vertex -72 2 119.245
    endloop
  endfacet
  facet normal -0.500022 0 -0.866013
    outer loop
      vertex -72 6 119.245
      vertex -78.5 2 122.998
      vertex -78.5 6 122.998
    endloop
  endfacet
  facet normal -0.500022 0 0.866013
    outer loop
      vertex -94.5 6 107.986
      vertex -88 2 111.739
      vertex -88 6 111.739
    endloop
  endfacet
  facet normal -0.500022 0 0.866013
    outer loop
      vertex -88 2 111.739
      vertex -94.5 6 107.986
      vertex -94.5 2 107.986
    endloop
  endfacet
  facet normal 0.500022 0 0.866013
    outer loop
      vertex -101 6 111.739
      vertex -94.5 2 107.986
      vertex -94.5 6 107.986
    endloop
  endfacet
  facet normal 0.500022 0 0.866013
    outer loop
      vertex -94.5 2 107.986
      vertex -101 6 111.739
      vertex -101 2 111.739
    endloop
  endfacet
  facet normal -1 0 0
    outer loop
      vertex -88 2 111.739
      vertex -88 6 119.245
      vertex -88 6 111.739
    endloop
  endfacet
  facet normal -1 -0 0
    outer loop
      vertex -88 6 119.245
      vertex -88 2 111.739
      vertex -88 2 119.245
    endloop
  endfacet
  facet normal 0.500022 0 -0.866013
    outer loop
      vertex -101 2 119.245
      vertex -94.5 6 122.998
      vertex -94.5 2 122.998
    endloop
  endfacet
  facet normal 0.500022 0 -0.866013
    outer loop
      vertex -94.5 6 122.998
      vertex -101 2 119.245
      vertex -101 6 119.245
    endloop
  endfacet
  facet normal 1 -0 0
    outer loop
      vertex -101 2 119.245
      vertex -101 6 111.739
      vertex -101 6 119.245
    endloop
  endfacet
  facet normal 1 0 0
    outer loop
      vertex -101 6 111.739
      vertex -101 2 119.245
      vertex -101 2 111.739
    endloop
  endfacet
  facet normal -0.500022 0 -0.866013
    outer loop
      vertex -94.5 2 122.998
      vertex -88 6 119.245
      vertex -88 2 119.245
    endloop
  endfacet
  facet normal -0.500022 0 -0.866013
    outer loop
      vertex -88 6 119.245
      vertex -94.5 2 122.998
      vertex -94.5 6 122.998
    endloop
  endfacet
  facet normal -0.500022 0 0.866013
    outer loop
      vertex -110.5 6 107.986
      vertex -104 2 111.739
      vertex -104 6 111.739
    endloop
  endfacet
  facet normal -0.500022 0 0.866013
    outer loop
      vertex -104 2 111.739
      vertex -110.5 6 107.986
      vertex -110.5 2 107.986
    endloop
  endfacet
  facet normal 0.500022 0 0.866013
    outer loop
      vertex -117 6 111.739
      vertex -110.5 2 107.986
      vertex -110.5 6 107.986
    endloop
  endfacet
  facet normal 0.500022 0 0.866013
    outer loop
      vertex -110.5 2 107.986
      vertex -117 6 111.739
      vertex -117 2 111.739
    endloop
  endfacet
  facet normal -1 0 0
    outer loop
      vertex -104 2 111.739
      vertex -104 6 119.245
      vertex -104 6 111.739
    endloop
  endfacet
  facet normal -1 -0 0
    outer loop
      vertex -104 6 119.245
      vertex -104 2 111.739
      vertex -104 2 119.245
    endloop
  endfacet
  facet normal 0.500022 0 -0.866013
    outer loop
      vertex -117 2 119.245
      vertex -110.5 6 122.998
      vertex -110.5 2 122.998
    endloop
  endfacet
  facet normal 0.500022 0 -0.866013
    outer loop
      vertex -110.5 6 122.998
      vertex -117 2 119.245
      vertex -117 6 119.245
    endloop
  endfacet
  facet normal 1 -0 0
    outer loop
      vertex -117 2 119.245
      vertex -117 6 111.739
      vertex -117 6 119.245
    endloop
  endfacet
  facet normal 1 0 0
    outer loop
      vertex -117 6 111.739
      vertex -117 2 119.245
      vertex -117 2 111.739
    endloop
  endfacet
  facet normal -0.500022 0 -0.866013
    outer loop
      vertex -110.5 2 122.998
      vertex -104 6 119.245
      vertex -104 2 119.245
    endloop
  endfacet
  facet normal -0.500022 0 -0.866013
    outer loop
      vertex -104 6 119.245
      vertex -110.5 2 122.998
      vertex -110.5 6 122.998
    endloop
  endfacet
  facet normal -0.500022 0 0.866013
    outer loop
      vertex -126.5 6 107.986
      vertex -120 2 111.739
      vertex -120 6 111.739
    endloop
  endfacet
  facet normal -0.500022 0 0.866013
    outer loop
      vertex -120 2 111.739
      vertex -126.5 6 107.986
      vertex -126.5 2 107.986
    endloop
  endfacet
  facet normal 0.500022 0 0.866013
    outer loop
      vertex -133 6 111.739
      vertex -126.5 2 107.986
      vertex -126.5 6 107.986
    endloop
  endfacet
  facet normal 0.500022 0 0.866013
    outer loop
      vertex -126.5 2 107.986
      vertex -133 6 111.739
      vertex -133 2 111.739
    endloop
  endfacet
  facet normal -1 0 0
    outer loop
      vertex -120 2 111.739
      vertex -120 6 119.245
      vertex -120 6 111.739
    endloop
  endfacet
  facet normal -1 -0 0
    outer loop
      vertex -120 6 119.245
      vertex -120 2 111.739
      vertex -120 2 119.245
    endloop
  endfacet
  facet normal 0.500022 0 -0.866013
    outer loop
      vertex -133 2 119.245
      vertex -126.5 6 122.998
      vertex -126.5 2 122.998
    endloop
  endfacet
  facet normal 0.500022 0 -0.866013
    outer loop
      vertex -126.5 6 122.998
      vertex -133 2 119.245
      vertex -133 6 119.245
    endloop
  endfacet
  facet normal 1 -0 0
    outer loop
      vertex -133 2 119.245
      vertex -133 6 111.739
      vertex -133 6 119.245
    endloop
  endfacet
  facet normal 1 0 0
    outer loop
      vertex -133 6 111.739
      vertex -133 2 119.245
      vertex -133 2 111.739
    endloop
  endfacet
  facet normal -0.500022 0 -0.866013
    outer loop
      vertex -126.5 2 122.998
      vertex -120 6 119.245
      vertex -120 2 119.245
    endloop
  endfacet
  facet normal -0.500022 0 -0.866013
    outer loop
      vertex -120 6 119.245
      vertex -126.5 2 122.998
      vertex -126.5 6 122.998
    endloop
  endfacet
  facet normal -0.500022 0 0.866013
    outer loop
      vertex -142.5 6 107.986
      vertex -136 2 111.739
      vertex -136 6 111.739
    endloop
  endfacet
  facet normal -0.500022 0 0.866013
    outer loop
      vertex -136 2 111.739
      vertex -142.5 6 107.986
      vertex -142.5 2 107.986
    endloop
  endfacet
  facet normal 0.500022 0 0.866013
    outer loop
      vertex -149 6 111.739
      vertex -142.5 2 107.986
      vertex -142.5 6 107.986
    endloop
  endfacet
  facet normal 0.500022 0 0.866013
    outer loop
      vertex -142.5 2 107.986
      vertex -149 6 111.739
      vertex -149 2 111.739
    endloop
  endfacet
  facet normal -1 0 0
    outer loop
      vertex -136 2 111.739
      vertex -136 6 119.245
      vertex -136 6 111.739
    endloop
  endfacet
  facet normal -1 -0 0
    outer loop
      vertex -136 6 119.245
      vertex -136 2 111.739
      vertex -136 2 119.245
    endloop
  endfacet
  facet normal 0.500022 0 -0.866013
    outer loop
      vertex -149 2 119.245
      vertex -142.5 6 122.998
      vertex -142.5 2 122.998
    endloop
  endfacet
  facet normal 0.500022 0 -0.866013
    outer loop
      vertex -142.5 6 122.998
      vertex -149 2 119.245
      vertex -149 6 119.245
    endloop
  endfacet
  facet normal 1 -0 0
    outer loop
      vertex -149 2 119.245
      vertex -149 6 111.739
      vertex -149 6 119.245
    endloop
  endfacet
  facet normal 1 0 0
    outer loop
      vertex -149 6 111.739
      vertex -149 2 119.245
      vertex -149 2 111.739
    endloop
  endfacet
  facet normal -0.500022 0 -0.866013
    outer loop
      vertex -142.5 2 122.998
      vertex -136 6 119.245
      vertex -136 2 119.245
    endloop
  endfacet
  facet normal -0.500022 0 -0.866013
    outer loop
      vertex -136 6 119.245
      vertex -142.5 2 122.998
      vertex -142.5 6 122.998
    endloop
  endfacet
  facet normal -0.500022 0 0.866013
    outer loop
      vertex -158.5 6 107.986
      vertex -152 2 111.739
      vertex -152 6 111.739
    endloop
  endfacet
  facet normal -0.500022 0 0.866013
    outer loop
      vertex -152 2 111.739
      vertex -158.5 6 107.986
      vertex -158.5 2 107.986
    endloop
  endfacet
  facet normal 0.500022 0 0.866013
    outer loop
      vertex -165 6 111.739
      vertex -158.5 2 107.986
      vertex -158.5 6 107.986
    endloop
  endfacet
  facet normal 0.500022 0 0.866013
    outer loop
      vertex -158.5 2 107.986
      vertex -165 6 111.739
      vertex -165 2 111.739
    endloop
  endfacet
  facet normal -1 0 0
    outer loop
      vertex -152 2 111.739
      vertex -152 6 119.245
      vertex -152 6 111.739
    endloop
  endfacet
  facet normal -1 -0 0
    outer loop
      vertex -152 6 119.245
      vertex -152 2 111.739
      vertex -152 2 119.245
    endloop
  endfacet
  facet normal 0.500022 0 -0.866013
    outer loop
      vertex -165 2 119.245
      vertex -158.5 6 122.998
      vertex -158.5 2 122.998
    endloop
  endfacet
  facet normal 0.500022 0 -0.866013
    outer loop
      vertex -158.5 6 122.998
      vertex -165 2 119.245
      vertex -165 6 119.245
    endloop
  endfacet
  facet normal 1 -0 0
    outer loop
      vertex -165 2 119.245
      vertex -165 6 111.739
      vertex -165 6 119.245
    endloop
  endfacet
  facet normal 1 0 0
    outer loop
      vertex -165 6 111.739
      vertex -165 2 119.245
      vertex -165 2 111.739
    endloop
  endfacet
  facet normal -0.500022 0 -0.866013
    outer loop
      vertex -158.5 2 122.998
      vertex -152 6 119.245
      vertex -152 2 119.245
    endloop
  endfacet
  facet normal -0.500022 0 -0.866013
    outer loop
      vertex -152 6 119.245
      vertex -158.5 2 122.998
      vertex -158.5 6 122.998
    endloop
  endfacet
  facet normal -0.500022 0 0.866013
    outer loop
      vertex -174.5 6 107.986
      vertex -168 2 111.739
      vertex -168 6 111.739
    endloop
  endfacet
  facet normal -0.500022 0 0.866013
    outer loop
      vertex -168 2 111.739
      vertex -174.5 6 107.986
      vertex -174.5 2 107.986
    endloop
  endfacet
  facet normal 0.500022 0 0.866013
    outer loop
      vertex -181 6 111.739
      vertex -174.5 2 107.986
      vertex -174.5 6 107.986
    endloop
  endfacet
  facet normal 0.500022 0 0.866013
    outer loop
      vertex -174.5 2 107.986
      vertex -181 6 111.739
      vertex -181 2 111.739
    endloop
  endfacet
  facet normal -1 0 0
    outer loop
      vertex -168 2 111.739
      vertex -168 6 119.245
      vertex -168 6 111.739
    endloop
  endfacet
  facet normal -1 -0 0
    outer loop
      vertex -168 6 119.245
      vertex -168 2 111.739
      vertex -168 2 119.245
    endloop
  endfacet
  facet normal 0.500022 0 -0.866013
    outer loop
      vertex -181 2 119.245
      vertex -174.5 6 122.998
      vertex -174.5 2 122.998
    endloop
  endfacet
  facet normal 0.500022 0 -0.866013
    outer loop
      vertex -174.5 6 122.998
      vertex -181 2 119.245
      vertex -181 6 119.245
    endloop
  endfacet
  facet normal 1 -0 0
    outer loop
      vertex -181 2 119.245
      vertex -181 6 111.739
      vertex -181 6 119.245
    endloop
  endfacet
  facet normal 1 0 0
    outer loop
      vertex -181 6 111.739
      vertex -181 2 119.245
      vertex -181 2 111.739
    endloop
  endfacet
  facet normal -0.500022 0 -0.866013
    outer loop
      vertex -174.5 2 122.998
      vertex -168 6 119.245
      vertex -168 2 119.245
    endloop
  endfacet
  facet normal -0.500022 0 -0.866013
    outer loop
      vertex -168 6 119.245
      vertex -174.5 2 122.998
      vertex -174.5 6 122.998
    endloop
  endfacet
  facet normal -0.500022 0 0.866013
    outer loop
      vertex -222.5 6 107.986
      vertex -216 2 111.739
      vertex -216 6 111.739
    endloop
  endfacet
  facet normal -0.500022 0 0.866013
    outer loop
      vertex -216 2 111.739
      vertex -222.5 6 107.986
      vertex -222.5 2 107.986
    endloop
  endfacet
  facet normal 0.500022 0 0.866013
    outer loop
      vertex -229 6 111.739
      vertex -222.5 2 107.986
      vertex -222.5 6 107.986
    endloop
  endfacet
  facet normal 0.500022 0 0.866013
    outer loop
      vertex -222.5 2 107.986
      vertex -229 6 111.739
      vertex -229 2 111.739
    endloop
  endfacet
  facet normal -1 0 0
    outer loop
      vertex -216 2 111.739
      vertex -216 6 119.245
      vertex -216 6 111.739
    endloop
  endfacet
  facet normal -1 -0 0
    outer loop
      vertex -216 6 119.245
      vertex -216 2 111.739
      vertex -216 2 119.245
    endloop
  endfacet
  facet normal 0.500022 0 -0.866013
    outer loop
      vertex -229 2 119.245
      vertex -222.5 6 122.998
      vertex -222.5 2 122.998
    endloop
  endfacet
  facet normal 0.500022 0 -0.866013
    outer loop
      vertex -222.5 6 122.998
      vertex -229 2 119.245
      vertex -229 6 119.245
    endloop
  endfacet
  facet normal 1 -0 0
    outer loop
      vertex -229 2 119.245
      vertex -229 6 111.739
      vertex -229 6 119.245
    endloop
  endfacet
  facet normal 1 0 0
    outer loop
      vertex -229 6 111.739
      vertex -229 2 119.245
      vertex -229 2 111.739
    endloop
  endfacet
  facet normal -0.500022 0 -0.866013
    outer loop
      vertex -222.5 2 122.998
      vertex -216 6 119.245
      vertex -216 2 119.245
    endloop
  endfacet
  facet normal -0.500022 0 -0.866013
    outer loop
      vertex -216 6 119.245
      vertex -222.5 2 122.998
      vertex -222.5 6 122.998
    endloop
  endfacet
  facet normal -0.500022 0 0.866013
    outer loop
      vertex -22.5 6 121.842
      vertex -16 2 125.595
      vertex -16 6 125.595
    endloop
  endfacet
  facet normal -0.500022 0 0.866013
    outer loop
      vertex -16 2 125.595
      vertex -22.5 6 121.842
      vertex -22.5 2 121.842
    endloop
  endfacet
  facet normal 0.500022 0 0.866013
    outer loop
      vertex -29 6 125.595
      vertex -22.5 2 121.842
      vertex -22.5 6 121.842
    endloop
  endfacet
  facet normal 0.500022 0 0.866013
    outer loop
      vertex -22.5 2 121.842
      vertex -29 6 125.595
      vertex -29 2 125.595
    endloop
  endfacet
  facet normal -1 0 0
    outer loop
      vertex -16 2 125.595
      vertex -16 6 133.101
      vertex -16 6 125.595
    endloop
  endfacet
  facet normal -1 -0 0
    outer loop
      vertex -16 6 133.101
      vertex -16 2 125.595
      vertex -16 2 133.101
    endloop
  endfacet
  facet normal 0.500022 0 -0.866013
    outer loop
      vertex -29 2 133.101
      vertex -22.5 6 136.854
      vertex -22.5 2 136.854
    endloop
  endfacet
  facet normal 0.500022 0 -0.866013
    outer loop
      vertex -22.5 6 136.854
      vertex -29 2 133.101
      vertex -29 6 133.101
    endloop
  endfacet
  facet normal 1 -0 0
    outer loop
      vertex -29 2 133.101
      vertex -29 6 125.595
      vertex -29 6 133.101
    endloop
  endfacet
  facet normal 1 0 0
    outer loop
      vertex -29 6 125.595
      vertex -29 2 133.101
      vertex -29 2 125.595
    endloop
  endfacet
  facet normal -0.500022 0 -0.866013
    outer loop
      vertex -22.5 2 136.854
      vertex -16 6 133.101
      vertex -16 2 133.101
    endloop
  endfacet
  facet normal -0.500022 0 -0.866013
    outer loop
      vertex -16 6 133.101
      vertex -22.5 2 136.854
      vertex -22.5 6 136.854
    endloop
  endfacet
  facet normal -0.500022 0 0.866013
    outer loop
      vertex -70.5 6 121.842
      vertex -64 2 125.595
      vertex -64 6 125.595
    endloop
  endfacet
  facet normal -0.500022 0 0.866013
    outer loop
      vertex -64 2 125.595
      vertex -70.5 6 121.842
      vertex -70.5 2 121.842
    endloop
  endfacet
  facet normal 0.500022 0 0.866013
    outer loop
      vertex -77 6 125.595
      vertex -70.5 2 121.842
      vertex -70.5 6 121.842
    endloop
  endfacet
  facet normal 0.500022 0 0.866013
    outer loop
      vertex -70.5 2 121.842
      vertex -77 6 125.595
      vertex -77 2 125.595
    endloop
  endfacet
  facet normal -1 0 0
    outer loop
      vertex -64 2 125.595
      vertex -64 6 133.101
      vertex -64 6 125.595
    endloop
  endfacet
  facet normal -1 -0 0
    outer loop
      vertex -64 6 133.101
      vertex -64 2 125.595
      vertex -64 2 133.101
    endloop
  endfacet
  facet normal 0.500022 0 -0.866013
    outer loop
      vertex -77 2 133.101
      vertex -70.5 6 136.854
      vertex -70.5 2 136.854
    endloop
  endfacet
  facet normal 0.500022 0 -0.866013
    outer loop
      vertex -70.5 6 136.854
      vertex -77 2 133.101
      vertex -77 6 133.101
    endloop
  endfacet
  facet normal 1 -0 0
    outer loop
      vertex -77 2 133.101
      vertex -77 6 125.595
      vertex -77 6 133.101
    endloop
  endfacet
  facet normal 1 0 0
    outer loop
      vertex -77 6 125.595
      vertex -77 2 133.101
      vertex -77 2 125.595
    endloop
  endfacet
  facet normal -0.500022 0 -0.866013
    outer loop
      vertex -70.5 2 136.854
      vertex -64 6 133.101
      vertex -64 2 133.101
    endloop
  endfacet
  facet normal -0.500022 0 -0.866013
    outer loop
      vertex -64 6 133.101
      vertex -70.5 2 136.854
      vertex -70.5 6 136.854
    endloop
  endfacet
  facet normal -0.500022 0 0.866013
    outer loop
      vertex -86.5 6 121.842
      vertex -80 2 125.595
      vertex -80 6 125.595
    endloop
  endfacet
  facet normal -0.500022 0 0.866013
    outer loop
      vertex -80 2 125.595
      vertex -86.5 6 121.842
      vertex -86.5 2 121.842
    endloop
  endfacet
  facet normal 0.500022 0 0.866013
    outer loop
      vertex -93 6 125.595
      vertex -86.5 2 121.842
      vertex -86.5 6 121.842
    endloop
  endfacet
  facet normal 0.500022 0 0.866013
    outer loop
      vertex -86.5 2 121.842
      vertex -93 6 125.595
      vertex -93 2 125.595
    endloop
  endfacet
  facet normal -1 0 0
    outer loop
      vertex -80 2 125.595
      vertex -80 6 133.101
      vertex -80 6 125.595
    endloop
  endfacet
  facet normal -1 -0 0
    outer loop
      vertex -80 6 133.101
      vertex -80 2 125.595
      vertex -80 2 133.101
    endloop
  endfacet
  facet normal 0.500022 0 -0.866013
    outer loop
      vertex -93 2 133.101
      vertex -86.5 6 136.854
      vertex -86.5 2 136.854
    endloop
  endfacet
  facet normal 0.500022 0 -0.866013
    outer loop
      vertex -86.5 6 136.854
      vertex -93 2 133.101
      vertex -93 6 133.101
    endloop
  endfacet
  facet normal 1 -0 0
    outer loop
      vertex -93 2 133.101
      vertex -93 6 125.595
      vertex -93 6 133.101
    endloop
  endfacet
  facet normal 1 0 0
    outer loop
      vertex -93 6 125.595
      vertex -93 2 133.101
      vertex -93 2 125.595
    endloop
  endfacet
  facet normal -0.500022 0 -0.866013
    outer loop
      vertex -86.5 2 136.854
      vertex -80 6 133.101
      vertex -80 2 133.101
    endloop
  endfacet
  facet normal -0.500022 0 -0.866013
    outer loop
      vertex -80 6 133.101
      vertex -86.5 2 136.854
      vertex -86.5 6 136.854
    endloop
  endfacet
  facet normal -0.500022 0 0.866013
    outer loop
      vertex -102.5 6 121.842
      vertex -96 2 125.595
      vertex -96 6 125.595
    endloop
  endfacet
  facet normal -0.500022 0 0.866013
    outer loop
      vertex -96 2 125.595
      vertex -102.5 6 121.842
      vertex -102.5 2 121.842
    endloop
  endfacet
  facet normal 0.500022 0 0.866013
    outer loop
      vertex -109 6 125.595
      vertex -102.5 2 121.842
      vertex -102.5 6 121.842
    endloop
  endfacet
  facet normal 0.500022 0 0.866013
    outer loop
      vertex -102.5 2 121.842
      vertex -109 6 125.595
      vertex -109 2 125.595
    endloop
  endfacet
  facet normal -1 0 0
    outer loop
      vertex -96 2 125.595
      vertex -96 6 133.101
      vertex -96 6 125.595
    endloop
  endfacet
  facet normal -1 -0 0
    outer loop
      vertex -96 6 133.101
      vertex -96 2 125.595
      vertex -96 2 133.101
    endloop
  endfacet
  facet normal 0.500022 0 -0.866013
    outer loop
      vertex -109 2 133.101
      vertex -102.5 6 136.854
      vertex -102.5 2 136.854
    endloop
  endfacet
  facet normal 0.500022 0 -0.866013
    outer loop
      vertex -102.5 6 136.854
      vertex -109 2 133.101
      vertex -109 6 133.101
    endloop
  endfacet
  facet normal 1 -0 0
    outer loop
      vertex -109 2 133.101
      vertex -109 6 125.595
      vertex -109 6 133.101
    endloop
  endfacet
  facet normal 1 0 0
    outer loop
      vertex -109 6 125.595
      vertex -109 2 133.101
      vertex -109 2 125.595
    endloop
  endfacet
  facet normal -0.500022 0 -0.866013
    outer loop
      vertex -102.5 2 136.854
      vertex -96 6 133.101
      vertex -96 2 133.101
    endloop
  endfacet
  facet normal -0.500022 0 -0.866013
    outer loop
      vertex -96 6 133.101
      vertex -102.5 2 136.854
      vertex -102.5 6 136.854
    endloop
  endfacet
  facet normal -0.500022 0 0.866013
    outer loop
      vertex -118.5 6 121.842
      vertex -112 2 125.595
      vertex -112 6 125.595
    endloop
  endfacet
  facet normal -0.500022 0 0.866013
    outer loop
      vertex -112 2 125.595
      vertex -118.5 6 121.842
      vertex -118.5 2 121.842
    endloop
  endfacet
  facet normal 0.500022 0 0.866013
    outer loop
      vertex -125 6 125.595
      vertex -118.5 2 121.842
      vertex -118.5 6 121.842
    endloop
  endfacet
  facet normal 0.500022 0 0.866013
    outer loop
      vertex -118.5 2 121.842
      vertex -125 6 125.595
      vertex -125 2 125.595
    endloop
  endfacet
  facet normal -1 0 0
    outer loop
      vertex -112 2 125.595
      vertex -112 6 133.101
      vertex -112 6 125.595
    endloop
  endfacet
  facet normal -1 -0 0
    outer loop
      vertex -112 6 133.101
      vertex -112 2 125.595
      vertex -112 2 133.101
    endloop
  endfacet
  facet normal 0.500022 0 -0.866013
    outer loop
      vertex -125 2 133.101
      vertex -118.5 6 136.854
      vertex -118.5 2 136.854
    endloop
  endfacet
  facet normal 0.500022 0 -0.866013
    outer loop
      vertex -118.5 6 136.854
      vertex -125 2 133.101
      vertex -125 6 133.101
    endloop
  endfacet
  facet normal 1 -0 0
    outer loop
      vertex -125 2 133.101
      vertex -125 6 125.595
      vertex -125 6 133.101
    endloop
  endfacet
  facet normal 1 0 0
    outer loop
      vertex -125 6 125.595
      vertex -125 2 133.101
      vertex -125 2 125.595
    endloop
  endfacet
  facet normal -0.500022 0 -0.866013
    outer loop
      vertex -118.5 2 136.854
      vertex -112 6 133.101
      vertex -112 2 133.101
    endloop
  endfacet
  facet normal -0.500022 0 -0.866013
    outer loop
      vertex -112 6 133.101
      vertex -118.5 2 136.854
      vertex -118.5 6 136.854
    endloop
  endfacet
  facet normal -0.500022 0 0.866013
    outer loop
      vertex -134.5 6 121.842
      vertex -128 2 125.595
      vertex -128 6 125.595
    endloop
  endfacet
  facet normal -0.500022 0 0.866013
    outer loop
      vertex -128 2 125.595
      vertex -134.5 6 121.842
      vertex -134.5 2 121.842
    endloop
  endfacet
  facet normal 0.500022 0 0.866013
    outer loop
      vertex -141 6 125.595
      vertex -134.5 2 121.842
      vertex -134.5 6 121.842
    endloop
  endfacet
  facet normal 0.500022 0 0.866013
    outer loop
      vertex -134.5 2 121.842
      vertex -141 6 125.595
      vertex -141 2 125.595
    endloop
  endfacet
  facet normal -1 0 0
    outer loop
      vertex -128 2 125.595
      vertex -128 6 133.101
      vertex -128 6 125.595
    endloop
  endfacet
  facet normal -1 -0 0
    outer loop
      vertex -128 6 133.101
      vertex -128 2 125.595
      vertex -128 2 133.101
    endloop
  endfacet
  facet normal 0.500022 0 -0.866013
    outer loop
      vertex -141 2 133.101
      vertex -134.5 6 136.854
      vertex -134.5 2 136.854
    endloop
  endfacet
  facet normal 0.500022 0 -0.866013
    outer loop
      vertex -134.5 6 136.854
      vertex -141 2 133.101
      vertex -141 6 133.101
    endloop
  endfacet
  facet normal 1 -0 0
    outer loop
      vertex -141 2 133.101
      vertex -141 6 125.595
      vertex -141 6 133.101
    endloop
  endfacet
  facet normal 1 0 0
    outer loop
      vertex -141 6 125.595
      vertex -141 2 133.101
      vertex -141 2 125.595
    endloop
  endfacet
  facet normal -0.500022 0 -0.866013
    outer loop
      vertex -134.5 2 136.854
      vertex -128 6 133.101
      vertex -128 2 133.101
    endloop
  endfacet
  facet normal -0.500022 0 -0.866013
    outer loop
      vertex -128 6 133.101
      vertex -134.5 2 136.854
      vertex -134.5 6 136.854
    endloop
  endfacet
  facet normal -0.500022 0 0.866013
    outer loop
      vertex -150.5 6 121.842
      vertex -144 2 125.595
      vertex -144 6 125.595
    endloop
  endfacet
  facet normal -0.500022 0 0.866013
    outer loop
      vertex -144 2 125.595
      vertex -150.5 6 121.842
      vertex -150.5 2 121.842
    endloop
  endfacet
  facet normal 0.500022 0 0.866013
    outer loop
      vertex -157 6 125.595
      vertex -150.5 2 121.842
      vertex -150.5 6 121.842
    endloop
  endfacet
  facet normal 0.500022 0 0.866013
    outer loop
      vertex -150.5 2 121.842
      vertex -157 6 125.595
      vertex -157 2 125.595
    endloop
  endfacet
  facet normal -1 0 0
    outer loop
      vertex -144 2 125.595
      vertex -144 6 133.101
      vertex -144 6 125.595
    endloop
  endfacet
  facet normal -1 -0 0
    outer loop
      vertex -144 6 133.101
      vertex -144 2 125.595
      vertex -144 2 133.101
    endloop
  endfacet
  facet normal 0.500022 0 -0.866013
    outer loop
      vertex -157 2 133.101
      vertex -150.5 6 136.854
      vertex -150.5 2 136.854
    endloop
  endfacet
  facet normal 0.500022 0 -0.866013
    outer loop
      vertex -150.5 6 136.854
      vertex -157 2 133.101
      vertex -157 6 133.101
    endloop
  endfacet
  facet normal 1 -0 0
    outer loop
      vertex -157 2 133.101
      vertex -157 6 125.595
      vertex -157 6 133.101
    endloop
  endfacet
  facet normal 1 0 0
    outer loop
      vertex -157 6 125.595
      vertex -157 2 133.101
      vertex -157 2 125.595
    endloop
  endfacet
  facet normal -0.500022 0 -0.866013
    outer loop
      vertex -150.5 2 136.854
      vertex -144 6 133.101
      vertex -144 2 133.101
    endloop
  endfacet
  facet normal -0.500022 0 -0.866013
    outer loop
      vertex -144 6 133.101
      vertex -150.5 2 136.854
      vertex -150.5 6 136.854
    endloop
  endfacet
  facet normal -0.500022 0 0.866013
    outer loop
      vertex -166.5 6 121.842
      vertex -160 2 125.595
      vertex -160 6 125.595
    endloop
  endfacet
  facet normal -0.500022 0 0.866013
    outer loop
      vertex -160 2 125.595
      vertex -166.5 6 121.842
      vertex -166.5 2 121.842
    endloop
  endfacet
  facet normal 0.500022 0 0.866013
    outer loop
      vertex -173 6 125.595
      vertex -166.5 2 121.842
      vertex -166.5 6 121.842
    endloop
  endfacet
  facet normal 0.500022 0 0.866013
    outer loop
      vertex -166.5 2 121.842
      vertex -173 6 125.595
      vertex -173 2 125.595
    endloop
  endfacet
  facet normal -1 0 0
    outer loop
      vertex -160 2 125.595
      vertex -160 6 133.101
      vertex -160 6 125.595
    endloop
  endfacet
  facet normal -1 -0 0
    outer loop
      vertex -160 6 133.101
      vertex -160 2 125.595
      vertex -160 2 133.101
    endloop
  endfacet
  facet normal 0.500022 0 -0.866013
    outer loop
      vertex -173 2 133.101
      vertex -166.5 6 136.854
      vertex -166.5 2 136.854
    endloop
  endfacet
  facet normal 0.500022 0 -0.866013
    outer loop
      vertex -166.5 6 136.854
      vertex -173 2 133.101
      vertex -173 6 133.101
    endloop
  endfacet
  facet normal 1 -0 0
    outer loop
      vertex -173 2 133.101
      vertex -173 6 125.595
      vertex -173 6 133.101
    endloop
  endfacet
  facet normal 1 0 0
    outer loop
      vertex -173 6 125.595
      vertex -173 2 133.101
      vertex -173 2 125.595
    endloop
  endfacet
  facet normal -0.500022 0 -0.866013
    outer loop
      vertex -166.5 2 136.854
      vertex -160 6 133.101
      vertex -160 2 133.101
    endloop
  endfacet
  facet normal -0.500022 0 -0.866013
    outer loop
      vertex -160 6 133.101
      vertex -166.5 2 136.854
      vertex -166.5 6 136.854
    endloop
  endfacet
  facet normal -0.500022 0 0.866013
    outer loop
      vertex -182.5 6 121.842
      vertex -176 2 125.595
      vertex -176 6 125.595
    endloop
  endfacet
  facet normal -0.500022 0 0.866013
    outer loop
      vertex -176 2 125.595
      vertex -182.5 6 121.842
      vertex -182.5 2 121.842
    endloop
  endfacet
  facet normal 0.500022 0 0.866013
    outer loop
      vertex -189 6 125.595
      vertex -182.5 2 121.842
      vertex -182.5 6 121.842
    endloop
  endfacet
  facet normal 0.500022 0 0.866013
    outer loop
      vertex -182.5 2 121.842
      vertex -189 6 125.595
      vertex -189 2 125.595
    endloop
  endfacet
  facet normal -1 0 0
    outer loop
      vertex -176 2 125.595
      vertex -176 6 133.101
      vertex -176 6 125.595
    endloop
  endfacet
  facet normal -1 -0 0
    outer loop
      vertex -176 6 133.101
      vertex -176 2 125.595
      vertex -176 2 133.101
    endloop
  endfacet
  facet normal 0.500022 0 -0.866013
    outer loop
      vertex -189 2 133.101
      vertex -182.5 6 136.854
      vertex -182.5 2 136.854
    endloop
  endfacet
  facet normal 0.500022 0 -0.866013
    outer loop
      vertex -182.5 6 136.854
      vertex -189 2 133.101
      vertex -189 6 133.101
    endloop
  endfacet
  facet normal 1 -0 0
    outer loop
      vertex -189 2 133.101
      vertex -189 6 125.595
      vertex -189 6 133.101
    endloop
  endfacet
  facet normal 1 0 0
    outer loop
      vertex -189 6 125.595
      vertex -189 2 133.101
      vertex -189 2 125.595
    endloop
  endfacet
  facet normal -0.500022 0 -0.866013
    outer loop
      vertex -182.5 2 136.854
      vertex -176 6 133.101
      vertex -176 2 133.101
    endloop
  endfacet
  facet normal -0.500022 0 -0.866013
    outer loop
      vertex -176 6 133.101
      vertex -182.5 2 136.854
      vertex -182.5 6 136.854
    endloop
  endfacet
  facet normal -0.500022 0 0.866013
    outer loop
      vertex -30.5 6 135.698
      vertex -24 2 139.451
      vertex -24 6 139.451
    endloop
  endfacet
  facet normal -0.500022 0 0.866013
    outer loop
      vertex -24 2 139.451
      vertex -30.5 6 135.698
      vertex -30.5 2 135.698
    endloop
  endfacet
  facet normal 0.500022 0 0.866013
    outer loop
      vertex -37 6 139.451
      vertex -30.5 2 135.698
      vertex -30.5 6 135.698
    endloop
  endfacet
  facet normal 0.500022 0 0.866013
    outer loop
      vertex -30.5 2 135.698
      vertex -37 6 139.451
      vertex -37 2 139.451
    endloop
  endfacet
  facet normal -1 0 0
    outer loop
      vertex -24 2 139.451
      vertex -24 6 146.957
      vertex -24 6 139.451
    endloop
  endfacet
  facet normal -1 -0 0
    outer loop
      vertex -24 6 146.957
      vertex -24 2 139.451
      vertex -24 2 146.957
    endloop
  endfacet
  facet normal 0.500022 0 -0.866013
    outer loop
      vertex -37 2 146.957
      vertex -30.5 6 150.71
      vertex -30.5 2 150.71
    endloop
  endfacet
  facet normal 0.500022 0 -0.866013
    outer loop
      vertex -30.5 6 150.71
      vertex -37 2 146.957
      vertex -37 6 146.957
    endloop
  endfacet
  facet normal 1 -0 0
    outer loop
      vertex -37 2 146.957
      vertex -37 6 139.451
      vertex -37 6 146.957
    endloop
  endfacet
  facet normal 1 0 0
    outer loop
      vertex -37 6 139.451
      vertex -37 2 146.957
      vertex -37 2 139.451
    endloop
  endfacet
  facet normal -0.500022 0 -0.866013
    outer loop
      vertex -30.5 2 150.71
      vertex -24 6 146.957
      vertex -24 2 146.957
    endloop
  endfacet
  facet normal -0.500022 0 -0.866013
    outer loop
      vertex -24 6 146.957
      vertex -30.5 2 150.71
      vertex -30.5 6 150.71
    endloop
  endfacet
  facet normal -0.500022 0 0.866013
    outer loop
      vertex -46.5 6 135.698
      vertex -40 2 139.451
      vertex -40 6 139.451
    endloop
  endfacet
  facet normal -0.500022 0 0.866013
    outer loop
      vertex -40 2 139.451
      vertex -46.5 6 135.698
      vertex -46.5 2 135.698
    endloop
  endfacet
  facet normal 0.500022 0 0.866013
    outer loop
      vertex -53 6 139.451
      vertex -46.5 2 135.698
      vertex -46.5 6 135.698
    endloop
  endfacet
  facet normal 0.500022 0 0.866013
    outer loop
      vertex -46.5 2 135.698
      vertex -53 6 139.451
      vertex -53 2 139.451
    endloop
  endfacet
  facet normal -1 0 0
    outer loop
      vertex -40 2 139.451
      vertex -40 6 146.957
      vertex -40 6 139.451
    endloop
  endfacet
  facet normal -1 -0 0
    outer loop
      vertex -40 6 146.957
      vertex -40 2 139.451
      vertex -40 2 146.957
    endloop
  endfacet
  facet normal 0.500022 0 -0.866013
    outer loop
      vertex -53 2 146.957
      vertex -46.5 6 150.71
      vertex -46.5 2 150.71
    endloop
  endfacet
  facet normal 0.500022 0 -0.866013
    outer loop
      vertex -46.5 6 150.71
      vertex -53 2 146.957
      vertex -53 6 146.957
    endloop
  endfacet
  facet normal 1 -0 0
    outer loop
      vertex -53 2 146.957
      vertex -53 6 139.451
      vertex -53 6 146.957
    endloop
  endfacet
  facet normal 1 0 0
    outer loop
      vertex -53 6 139.451
      vertex -53 2 146.957
      vertex -53 2 139.451
    endloop
  endfacet
  facet normal -0.500022 0 -0.866013
    outer loop
      vertex -46.5 2 150.71
      vertex -40 6 146.957
      vertex -40 2 146.957
    endloop
  endfacet
  facet normal -0.500022 0 -0.866013
    outer loop
      vertex -40 6 146.957
      vertex -46.5 2 150.71
      vertex -46.5 6 150.71
    endloop
  endfacet
  facet normal -0.500022 0 0.866013
    outer loop
      vertex -62.5 6 135.698
      vertex -56 2 139.451
      vertex -56 6 139.451
    endloop
  endfacet
  facet normal -0.500022 0 0.866013
    outer loop
      vertex -56 2 139.451
      vertex -62.5 6 135.698
      vertex -62.5 2 135.698
    endloop
  endfacet
  facet normal 0.500022 0 0.866013
    outer loop
      vertex -69 6 139.451
      vertex -62.5 2 135.698
      vertex -62.5 6 135.698
    endloop
  endfacet
  facet normal 0.500022 0 0.866013
    outer loop
      vertex -62.5 2 135.698
      vertex -69 6 139.451
      vertex -69 2 139.451
    endloop
  endfacet
  facet normal -1 0 0
    outer loop
      vertex -56 2 139.451
      vertex -56 6 146.957
      vertex -56 6 139.451
    endloop
  endfacet
  facet normal -1 -0 0
    outer loop
      vertex -56 6 146.957
      vertex -56 2 139.451
      vertex -56 2 146.957
    endloop
  endfacet
  facet normal 0.500022 0 -0.866013
    outer loop
      vertex -69 2 146.957
      vertex -62.5 6 150.71
      vertex -62.5 2 150.71
    endloop
  endfacet
  facet normal 0.500022 0 -0.866013
    outer loop
      vertex -62.5 6 150.71
      vertex -69 2 146.957
      vertex -69 6 146.957
    endloop
  endfacet
  facet normal 1 -0 0
    outer loop
      vertex -69 2 146.957
      vertex -69 6 139.451
      vertex -69 6 146.957
    endloop
  endfacet
  facet normal 1 0 0
    outer loop
      vertex -69 6 139.451
      vertex -69 2 146.957
      vertex -69 2 139.451
    endloop
  endfacet
  facet normal -0.500022 0 -0.866013
    outer loop
      vertex -62.5 2 150.71
      vertex -56 6 146.957
      vertex -56 2 146.957
    endloop
  endfacet
  facet normal -0.500022 0 -0.866013
    outer loop
      vertex -56 6 146.957
      vertex -62.5 2 150.71
      vertex -62.5 6 150.71
    endloop
  endfacet
  facet normal -0.500022 0 0.866013
    outer loop
      vertex -78.5 6 135.698
      vertex -72 2 139.451
      vertex -72 6 139.451
    endloop
  endfacet
  facet normal -0.500022 0 0.866013
    outer loop
      vertex -72 2 139.451
      vertex -78.5 6 135.698
      vertex -78.5 2 135.698
    endloop
  endfacet
  facet normal 0.500022 0 0.866013
    outer loop
      vertex -85 6 139.451
      vertex -78.5 2 135.698
      vertex -78.5 6 135.698
    endloop
  endfacet
  facet normal 0.500022 0 0.866013
    outer loop
      vertex -78.5 2 135.698
      vertex -85 6 139.451
      vertex -85 2 139.451
    endloop
  endfacet
  facet normal -1 0 0
    outer loop
      vertex -72 2 139.451
      vertex -72 6 146.957
      vertex -72 6 139.451
    endloop
  endfacet
  facet normal -1 -0 0
    outer loop
      vertex -72 6 146.957
      vertex -72 2 139.451
      vertex -72 2 146.957
    endloop
  endfacet
  facet normal 0.500022 0 -0.866013
    outer loop
      vertex -85 2 146.957
      vertex -78.5 6 150.71
      vertex -78.5 2 150.71
    endloop
  endfacet
  facet normal 0.500022 0 -0.866013
    outer loop
      vertex -78.5 6 150.71
      vertex -85 2 146.957
      vertex -85 6 146.957
    endloop
  endfacet
  facet normal 1 -0 0
    outer loop
      vertex -85 2 146.957
      vertex -85 6 139.451
      vertex -85 6 146.957
    endloop
  endfacet
  facet normal 1 0 0
    outer loop
      vertex -85 6 139.451
      vertex -85 2 146.957
      vertex -85 2 139.451
    endloop
  endfacet
  facet normal -0.500022 0 -0.866013
    outer loop
      vertex -78.5 2 150.71
      vertex -72 6 146.957
      vertex -72 2 146.957
    endloop
  endfacet
  facet normal -0.500022 0 -0.866013
    outer loop
      vertex -72 6 146.957
      vertex -78.5 2 150.71
      vertex -78.5 6 150.71
    endloop
  endfacet
  facet normal -0.500022 0 0.866013
    outer loop
      vertex -94.5 6 135.698
      vertex -88 2 139.451
      vertex -88 6 139.451
    endloop
  endfacet
  facet normal -0.500022 0 0.866013
    outer loop
      vertex -88 2 139.451
      vertex -94.5 6 135.698
      vertex -94.5 2 135.698
    endloop
  endfacet
  facet normal 0.500022 0 0.866013
    outer loop
      vertex -101 6 139.451
      vertex -94.5 2 135.698
      vertex -94.5 6 135.698
    endloop
  endfacet
  facet normal 0.500022 0 0.866013
    outer loop
      vertex -94.5 2 135.698
      vertex -101 6 139.451
      vertex -101 2 139.451
    endloop
  endfacet
  facet normal -1 0 0
    outer loop
      vertex -88 2 139.451
      vertex -88 6 146.957
      vertex -88 6 139.451
    endloop
  endfacet
  facet normal -1 -0 0
    outer loop
      vertex -88 6 146.957
      vertex -88 2 139.451
      vertex -88 2 146.957
    endloop
  endfacet
  facet normal 0.500022 0 -0.866013
    outer loop
      vertex -101 2 146.957
      vertex -94.5 6 150.71
      vertex -94.5 2 150.71
    endloop
  endfacet
  facet normal 0.500022 0 -0.866013
    outer loop
      vertex -94.5 6 150.71
      vertex -101 2 146.957
      vertex -101 6 146.957
    endloop
  endfacet
  facet normal 1 -0 0
    outer loop
      vertex -101 2 146.957
      vertex -101 6 139.451
      vertex -101 6 146.957
    endloop
  endfacet
  facet normal 1 0 0
    outer loop
      vertex -101 6 139.451
      vertex -101 2 146.957
      vertex -101 2 139.451
    endloop
  endfacet
  facet normal -0.500022 0 -0.866013
    outer loop
      vertex -94.5 2 150.71
      vertex -88 6 146.957
      vertex -88 2 146.957
    endloop
  endfacet
  facet normal -0.500022 0 -0.866013
    outer loop
      vertex -88 6 146.957
      vertex -94.5 2 150.71
      vertex -94.5 6 150.71
    endloop
  endfacet
  facet normal -0.500022 0 0.866013
    outer loop
      vertex -110.5 6 135.698
      vertex -104 2 139.451
      vertex -104 6 139.451
    endloop
  endfacet
  facet normal -0.500022 0 0.866013
    outer loop
      vertex -104 2 139.451
      vertex -110.5 6 135.698
      vertex -110.5 2 135.698
    endloop
  endfacet
  facet normal 0.500022 0 0.866013
    outer loop
      vertex -117 6 139.451
      vertex -110.5 2 135.698
      vertex -110.5 6 135.698
    endloop
  endfacet
  facet normal 0.500022 0 0.866013
    outer loop
      vertex -110.5 2 135.698
      vertex -117 6 139.451
      vertex -117 2 139.451
    endloop
  endfacet
  facet normal -1 0 0
    outer loop
      vertex -104 2 139.451
      vertex -104 6 146.957
      vertex -104 6 139.451
    endloop
  endfacet
  facet normal -1 -0 0
    outer loop
      vertex -104 6 146.957
      vertex -104 2 139.451
      vertex -104 2 146.957
    endloop
  endfacet
  facet normal 0.500022 0 -0.866013
    outer loop
      vertex -117 2 146.957
      vertex -110.5 6 150.71
      vertex -110.5 2 150.71
    endloop
  endfacet
  facet normal 0.500022 0 -0.866013
    outer loop
      vertex -110.5 6 150.71
      vertex -117 2 146.957
      vertex -117 6 146.957
    endloop
  endfacet
  facet normal 1 -0 0
    outer loop
      vertex -117 2 146.957
      vertex -117 6 139.451
      vertex -117 6 146.957
    endloop
  endfacet
  facet normal 1 0 0
    outer loop
      vertex -117 6 139.451
      vertex -117 2 146.957
      vertex -117 2 139.451
    endloop
  endfacet
  facet normal -0.500022 0 -0.866013
    outer loop
      vertex -110.5 2 150.71
      vertex -104 6 146.957
      vertex -104 2 146.957
    endloop
  endfacet
  facet normal -0.500022 0 -0.866013
    outer loop
      vertex -104 6 146.957
      vertex -110.5 2 150.71
      vertex -110.5 6 150.71
    endloop
  endfacet
  facet normal -0.500022 0 0.866013
    outer loop
      vertex -126.5 6 135.698
      vertex -120 2 139.451
      vertex -120 6 139.451
    endloop
  endfacet
  facet normal -0.500022 0 0.866013
    outer loop
      vertex -120 2 139.451
      vertex -126.5 6 135.698
      vertex -126.5 2 135.698
    endloop
  endfacet
  facet normal 0.500022 0 0.866013
    outer loop
      vertex -133 6 139.451
      vertex -126.5 2 135.698
      vertex -126.5 6 135.698
    endloop
  endfacet
  facet normal 0.500022 0 0.866013
    outer loop
      vertex -126.5 2 135.698
      vertex -133 6 139.451
      vertex -133 2 139.451
    endloop
  endfacet
  facet normal -1 0 0
    outer loop
      vertex -120 2 139.451
      vertex -120 6 146.957
      vertex -120 6 139.451
    endloop
  endfacet
  facet normal -1 -0 0
    outer loop
      vertex -120 6 146.957
      vertex -120 2 139.451
      vertex -120 2 146.957
    endloop
  endfacet
  facet normal 0.500022 0 -0.866013
    outer loop
      vertex -133 2 146.957
      vertex -126.5 6 150.71
      vertex -126.5 2 150.71
    endloop
  endfacet
  facet normal 0.500022 0 -0.866013
    outer loop
      vertex -126.5 6 150.71
      vertex -133 2 146.957
      vertex -133 6 146.957
    endloop
  endfacet
  facet normal 1 -0 0
    outer loop
      vertex -133 2 146.957
      vertex -133 6 139.451
      vertex -133 6 146.957
    endloop
  endfacet
  facet normal 1 0 0
    outer loop
      vertex -133 6 139.451
      vertex -133 2 146.957
      vertex -133 2 139.451
    endloop
  endfacet
  facet normal -0.500022 0 -0.866013
    outer loop
      vertex -126.5 2 150.71
      vertex -120 6 146.957
      vertex -120 2 146.957
    endloop
  endfacet
  facet normal -0.500022 0 -0.866013
    outer loop
      vertex -120 6 146.957
      vertex -126.5 2 150.71
      vertex -126.5 6 150.71
    endloop
  endfacet
  facet normal -0.500022 0 0.866013
    outer loop
      vertex -142.5 6 135.698
      vertex -136 2 139.451
      vertex -136 6 139.451
    endloop
  endfacet
  facet normal -0.500022 0 0.866013
    outer loop
      vertex -136 2 139.451
      vertex -142.5 6 135.698
      vertex -142.5 2 135.698
    endloop
  endfacet
  facet normal 0.500022 0 0.866013
    outer loop
      vertex -149 6 139.451
      vertex -142.5 2 135.698
      vertex -142.5 6 135.698
    endloop
  endfacet
  facet normal 0.500022 0 0.866013
    outer loop
      vertex -142.5 2 135.698
      vertex -149 6 139.451
      vertex -149 2 139.451
    endloop
  endfacet
  facet normal -1 0 0
    outer loop
      vertex -136 2 139.451
      vertex -136 6 146.957
      vertex -136 6 139.451
    endloop
  endfacet
  facet normal -1 -0 0
    outer loop
      vertex -136 6 146.957
      vertex -136 2 139.451
      vertex -136 2 146.957
    endloop
  endfacet
  facet normal 0.500022 0 -0.866013
    outer loop
      vertex -149 2 146.957
      vertex -142.5 6 150.71
      vertex -142.5 2 150.71
    endloop
  endfacet
  facet normal 0.500022 0 -0.866013
    outer loop
      vertex -142.5 6 150.71
      vertex -149 2 146.957
      vertex -149 6 146.957
    endloop
  endfacet
  facet normal 1 -0 0
    outer loop
      vertex -149 2 146.957
      vertex -149 6 139.451
      vertex -149 6 146.957
    endloop
  endfacet
  facet normal 1 0 0
    outer loop
      vertex -149 6 139.451
      vertex -149 2 146.957
      vertex -149 2 139.451
    endloop
  endfacet
  facet normal -0.500022 0 -0.866013
    outer loop
      vertex -142.5 2 150.71
      vertex -136 6 146.957
      vertex -136 2 146.957
    endloop
  endfacet
  facet normal -0.500022 0 -0.866013
    outer loop
      vertex -136 6 146.957
      vertex -142.5 2 150.71
      vertex -142.5 6 150.71
    endloop
  endfacet
  facet normal -0.500022 0 0.866013
    outer loop
      vertex -158.5 6 135.698
      vertex -152 2 139.451
      vertex -152 6 139.451
    endloop
  endfacet
  facet normal -0.500022 0 0.866013
    outer loop
      vertex -152 2 139.451
      vertex -158.5 6 135.698
      vertex -158.5 2 135.698
    endloop
  endfacet
  facet normal 0.500022 0 0.866013
    outer loop
      vertex -165 6 139.451
      vertex -158.5 2 135.698
      vertex -158.5 6 135.698
    endloop
  endfacet
  facet normal 0.500022 0 0.866013
    outer loop
      vertex -158.5 2 135.698
      vertex -165 6 139.451
      vertex -165 2 139.451
    endloop
  endfacet
  facet normal -1 0 0
    outer loop
      vertex -152 2 139.451
      vertex -152 6 146.957
      vertex -152 6 139.451
    endloop
  endfacet
  facet normal -1 -0 0
    outer loop
      vertex -152 6 146.957
      vertex -152 2 139.451
      vertex -152 2 146.957
    endloop
  endfacet
  facet normal 0.500022 0 -0.866013
    outer loop
      vertex -165 2 146.957
      vertex -158.5 6 150.71
      vertex -158.5 2 150.71
    endloop
  endfacet
  facet normal 0.500022 0 -0.866013
    outer loop
      vertex -158.5 6 150.71
      vertex -165 2 146.957
      vertex -165 6 146.957
    endloop
  endfacet
  facet normal 1 -0 0
    outer loop
      vertex -165 2 146.957
      vertex -165 6 139.451
      vertex -165 6 146.957
    endloop
  endfacet
  facet normal 1 0 0
    outer loop
      vertex -165 6 139.451
      vertex -165 2 146.957
      vertex -165 2 139.451
    endloop
  endfacet
  facet normal -0.500022 0 -0.866013
    outer loop
      vertex -158.5 2 150.71
      vertex -152 6 146.957
      vertex -152 2 146.957
    endloop
  endfacet
  facet normal -0.500022 0 -0.866013
    outer loop
      vertex -152 6 146.957
      vertex -158.5 2 150.71
      vertex -158.5 6 150.71
    endloop
  endfacet
  facet normal -0.500022 0 0.866013
    outer loop
      vertex -174.5 6 135.698
      vertex -168 2 139.451
      vertex -168 6 139.451
    endloop
  endfacet
  facet normal -0.500022 0 0.866013
    outer loop
      vertex -168 2 139.451
      vertex -174.5 6 135.698
      vertex -174.5 2 135.698
    endloop
  endfacet
  facet normal 0.500022 0 0.866013
    outer loop
      vertex -181 6 139.451
      vertex -174.5 2 135.698
      vertex -174.5 6 135.698
    endloop
  endfacet
  facet normal 0.500022 0 0.866013
    outer loop
      vertex -174.5 2 135.698
      vertex -181 6 139.451
      vertex -181 2 139.451
    endloop
  endfacet
  facet normal -1 0 0
    outer loop
      vertex -168 2 139.451
      vertex -168 6 146.957
      vertex -168 6 139.451
    endloop
  endfacet
  facet normal -1 -0 0
    outer loop
      vertex -168 6 146.957
      vertex -168 2 139.451
      vertex -168 2 146.957
    endloop
  endfacet
  facet normal 0.500022 0 -0.866013
    outer loop
      vertex -181 2 146.957
      vertex -174.5 6 150.71
      vertex -174.5 2 150.71
    endloop
  endfacet
  facet normal 0.500022 0 -0.866013
    outer loop
      vertex -174.5 6 150.71
      vertex -181 2 146.957
      vertex -181 6 146.957
    endloop
  endfacet
  facet normal 1 -0 0
    outer loop
      vertex -181 2 146.957
      vertex -181 6 139.451
      vertex -181 6 146.957
    endloop
  endfacet
  facet normal 1 0 0
    outer loop
      vertex -181 6 139.451
      vertex -181 2 146.957
      vertex -181 2 139.451
    endloop
  endfacet
  facet normal -0.500022 0 -0.866013
    outer loop
      vertex -174.5 2 150.71
      vertex -168 6 146.957
      vertex -168 2 146.957
    endloop
  endfacet
  facet normal -0.500022 0 -0.866013
    outer loop
      vertex -168 6 146.957
      vertex -174.5 2 150.71
      vertex -174.5 6 150.71
    endloop
  endfacet
  facet normal -0.500022 0 0.866013
    outer loop
      vertex -190.5 6 135.698
      vertex -184 2 139.451
      vertex -184 6 139.451
    endloop
  endfacet
  facet normal -0.500022 0 0.866013
    outer loop
      vertex -184 2 139.451
      vertex -190.5 6 135.698
      vertex -190.5 2 135.698
    endloop
  endfacet
  facet normal 0.500022 0 0.866013
    outer loop
      vertex -197 6 139.451
      vertex -190.5 2 135.698
      vertex -190.5 6 135.698
    endloop
  endfacet
  facet normal 0.500022 0 0.866013
    outer loop
      vertex -190.5 2 135.698
      vertex -197 6 139.451
      vertex -197 2 139.451
    endloop
  endfacet
  facet normal -1 0 0
    outer loop
      vertex -184 2 139.451
      vertex -184 6 146.957
      vertex -184 6 139.451
    endloop
  endfacet
  facet normal -1 -0 0
    outer loop
      vertex -184 6 146.957
      vertex -184 2 139.451
      vertex -184 2 146.957
    endloop
  endfacet
  facet normal 0.500022 0 -0.866013
    outer loop
      vertex -197 2 146.957
      vertex -190.5 6 150.71
      vertex -190.5 2 150.71
    endloop
  endfacet
  facet normal 0.500022 0 -0.866013
    outer loop
      vertex -190.5 6 150.71
      vertex -197 2 146.957
      vertex -197 6 146.957
    endloop
  endfacet
  facet normal 1 -0 0
    outer loop
      vertex -197 2 146.957
      vertex -197 6 139.451
      vertex -197 6 146.957
    endloop
  endfacet
  facet normal 1 0 0
    outer loop
      vertex -197 6 139.451
      vertex -197 2 146.957
      vertex -197 2 139.451
    endloop
  endfacet
  facet normal -0.500022 0 -0.866013
    outer loop
      vertex -190.5 2 150.71
      vertex -184 6 146.957
      vertex -184 2 146.957
    endloop
  endfacet
  facet normal -0.500022 0 -0.866013
    outer loop
      vertex -184 6 146.957
      vertex -190.5 2 150.71
      vertex -190.5 6 150.71
    endloop
  endfacet
  facet normal -0.500022 0 0.866013
    outer loop
      vertex -206.5 6 135.698
      vertex -200 2 139.451
      vertex -200 6 139.451
    endloop
  endfacet
  facet normal -0.500022 0 0.866013
    outer loop
      vertex -200 2 139.451
      vertex -206.5 6 135.698
      vertex -206.5 2 135.698
    endloop
  endfacet
  facet normal 0.500022 0 0.866013
    outer loop
      vertex -213 6 139.451
      vertex -206.5 2 135.698
      vertex -206.5 6 135.698
    endloop
  endfacet
  facet normal 0.500022 0 0.866013
    outer loop
      vertex -206.5 2 135.698
      vertex -213 6 139.451
      vertex -213 2 139.451
    endloop
  endfacet
  facet normal -1 0 0
    outer loop
      vertex -200 2 139.451
      vertex -200 6 146.957
      vertex -200 6 139.451
    endloop
  endfacet
  facet normal -1 -0 0
    outer loop
      vertex -200 6 146.957
      vertex -200 2 139.451
      vertex -200 2 146.957
    endloop
  endfacet
  facet normal 0.500022 0 -0.866013
    outer loop
      vertex -213 2 146.957
      vertex -206.5 6 150.71
      vertex -206.5 2 150.71
    endloop
  endfacet
  facet normal 0.500022 0 -0.866013
    outer loop
      vertex -206.5 6 150.71
      vertex -213 2 146.957
      vertex -213 6 146.957
    endloop
  endfacet
  facet normal 1 -0 0
    outer loop
      vertex -213 2 146.957
      vertex -213 6 139.451
      vertex -213 6 146.957
    endloop
  endfacet
  facet normal 1 0 0
    outer loop
      vertex -213 6 139.451
      vertex -213 2 146.957
      vertex -213 2 139.451
    endloop
  endfacet
  facet normal -0.500022 0 -0.866013
    outer loop
      vertex -206.5 2 150.71
      vertex -200 6 146.957
      vertex -200 2 146.957
    endloop
  endfacet
  facet normal -0.500022 0 -0.866013
    outer loop
      vertex -200 6 146.957
      vertex -206.5 2 150.71
      vertex -206.5 6 150.71
    endloop
  endfacet
  facet normal -0.500022 0 0.866013
    outer loop
      vertex -222.5 6 135.698
      vertex -216 2 139.451
      vertex -216 6 139.451
    endloop
  endfacet
  facet normal -0.500022 0 0.866013
    outer loop
      vertex -216 2 139.451
      vertex -222.5 6 135.698
      vertex -222.5 2 135.698
    endloop
  endfacet
  facet normal 0.500022 0 0.866013
    outer loop
      vertex -229 6 139.451
      vertex -222.5 2 135.698
      vertex -222.5 6 135.698
    endloop
  endfacet
  facet normal 0.500022 0 0.866013
    outer loop
      vertex -222.5 2 135.698
      vertex -229 6 139.451
      vertex -229 2 139.451
    endloop
  endfacet
  facet normal -1 0 0
    outer loop
      vertex -216 2 139.451
      vertex -216 6 146.957
      vertex -216 6 139.451
    endloop
  endfacet
  facet normal -1 -0 0
    outer loop
      vertex -216 6 146.957
      vertex -216 2 139.451
      vertex -216 2 146.957
    endloop
  endfacet
  facet normal 0.500022 0 -0.866013
    outer loop
      vertex -229 2 146.957
      vertex -222.5 6 150.71
      vertex -222.5 2 150.71
    endloop
  endfacet
  facet normal 0.500022 0 -0.866013
    outer loop
      vertex -222.5 6 150.71
      vertex -229 2 146.957
      vertex -229 6 146.957
    endloop
  endfacet
  facet normal 1 -0 0
    outer loop
      vertex -229 2 146.957
      vertex -229 6 139.451
      vertex -229 6 146.957
    endloop
  endfacet
  facet normal 1 0 0
    outer loop
      vertex -229 6 139.451
      vertex -229 2 146.957
      vertex -229 2 139.451
    endloop
  endfacet
  facet normal -0.500022 0 -0.866013
    outer loop
      vertex -222.5 2 150.71
      vertex -216 6 146.957
      vertex -216 2 146.957
    endloop
  endfacet
  facet normal -0.500022 0 -0.866013
    outer loop
      vertex -216 6 146.957
      vertex -222.5 2 150.71
      vertex -222.5 6 150.71
    endloop
  endfacet
  facet normal 1 -0 0
    outer loop
      vertex -226 33.1754 4
      vertex -226 41.65 0
      vertex -226 41.65 4
    endloop
  endfacet
  facet normal 1 0 0
    outer loop
      vertex -226 33 0
      vertex -226 33.1754 4
      vertex -226 33 4
    endloop
  endfacet
  facet normal 1 0 0
    outer loop
      vertex -226 33.1754 4
      vertex -226 33 0
      vertex -226 41.65 0
    endloop
  endfacet
  facet normal -1 0 0
    outer loop
      vertex -20 41.65 0
      vertex -20 33.1754 4
      vertex -20 41.65 4
    endloop
  endfacet
  facet normal -1 0 0
    outer loop
      vertex -20 33 0
      vertex -20 33.1754 4
      vertex -20 41.65 0
    endloop
  endfacet
  facet normal -1 -0 0
    outer loop
      vertex -20 33.1754 4
      vertex -20 33 0
      vertex -20 33 4
    endloop
  endfacet
  facet normal 0 -1 0
    outer loop
      vertex -226 41.65 0
      vertex -20 41.65 4
      vertex -226 41.65 4
    endloop
  endfacet
  facet normal 0 -1 -0
    outer loop
      vertex -20 41.65 4
      vertex -226 41.65 0
      vertex -20 41.65 0
    endloop
  endfacet
  facet normal 0 1 -0
    outer loop
      vertex -20 33 0
      vertex -226 33 4
      vertex -20 33 4
    endloop
  endfacet
  facet normal 0 1 0
    outer loop
      vertex -226 33 4
      vertex -20 33 0
      vertex -226 33 0
    endloop
  endfacet
  facet normal 0 1 -0
    outer loop
      vertex -8 43.65 4
      vertex -20 43.65 14
      vertex -8 43.65 14
    endloop
  endfacet
  facet normal 0 1 0
    outer loop
      vertex -20 43.65 14
      vertex -8 43.65 4
      vertex -20 43.65 4
    endloop
  endfacet
  facet normal -1 0 0
    outer loop
      vertex -20 43.5 4
      vertex -20 43.65 14
      vertex -20 43.65 4
    endloop
  endfacet
  facet normal -1 0 0
    outer loop
      vertex -20 43.5 4
      vertex -20 43.1754 14
      vertex -20 43.65 14
    endloop
  endfacet
  facet normal -1 0 0
    outer loop
      vertex -20 41.65 4
      vertex -20 43.1754 14
      vertex -20 43.5 4
    endloop
  endfacet
  facet normal -1 0 0
    outer loop
      vertex -20 43.1754 14
      vertex -20 41.65 4
      vertex -20 33.1754 4
    endloop
  endfacet
  facet normal 0 -0.707107 0.707107
    outer loop
      vertex -20 43.1754 14
      vertex -11 39.1754 10
      vertex -8 43.1754 14
    endloop
  endfacet
  facet normal 0 -0.707107 0.707107
    outer loop
      vertex -20 33.1754 4
      vertex -11 39.1754 10
      vertex -20 43.1754 14
    endloop
  endfacet
  facet normal 0 -0.707107 0.707107
    outer loop
      vertex -11 39.1754 10
      vertex -20 33.1754 4
      vertex -11 36.1754 7
    endloop
  endfacet
  facet normal 0 -0.707107 0.707107
    outer loop
      vertex -11 36.1754 7
      vertex -20 33.1754 4
      vertex -8 33.1754 4
    endloop
  endfacet
  facet normal 0 -0.707107 0.707107
    outer loop
      vertex -8 43.1754 14
      vertex -11 39.1754 10
      vertex -8 39.1754 10
    endloop
  endfacet
  facet normal -0 0 1
    outer loop
      vertex -20 43.65 14
      vertex -8 43.5 14
      vertex -8 43.65 14
    endloop
  endfacet
  facet normal 0 0 1
    outer loop
      vertex -20 43.1754 14
      vertex -8 43.5 14
      vertex -20 43.65 14
    endloop
  endfacet
  facet normal 0 0 1
    outer loop
      vertex -8 43.5 14
      vertex -20 43.1754 14
      vertex -8 43.1754 14
    endloop
  endfacet
  facet normal 1 0 0
    outer loop
      vertex -226 43.65 14
      vertex -226 43.5 4
      vertex -226 43.65 4
    endloop
  endfacet
  facet normal 1 -0 0
    outer loop
      vertex -226 43.1754 14
      vertex -226 43.5 4
      vertex -226 43.65 14
    endloop
  endfacet
  facet normal 1 0 0
    outer loop
      vertex -226 43.1754 14
      vertex -226 41.65 4
      vertex -226 43.5 4
    endloop
  endfacet
  facet normal 1 0 -0
    outer loop
      vertex -226 41.65 4
      vertex -226 43.1754 14
      vertex -226 33.1754 4
    endloop
  endfacet
  facet normal 0 1 -0
    outer loop
      vertex -226 43.65 4
      vertex -242 43.65 14
      vertex -226 43.65 14
    endloop
  endfacet
  facet normal 0 1 0
    outer loop
      vertex -242 43.65 14
      vertex -226 43.65 4
      vertex -242 43.65 4
    endloop
  endfacet
  facet normal 0 -0.707107 0.707107
    outer loop
      vertex -240 40.1754 11
      vertex -242 43.1754 14
      vertex -242 40.1754 11
    endloop
  endfacet
  facet normal 0 -0.707107 0.707107
    outer loop
      vertex -235 39.1754 10
      vertex -242 43.1754 14
      vertex -240 40.1754 11
    endloop
  endfacet
  facet normal 0 -0.707107 0.707107
    outer loop
      vertex -238 39.1754 10
      vertex -240 40.1754 11
      vertex -240 39.1754 10
    endloop
  endfacet
  facet normal 0 -0.707107 0.707107
    outer loop
      vertex -235 39.1754 10
      vertex -240 40.1754 11
      vertex -238 39.1754 10
    endloop
  endfacet
  facet normal 0 -0.707107 0.707107
    outer loop
      vertex -242 43.1754 14
      vertex -235 39.1754 10
      vertex -226 43.1754 14
    endloop
  endfacet
  facet normal 0 -0.707107 0.707107
    outer loop
      vertex -226 33.1754 4
      vertex -235 39.1754 10
      vertex -235 36.1754 7
    endloop
  endfacet
  facet normal 0 -0.707107 0.707107
    outer loop
      vertex -226 33.1754 4
      vertex -235 36.1754 7
      vertex -238 33.1754 4
    endloop
  endfacet
  facet normal 0 -0.707107 0.707107
    outer loop
      vertex -235 39.1754 10
      vertex -226 33.1754 4
      vertex -226 43.1754 14
    endloop
  endfacet
  facet normal -0 0 1
    outer loop
      vertex -242 43.65 14
      vertex -226 43.1754 14
      vertex -226 43.65 14
    endloop
  endfacet
  facet normal 0 0 1
    outer loop
      vertex -226 43.1754 14
      vertex -242 43.65 14
      vertex -242 43.1754 14
    endloop
  endfacet
  facet normal 1 0 0
    outer loop
      vertex -235 36.1754 151.733
      vertex -235 39.1754 145.5
      vertex -235 39.1069 146.544
    endloop
  endfacet
  facet normal 1 0 0
    outer loop
      vertex -235 36.1754 151.733
      vertex -235 39.1069 146.544
      vertex -235 38.9028 147.571
    endloop
  endfacet
  facet normal 1 0 0
    outer loop
      vertex -235 36.1754 151.733
      vertex -235 38.9028 147.571
      vertex -235 38.5664 148.561
    endloop
  endfacet
  facet normal 1 0 0
    outer loop
      vertex -235 36.1754 151.733
      vertex -235 38.5664 148.561
      vertex -235 38.1036 149.5
    endloop
  endfacet
  facet normal 1 0 0
    outer loop
      vertex -235 36.1754 151.733
      vertex -235 38.1036 149.5
      vertex -235 37.5222 150.37
    endloop
  endfacet
  facet normal 1 0 0
    outer loop
      vertex -235 36.1754 151.733
      vertex -235 37.5222 150.37
      vertex -235 36.8322 151.157
    endloop
  endfacet
  facet normal 1 0 0
    outer loop
      vertex -235 39.1754 145.5
      vertex -235 36.1754 151.733
      vertex -235 36.1754 7
    endloop
  endfacet
  facet normal 1 0 0
    outer loop
      vertex -235 39.1754 145.5
      vertex -235 36.1754 7
      vertex -235 39.1754 10
    endloop
  endfacet
  facet normal 0.70814 -0.706065 0.00298548
    outer loop
      vertex -236 35.1754 152.428
      vertex -235 36.1754 151.733
      vertex -235.13 36.0455 151.847
    endloop
  endfacet
  facet normal 0.707107 -0.707107 0
    outer loop
      vertex -235 36.1754 151.733
      vertex -236 35.1754 152.428
      vertex -238 33.1754 153.241
    endloop
  endfacet
  facet normal 0.707809 -0.706396 0.00347565
    outer loop
      vertex -238 33.1754 153.241
      vertex -236 35.1754 152.428
      vertex -236.939 34.2368 152.891
    endloop
  endfacet
  facet normal 0.700075 -0.712956 -0.0398631
    outer loop
      vertex -238 33.1754 153.241
      vertex -236.939 34.2368 152.891
      vertex -237.929 33.2459 153.227
    endloop
  endfacet
  facet normal 0.707107 -0.707107 0
    outer loop
      vertex -235 36.1754 151.733
      vertex -238 33.1754 153.241
      vertex -235 36.1754 7
    endloop
  endfacet
  facet normal 0.707107 -0.707107 0
    outer loop
      vertex -235 36.1754 7
      vertex -238 33.1754 153.241
      vertex -238 33.1754 4
    endloop
  endfacet
  facet normal 0 1 -0
    outer loop
      vertex -235 39.1754 10
      vertex -238 39.1754 145.5
      vertex -235 39.1754 145.5
    endloop
  endfacet
  facet normal 0 1 0
    outer loop
      vertex -238 39.1754 145.5
      vertex -235 39.1754 10
      vertex -238 39.1754 10
    endloop
  endfacet
  facet normal 0 1 0
    outer loop
      vertex -8 39.1754 63.801
      vertex -8 39.1754 10
      vertex -9 39.1754 63.801
    endloop
  endfacet
  facet normal 0 1 0
    outer loop
      vertex -9 39.1754 65
      vertex -8 39.1754 145.5
      vertex -8 39.1754 65
    endloop
  endfacet
  facet normal 0 1 0
    outer loop
      vertex -8 39.1754 145.5
      vertex -9 39.1754 65
      vertex -11 39.1754 145.5
    endloop
  endfacet
  facet normal 0 1 0
    outer loop
      vertex -11 39.1754 10
      vertex -9 39.1754 65
      vertex -9 39.1754 63.801
    endloop
  endfacet
  facet normal 0 1 0
    outer loop
      vertex -11 39.1754 10
      vertex -9 39.1754 63.801
      vertex -8 39.1754 10
    endloop
  endfacet
  facet normal 0 1 0
    outer loop
      vertex -9 39.1754 65
      vertex -11 39.1754 10
      vertex -11 39.1754 145.5
    endloop
  endfacet
  facet normal -1 0 0
    outer loop
      vertex -11 36.1754 7
      vertex -11 39.1754 145.5
      vertex -11 39.1754 10
    endloop
  endfacet
  facet normal -1 0 0
    outer loop
      vertex -11 36.1754 151.733
      vertex -11 39.1754 145.5
      vertex -11 36.1754 7
    endloop
  endfacet
  facet normal -1 0 0
    outer loop
      vertex -11 39.1754 145.5
      vertex -11 36.1754 151.733
      vertex -11 39.1069 146.544
    endloop
  endfacet
  facet normal -1 0 0
    outer loop
      vertex -11 39.1069 146.544
      vertex -11 36.1754 151.733
      vertex -11 38.9028 147.571
    endloop
  endfacet
  facet normal -1 0 0
    outer loop
      vertex -11 38.9028 147.571
      vertex -11 36.1754 151.733
      vertex -11 38.5664 148.561
    endloop
  endfacet
  facet normal -1 0 0
    outer loop
      vertex -11 38.5664 148.561
      vertex -11 36.1754 151.733
      vertex -11 38.1036 149.5
    endloop
  endfacet
  facet normal -1 0 0
    outer loop
      vertex -11 38.1036 149.5
      vertex -11 36.1754 151.733
      vertex -11 37.5222 150.37
    endloop
  endfacet
  facet normal -1 0 0
    outer loop
      vertex -11 37.5222 150.37
      vertex -11 36.1754 151.733
      vertex -11 36.8322 151.157
    endloop
  endfacet
  facet normal -0.707107 -0.707107 0
    outer loop
      vertex -8 33.1754 153.241
      vertex -11 36.1754 151.733
      vertex -11 36.1754 7
    endloop
  endfacet
  facet normal -0.707107 -0.707107 0
    outer loop
      vertex -10 35.1754 152.428
      vertex -11 36.1754 151.733
      vertex -8 33.1754 153.241
    endloop
  endfacet
  facet normal -0.707107 -0.707107 -2.11821e-13
    outer loop
      vertex -11 36.1754 151.733
      vertex -10 35.1754 152.428
      vertex -10.8701 36.0455 151.847
    endloop
  endfacet
  facet normal -0.706965 -0.707248 -0.000694302
    outer loop
      vertex -10 35.1754 152.428
      vertex -8 33.1754 153.241
      vertex -9.06148 34.2368 152.891
    endloop
  endfacet
  facet normal -0.707107 -0.707107 -0
    outer loop
      vertex -8 33.1754 153.241
      vertex -11 36.1754 7
      vertex -8 33.1754 4
    endloop
  endfacet
  facet normal -0.706385 -0.707816 -0.00417725
    outer loop
      vertex -9.06148 34.2368 152.891
      vertex -8 33.1754 153.241
      vertex -8.07056 33.2459 153.227
    endloop
  endfacet
  facet normal 0 -0.707107 0.707107
    outer loop
      vertex -242 29.0038 20.9161
      vertex -238 22.9161 14.8284
      vertex -238 29.0038 20.9161
    endloop
  endfacet
  facet normal 0 -0.707107 0.707107
    outer loop
      vertex -238 22.9161 14.8284
      vertex -242 29.0038 20.9161
      vertex -242 22.9161 14.8284
    endloop
  endfacet
  facet normal -1.73992e-18 0.805469 0.592638
    outer loop
      vertex -238 11.1716 20.9161
      vertex -242 10.4582 21.8857
      vertex -238 10.4582 21.8857
    endloop
  endfacet
  facet normal -1.73992e-18 0.805469 0.592638
    outer loop
      vertex -242 10.4582 21.8857
      vertex -238 11.1716 20.9161
      vertex -242 11.1716 20.9161
    endloop
  endfacet
  facet normal 1.08754e-17 0.707113 -0.707101
    outer loop
      vertex -238 11.1716 65.8339
      vertex -242 17.2592 71.9216
      vertex -238 17.2592 71.9216
    endloop
  endfacet
  facet normal 1.08754e-17 0.707113 -0.707101
    outer loop
      vertex -242 17.2592 71.9216
      vertex -238 11.1716 65.8339
      vertex -242 11.1716 65.8339
    endloop
  endfacet
  facet normal 7.26969e-19 0.970936 0.239339
    outer loop
      vertex -238 10.4582 21.8857
      vertex -242 10 23.7445
      vertex -238 10 23.7445
    endloop
  endfacet
  facet normal 7.26969e-19 0.970936 0.239339
    outer loop
      vertex -242 10 23.7445
      vertex -238 10.4582 21.8857
      vertex -242 10.4582 21.8857
    endloop
  endfacet
  facet normal -0 0.0603815 0.998175
    outer loop
      vertex -242 20.8087 13.7224
      vertex -238 18.8977 13.838
      vertex -238 20.8087 13.7224
    endloop
  endfacet
  facet normal 0 0.0603815 0.998175
    outer loop
      vertex -238 18.8977 13.838
      vertex -242 20.8087 13.7224
      vertex -242 18.8977 13.838
    endloop
  endfacet
  facet normal 0 0.46469 -0.885474
    outer loop
      vertex -242 17.2592 71.9216
      vertex -238 19.3667 73.0276
      vertex -238 17.2592 71.9216
    endloop
  endfacet
  facet normal 0 0.46469 -0.885474
    outer loop
      vertex -238 19.3667 73.0276
      vertex -242 17.2592 71.9216
      vertex -242 19.3667 73.0276
    endloop
  endfacet
  facet normal -7.14252e-19 -0.988605 0.150534
    outer loop
      vertex -242 29.9942 22.5545
      vertex -238 30.1754 23.7445
      vertex -242 30.1754 23.7445
    endloop
  endfacet
  facet normal -7.14252e-19 -0.988605 0.150534
    outer loop
      vertex -238 30.1754 23.7445
      vertex -242 29.9942 22.5545
      vertex -238 29.9942 22.5545
    endloop
  endfacet
  facet normal 2.63874e-18 -0.855792 0.51732
    outer loop
      vertex -242 29.0038 20.9161
      vertex -238 29.9942 22.5545
      vertex -242 29.9942 22.5545
    endloop
  endfacet
  facet normal 2.63874e-18 -0.855792 0.51732
    outer loop
      vertex -238 29.9942 22.5545
      vertex -242 29.0038 20.9161
      vertex -238 29.0038 20.9161
    endloop
  endfacet
  facet normal 8.77717e-17 0.707113 0.707101
    outer loop
      vertex -238 17.2592 14.8284
      vertex -242 11.1716 20.9161
      vertex -238 11.1716 20.9161
    endloop
  endfacet
  facet normal 8.77717e-17 0.707113 0.707101
    outer loop
      vertex -242 11.1716 20.9161
      vertex -238 17.2592 14.8284
      vertex -242 17.2592 14.8284
    endloop
  endfacet
  facet normal -8.33793e-17 -0.707107 -0.707107
    outer loop
      vertex -242 29.0038 65.8339
      vertex -238 22.9161 71.9216
      vertex -242 22.9161 71.9216
    endloop
  endfacet
  facet normal -8.33793e-17 -0.707107 -0.707107
    outer loop
      vertex -238 22.9161 71.9216
      vertex -242 29.0038 65.8339
      vertex -238 29.0038 65.8339
    endloop
  endfacet
  facet normal -1.73992e-18 -0.805469 -0.592638
    outer loop
      vertex -242 29.7172 64.8643
      vertex -238 29.0038 65.8339
      vertex -242 29.0038 65.8339
    endloop
  endfacet
  facet normal -1.73992e-18 -0.805469 -0.592638
    outer loop
      vertex -238 29.0038 65.8339
      vertex -242 29.7172 64.8643
      vertex -238 29.7172 64.8643
    endloop
  endfacet
  facet normal 0 -0.464707 0.885464
    outer loop
      vertex -242 22.9161 14.8284
      vertex -238 20.8087 13.7224
      vertex -238 22.9161 14.8284
    endloop
  endfacet
  facet normal 0 -0.464707 0.885464
    outer loop
      vertex -238 20.8087 13.7224
      vertex -242 22.9161 14.8284
      vertex -242 20.8087 13.7224
    endloop
  endfacet
  facet normal 0 -1 0
    outer loop
      vertex -242 30.1754 23.7445
      vertex -238 30.1754 63.0054
      vertex -242 30.1754 63.0054
    endloop
  endfacet
  facet normal 0 -1 -0
    outer loop
      vertex -238 30.1754 63.0054
      vertex -242 30.1754 23.7445
      vertex -238 30.1754 23.7445
    endloop
  endfacet
  facet normal 0 -0.51732 -0.855792
    outer loop
      vertex -242 21.2777 72.912
      vertex -238 22.9161 71.9216
      vertex -238 21.2777 72.912
    endloop
  endfacet
  facet normal -0 -0.51732 -0.855792
    outer loop
      vertex -238 22.9161 71.9216
      vertex -242 21.2777 72.912
      vertex -242 22.9161 71.9216
    endloop
  endfacet
  facet normal -2.73308e-18 0.988617 -0.150453
    outer loop
      vertex -238 10 63.0054
      vertex -242 10.1811 64.1954
      vertex -238 10.1811 64.1954
    endloop
  endfacet
  facet normal -2.73308e-18 0.988617 -0.150453
    outer loop
      vertex -242 10.1811 64.1954
      vertex -238 10 63.0054
      vertex -242 10 63.0054
    endloop
  endfacet
  facet normal 0 1 -0
    outer loop
      vertex -238 10 23.7445
      vertex -242 10 63.0054
      vertex -238 10 63.0054
    endloop
  endfacet
  facet normal 0 1 0
    outer loop
      vertex -242 10 63.0054
      vertex -238 10 23.7445
      vertex -242 10 23.7445
    endloop
  endfacet
  facet normal 5.45042e-19 -0.970939 -0.239327
    outer loop
      vertex -242 30.1754 63.0054
      vertex -238 29.7172 64.8643
      vertex -242 29.7172 64.8643
    endloop
  endfacet
  facet normal 5.45042e-19 -0.970939 -0.239327
    outer loop
      vertex -238 29.7172 64.8643
      vertex -242 30.1754 63.0054
      vertex -238 30.1754 63.0054
    endloop
  endfacet
  facet normal -0 0.517297 0.855806
    outer loop
      vertex -242 18.8977 13.838
      vertex -238 17.2592 14.8284
      vertex -238 18.8977 13.838
    endloop
  endfacet
  facet normal 0 0.517297 0.855806
    outer loop
      vertex -238 17.2592 14.8284
      vertex -242 18.8977 13.838
      vertex -242 17.2592 14.8284
    endloop
  endfacet
  facet normal -1.21447e-18 0.855783 -0.517335
    outer loop
      vertex -238 10.1811 64.1954
      vertex -242 11.1716 65.8339
      vertex -238 11.1716 65.8339
    endloop
  endfacet
  facet normal -1.21447e-18 0.855783 -0.517335
    outer loop
      vertex -242 11.1716 65.8339
      vertex -238 10.1811 64.1954
      vertex -242 10.1811 64.1954
    endloop
  endfacet
  facet normal 0 -0.0603815 -0.998175
    outer loop
      vertex -242 19.3667 73.0276
      vertex -238 21.2777 72.912
      vertex -238 19.3667 73.0276
    endloop
  endfacet
  facet normal -0 -0.0603815 -0.998175
    outer loop
      vertex -238 21.2777 72.912
      vertex -242 19.3667 73.0276
      vertex -242 21.2777 72.912
    endloop
  endfacet
  facet normal 0 -0.707107 0.707107
    outer loop
      vertex -242 29.0038 91.6661
      vertex -238 22.9161 85.5784
      vertex -238 29.0038 91.6661
    endloop
  endfacet
  facet normal 0 -0.707107 0.707107
    outer loop
      vertex -238 22.9161 85.5784
      vertex -242 29.0038 91.6661
      vertex -242 22.9161 85.5784
    endloop
  endfacet
  facet normal -1.73992e-18 0.805469 0.592638
    outer loop
      vertex -238 11.1716 91.6661
      vertex -242 10.4582 92.6357
      vertex -238 10.4582 92.6357
    endloop
  endfacet
  facet normal -1.73992e-18 0.805469 0.592638
    outer loop
      vertex -242 10.4582 92.6357
      vertex -238 11.1716 91.6661
      vertex -242 11.1716 91.6661
    endloop
  endfacet
  facet normal -4.47448e-18 0.70713 -0.707084
    outer loop
      vertex -238 11.1716 136.584
      vertex -242 17.2592 142.672
      vertex -238 17.2592 142.672
    endloop
  endfacet
  facet normal -4.47448e-18 0.70713 -0.707084
    outer loop
      vertex -242 17.2592 142.672
      vertex -238 11.1716 136.584
      vertex -242 11.1716 136.584
    endloop
  endfacet
  facet normal 5.6215e-18 0.970936 0.239339
    outer loop
      vertex -238 10.4582 92.6357
      vertex -242 10 94.4945
      vertex -238 10 94.4945
    endloop
  endfacet
  facet normal 5.6215e-18 0.970936 0.239339
    outer loop
      vertex -242 10 94.4945
      vertex -238 10.4582 92.6357
      vertex -242 10.4582 92.6357
    endloop
  endfacet
  facet normal -0 0.0603815 0.998175
    outer loop
      vertex -242 20.8087 84.4724
      vertex -238 18.8977 84.588
      vertex -238 20.8087 84.4724
    endloop
  endfacet
  facet normal 0 0.0603815 0.998175
    outer loop
      vertex -238 18.8977 84.588
      vertex -242 20.8087 84.4724
      vertex -242 18.8977 84.588
    endloop
  endfacet
  facet normal 0 0.46469 -0.885474
    outer loop
      vertex -242 17.2592 142.672
      vertex -238 19.3667 143.778
      vertex -238 17.2592 142.672
    endloop
  endfacet
  facet normal 0 0.46469 -0.885474
    outer loop
      vertex -238 19.3667 143.778
      vertex -242 17.2592 142.672
      vertex -242 19.3667 143.778
    endloop
  endfacet
  facet normal -7.14252e-19 -0.988605 0.150534
    outer loop
      vertex -242 29.9942 93.3045
      vertex -238 30.1754 94.4945
      vertex -242 30.1754 94.4945
    endloop
  endfacet
  facet normal -7.14252e-19 -0.988605 0.150534
    outer loop
      vertex -238 30.1754 94.4945
      vertex -242 29.9942 93.3045
      vertex -238 29.9942 93.3045
    endloop
  endfacet
  facet normal -1.81495e-18 -0.855792 0.51732
    outer loop
      vertex -242 29.0038 91.6661
      vertex -238 29.9942 93.3045
      vertex -242 29.9942 93.3045
    endloop
  endfacet
  facet normal -1.81495e-18 -0.855792 0.51732
    outer loop
      vertex -238 29.9942 93.3045
      vertex -242 29.0038 91.6661
      vertex -238 29.0038 91.6661
    endloop
  endfacet
  facet normal -1.08754e-17 0.707113 0.707101
    outer loop
      vertex -238 17.2592 85.5784
      vertex -242 11.1716 91.6661
      vertex -238 11.1716 91.6661
    endloop
  endfacet
  facet normal -1.08754e-17 0.707113 0.707101
    outer loop
      vertex -242 11.1716 91.6661
      vertex -238 17.2592 85.5784
      vertex -242 17.2592 85.5784
    endloop
  endfacet
  facet normal 4.07962e-18 -0.707124 -0.707089
    outer loop
      vertex -242 29.0038 136.584
      vertex -238 22.9161 142.672
      vertex -242 22.9161 142.672
    endloop
  endfacet
  facet normal 4.07962e-18 -0.707124 -0.707089
    outer loop
      vertex -238 22.9161 142.672
      vertex -242 29.0038 136.584
      vertex -238 29.0038 136.584
    endloop
  endfacet
  facet normal 5.81255e-19 -0.805586 -0.592479
    outer loop
      vertex -242 29.7172 135.614
      vertex -238 29.0038 136.584
      vertex -242 29.0038 136.584
    endloop
  endfacet
  facet normal 5.81255e-19 -0.805586 -0.592479
    outer loop
      vertex -238 29.0038 136.584
      vertex -242 29.7172 135.614
      vertex -238 29.7172 135.614
    endloop
  endfacet
  facet normal 0 -0.464707 0.885464
    outer loop
      vertex -242 22.9161 85.5784
      vertex -238 20.8087 84.4724
      vertex -238 22.9161 85.5784
    endloop
  endfacet
  facet normal 0 -0.464707 0.885464
    outer loop
      vertex -238 20.8087 84.4724
      vertex -242 22.9161 85.5784
      vertex -242 20.8087 84.4724
    endloop
  endfacet
  facet normal 0 -1 0
    outer loop
      vertex -242 30.1754 94.4945
      vertex -238 30.1754 133.755
      vertex -242 30.1754 133.755
    endloop
  endfacet
  facet normal 0 -1 -0
    outer loop
      vertex -238 30.1754 133.755
      vertex -242 30.1754 94.4945
      vertex -238 30.1754 94.4945
    endloop
  endfacet
  facet normal 0 -0.517167 -0.855885
    outer loop
      vertex -242 21.2777 143.662
      vertex -238 22.9161 142.672
      vertex -238 21.2777 143.662
    endloop
  endfacet
  facet normal -0 -0.517167 -0.855885
    outer loop
      vertex -238 22.9161 142.672
      vertex -242 21.2777 143.662
      vertex -242 22.9161 142.672
    endloop
  endfacet
  facet normal 9.4706e-19 0.988617 -0.150453
    outer loop
      vertex -238 10 133.755
      vertex -242 10.1811 134.945
      vertex -238 10.1811 134.945
    endloop
  endfacet
  facet normal 9.4706e-19 0.988617 -0.150453
    outer loop
      vertex -242 10.1811 134.945
      vertex -238 10 133.755
      vertex -242 10 133.755
    endloop
  endfacet
  facet normal 0 1 -0
    outer loop
      vertex -238 10 94.4945
      vertex -242 10 133.755
      vertex -238 10 133.755
    endloop
  endfacet
  facet normal 0 1 0
    outer loop
      vertex -242 10 133.755
      vertex -238 10 94.4945
      vertex -242 10 94.4945
    endloop
  endfacet
  facet normal -3.20881e-18 -0.970942 -0.239315
    outer loop
      vertex -242 30.1754 133.755
      vertex -238 29.7172 135.614
      vertex -242 29.7172 135.614
    endloop
  endfacet
  facet normal -3.20881e-18 -0.970942 -0.239315
    outer loop
      vertex -238 29.7172 135.614
      vertex -242 30.1754 133.755
      vertex -238 30.1754 133.755
    endloop
  endfacet
  facet normal -0 0.517297 0.855806
    outer loop
      vertex -242 18.8977 84.588
      vertex -238 17.2592 85.5784
      vertex -238 18.8977 84.588
    endloop
  endfacet
  facet normal 0 0.517297 0.855806
    outer loop
      vertex -238 17.2592 85.5784
      vertex -242 18.8977 84.588
      vertex -242 17.2592 85.5784
    endloop
  endfacet
  facet normal 6.83996e-18 0.855853 -0.517219
    outer loop
      vertex -238 10.1811 134.945
      vertex -242 11.1716 136.584
      vertex -238 11.1716 136.584
    endloop
  endfacet
  facet normal 6.83996e-18 0.855853 -0.517219
    outer loop
      vertex -242 11.1716 136.584
      vertex -238 10.1811 134.945
      vertex -242 10.1811 134.945
    endloop
  endfacet
  facet normal 0 -0.0605897 -0.998163
    outer loop
      vertex -242 19.3667 143.778
      vertex -238 21.2777 143.662
      vertex -238 19.3667 143.778
    endloop
  endfacet
  facet normal -0 -0.0605897 -0.998163
    outer loop
      vertex -238 21.2777 143.662
      vertex -242 19.3667 143.778
      vertex -242 21.2777 143.662
    endloop
  endfacet
  facet normal 0 -0.707107 0.707107
    outer loop
      vertex -8 29.0038 91.6661
      vertex -4 22.9161 85.5784
      vertex -4 29.0038 91.6661
    endloop
  endfacet
  facet normal 0 -0.707107 0.707107
    outer loop
      vertex -4 22.9161 85.5784
      vertex -8 29.0038 91.6661
      vertex -8 22.9161 85.5784
    endloop
  endfacet
  facet normal -1.73992e-18 0.805469 0.592638
    outer loop
      vertex -4 11.1716 91.6661
      vertex -8 10.4582 92.6357
      vertex -4 10.4582 92.6357
    endloop
  endfacet
  facet normal -1.73992e-18 0.805469 0.592638
    outer loop
      vertex -8 10.4582 92.6357
      vertex -4 11.1716 91.6661
      vertex -8 11.1716 91.6661
    endloop
  endfacet
  facet normal -4.47448e-18 0.70713 -0.707084
    outer loop
      vertex -4 11.1716 136.584
      vertex -8 17.2592 142.672
      vertex -4 17.2592 142.672
    endloop
  endfacet
  facet normal -4.47448e-18 0.70713 -0.707084
    outer loop
      vertex -8 17.2592 142.672
      vertex -4 11.1716 136.584
      vertex -8 11.1716 136.584
    endloop
  endfacet
  facet normal 5.6215e-18 0.970936 0.239339
    outer loop
      vertex -4 10.4582 92.6357
      vertex -8 10 94.4945
      vertex -4 10 94.4945
    endloop
  endfacet
  facet normal 5.6215e-18 0.970936 0.239339
    outer loop
      vertex -8 10 94.4945
      vertex -4 10.4582 92.6357
      vertex -8 10.4582 92.6357
    endloop
  endfacet
  facet normal -0 0.0603815 0.998175
    outer loop
      vertex -8 20.8087 84.4724
      vertex -4 18.8977 84.588
      vertex -4 20.8087 84.4724
    endloop
  endfacet
  facet normal 0 0.0603815 0.998175
    outer loop
      vertex -4 18.8977 84.588
      vertex -8 20.8087 84.4724
      vertex -8 18.8977 84.588
    endloop
  endfacet
  facet normal 0 0.46469 -0.885474
    outer loop
      vertex -8 17.2592 142.672
      vertex -4 19.3667 143.778
      vertex -4 17.2592 142.672
    endloop
  endfacet
  facet normal 0 0.46469 -0.885474
    outer loop
      vertex -4 19.3667 143.778
      vertex -8 17.2592 142.672
      vertex -8 19.3667 143.778
    endloop
  endfacet
  facet normal -7.14252e-19 -0.988605 0.150534
    outer loop
      vertex -8 29.9942 93.3045
      vertex -4 30.1754 94.4945
      vertex -8 30.1754 94.4945
    endloop
  endfacet
  facet normal -7.14252e-19 -0.988605 0.150534
    outer loop
      vertex -4 30.1754 94.4945
      vertex -8 29.9942 93.3045
      vertex -4 29.9942 93.3045
    endloop
  endfacet
  facet normal -1.81495e-18 -0.855792 0.51732
    outer loop
      vertex -8 29.0038 91.6661
      vertex -4 29.9942 93.3045
      vertex -8 29.9942 93.3045
    endloop
  endfacet
  facet normal -1.81495e-18 -0.855792 0.51732
    outer loop
      vertex -4 29.9942 93.3045
      vertex -8 29.0038 91.6661
      vertex -4 29.0038 91.6661
    endloop
  endfacet
  facet normal -1.08754e-17 0.707113 0.707101
    outer loop
      vertex -4 17.2592 85.5784
      vertex -8 11.1716 91.6661
      vertex -4 11.1716 91.6661
    endloop
  endfacet
  facet normal -1.08754e-17 0.707113 0.707101
    outer loop
      vertex -8 11.1716 91.6661
      vertex -4 17.2592 85.5784
      vertex -8 17.2592 85.5784
    endloop
  endfacet
  facet normal 4.07962e-18 -0.707124 -0.707089
    outer loop
      vertex -8 29.0038 136.584
      vertex -4 22.9161 142.672
      vertex -8 22.9161 142.672
    endloop
  endfacet
  facet normal 4.07962e-18 -0.707124 -0.707089
    outer loop
      vertex -4 22.9161 142.672
      vertex -8 29.0038 136.584
      vertex -4 29.0038 136.584
    endloop
  endfacet
  facet normal 5.81255e-19 -0.805586 -0.592479
    outer loop
      vertex -8 29.7172 135.614
      vertex -4 29.0038 136.584
      vertex -8 29.0038 136.584
    endloop
  endfacet
  facet normal 5.81255e-19 -0.805586 -0.592479
    outer loop
      vertex -4 29.0038 136.584
      vertex -8 29.7172 135.614
      vertex -4 29.7172 135.614
    endloop
  endfacet
  facet normal 0 -0.464707 0.885464
    outer loop
      vertex -8 22.9161 85.5784
      vertex -4 20.8087 84.4724
      vertex -4 22.9161 85.5784
    endloop
  endfacet
  facet normal 0 -0.464707 0.885464
    outer loop
      vertex -4 20.8087 84.4724
      vertex -8 22.9161 85.5784
      vertex -8 20.8087 84.4724
    endloop
  endfacet
  facet normal 0 -1 0
    outer loop
      vertex -8 30.1754 94.4945
      vertex -4 30.1754 133.755
      vertex -8 30.1754 133.755
    endloop
  endfacet
  facet normal 0 -1 -0
    outer loop
      vertex -4 30.1754 133.755
      vertex -8 30.1754 94.4945
      vertex -4 30.1754 94.4945
    endloop
  endfacet
  facet normal 0 -0.517167 -0.855885
    outer loop
      vertex -8 21.2777 143.662
      vertex -4 22.9161 142.672
      vertex -4 21.2777 143.662
    endloop
  endfacet
  facet normal -0 -0.517167 -0.855885
    outer loop
      vertex -4 22.9161 142.672
      vertex -8 21.2777 143.662
      vertex -8 22.9161 142.672
    endloop
  endfacet
  facet normal 9.4706e-19 0.988617 -0.150453
    outer loop
      vertex -4 10 133.755
      vertex -8 10.1811 134.945
      vertex -4 10.1811 134.945
    endloop
  endfacet
  facet normal 9.4706e-19 0.988617 -0.150453
    outer loop
      vertex -8 10.1811 134.945
      vertex -4 10 133.755
      vertex -8 10 133.755
    endloop
  endfacet
  facet normal 0 1 -0
    outer loop
      vertex -4 10 94.4945
      vertex -8 10 133.755
      vertex -4 10 133.755
    endloop
  endfacet
  facet normal 0 1 0
    outer loop
      vertex -8 10 133.755
      vertex -4 10 94.4945
      vertex -8 10 94.4945
    endloop
  endfacet
  facet normal -3.20881e-18 -0.970942 -0.239315
    outer loop
      vertex -8 30.1754 133.755
      vertex -4 29.7172 135.614
      vertex -8 29.7172 135.614
    endloop
  endfacet
  facet normal -3.20881e-18 -0.970942 -0.239315
    outer loop
      vertex -4 29.7172 135.614
      vertex -8 30.1754 133.755
      vertex -4 30.1754 133.755
    endloop
  endfacet
  facet normal -0 0.517297 0.855806
    outer loop
      vertex -8 18.8977 84.588
      vertex -4 17.2592 85.5784
      vertex -4 18.8977 84.588
    endloop
  endfacet
  facet normal 0 0.517297 0.855806
    outer loop
      vertex -4 17.2592 85.5784
      vertex -8 18.8977 84.588
      vertex -8 17.2592 85.5784
    endloop
  endfacet
  facet normal 6.83996e-18 0.855853 -0.517219
    outer loop
      vertex -4 10.1811 134.945
      vertex -8 11.1716 136.584
      vertex -4 11.1716 136.584
    endloop
  endfacet
  facet normal 6.83996e-18 0.855853 -0.517219
    outer loop
      vertex -8 11.1716 136.584
      vertex -4 10.1811 134.945
      vertex -8 10.1811 134.945
    endloop
  endfacet
  facet normal 0 -0.0605897 -0.998163
    outer loop
      vertex -8 19.3667 143.778
      vertex -4 21.2777 143.662
      vertex -4 19.3667 143.778
    endloop
  endfacet
  facet normal -0 -0.0605897 -0.998163
    outer loop
      vertex -4 21.2777 143.662
      vertex -8 19.3667 143.778
      vertex -8 21.2777 143.662
    endloop
  endfacet
  facet normal 0 0.997854 0.0654722
    outer loop
      vertex -6 39.1069 146.544
      vertex -8 39.1754 145.5
      vertex -11 39.1069 146.544
    endloop
  endfacet
  facet normal 0 0.997854 0.0654722
    outer loop
      vertex -6 39.1754 145.5
      vertex -8 39.1754 145.5
      vertex -6 39.1069 146.544
    endloop
  endfacet
  facet normal 2.15371e-18 0.997854 0.0654722
    outer loop
      vertex -11 39.1069 146.544
      vertex -8 39.1754 145.5
      vertex -11 39.1754 145.5
    endloop
  endfacet
  facet normal -0 0.997854 0.0654722
    outer loop
      vertex -238 39.1754 145.5
      vertex -235 39.1069 146.544
      vertex -235 39.1754 145.5
    endloop
  endfacet
  facet normal 0 0.997854 0.0654722
    outer loop
      vertex -235 39.1069 146.544
      vertex -238 39.1754 145.5
      vertex -240 39.1069 146.544
    endloop
  endfacet
  facet normal 0 0.997854 0.0654722
    outer loop
      vertex -238 39.1754 145.5
      vertex -240 39.1754 145.5
      vertex -240 39.1069 146.544
    endloop
  endfacet
  facet normal 4.17443e-18 0.65939 0.751801
    outer loop
      vertex -6 36.8322 151.157
      vertex -10.8701 36.0455 151.847
      vertex -6 36.0455 151.847
    endloop
  endfacet
  facet normal -0 0.65939 0.751801
    outer loop
      vertex -11 36.8322 151.157
      vertex -10.8701 36.0455 151.847
      vertex -6 36.8322 151.157
    endloop
  endfacet
  facet normal -0.000465282 0.659347 0.751839
    outer loop
      vertex -10.8701 36.0455 151.847
      vertex -11 36.8322 151.157
      vertex -11 36.1754 151.733
    endloop
  endfacet
  facet normal 0.000464924 0.659347 0.751839
    outer loop
      vertex -235 36.8322 151.157
      vertex -235.13 36.0455 151.847
      vertex -235 36.1754 151.733
    endloop
  endfacet
  facet normal -0 0.65939 0.751801
    outer loop
      vertex -240 36.8322 151.157
      vertex -235.13 36.0455 151.847
      vertex -235 36.8322 151.157
    endloop
  endfacet
  facet normal 0 0.65939 0.751801
    outer loop
      vertex -235.13 36.0455 151.847
      vertex -240 36.8322 151.157
      vertex -240 36.0455 151.847
    endloop
  endfacet
  facet normal -4.02743e-05 0.195877 0.980628
    outer loop
      vertex -6 33.2459 153.227
      vertex -8 33.1754 153.241
      vertex -6 32.2196 153.432
    endloop
  endfacet
  facet normal -4.11975e-19 0.194778 0.980847
    outer loop
      vertex -8 33.1754 153.241
      vertex -6 33.2459 153.227
      vertex -8.07056 33.2459 153.227
    endloop
  endfacet
  facet normal 0 0.195958 0.980612
    outer loop
      vertex -6 32.2196 153.432
      vertex -8 33.1754 153.241
      vertex -8 32.2196 153.432
    endloop
  endfacet
  facet normal -0 0.194778 0.980847
    outer loop
      vertex -240 33.2459 153.227
      vertex -238 33.1754 153.241
      vertex -237.929 33.2459 153.227
    endloop
  endfacet
  facet normal 4.02743e-05 0.195877 0.980628
    outer loop
      vertex -240 32.2196 153.432
      vertex -238 33.1754 153.241
      vertex -240 33.2459 153.227
    endloop
  endfacet
  facet normal 3.06175e-20 0.195958 0.980612
    outer loop
      vertex -238 33.1754 153.241
      vertex -240 32.2196 153.432
      vertex -238 32.2196 153.432
    endloop
  endfacet
  facet normal 3.52619e-18 0.896973 0.442086
    outer loop
      vertex -6 38.5664 148.561
      vertex -11 38.1036 149.5
      vertex -6 38.1036 149.5
    endloop
  endfacet
  facet normal 3.52619e-18 0.896973 0.442086
    outer loop
      vertex -11 38.1036 149.5
      vertex -6 38.5664 148.561
      vertex -11 38.5664 148.561
    endloop
  endfacet
  facet normal 3.52619e-18 0.896973 0.442086
    outer loop
      vertex -235 38.5664 148.561
      vertex -240 38.1036 149.5
      vertex -235 38.1036 149.5
    endloop
  endfacet
  facet normal 3.52619e-18 0.896973 0.442086
    outer loop
      vertex -240 38.1036 149.5
      vertex -235 38.5664 148.561
      vertex -240 38.5664 148.561
    endloop
  endfacet
  facet normal 2.11666e-18 0.980819 0.194922
    outer loop
      vertex -6 39.1069 146.544
      vertex -11 38.9028 147.571
      vertex -6 38.9028 147.571
    endloop
  endfacet
  facet normal 2.11666e-18 0.980819 0.194922
    outer loop
      vertex -11 38.9028 147.571
      vertex -6 39.1069 146.544
      vertex -11 39.1069 146.544
    endloop
  endfacet
  facet normal 2.11666e-18 0.980819 0.194922
    outer loop
      vertex -235 39.1069 146.544
      vertex -240 38.9028 147.571
      vertex -235 38.9028 147.571
    endloop
  endfacet
  facet normal 2.11666e-18 0.980819 0.194922
    outer loop
      vertex -240 38.9028 147.571
      vertex -235 39.1069 146.544
      vertex -240 39.1069 146.544
    endloop
  endfacet
  facet normal 9.0019e-18 0.321126 0.947036
    outer loop
      vertex -6 34.2368 152.891
      vertex -8.07056 33.2459 153.227
      vertex -6 33.2459 153.227
    endloop
  endfacet
  facet normal 6.08822e-18 0.321126 0.947036
    outer loop
      vertex -8.07056 33.2459 153.227
      vertex -6 34.2368 152.891
      vertex -9.06148 34.2368 152.891
    endloop
  endfacet
  facet normal -0 0.321126 0.947036
    outer loop
      vertex -240 34.2368 152.891
      vertex -237.929 33.2459 153.227
      vertex -236.939 34.2368 152.891
    endloop
  endfacet
  facet normal 0 0.321126 0.947036
    outer loop
      vertex -237.929 33.2459 153.227
      vertex -240 34.2368 152.891
      vertex -240 33.2459 153.227
    endloop
  endfacet
  facet normal -1.65405e-18 0.946831 0.321731
    outer loop
      vertex -6 38.9028 147.571
      vertex -11 38.5664 148.561
      vertex -6 38.5664 148.561
    endloop
  endfacet
  facet normal -1.65405e-18 0.946831 0.321731
    outer loop
      vertex -11 38.5664 148.561
      vertex -6 38.9028 147.571
      vertex -11 38.9028 147.571
    endloop
  endfacet
  facet normal -1.65405e-18 0.946831 0.321731
    outer loop
      vertex -235 38.9028 147.571
      vertex -240 38.5664 148.561
      vertex -235 38.5664 148.561
    endloop
  endfacet
  facet normal -1.65405e-18 0.946831 0.321731
    outer loop
      vertex -240 38.5664 148.561
      vertex -235 38.9028 147.571
      vertex -240 38.9028 147.571
    endloop
  endfacet
  facet normal -0 0.064984 0.997886
    outer loop
      vertex -8 32.2196 153.432
      vertex -6 31.1754 153.5
      vertex -6 32.2196 153.432
    endloop
  endfacet
  facet normal 0 0.064984 0.997886
    outer loop
      vertex -6 31.1754 153.5
      vertex -8 32.2196 153.432
      vertex -8 31.1754 153.5
    endloop
  endfacet
  facet normal -0 0.064984 0.997886
    outer loop
      vertex -240 32.2196 153.432
      vertex -238 31.1754 153.5
      vertex -238 32.2196 153.432
    endloop
  endfacet
  facet normal 0 0.064984 0.997886
    outer loop
      vertex -238 31.1754 153.5
      vertex -240 32.2196 153.432
      vertex -240 31.1754 153.5
    endloop
  endfacet
  facet normal -5.23821e-18 0.442391 0.896822
    outer loop
      vertex -6 35.1754 152.428
      vertex -9.06148 34.2368 152.891
      vertex -6 34.2368 152.891
    endloop
  endfacet
  facet normal -4.00917e-18 0.442391 0.896822
    outer loop
      vertex -9.06148 34.2368 152.891
      vertex -6 35.1754 152.428
      vertex -10 35.1754 152.428
    endloop
  endfacet
  facet normal -0 0.442391 0.896822
    outer loop
      vertex -240 35.1754 152.428
      vertex -236.939 34.2368 152.891
      vertex -236 35.1754 152.428
    endloop
  endfacet
  facet normal 0 0.442391 0.896822
    outer loop
      vertex -236.939 34.2368 152.891
      vertex -240 35.1754 152.428
      vertex -240 34.2368 152.891
    endloop
  endfacet
  facet normal 1.64967e-18 0.751925 0.659248
    outer loop
      vertex -6 37.5222 150.37
      vertex -11 36.8322 151.157
      vertex -6 36.8322 151.157
    endloop
  endfacet
  facet normal 1.64967e-18 0.751925 0.659248
    outer loop
      vertex -11 36.8322 151.157
      vertex -6 37.5222 150.37
      vertex -11 37.5222 150.37
    endloop
  endfacet
  facet normal 1.64967e-18 0.751925 0.659248
    outer loop
      vertex -235 37.5222 150.37
      vertex -240 36.8322 151.157
      vertex -235 36.8322 151.157
    endloop
  endfacet
  facet normal 1.64967e-18 0.751925 0.659248
    outer loop
      vertex -240 36.8322 151.157
      vertex -235 37.5222 150.37
      vertex -240 37.5222 150.37
    endloop
  endfacet
  facet normal 7.33911e-18 0.831432 0.555626
    outer loop
      vertex -6 38.1036 149.5
      vertex -11 37.5222 150.37
      vertex -6 37.5222 150.37
    endloop
  endfacet
  facet normal 7.33911e-18 0.831432 0.555626
    outer loop
      vertex -11 37.5222 150.37
      vertex -6 38.1036 149.5
      vertex -11 38.1036 149.5
    endloop
  endfacet
  facet normal 7.33911e-18 0.831432 0.555626
    outer loop
      vertex -235 38.1036 149.5
      vertex -240 37.5222 150.37
      vertex -235 37.5222 150.37
    endloop
  endfacet
  facet normal 7.33911e-18 0.831432 0.555626
    outer loop
      vertex -240 37.5222 150.37
      vertex -235 38.1036 149.5
      vertex -240 38.1036 149.5
    endloop
  endfacet
  facet normal -4.3434e-18 0.555318 0.831638
    outer loop
      vertex -6 36.0455 151.847
      vertex -10 35.1754 152.428
      vertex -6 35.1754 152.428
    endloop
  endfacet
  facet normal -3.5674e-18 0.555318 0.831638
    outer loop
      vertex -10 35.1754 152.428
      vertex -6 36.0455 151.847
      vertex -10.8701 36.0455 151.847
    endloop
  endfacet
  facet normal -0 0.555318 0.831638
    outer loop
      vertex -240 36.0455 151.847
      vertex -236 35.1754 152.428
      vertex -235.13 36.0455 151.847
    endloop
  endfacet
  facet normal 0 0.555318 0.831638
    outer loop
      vertex -236 35.1754 152.428
      vertex -240 36.0455 151.847
      vertex -240 35.1754 152.428
    endloop
  endfacet
  facet normal 0.60872 0.793385 -0
    outer loop
      vertex -4.58579 38.5896 65
      vertex -5 38.9074 145.5
      vertex -4.58579 38.5896 145.5
    endloop
  endfacet
  facet normal 0.60872 0.793385 0
    outer loop
      vertex -5 38.9074 145.5
      vertex -4.58579 38.5896 65
      vertex -5 38.9074 65
    endloop
  endfacet
  facet normal 0.793365 0.608746 1.17131e-19
    outer loop
      vertex -4.37041 38.3089 145.5
      vertex -4.58579 38.5896 65
      vertex -4.58579 38.5896 145.5
    endloop
  endfacet
  facet normal 0.793377 0.608731 -8.33482e-08
    outer loop
      vertex -4.26798 38.1754 145.5
      vertex -4.58579 38.5896 65
      vertex -4.37041 38.3089 145.5
    endloop
  endfacet
  facet normal 0 0.999987 0.00514527
    outer loop
      vertex -4.26795 38.1754 145.5
      vertex -4.58579 38.5896 65
      vertex -4.26798 38.1754 145.5
    endloop
  endfacet
  facet normal 0.793341 0.608777 -2.39492e-21
    outer loop
      vertex -4.58579 38.5896 65
      vertex -4.26795 38.1754 145.5
      vertex -4.26795 38.1754 65
    endloop
  endfacet
  facet normal 0.991418 0.130729 0
    outer loop
      vertex -4.06815 37.693 145.5
      vertex -4.06248 37.65 65
      vertex -4.06815 37.693 65
    endloop
  endfacet
  facet normal 0.991443 0.130539 1.03316e-07
    outer loop
      vertex -4 37.1754 145.5
      vertex -4.06248 37.65 65
      vertex -4.06815 37.693 145.5
    endloop
  endfacet
  facet normal 0.991445 0.130522 -0
    outer loop
      vertex -4 37.1754 64
      vertex -4.06248 37.65 65
      vertex -4 37.1754 145.5
    endloop
  endfacet
  facet normal 0.991445 0.130522 0
    outer loop
      vertex -4.06248 37.65 65
      vertex -4 37.1754 64
      vertex -4.06248 37.65 64
    endloop
  endfacet
  facet normal 0 0 -1
    outer loop
      vertex -4.15951 37.9136 145.5
      vertex -4.26795 38.1754 145.5
      vertex -4.26794 38.1754 145.5
    endloop
  endfacet
  facet normal 0.923881 0.38268 0
    outer loop
      vertex -4.26795 38.1754 145.5
      vertex -4.15951 37.9136 145.5
      vertex -4.26795 38.1754 65
    endloop
  endfacet
  facet normal 0.923902 0.382628 -1.98533e-07
    outer loop
      vertex -4.06815 37.693 145.5
      vertex -4.26795 38.1754 65
      vertex -4.15951 37.9136 145.5
    endloop
  endfacet
  facet normal 0.923891 0.382656 1.52808e-19
    outer loop
      vertex -4.26795 38.1754 65
      vertex -4.06815 37.693 145.5
      vertex -4.06815 37.693 65
    endloop
  endfacet
  facet normal 0.382683 0.92388 -0
    outer loop
      vertex -5 38.9074 65
      vertex -5.48236 39.1072 145.5
      vertex -5 38.9074 145.5
    endloop
  endfacet
  facet normal 0.382683 0.92388 0
    outer loop
      vertex -5.48236 39.1072 145.5
      vertex -5 38.9074 65
      vertex -5.48236 39.1072 65
    endloop
  endfacet
  facet normal 0.130623 0.991432 -0
    outer loop
      vertex -5.48236 39.1072 65
      vertex -6 39.1754 145.5
      vertex -5.48236 39.1072 145.5
    endloop
  endfacet
  facet normal 0.130623 0.991432 0
    outer loop
      vertex -6 39.1754 145.5
      vertex -5.48236 39.1072 65
      vertex -6 39.1754 65
    endloop
  endfacet
  facet normal 0 0 1
    outer loop
      vertex -4.26795 31.1755 152.5
      vertex -4.2679 31.1756 152.5
      vertex -4.26794 31.1756 152.5
    endloop
  endfacet
  facet normal 0.838632 -0.419316 0.347665
    outer loop
      vertex -4.26795 31.1755 152.5
      vertex -4.15441 31.1754 152.226
      vertex -4.2679 31.1756 152.5
    endloop
  endfacet
  facet normal 0.923825 -0 0.382814
    outer loop
      vertex -4.26795 6 152.5
      vertex -4.15441 31.1754 152.226
      vertex -4.26795 31.1755 152.5
    endloop
  endfacet
  facet normal 0.923778 1.44034e-06 0.382927
    outer loop
      vertex -4.06815 6 152.018
      vertex -4.15441 31.1754 152.226
      vertex -4.26795 6 152.5
    endloop
  endfacet
  facet normal 0.923717 -1.1509e-19 0.383076
    outer loop
      vertex -4.15441 31.1754 152.226
      vertex -4.06815 6 152.018
      vertex -4.06815 31.1754 152.018
    endloop
  endfacet
  facet normal 0.608961 7.43067e-19 0.7932
    outer loop
      vertex -5 31.1754 153.232
      vertex -4.58579 6 152.914
      vertex -4.58579 31.1754 152.914
    endloop
  endfacet
  facet normal 0.608961 7.43067e-19 0.7932
    outer loop
      vertex -4.58579 6 152.914
      vertex -5 31.1754 153.232
      vertex -5 6 153.232
    endloop
  endfacet
  facet normal 0.38301 -2.64641e-19 0.923744
    outer loop
      vertex -5.48236 31.1754 153.432
      vertex -5 6 153.232
      vertex -5 31.1754 153.232
    endloop
  endfacet
  facet normal 0.38301 -2.64641e-19 0.923744
    outer loop
      vertex -5 6 153.232
      vertex -5.48236 31.1754 153.432
      vertex -5.48236 6 153.432
    endloop
  endfacet
  facet normal 0.130246 -1.32751e-19 0.991482
    outer loop
      vertex -6 31.1754 153.5
      vertex -5.48236 6 153.432
      vertex -5.48236 31.1754 153.432
    endloop
  endfacet
  facet normal 0.130246 -1.32751e-19 0.991482
    outer loop
      vertex -5.48236 6 153.432
      vertex -6 31.1754 153.5
      vertex -6 6 153.5
    endloop
  endfacet
  facet normal 0.79363 0 0.608401
    outer loop
      vertex -4.58579 31.1754 152.914
      vertex -4.58579 6 152.914
      vertex -4.37574 31.1754 152.64
    endloop
  endfacet
  facet normal 0.793199 9.70017e-06 0.608962
    outer loop
      vertex -4.26795 6 152.5
      vertex -4.37574 31.1754 152.64
      vertex -4.58579 6 152.914
    endloop
  endfacet
  facet normal 0.792357 5.26682e-20 0.610058
    outer loop
      vertex -4.37574 31.1754 152.64
      vertex -4.26795 6 152.5
      vertex -4.26795 31.1755 152.5
    endloop
  endfacet
  facet normal 0.991456 0 0.13044
    outer loop
      vertex -4.06815 31.1754 152.018
      vertex -4.06815 6 152.018
      vertex -4 31.1754 151.5
    endloop
  endfacet
  facet normal 0.991456 0 0.13044
    outer loop
      vertex -4 31.1754 151.5
      vertex -4.06815 6 152.018
      vertex -4 6 151.5
    endloop
  endfacet
  facet normal -0 -1 -0
    outer loop
      vertex -4.06814 31.1754 152.018
      vertex -4.06815 31.1754 152.018
      vertex -4 31.1754 151.5
    endloop
  endfacet
  facet normal -1 0 0
    outer loop
      vertex -240 39.1754 10
      vertex -240 40.1754 4
      vertex -240 39.1754 4
    endloop
  endfacet
  facet normal -1 0 0
    outer loop
      vertex -240 40.1754 4
      vertex -240 39.1754 10
      vertex -240 40.1754 11
    endloop
  endfacet
  facet normal 0 -1 0
    outer loop
      vertex -242 40.1754 4
      vertex -240 40.1754 11
      vertex -242 40.1754 11
    endloop
  endfacet
  facet normal 0 -1 -0
    outer loop
      vertex -240 40.1754 11
      vertex -242 40.1754 4
      vertex -240 40.1754 4
    endloop
  endfacet
  facet normal -0.923755 0.382983 4.09271e-20
    outer loop
      vertex -241.932 37.693 4
      vertex -241.732 38.1754 145.5
      vertex -241.732 38.1754 4
    endloop
  endfacet
  facet normal -0.923755 0.382983 4.09271e-20
    outer loop
      vertex -241.732 38.1754 145.5
      vertex -241.932 37.693 4
      vertex -241.932 37.693 145.5
    endloop
  endfacet
  facet normal -0.99148 0.130256 5.82302e-21
    outer loop
      vertex -242 37.1754 4
      vertex -241.932 37.693 145.5
      vertex -241.932 37.693 4
    endloop
  endfacet
  facet normal -0.99148 0.130256 5.82302e-21
    outer loop
      vertex -241.932 37.693 145.5
      vertex -242 37.1754 4
      vertex -242 37.1754 145.5
    endloop
  endfacet
  facet normal -0.793193 0.60897 1.66668e-19
    outer loop
      vertex -241.732 38.1754 4
      vertex -241.414 38.5896 145.5
      vertex -241.414 38.5896 4
    endloop
  endfacet
  facet normal -0.793193 0.60897 1.66668e-19
    outer loop
      vertex -241.414 38.5896 145.5
      vertex -241.732 38.1754 4
      vertex -241.732 38.1754 145.5
    endloop
  endfacet
  facet normal -0.130534 0.991444 0
    outer loop
      vertex -240 39.1754 10
      vertex -240.518 39.1072 145.5
      vertex -240 39.1754 145.5
    endloop
  endfacet
  facet normal -0.130534 0.991444 -1.69713e-20
    outer loop
      vertex -240.518 39.1072 4
      vertex -240 39.1754 10
      vertex -240 39.1754 4
    endloop
  endfacet
  facet normal -0.130534 0.991444 -7.1963e-22
    outer loop
      vertex -240 39.1754 10
      vertex -240.518 39.1072 4
      vertex -240.518 39.1072 145.5
    endloop
  endfacet
  facet normal -0.608914 0.793236 0
    outer loop
      vertex -241 38.9074 4
      vertex -241.414 38.5896 145.5
      vertex -241 38.9074 145.5
    endloop
  endfacet
  facet normal -0.608914 0.793236 0
    outer loop
      vertex -241.414 38.5896 145.5
      vertex -241 38.9074 4
      vertex -241.414 38.5896 4
    endloop
  endfacet
  facet normal -0.382927 0.923778 0
    outer loop
      vertex -240.518 39.1072 4
      vertex -241 38.9074 145.5
      vertex -240.518 39.1072 145.5
    endloop
  endfacet
  facet normal -0.382927 0.923778 0
    outer loop
      vertex -241 38.9074 145.5
      vertex -240.518 39.1072 4
      vertex -241 38.9074 4
    endloop
  endfacet
  facet normal -0.130157 -2.46545e-19 0.991493
    outer loop
      vertex -240.518 31.1754 153.432
      vertex -240 6 153.5
      vertex -240 31.1754 153.5
    endloop
  endfacet
  facet normal -0.130157 -2.46545e-19 0.991493
    outer loop
      vertex -240 6 153.5
      vertex -240.518 31.1754 153.432
      vertex -240.518 6 153.432
    endloop
  endfacet
  facet normal -0.383254 3.65069e-19 0.923643
    outer loop
      vertex -241 31.1754 153.232
      vertex -240.518 6 153.432
      vertex -240.518 31.1754 153.432
    endloop
  endfacet
  facet normal -0.383254 3.65069e-19 0.923643
    outer loop
      vertex -240.518 6 153.432
      vertex -241 31.1754 153.232
      vertex -241 6 153.232
    endloop
  endfacet
  facet normal -0.991493 0 0.130157
    outer loop
      vertex -242 6 151.5
      vertex -241.932 31.1754 152.018
      vertex -242 31.1754 151.5
    endloop
  endfacet
  facet normal -0.991493 0 0.130157
    outer loop
      vertex -241.932 31.1754 152.018
      vertex -242 6 151.5
      vertex -241.932 6 152.018
    endloop
  endfacet
  facet normal -0.793051 0 0.609155
    outer loop
      vertex -241.732 6 152.5
      vertex -241.414 31.1754 152.914
      vertex -241.732 31.1754 152.5
    endloop
  endfacet
  facet normal -0.793051 0 0.609155
    outer loop
      vertex -241.414 31.1754 152.914
      vertex -241.732 6 152.5
      vertex -241.414 6 152.914
    endloop
  endfacet
  facet normal -0.923643 0 0.383254
    outer loop
      vertex -241.932 6 152.018
      vertex -241.732 31.1754 152.5
      vertex -241.932 31.1754 152.018
    endloop
  endfacet
  facet normal -0.923643 0 0.383254
    outer loop
      vertex -241.732 31.1754 152.5
      vertex -241.932 6 152.018
      vertex -241.732 6 152.5
    endloop
  endfacet
  facet normal -0.609155 3.81968e-19 0.793051
    outer loop
      vertex -241.414 31.1754 152.914
      vertex -241 6 153.232
      vertex -241 31.1754 153.232
    endloop
  endfacet
  facet normal -0.609155 3.81968e-19 0.793051
    outer loop
      vertex -241 6 153.232
      vertex -241.414 31.1754 152.914
      vertex -241.414 6 152.914
    endloop
  endfacet
  facet normal 0 0 -1
    outer loop
      vertex -4.58579 38.5896 145.5
      vertex -4.58578 38.5896 145.5
      vertex -4.37041 38.3089 145.5
    endloop
  endfacet
  facet normal 0 0 -1
    outer loop
      vertex -4.58579 38.5896 145.5
      vertex -5 38.9074 145.5
      vertex -4.58578 38.5896 145.5
    endloop
  endfacet
  facet normal 0 -1 0
    outer loop
      vertex -4.58579 31.1754 152.914
      vertex -4.58578 31.1754 152.914
      vertex -5 31.1754 153.232
    endloop
  endfacet
  facet normal -0 -1 -0
    outer loop
      vertex -4.58578 31.1754 152.914
      vertex -4.58579 31.1754 152.914
      vertex -4.37574 31.1754 152.64
    endloop
  endfacet
  facet normal 0.991407 0.130534 0.0085591
    outer loop
      vertex -4.06815 37.6372 146.351
      vertex -4 37.1754 145.5
      vertex -4.06815 37.693 145.5
    endloop
  endfacet
  facet normal 0.991409 0.130518 0.00856786
    outer loop
      vertex -4.06815 37.6372 146.351
      vertex -4 37.124 146.283
      vertex -4 37.1754 145.5
    endloop
  endfacet
  facet normal 0.923603 0.38253 0.0250695
    outer loop
      vertex -4.26794 38.1155 146.414
      vertex -4.15951 37.9136 145.5
      vertex -4.26794 38.1754 145.5
    endloop
  endfacet
  facet normal 0.923612 0.382508 0.0250754
    outer loop
      vertex -4.15951 37.9136 145.5
      vertex -4.26794 38.1155 146.414
      vertex -4.06815 37.693 145.5
    endloop
  endfacet
  facet normal 0.923616 0.382499 0.0250804
    outer loop
      vertex -4.26794 38.1155 146.414
      vertex -4.06815 37.6372 146.351
      vertex -4.06815 37.693 145.5
    endloop
  endfacet
  facet normal 0.792747 0.608243 0.0399003
    outer loop
      vertex -4.58578 38.5261 146.468
      vertex -4.37041 38.3089 145.5
      vertex -4.58578 38.5896 145.5
    endloop
  endfacet
  facet normal 0.792745 0.608246 0.0398992
    outer loop
      vertex -4.37041 38.3089 145.5
      vertex -4.58578 38.5261 146.468
      vertex -4.26798 38.1754 145.5
    endloop
  endfacet
  facet normal 0 0.940198 -0.340628
    outer loop
      vertex -4.26794 38.1754 145.5
      vertex -4.26798 38.1754 145.5
      vertex -4.58578 38.5261 146.468
    endloop
  endfacet
  facet normal 0 0 0
    outer loop
      vertex -4.26798 38.1754 145.5
      vertex -4.26794 38.1754 145.5
      vertex -4.26795 38.1754 145.5
    endloop
  endfacet
  facet normal 0.792667 0.60835 0.0398689
    outer loop
      vertex -4.26794 38.1754 145.5
      vertex -4.58578 38.5261 146.468
      vertex -4.26794 38.1155 146.414
    endloop
  endfacet
  facet normal 0.60789 0.792323 0.0519054
    outer loop
      vertex -5 38.8413 146.509
      vertex -4.58578 38.5896 145.5
      vertex -5 38.9074 145.5
    endloop
  endfacet
  facet normal 0.607996 0.792237 0.0519701
    outer loop
      vertex -5 38.8413 146.509
      vertex -4.58578 38.5261 146.468
      vertex -4.58578 38.5896 145.5
    endloop
  endfacet
  facet normal 0.381984 0.922192 0.0604103
    outer loop
      vertex -5.48236 39.0394 146.535
      vertex -5 38.9074 145.5
      vertex -5.48236 39.1072 145.5
    endloop
  endfacet
  facet normal 0.38199 0.92219 0.060413
    outer loop
      vertex -5.48236 39.0394 146.535
      vertex -5 38.8413 146.509
      vertex -5 38.9074 145.5
    endloop
  endfacet
  facet normal 0.130347 0.989341 0.0649137
    outer loop
      vertex -6 39.1069 146.544
      vertex -5.48236 39.1072 145.5
      vertex -6 39.1754 145.5
    endloop
  endfacet
  facet normal 0.130141 0.989375 0.0648112
    outer loop
      vertex -6 39.1069 146.544
      vertex -5.48236 39.0394 146.535
      vertex -5.48236 39.1072 145.5
    endloop
  endfacet
  facet normal 0.991411 0.128273 0.0255164
    outer loop
      vertex -4.06815 37.4709 147.187
      vertex -4 37.124 146.283
      vertex -4.06815 37.6372 146.351
    endloop
  endfacet
  facet normal 0.991408 0.128293 0.0255086
    outer loop
      vertex -4.06815 37.4709 147.187
      vertex -4 36.9709 147.053
      vertex -4 37.124 146.283
    endloop
  endfacet
  facet normal 0.923617 0.375954 0.0747721
    outer loop
      vertex -4.26794 37.9369 147.312
      vertex -4.06815 37.6372 146.351
      vertex -4.26794 38.1155 146.414
    endloop
  endfacet
  facet normal 0.923626 0.37593 0.0747813
    outer loop
      vertex -4.26794 37.9369 147.312
      vertex -4.06815 37.4709 147.187
      vertex -4.06815 37.6372 146.351
    endloop
  endfacet
  facet normal 0.792661 0.597944 0.11896
    outer loop
      vertex -4.58578 38.3369 147.419
      vertex -4.26794 38.1155 146.414
      vertex -4.58578 38.5261 146.468
    endloop
  endfacet
  facet normal 0.792621 0.598002 0.118934
    outer loop
      vertex -4.58578 38.3369 147.419
      vertex -4.26794 37.9369 147.312
      vertex -4.26794 38.1155 146.414
    endloop
  endfacet
  facet normal 0.607917 0.778747 0.154886
    outer loop
      vertex -5 38.644 147.501
      vertex -4.58578 38.5261 146.468
      vertex -5 38.8413 146.509
    endloop
  endfacet
  facet normal 0.607983 0.778689 0.154919
    outer loop
      vertex -5 38.644 147.501
      vertex -4.58578 38.3369 147.419
      vertex -4.58578 38.5261 146.468
    endloop
  endfacet
  facet normal 0.381973 0.906414 0.180303
    outer loop
      vertex -5.48236 38.8369 147.553
      vertex -5 38.8413 146.509
      vertex -5.48236 39.0394 146.535
    endloop
  endfacet
  facet normal 0.381928 0.906438 0.180282
    outer loop
      vertex -5.48236 38.8369 147.553
      vertex -5 38.644 147.501
      vertex -5 38.8413 146.509
    endloop
  endfacet
  facet normal 0.13017 0.972474 0.193264
    outer loop
      vertex -6 38.9028 147.571
      vertex -5.48236 39.0394 146.535
      vertex -6 39.1069 146.544
    endloop
  endfacet
  facet normal 0.13052 0.972394 0.193428
    outer loop
      vertex -6 38.9028 147.571
      vertex -5.48236 38.8369 147.553
      vertex -5.48236 39.0394 146.535
    endloop
  endfacet
  facet normal 0.991408 0.123859 0.0420536
    outer loop
      vertex -4.06815 37.1969 147.994
      vertex -4 36.9709 147.053
      vertex -4.06815 37.4709 147.187
    endloop
  endfacet
  facet normal 0.991406 0.123878 0.0420487
    outer loop
      vertex -4.06815 37.1969 147.994
      vertex -4 36.7187 147.796
      vertex -4 36.9709 147.053
    endloop
  endfacet
  facet normal 0.923629 0.362934 0.123238
    outer loop
      vertex -4.26794 37.6425 148.179
      vertex -4.06815 37.4709 147.187
      vertex -4.26794 37.9369 147.312
    endloop
  endfacet
  facet normal 0.923622 0.362954 0.123233
    outer loop
      vertex -4.26794 37.6425 148.179
      vertex -4.06815 37.1969 147.994
      vertex -4.06815 37.4709 147.187
    endloop
  endfacet
  facet normal 0.792604 0.577363 0.196039
    outer loop
      vertex -4.58578 38.0252 148.337
      vertex -4.26794 37.9369 147.312
      vertex -4.58578 38.3369 147.419
    endloop
  endfacet
  facet normal 0.792616 0.577345 0.196044
    outer loop
      vertex -4.58578 38.0252 148.337
      vertex -4.26794 37.6425 148.179
      vertex -4.26794 37.9369 147.312
    endloop
  endfacet
  facet normal 0.607941 0.751869 0.255149
    outer loop
      vertex -5 38.3189 148.459
      vertex -4.58578 38.3369 147.419
      vertex -5 38.644 147.501
    endloop
  endfacet
  facet normal 0.608144 0.751678 0.255227
    outer loop
      vertex -5 38.3189 148.459
      vertex -4.58578 38.0252 148.337
      vertex -4.58578 38.3369 147.419
    endloop
  endfacet
  facet normal 0.38199 0.875079 0.297188
    outer loop
      vertex -5.48236 38.5034 148.535
      vertex -5 38.644 147.501
      vertex -5.48236 38.8369 147.553
    endloop
  endfacet
  facet normal 0.381598 0.875301 0.297036
    outer loop
      vertex -5.48236 38.5034 148.535
      vertex -5 38.3189 148.459
      vertex -5 38.644 147.501
    endloop
  endfacet
  facet normal 0.130599 0.938722 0.318976
    outer loop
      vertex -6 38.5664 148.561
      vertex -5.48236 38.8369 147.553
      vertex -6 38.9028 147.571
    endloop
  endfacet
  facet normal 0.130274 0.938815 0.318834
    outer loop
      vertex -6 38.5664 148.561
      vertex -5.48236 38.5034 148.535
      vertex -5.48236 38.8369 147.553
    endloop
  endfacet
  facet normal 0.991406 0.117339 0.0578414
    outer loop
      vertex -4.06815 36.8198 148.759
      vertex -4 36.7187 147.796
      vertex -4.06815 37.1969 147.994
    endloop
  endfacet
  facet normal 0.991411 0.117293 0.0578467
    outer loop
      vertex -4.06815 36.8198 148.759
      vertex -4 36.3715 148.5
      vertex -4 36.7187 147.796
    endloop
  endfacet
  facet normal 0.923636 0.343741 0.169526
    outer loop
      vertex -4.26794 37.2376 149
      vertex -4.06815 37.1969 147.994
      vertex -4.26794 37.6425 148.179
    endloop
  endfacet
  facet normal 0.923588 0.343876 0.169511
    outer loop
      vertex -4.26794 37.2376 149
      vertex -4.06815 36.8198 148.759
      vertex -4.06815 37.1969 147.994
    endloop
  endfacet
  facet normal 0.792571 0.546928 0.269629
    outer loop
      vertex -4.58578 37.5963 149.207
      vertex -4.26794 37.6425 148.179
      vertex -4.58578 38.0252 148.337
    endloop
  endfacet
  facet normal 0.792674 0.546767 0.269654
    outer loop
      vertex -4.58578 37.5963 149.207
      vertex -4.26794 37.2376 149
      vertex -4.26794 37.6425 148.179
    endloop
  endfacet
  facet normal 0.60819 0.711893 0.351159
    outer loop
      vertex -5 37.8715 149.366
      vertex -4.58578 38.0252 148.337
      vertex -5 38.3189 148.459
    endloop
  endfacet
  facet normal 0.607915 0.712163 0.351088
    outer loop
      vertex -5 37.8715 149.366
      vertex -4.58578 37.5963 149.207
      vertex -4.58578 38.0252 148.337
    endloop
  endfacet
  facet normal 0.381523 0.829145 0.408606
    outer loop
      vertex -5.48236 38.0446 149.466
      vertex -5 38.3189 148.459
      vertex -5.48236 38.5034 148.535
    endloop
  endfacet
  facet normal 0.382158 0.828755 0.408804
    outer loop
      vertex -5.48236 38.0446 149.466
      vertex -5 37.8715 149.366
      vertex -5 38.3189 148.459
    endloop
  endfacet
  facet normal 0.130253 0.889331 0.43832
    outer loop
      vertex -6 38.1036 149.5
      vertex -5.48236 38.5034 148.535
      vertex -6 38.5664 148.561
    endloop
  endfacet
  facet normal 0.130156 0.889364 0.438282
    outer loop
      vertex -6 38.1036 149.5
      vertex -5.48236 38.0446 149.466
      vertex -5.48236 38.5034 148.535
    endloop
  endfacet
  facet normal 0.991412 0.108746 0.0726405
    outer loop
      vertex -4.06815 36.3462 149.468
      vertex -4 36.3715 148.5
      vertex -4.06815 36.8198 148.759
    endloop
  endfacet
  facet normal 0.991406 0.108795 0.0726414
    outer loop
      vertex -4.06815 36.3462 149.468
      vertex -4 35.9355 149.153
      vertex -4 36.3715 148.5
    endloop
  endfacet
  facet normal 0.923581 0.318747 0.21307
    outer loop
      vertex -4.26794 36.7289 149.761
      vertex -4.06815 36.8198 148.759
      vertex -4.26794 37.2376 149
    endloop
  endfacet
  facet normal 0.923498 0.318983 0.213075
    outer loop
      vertex -4.26794 36.7289 149.761
      vertex -4.06815 36.3462 149.468
      vertex -4.06815 36.8198 148.759
    endloop
  endfacet
  facet normal 0.792662 0.506843 0.338817
    outer loop
      vertex -4.58578 37.0575 150.013
      vertex -4.26794 37.2376 149
      vertex -4.58578 37.5963 149.207
    endloop
  endfacet
  facet normal 0.792651 0.50686 0.338817
    outer loop
      vertex -4.58578 37.0575 150.013
      vertex -4.26794 36.7289 149.761
      vertex -4.26794 37.2376 149
    endloop
  endfacet
  facet normal 0.607934 0.66019 0.441095
    outer loop
      vertex -5 37.3096 150.207
      vertex -4.58578 37.5963 149.207
      vertex -5 37.8715 149.366
    endloop
  endfacet
  facet normal 0.608226 0.659897 0.441132
    outer loop
      vertex -5 37.3096 150.207
      vertex -4.58578 37.0575 150.013
      vertex -4.58578 37.5963 149.207
    endloop
  endfacet
  facet normal 0.38217 0.768411 0.513313
    outer loop
      vertex -5.48236 37.4681 150.329
      vertex -5 37.8715 149.366
      vertex -5.48236 38.0446 149.466
    endloop
  endfacet
  facet normal 0.382302 0.768325 0.513343
    outer loop
      vertex -5.48236 37.4681 150.329
      vertex -5 37.3096 150.207
      vertex -5 37.8715 149.366
    endloop
  endfacet
  facet normal 0.130144 0.824361 0.550901
    outer loop
      vertex -6 37.5222 150.37
      vertex -5.48236 38.0446 149.466
      vertex -6 38.1036 149.5
    endloop
  endfacet
  facet normal 0.129795 0.824497 0.550779
    outer loop
      vertex -6 37.5222 150.37
      vertex -5.48236 37.4681 150.329
      vertex -5.48236 38.0446 149.466
    endloop
  endfacet
  facet normal 0.991406 0.0983503 0.0862598
    outer loop
      vertex -4.06815 35.784 150.109
      vertex -4 35.9355 149.153
      vertex -4.06815 36.3462 149.468
    endloop
  endfacet
  facet normal 0.991407 0.0983434 0.0862588
    outer loop
      vertex -4.06815 35.784 150.109
      vertex -4 35.418 149.743
      vertex -4 35.9355 149.153
    endloop
  endfacet
  facet normal 0.923483 0.288525 0.252847
    outer loop
      vertex -4.26794 36.1251 150.45
      vertex -4.06815 36.3462 149.468
      vertex -4.26794 36.7289 149.761
    endloop
  endfacet
  facet normal 0.923586 0.288236 0.252803
    outer loop
      vertex -4.26794 36.1251 150.45
      vertex -4.06815 35.784 150.109
      vertex -4.06815 36.3462 149.468
    endloop
  endfacet
  facet normal 0.792647 0.458598 0.401744
    outer loop
      vertex -4.58578 36.418 150.743
      vertex -4.26794 36.7289 149.761
      vertex -4.58578 37.0575 150.013
    endloop
  endfacet
  facet normal 0.792767 0.458409 0.401723
    outer loop
      vertex -4.58578 36.418 150.743
      vertex -4.26794 36.1251 150.45
      vertex -4.26794 36.7289 149.761
    endloop
  endfacet
  facet normal 0.608285 0.596633 0.523467
    outer loop
      vertex -5 36.6428 150.967
      vertex -4.58578 37.0575 150.013
      vertex -5 37.3096 150.207
    endloop
  endfacet
  facet normal 0.607377 0.597553 0.523473
    outer loop
      vertex -5 36.6428 150.967
      vertex -4.58578 36.418 150.743
      vertex -4.58578 37.0575 150.013
    endloop
  endfacet
  facet normal 0.382367 0.694682 0.609272
    outer loop
      vertex -5.48236 36.784 151.109
      vertex -5 37.3096 150.207
      vertex -5.48236 37.4681 150.329
    endloop
  endfacet
  facet normal 0.382667 0.69448 0.609314
    outer loop
      vertex -5.48236 36.784 151.109
      vertex -5 36.6428 150.967
      vertex -5 37.3096 150.207
    endloop
  endfacet
  facet normal 0.129697 0.745574 0.65368
    outer loop
      vertex -6 36.8322 151.157
      vertex -5.48236 37.4681 150.329
      vertex -6 37.5222 150.37
    endloop
  endfacet
  facet normal 0.130035 0.745429 0.653779
    outer loop
      vertex -6 36.8322 151.157
      vertex -5.48236 36.784 151.109
      vertex -5.48236 37.4681 150.329
    endloop
  endfacet
  facet normal 0.991407 0.0862469 0.0983552
    outer loop
      vertex -4.06815 35.1431 150.671
      vertex -4 35.418 149.743
      vertex -4.06815 35.784 150.109
    endloop
  endfacet
  facet normal 0.991419 0.0861458 0.0983261
    outer loop
      vertex -4.06815 35.1431 150.671
      vertex -4 34.8279 150.26
      vertex -4 35.418 149.743
    endloop
  endfacet
  facet normal 0.923577 0.252633 0.288412
    outer loop
      vertex -4.26794 35.4367 151.053
      vertex -4.06815 35.784 150.109
      vertex -4.26794 36.1251 150.45
    endloop
  endfacet
  facet normal 0.923444 0.253 0.288519
    outer loop
      vertex -4.26794 35.4367 151.053
      vertex -4.06815 35.1431 150.671
      vertex -4.06815 35.784 150.109
    endloop
  endfacet
  facet normal 0.792774 0.401738 0.458384
    outer loop
      vertex -4.58578 35.6889 151.382
      vertex -4.26794 36.1251 150.45
      vertex -4.58578 36.418 150.743
    endloop
  endfacet
  facet normal 0.792956 0.401458 0.458314
    outer loop
      vertex -4.58578 35.6889 151.382
      vertex -4.26794 35.4367 151.053
      vertex -4.26794 36.1251 150.45
    endloop
  endfacet
  facet normal 0.607302 0.523858 0.597292
    outer loop
      vertex -5 35.8823 151.634
      vertex -4.58578 36.418 150.743
      vertex -5 36.6428 150.967
    endloop
  endfacet
  facet normal 0.60773 0.523429 0.597233
    outer loop
      vertex -5 35.8823 151.634
      vertex -4.58578 35.6889 151.382
      vertex -4.58578 36.418 150.743
    endloop
  endfacet
  facet normal 0.382782 0.609108 0.694597
    outer loop
      vertex -5.48236 36.004 151.793
      vertex -5 36.6428 150.967
      vertex -5.48236 36.784 151.109
    endloop
  endfacet
  facet normal 0.382658 0.609194 0.694591
    outer loop
      vertex -5.48236 36.004 151.793
      vertex -5 35.8823 151.634
      vertex -5 36.6428 150.967
    endloop
  endfacet
  facet normal 0.13 0.653795 0.745421
    outer loop
      vertex -6 36.0455 151.847
      vertex -5.48236 36.784 151.109
      vertex -6 36.8322 151.157
    endloop
  endfacet
  facet normal 0.130175 0.653713 0.745462
    outer loop
      vertex -6 36.0455 151.847
      vertex -5.48236 36.004 151.793
      vertex -5.48236 36.784 151.109
    endloop
  endfacet
  facet normal 0.991418 0.0725587 0.108746
    outer loop
      vertex -4.06815 34.4342 151.144
      vertex -4 34.8279 150.26
      vertex -4.06815 35.1431 150.671
    endloop
  endfacet
  facet normal 0.9914 0.0727073 0.108811
    outer loop
      vertex -4.06815 34.4342 151.144
      vertex -4 34.1754 150.696
      vertex -4 34.8279 150.26
    endloop
  endfacet
  facet normal 0.923432 0.213299 0.319026
    outer loop
      vertex -4.26794 34.6754 151.562
      vertex -4.06815 35.1431 150.671
      vertex -4.26794 35.4367 151.053
    endloop
  endfacet
  facet normal 0.923667 0.212684 0.318756
    outer loop
      vertex -4.26794 34.6754 151.562
      vertex -4.06815 34.4342 151.144
      vertex -4.06815 35.1431 150.671
    endloop
  endfacet
  facet normal 0.792966 0.338568 0.506533
    outer loop
      vertex -4.58578 34.8825 151.921
      vertex -4.26794 35.4367 151.053
      vertex -4.58578 35.6889 151.382
    endloop
  endfacet
  facet normal 0.792878 0.338699 0.506584
    outer loop
      vertex -4.58578 34.8825 151.921
      vertex -4.26794 34.6754 151.562
      vertex -4.26794 35.4367 151.053
    endloop
  endfacet
  facet normal 0.60772 0.441277 0.660266
    outer loop
      vertex -5 35.0414 152.196
      vertex -4.58578 35.6889 151.382
      vertex -5 35.8823 151.634
    endloop
  endfacet
  facet normal 0.607661 0.441334 0.660282
    outer loop
      vertex -5 35.0414 152.196
      vertex -4.58578 34.8825 151.921
      vertex -4.58578 35.6889 151.382
    endloop
  endfacet
  facet normal 0.382703 0.513006 0.768351
    outer loop
      vertex -5.48236 35.1413 152.369
      vertex -5 35.8823 151.634
      vertex -5.48236 36.004 151.793
    endloop
  endfacet
  facet normal 0.381938 0.513533 0.76838
    outer loop
      vertex -5.48236 35.1413 152.369
      vertex -5 35.0414 152.196
      vertex -5 35.8823 151.634
    endloop
  endfacet
  facet normal 0.13016 0.550594 0.824564
    outer loop
      vertex -6 35.1754 152.428
      vertex -5.48236 36.004 151.793
      vertex -6 36.0455 151.847
    endloop
  endfacet
  facet normal 0.130252 0.550548 0.824579
    outer loop
      vertex -6 35.1754 152.428
      vertex -5.48236 35.1413 152.369
      vertex -5.48236 36.004 151.793
    endloop
  endfacet
  facet normal 0.991399 0.0578757 0.117379
    outer loop
      vertex -4.06815 33.6696 151.521
      vertex -4 34.1754 150.696
      vertex -4.06815 34.4342 151.144
    endloop
  endfacet
  facet normal 0.991402 0.0578589 0.117369
    outer loop
      vertex -4.06815 33.6696 151.521
      vertex -4 33.4715 151.043
      vertex -4 34.1754 150.696
    endloop
  endfacet
  facet normal 0.923665 0.169495 0.343677
    outer loop
      vertex -4.26794 33.8542 151.967
      vertex -4.06815 34.4342 151.144
      vertex -4.26794 34.6754 151.562
    endloop
  endfacet
  facet normal 0.923688 0.16944 0.343644
    outer loop
      vertex -4.26794 33.8542 151.967
      vertex -4.06815 33.6696 151.521
      vertex -4.06815 34.4342 151.144
    endloop
  endfacet
  facet normal 0.792898 0.269542 0.546498
    outer loop
      vertex -4.58578 34.0127 152.35
      vertex -4.26794 34.6754 151.562
      vertex -4.58578 34.8825 151.921
    endloop
  endfacet
  facet normal 0.792918 0.269515 0.546483
    outer loop
      vertex -4.58578 34.0127 152.35
      vertex -4.26794 33.8542 151.967
      vertex -4.26794 34.6754 151.562
    endloop
  endfacet
  facet normal 0.60764 0.351061 0.712411
    outer loop
      vertex -5 34.1343 152.643
      vertex -4.58578 34.8825 151.921
      vertex -5 35.0414 152.196
    endloop
  endfacet
  facet normal 0.607218 0.351455 0.712577
    outer loop
      vertex -5 34.1343 152.643
      vertex -4.58578 34.0127 152.35
      vertex -4.58578 34.8825 151.921
    endloop
  endfacet
  facet normal 0.381939 0.408849 0.828833
    outer loop
      vertex -5.48236 34.2108 152.828
      vertex -5 35.0414 152.196
      vertex -5.48236 35.1413 152.369
    endloop
  endfacet
  facet normal 0.382619 0.408389 0.828747
    outer loop
      vertex -5.48236 34.2108 152.828
      vertex -5 34.1343 152.643
      vertex -5 35.0414 152.196
    endloop
  endfacet
  facet normal 0.130243 0.438623 0.889183
    outer loop
      vertex -6 34.2368 152.891
      vertex -5.48236 35.1413 152.369
      vertex -6 35.1754 152.428
    endloop
  endfacet
  facet normal 0.13025 0.438619 0.889184
    outer loop
      vertex -6 34.2368 152.891
      vertex -5.48236 34.2108 152.828
      vertex -5.48236 35.1413 152.369
    endloop
  endfacet
  facet normal 0.991402 0.0421924 0.123861
    outer loop
      vertex -4.06815 32.8623 151.796
      vertex -4 33.4715 151.043
      vertex -4.06815 33.6696 151.521
    endloop
  endfacet
  facet normal 0.991407 0.0421547 0.123831
    outer loop
      vertex -4.06815 32.8623 151.796
      vertex -4 32.7283 151.296
      vertex -4 33.4715 151.043
    endloop
  endfacet
  facet normal 0.923689 0.123029 0.362853
    outer loop
      vertex -4.26794 32.9871 152.261
      vertex -4.06815 33.6696 151.521
      vertex -4.26794 33.8542 151.967
    endloop
  endfacet
  facet normal 0.923335 0.123818 0.363485
    outer loop
      vertex -4.26794 32.9871 152.261
      vertex -4.06815 32.8623 151.796
      vertex -4.06815 33.6696 151.521
    endloop
  endfacet
  facet normal 0.792935 0.195993 0.576923
    outer loop
      vertex -4.58578 33.0943 152.662
      vertex -4.26794 33.8542 151.967
      vertex -4.58578 34.0127 152.35
    endloop
  endfacet
  facet normal 0.793332 0.195486 0.57655
    outer loop
      vertex -4.58578 33.0943 152.662
      vertex -4.26794 32.9871 152.261
      vertex -4.26794 33.8542 151.967
    endloop
  endfacet
  facet normal 0.607206 0.256035 0.752161
    outer loop
      vertex -5 33.1766 152.969
      vertex -4.58578 34.0127 152.35
      vertex -5 34.1343 152.643
    endloop
  endfacet
  facet normal 0.607934 0.255399 0.751789
    outer loop
      vertex -5 33.1766 152.969
      vertex -4.58578 33.0943 152.662
      vertex -4.58578 34.0127 152.35
    endloop
  endfacet
  facet normal 0.382647 0.297364 0.874732
    outer loop
      vertex -5.48236 33.2283 153.162
      vertex -5 34.1343 152.643
      vertex -5.48236 34.2108 152.828
    endloop
  endfacet
  facet normal 0.381972 0.297807 0.874876
    outer loop
      vertex -5.48236 33.2283 153.162
      vertex -5 33.1766 152.969
      vertex -5 34.1343 152.643
    endloop
  endfacet
  facet normal 0.13027 0.31839 0.938966
    outer loop
      vertex -6 33.2459 153.227
      vertex -5.48236 34.2108 152.828
      vertex -6 34.2368 152.891
    endloop
  endfacet
  facet normal 0.128751 0.319181 0.938907
    outer loop
      vertex -6 33.2459 153.227
      vertex -5.48236 33.2283 153.162
      vertex -5.48236 34.2108 152.828
    endloop
  endfacet
  facet normal 0.991408 0.0254703 0.128303
    outer loop
      vertex -4.06815 32.0261 151.962
      vertex -4 32.7283 151.296
      vertex -4.06815 32.8623 151.796
    endloop
  endfacet
  facet normal 0.991402 0.0255084 0.128342
    outer loop
      vertex -4.06815 32.0261 151.962
      vertex -4 31.9585 151.449
      vertex -4 32.7283 151.296
    endloop
  endfacet
  facet normal 0.923341 0.075063 0.376573
    outer loop
      vertex -4.26794 32.0891 152.44
      vertex -4.06815 32.8623 151.796
      vertex -4.26794 32.9871 152.261
    endloop
  endfacet
  facet normal 0.923537 0.074676 0.376169
    outer loop
      vertex -4.26794 32.0891 152.44
      vertex -4.06815 32.0261 151.962
      vertex -4.06815 32.8623 151.796
    endloop
  endfacet
  facet normal 0.793343 0.118642 0.597102
    outer loop
      vertex -4.58578 32.1431 152.851
      vertex -4.26794 32.9871 152.261
      vertex -4.58578 33.0943 152.662
    endloop
  endfacet
  facet normal 0.792934 0.119111 0.597552
    outer loop
      vertex -4.58578 32.1431 152.851
      vertex -4.26794 32.0891 152.44
      vertex -4.26794 32.9871 152.261
    endloop
  endfacet
  facet normal 0.607927 0.154658 0.778785
    outer loop
      vertex -5 32.1846 153.166
      vertex -4.58578 33.0943 152.662
      vertex -5 33.1766 152.969
    endloop
  endfacet
  facet normal 0.607803 0.154757 0.778862
    outer loop
      vertex -5 32.1846 153.166
      vertex -4.58578 32.1431 152.851
      vertex -4.58578 33.0943 152.662
    endloop
  endfacet
  facet normal 0.381984 0.179942 0.906482
    outer loop
      vertex -5.48236 32.2107 153.364
      vertex -5 33.1766 152.969
      vertex -5.48236 33.2283 153.162
    endloop
  endfacet
  facet normal 0.381851 0.180025 0.906521
    outer loop
      vertex -5.48236 32.2107 153.364
      vertex -5 32.1846 153.166
      vertex -5 33.1766 152.969
    endloop
  endfacet
  facet normal 0.128718 0.194248 0.972471
    outer loop
      vertex -6 32.2196 153.432
      vertex -5.48236 33.2283 153.162
      vertex -6 33.2459 153.227
    endloop
  endfacet
  facet normal 0.131059 0.193028 0.972401
    outer loop
      vertex -6 32.2196 153.432
      vertex -5.48236 32.2107 153.364
      vertex -5.48236 33.2283 153.162
    endloop
  endfacet
  facet normal 0 0.065686 0.99784
    outer loop
      vertex -4.06814 31.1754 152.018
      vertex -4.06815 32.0261 151.962
      vertex -4.06815 31.1754 152.018
    endloop
  endfacet
  facet normal 0.991402 0.00860681 0.13057
    outer loop
      vertex -4.06815 32.0261 151.962
      vertex -4.06814 31.1754 152.018
      vertex -4 31.9585 151.449
    endloop
  endfacet
  facet normal 0.991423 0.00849345 0.130416
    outer loop
      vertex -4.06814 31.1754 152.018
      vertex -4 31.1754 151.5
      vertex -4 31.9585 151.449
    endloop
  endfacet
  facet normal 0 0.0655402 0.99785
    outer loop
      vertex -4.2679 31.1756 152.5
      vertex -4.26794 32.0891 152.44
      vertex -4.26794 31.1756 152.5
    endloop
  endfacet
  facet normal 0.923533 0.0251762 0.382692
    outer loop
      vertex -4.26794 32.0891 152.44
      vertex -4.2679 31.1756 152.5
      vertex -4.06815 32.0261 151.962
    endloop
  endfacet
  facet normal 0.923601 0.0250609 0.382535
    outer loop
      vertex -4.15441 31.1754 152.226
      vertex -4.06815 32.0261 151.962
      vertex -4.2679 31.1756 152.5
    endloop
  endfacet
  facet normal 0.923423 0.0252092 0.382954
    outer loop
      vertex -4.06815 32.0261 151.962
      vertex -4.15441 31.1754 152.226
      vertex -4.06815 31.1754 152.018
    endloop
  endfacet
  facet normal 0.792943 0.0395831 0.608009
    outer loop
      vertex -4.58578 31.1754 152.914
      vertex -4.26794 32.0891 152.44
      vertex -4.58578 32.1431 152.851
    endloop
  endfacet
  facet normal 0.791666 0.0400421 0.60964
    outer loop
      vertex -4.37574 31.1754 152.64
      vertex -4.26794 31.1756 152.5
      vertex -4.26794 32.0891 152.44
    endloop
  endfacet
  facet normal 0.793024 0.0395027 0.607908
    outer loop
      vertex -4.37574 31.1754 152.64
      vertex -4.26794 32.0891 152.44
      vertex -4.58578 31.1754 152.914
    endloop
  endfacet
  facet normal 0.789908 -0.0789908 0.608116
    outer loop
      vertex -4.26794 31.1756 152.5
      vertex -4.37574 31.1754 152.64
      vertex -4.26795 31.1755 152.5
    endloop
  endfacet
  facet normal 0.607789 0.051822 0.792406
    outer loop
      vertex -5 31.1754 153.232
      vertex -4.58578 32.1431 152.851
      vertex -5 32.1846 153.166
    endloop
  endfacet
  facet normal 0.608141 0.0515713 0.792152
    outer loop
      vertex -5 31.1754 153.232
      vertex -4.58578 31.1754 152.914
      vertex -4.58578 32.1431 152.851
    endloop
  endfacet
  facet normal 0.381841 0.0605741 0.922241
    outer loop
      vertex -5.48236 31.1754 153.432
      vertex -5 32.1846 153.166
      vertex -5.48236 32.2107 153.364
    endloop
  endfacet
  facet normal 0.382313 0.0603014 0.922063
    outer loop
      vertex -5.48236 31.1754 153.432
      vertex -5 31.1754 153.232
      vertex -5 32.1846 153.166
    endloop
  endfacet
  facet normal 0.131065 0.0644234 0.989278
    outer loop
      vertex -6 31.1754 153.5
      vertex -5.48236 32.2107 153.364
      vertex -6 32.2196 153.432
    endloop
  endfacet
  facet normal 0.129971 0.0649843 0.989386
    outer loop
      vertex -6 31.1754 153.5
      vertex -5.48236 31.1754 153.432
      vertex -5.48236 32.2107 153.364
    endloop
  endfacet
  facet normal -0.130259 0.989359 0.0648102
    outer loop
      vertex -240.518 39.0394 146.535
      vertex -240 39.1754 145.5
      vertex -240.518 39.1072 145.5
    endloop
  endfacet
  facet normal -0.130053 0.98938 0.0649162
    outer loop
      vertex -240.518 39.0394 146.535
      vertex -240 39.1069 146.544
      vertex -240 39.1754 145.5
    endloop
  endfacet
  facet normal -0.382228 0.922092 0.0604066
    outer loop
      vertex -241 38.8413 146.509
      vertex -240.518 39.1072 145.5
      vertex -241 38.9074 145.5
    endloop
  endfacet
  facet normal -0.382233 0.92209 0.0604035
    outer loop
      vertex -241 38.8413 146.509
      vertex -240.518 39.0394 146.535
      vertex -240.518 39.1072 145.5
    endloop
  endfacet
  facet normal -0.608091 0.792164 0.0519653
    outer loop
      vertex -241.414 38.5261 146.468
      vertex -241 38.9074 145.5
      vertex -241.414 38.5896 145.5
    endloop
  endfacet
  facet normal -0.608197 0.792088 0.05189
    outer loop
      vertex -241.414 38.5261 146.468
      vertex -241 38.8413 146.509
      vertex -241 38.9074 145.5
    endloop
  endfacet
  facet normal -0.792562 0.608486 0.0398778
    outer loop
      vertex -241.732 38.1155 146.414
      vertex -241.414 38.5896 145.5
      vertex -241.732 38.1754 145.5
    endloop
  endfacet
  facet normal -0.79252 0.608538 0.0399196
    outer loop
      vertex -241.732 38.1155 146.414
      vertex -241.414 38.5261 146.468
      vertex -241.414 38.5896 145.5
    endloop
  endfacet
  facet normal -0.923464 0.382862 0.0251043
    outer loop
      vertex -241.932 37.6372 146.351
      vertex -241.732 38.1754 145.5
      vertex -241.932 37.693 145.5
    endloop
  endfacet
  facet normal -0.923473 0.382843 0.02509
    outer loop
      vertex -241.932 37.6372 146.351
      vertex -241.732 38.1155 146.414
      vertex -241.732 38.1754 145.5
    endloop
  endfacet
  facet normal -0.991444 0.130252 0.00855036
    outer loop
      vertex -242 37.124 146.283
      vertex -241.932 37.693 145.5
      vertex -242 37.1754 145.5
    endloop
  endfacet
  facet normal -0.991446 0.130237 0.00853963
    outer loop
      vertex -242 37.124 146.283
      vertex -241.932 37.6372 146.351
      vertex -241.932 37.693 145.5
    endloop
  endfacet
  facet normal -0.13008 0.972451 0.193439
    outer loop
      vertex -240.518 38.8369 147.553
      vertex -240 39.1069 146.544
      vertex -240.518 39.0394 146.535
    endloop
  endfacet
  facet normal -0.130429 0.97244 0.193257
    outer loop
      vertex -240.518 38.8369 147.553
      vertex -240 38.9028 147.571
      vertex -240 39.1069 146.544
    endloop
  endfacet
  facet normal -0.382217 0.90632 0.180259
    outer loop
      vertex -241 38.644 147.501
      vertex -240.518 39.0394 146.535
      vertex -241 38.8413 146.509
    endloop
  endfacet
  facet normal -0.382172 0.906334 0.180287
    outer loop
      vertex -241 38.644 147.501
      vertex -240.518 38.8369 147.553
      vertex -240.518 39.0394 146.535
    endloop
  endfacet
  facet normal -0.608119 0.778587 0.154899
    outer loop
      vertex -241.414 38.3369 147.419
      vertex -241 38.8413 146.509
      vertex -241.414 38.5261 146.468
    endloop
  endfacet
  facet normal -0.608185 0.778546 0.154846
    outer loop
      vertex -241.414 38.3369 147.419
      vertex -241 38.644 147.501
      vertex -241 38.8413 146.509
    endloop
  endfacet
  facet normal -0.792514 0.598138 0.118962
    outer loop
      vertex -241.732 37.9369 147.312
      vertex -241.414 38.5261 146.468
      vertex -241.732 38.1155 146.414
    endloop
  endfacet
  facet normal -0.792474 0.598182 0.119007
    outer loop
      vertex -241.732 37.9369 147.312
      vertex -241.414 38.3369 147.419
      vertex -241.414 38.5261 146.468
    endloop
  endfacet
  facet normal -0.923474 0.376289 0.0748527
    outer loop
      vertex -241.932 37.4709 147.187
      vertex -241.732 38.1155 146.414
      vertex -241.932 37.6372 146.351
    endloop
  endfacet
  facet normal -0.923483 0.376271 0.0748351
    outer loop
      vertex -241.932 37.4709 147.187
      vertex -241.732 37.9369 147.312
      vertex -241.732 38.1155 146.414
    endloop
  endfacet
  facet normal -0.991448 0.127997 0.0254497
    outer loop
      vertex -242 36.9709 147.053
      vertex -241.932 37.6372 146.351
      vertex -242 37.124 146.283
    endloop
  endfacet
  facet normal -0.991446 0.128012 0.0254646
    outer loop
      vertex -242 36.9709 147.053
      vertex -241.932 37.4709 147.187
      vertex -241.932 37.6372 146.351
    endloop
  endfacet
  facet normal -0.130511 0.938786 0.318824
    outer loop
      vertex -240.518 38.5034 148.535
      vertex -240 38.9028 147.571
      vertex -240.518 38.8369 147.553
    endloop
  endfacet
  facet normal -0.130186 0.938773 0.318993
    outer loop
      vertex -240.518 38.5034 148.535
      vertex -240 38.5664 148.561
      vertex -240 38.9028 147.571
    endloop
  endfacet
  facet normal -0.382238 0.875051 0.296951
    outer loop
      vertex -241 38.3189 148.459
      vertex -240.518 38.8369 147.553
      vertex -241 38.644 147.501
    endloop
  endfacet
  facet normal -0.381847 0.875135 0.297207
    outer loop
      vertex -241 38.3189 148.459
      vertex -240.518 38.5034 148.535
      vertex -240.518 38.8369 147.553
    endloop
  endfacet
  facet normal -0.60814 0.751681 0.255228
    outer loop
      vertex -241.414 38.0252 148.337
      vertex -241 38.644 147.501
      vertex -241.414 38.3369 147.419
    endloop
  endfacet
  facet normal -0.608343 0.751577 0.25505
    outer loop
      vertex -241.414 38.0252 148.337
      vertex -241 38.3189 148.459
      vertex -241 38.644 147.501
    endloop
  endfacet
  facet normal -0.792455 0.577542 0.196111
    outer loop
      vertex -241.732 37.6425 148.179
      vertex -241.414 38.3369 147.419
      vertex -241.732 37.9369 147.312
    endloop
  endfacet
  facet normal -0.792467 0.577531 0.196096
    outer loop
      vertex -241.732 37.6425 148.179
      vertex -241.414 38.0252 148.337
      vertex -241.414 38.3369 147.419
    endloop
  endfacet
  facet normal -0.923487 0.363262 0.123338
    outer loop
      vertex -241.932 37.1969 147.994
      vertex -241.732 37.9369 147.312
      vertex -241.932 37.4709 147.187
    endloop
  endfacet
  facet normal -0.92348 0.363275 0.123354
    outer loop
      vertex -241.932 37.1969 147.994
      vertex -241.732 37.6425 148.179
      vertex -241.732 37.9369 147.312
    endloop
  endfacet
  facet normal -0.991446 0.123594 0.0419519
    outer loop
      vertex -242 36.7187 147.796
      vertex -241.932 37.4709 147.187
      vertex -242 36.9709 147.053
    endloop
  endfacet
  facet normal -0.991443 0.123606 0.0419679
    outer loop
      vertex -242 36.7187 147.796
      vertex -241.932 37.1969 147.994
      vertex -241.932 37.4709 147.187
    endloop
  endfacet
  facet normal -0.130164 0.889363 0.438281
    outer loop
      vertex -240.518 38.0446 149.466
      vertex -240 38.5664 148.561
      vertex -240.518 38.5034 148.535
    endloop
  endfacet
  facet normal -0.130068 0.889353 0.438331
    outer loop
      vertex -240.518 38.0446 149.466
      vertex -240 38.1036 149.5
      vertex -240 38.5664 148.561
    endloop
  endfacet
  facet normal -0.381758 0.828903 0.408877
    outer loop
      vertex -241 37.8715 149.366
      vertex -240.518 38.5034 148.535
      vertex -241 38.3189 148.459
    endloop
  endfacet
  facet normal -0.382394 0.828822 0.408446
    outer loop
      vertex -241 37.8715 149.366
      vertex -240.518 38.0446 149.466
      vertex -240.518 38.5034 148.535
    endloop
  endfacet
  facet normal -0.608399 0.71183 0.350924
    outer loop
      vertex -241.414 37.5963 149.207
      vertex -241 38.3189 148.459
      vertex -241.414 38.0252 148.337
    endloop
  endfacet
  facet normal -0.608124 0.711939 0.351181
    outer loop
      vertex -241.414 37.5963 149.207
      vertex -241 37.8715 149.366
      vertex -241 38.3189 148.459
    endloop
  endfacet
  facet normal -0.79242 0.547063 0.2698
    outer loop
      vertex -241.732 37.2376 149
      vertex -241.414 38.0252 148.337
      vertex -241.732 37.6425 148.179
    endloop
  endfacet
  facet normal -0.792523 0.546985 0.269657
    outer loop
      vertex -241.732 37.2376 149
      vertex -241.414 37.5963 149.207
      vertex -241.414 38.0252 148.337
    endloop
  endfacet
  facet normal -0.923495 0.344078 0.16961
    outer loop
      vertex -241.932 36.8198 148.759
      vertex -241.732 37.6425 148.179
      vertex -241.932 37.1969 147.994
    endloop
  endfacet
  facet normal -0.923447 0.344149 0.169727
    outer loop
      vertex -241.932 36.8198 148.759
      vertex -241.732 37.2376 149
      vertex -241.732 37.6425 148.179
    endloop
  endfacet
  facet normal -0.991443 0.117076 0.0577397
    outer loop
      vertex -242 36.3715 148.5
      vertex -241.932 37.1969 147.994
      vertex -242 36.7187 147.796
    endloop
  endfacet
  facet normal -0.991448 0.117052 0.0576996
    outer loop
      vertex -242 36.3715 148.5
      vertex -241.932 36.8198 148.759
      vertex -241.932 37.1969 147.994
    endloop
  endfacet
  facet normal -0.130057 0.824469 0.55076
    outer loop
      vertex -240.518 37.4681 150.329
      vertex -240 38.1036 149.5
      vertex -240.518 38.0446 149.466
    endloop
  endfacet
  facet normal -0.129708 0.824409 0.550932
    outer loop
      vertex -240.518 37.4681 150.329
      vertex -240 37.5222 150.37
      vertex -240 38.1036 149.5
    endloop
  endfacet
  facet normal -0.382412 0.768287 0.513318
    outer loop
      vertex -241 37.3096 150.207
      vertex -240.518 38.0446 149.466
      vertex -241 37.8715 149.366
    endloop
  endfacet
  facet normal -0.382544 0.768282 0.513227
    outer loop
      vertex -241 37.3096 150.207
      vertex -240.518 37.4681 150.329
      vertex -240.518 38.0446 149.466
    endloop
  endfacet
  facet normal -0.608132 0.659957 0.441172
    outer loop
      vertex -241.414 37.0575 150.013
      vertex -241 37.8715 149.366
      vertex -241.414 37.5963 149.207
    endloop
  endfacet
  facet normal -0.608424 0.659878 0.440887
    outer loop
      vertex -241.414 37.0575 150.013
      vertex -241 37.3096 150.207
      vertex -241 37.8715 149.366
    endloop
  endfacet
  facet normal -0.792514 0.507008 0.338916
    outer loop
      vertex -241.732 36.7289 149.761
      vertex -241.414 37.5963 149.207
      vertex -241.732 37.2376 149
    endloop
  endfacet
  facet normal -0.792503 0.507015 0.338932
    outer loop
      vertex -241.732 36.7289 149.761
      vertex -241.414 37.0575 150.013
      vertex -241.414 37.5963 149.207
    endloop
  endfacet
  facet normal -0.923441 0.319097 0.213151
    outer loop
      vertex -241.932 36.3462 149.468
      vertex -241.732 37.2376 149
      vertex -241.932 36.8198 148.759
    endloop
  endfacet
  facet normal -0.923358 0.319192 0.213368
    outer loop
      vertex -241.932 36.3462 149.468
      vertex -241.732 36.7289 149.761
      vertex -241.732 37.2376 149
    endloop
  endfacet
  facet normal -0.991449 0.108524 0.0724602
    outer loop
      vertex -242 35.9355 149.153
      vertex -241.932 36.8198 148.759
      vertex -242 36.3715 148.5
    endloop
  endfacet
  facet normal -0.991444 0.108544 0.0725055
    outer loop
      vertex -242 35.9355 149.153
      vertex -241.932 36.3462 149.468
      vertex -241.932 36.8198 148.759
    endloop
  endfacet
  facet normal -0.129607 0.745471 0.653816
    outer loop
      vertex -240.518 36.784 151.109
      vertex -240 37.5222 150.37
      vertex -240.518 37.4681 150.329
    endloop
  endfacet
  facet normal -0.129944 0.74555 0.653659
    outer loop
      vertex -240.518 36.784 151.109
      vertex -240 36.8322 151.157
      vertex -240 37.5222 150.37
    endloop
  endfacet
  facet normal -0.382607 0.694498 0.609331
    outer loop
      vertex -241 36.6428 150.967
      vertex -240.518 37.4681 150.329
      vertex -241 37.3096 150.207
    endloop
  endfacet
  facet normal -0.382907 0.694514 0.609124
    outer loop
      vertex -241 36.6428 150.967
      vertex -240.518 36.784 151.109
      vertex -240.518 37.4681 150.329
    endloop
  endfacet
  facet normal -0.608507 0.596902 0.522902
    outer loop
      vertex -241.414 36.418 150.743
      vertex -241 37.3096 150.207
      vertex -241.414 37.0575 150.013
    endloop
  endfacet
  facet normal -0.607599 0.597028 0.523814
    outer loop
      vertex -241.414 36.418 150.743
      vertex -241 36.6428 150.967
      vertex -241 37.3096 150.207
    endloop
  endfacet
  facet normal -0.792495 0.458675 0.401956
    outer loop
      vertex -241.732 36.1251 150.45
      vertex -241.414 37.0575 150.013
      vertex -241.732 36.7289 149.761
    endloop
  endfacet
  facet normal -0.792615 0.458629 0.401772
    outer loop
      vertex -241.732 36.1251 150.45
      vertex -241.414 36.418 150.743
      vertex -241.414 37.0575 150.013
    endloop
  endfacet
  facet normal -0.923337 0.288687 0.253198
    outer loop
      vertex -241.932 35.784 150.109
      vertex -241.732 36.7289 149.761
      vertex -241.932 36.3462 149.468
    endloop
  endfacet
  facet normal -0.923439 0.288605 0.252917
    outer loop
      vertex -241.932 35.784 150.109
      vertex -241.732 36.1251 150.45
      vertex -241.732 36.7289 149.761
    endloop
  endfacet
  facet normal -0.991444 0.0981352 0.0860763
    outer loop
      vertex -242 35.418 149.743
      vertex -241.932 36.3462 149.468
      vertex -242 35.9355 149.153
    endloop
  endfacet
  facet normal -0.991444 0.0981333 0.0860695
    outer loop
      vertex -242 35.418 149.743
      vertex -241.932 35.784 150.109
      vertex -241.932 36.3462 149.468
    endloop
  endfacet
  facet normal -0.12991 0.653736 0.745488
    outer loop
      vertex -240.518 36.004 151.793
      vertex -240 36.8322 151.157
      vertex -240.518 36.784 151.109
    endloop
  endfacet
  facet normal -0.130086 0.653787 0.745412
    outer loop
      vertex -240.518 36.004 151.793
      vertex -240 36.0455 151.847
      vertex -240 36.8322 151.157
    endloop
  endfacet
  facet normal -0.383028 0.609093 0.694475
    outer loop
      vertex -241 35.8823 151.634
      vertex -240.518 36.784 151.109
      vertex -241 36.6428 150.967
    endloop
  endfacet
  facet normal -0.382903 0.609075 0.694559
    outer loop
      vertex -241 35.8823 151.634
      vertex -240.518 36.004 151.793
      vertex -240.518 36.784 151.109
    endloop
  endfacet
  facet normal -0.607496 0.523546 0.597367
    outer loop
      vertex -241.414 35.6889 151.382
      vertex -241 36.6428 150.967
      vertex -241.414 36.418 150.743
    endloop
  endfacet
  facet normal -0.607924 0.523544 0.596934
    outer loop
      vertex -241.414 35.6889 151.382
      vertex -241 35.8823 151.634
      vertex -241 36.6428 150.967
    endloop
  endfacet
  facet normal -0.792621 0.401745 0.458642
    outer loop
      vertex -241.732 35.4367 151.053
      vertex -241.414 36.418 150.743
      vertex -241.732 36.1251 150.45
    endloop
  endfacet
  facet normal -0.792803 0.401714 0.458356
    outer loop
      vertex -241.732 35.4367 151.053
      vertex -241.414 35.6889 151.382
      vertex -241.414 36.418 150.743
    endloop
  endfacet
  facet normal -0.923439 0.253006 0.288526
    outer loop
      vertex -241.932 35.1431 150.671
      vertex -241.732 36.1251 150.45
      vertex -241.932 35.784 150.109
    endloop
  endfacet
  facet normal -0.923305 0.253064 0.288904
    outer loop
      vertex -241.932 35.1431 150.671
      vertex -241.732 35.4367 151.053
      vertex -241.732 36.1251 150.45
    endloop
  endfacet
  facet normal -0.991444 0.08602 0.0981826
    outer loop
      vertex -242 34.8279 150.26
      vertex -241.932 35.784 150.109
      vertex -242 35.418 149.743
    endloop
  endfacet
  facet normal -0.991455 0.0860045 0.0980787
    outer loop
      vertex -242 34.8279 150.26
      vertex -241.932 35.1431 150.671
      vertex -241.932 35.784 150.109
    endloop
  endfacet
  facet normal -0.130071 0.550561 0.824599
    outer loop
      vertex -240.518 35.1413 152.369
      vertex -240 36.0455 151.847
      vertex -240.518 36.004 151.793
    endloop
  endfacet
  facet normal -0.130163 0.550593 0.824563
    outer loop
      vertex -240.518 35.1413 152.369
      vertex -240 35.1754 152.428
      vertex -240 36.0455 151.847
    endloop
  endfacet
  facet normal -0.382957 0.513298 0.768029
    outer loop
      vertex -241 35.0414 152.196
      vertex -240.518 36.004 151.793
      vertex -241 35.8823 151.634
    endloop
  endfacet
  facet normal -0.382191 0.513124 0.768527
    outer loop
      vertex -241 35.0414 152.196
      vertex -240.518 35.1413 152.369
      vertex -240.518 36.004 151.793
    endloop
  endfacet
  facet normal -0.607925 0.441222 0.660114
    outer loop
      vertex -241.414 34.8825 151.921
      vertex -241 35.8823 151.634
      vertex -241.414 35.6889 151.382
    endloop
  endfacet
  facet normal -0.607866 0.441215 0.660173
    outer loop
      vertex -241.414 34.8825 151.921
      vertex -241 35.0414 152.196
      vertex -241 35.8823 151.634
    endloop
  endfacet
  facet normal -0.792821 0.33874 0.506646
    outer loop
      vertex -241.732 34.6754 151.562
      vertex -241.414 35.6889 151.382
      vertex -241.732 35.4367 151.053
    endloop
  endfacet
  facet normal -0.792732 0.338737 0.506786
    outer loop
      vertex -241.732 34.6754 151.562
      vertex -241.414 34.8825 151.921
      vertex -241.414 35.6889 151.382
    endloop
  endfacet
  facet normal -0.92328 0.2132 0.31953
    outer loop
      vertex -241.932 34.4342 151.144
      vertex -241.732 35.4367 151.053
      vertex -241.932 35.1431 150.671
    endloop
  endfacet
  facet normal -0.923516 0.213186 0.318858
    outer loop
      vertex -241.932 34.4342 151.144
      vertex -241.732 34.6754 151.562
      vertex -241.732 35.4367 151.053
    endloop
  endfacet
  facet normal -0.991456 0.0724713 0.108458
    outer loop
      vertex -242 34.1754 150.696
      vertex -241.932 35.1431 150.671
      vertex -242 34.8279 150.26
    endloop
  endfacet
  facet normal -0.991438 0.0724742 0.108619
    outer loop
      vertex -242 34.1754 150.696
      vertex -241.932 34.4342 151.144
      vertex -241.932 35.1431 150.671
    endloop
  endfacet
  facet normal -0.130154 0.438625 0.889195
    outer loop
      vertex -240.518 34.2108 152.828
      vertex -240 35.1754 152.428
      vertex -240.518 35.1413 152.369
    endloop
  endfacet
  facet normal -0.130161 0.438628 0.889193
    outer loop
      vertex -240.518 34.2108 152.828
      vertex -240 34.2368 152.891
      vertex -240 35.1754 152.428
    endloop
  endfacet
  facet normal -0.382174 0.40847 0.828912
    outer loop
      vertex -241 34.1343 152.643
      vertex -240.518 35.1413 152.369
      vertex -241 35.0414 152.196
    endloop
  endfacet
  facet normal -0.382854 0.408682 0.828494
    outer loop
      vertex -241 34.1343 152.643
      vertex -240.518 34.2108 152.828
      vertex -240.518 35.1413 152.369
    endloop
  endfacet
  facet normal -0.607853 0.35124 0.712142
    outer loop
      vertex -241.414 34.0127 152.35
      vertex -241 35.0414 152.196
      vertex -241.414 34.8825 151.921
    endloop
  endfacet
  facet normal -0.607431 0.351132 0.712555
    outer loop
      vertex -241.414 34.0127 152.35
      vertex -241 34.1343 152.643
      vertex -241 35.0414 152.196
    endloop
  endfacet
  facet normal -0.792749 0.269612 0.546679
    outer loop
      vertex -241.732 33.8542 151.967
      vertex -241.414 34.8825 151.921
      vertex -241.732 34.6754 151.562
    endloop
  endfacet
  facet normal -0.792769 0.269616 0.546648
    outer loop
      vertex -241.732 33.8542 151.967
      vertex -241.414 34.0127 152.35
      vertex -241.414 34.8825 151.921
    endloop
  endfacet
  facet normal -0.923522 0.169617 0.344002
    outer loop
      vertex -241.932 33.6696 151.521
      vertex -241.732 34.6754 151.562
      vertex -241.932 34.4342 151.144
    endloop
  endfacet
  facet normal -0.923544 0.169624 0.343938
    outer loop
      vertex -241.932 33.6696 151.521
      vertex -241.732 33.8542 151.967
      vertex -241.732 34.6754 151.562
    endloop
  endfacet
  facet normal -0.991437 0.0577413 0.11713
    outer loop
      vertex -242 33.4715 151.043
      vertex -241.932 34.4342 151.144
      vertex -242 34.1754 150.696
    endloop
  endfacet
  facet normal -0.991439 0.0577435 0.117111
    outer loop
      vertex -242 33.4715 151.043
      vertex -241.932 33.6696 151.521
      vertex -241.932 34.4342 151.144
    endloop
  endfacet
  facet normal -0.130187 0.31912 0.93873
    outer loop
      vertex -240.518 33.2283 153.162
      vertex -240 34.2368 152.891
      vertex -240.518 34.2108 152.828
    endloop
  endfacet
  facet normal -0.128669 0.318457 0.939164
    outer loop
      vertex -240.518 33.2283 153.162
      vertex -240 33.2459 153.227
      vertex -240 34.2368 152.891
    endloop
  endfacet
  facet normal -0.3829 0.297683 0.874513
    outer loop
      vertex -241 33.1766 152.969
      vertex -240.518 34.2108 152.828
      vertex -241 34.1343 152.643
    endloop
  endfacet
  facet normal -0.382224 0.297421 0.874898
    outer loop
      vertex -241 33.1766 152.969
      vertex -240.518 33.2283 153.162
      vertex -240.518 34.2108 152.828
    endloop
  endfacet
  facet normal -0.607395 0.255532 0.75218
    outer loop
      vertex -241.414 33.0943 152.662
      vertex -241 34.1343 152.643
      vertex -241.414 34.0127 152.35
    endloop
  endfacet
  facet normal -0.608123 0.255809 0.751498
    outer loop
      vertex -241.414 33.0943 152.662
      vertex -241 33.1766 152.969
      vertex -241 34.1343 152.643
    endloop
  endfacet
  facet normal -0.792776 0.195718 0.577236
    outer loop
      vertex -241.732 32.9871 152.261
      vertex -241.414 34.0127 152.35
      vertex -241.732 33.8542 151.967
    endloop
  endfacet
  facet normal -0.793172 0.195894 0.576631
    outer loop
      vertex -241.732 32.9871 152.261
      vertex -241.414 33.0943 152.662
      vertex -241.414 34.0127 152.35
    endloop
  endfacet
  facet normal -0.923559 0.123645 0.362975
    outer loop
      vertex -241.932 32.8623 151.796
      vertex -241.732 33.8542 151.967
      vertex -241.932 33.6696 151.521
    endloop
  endfacet
  facet normal -0.923205 0.123404 0.363957
    outer loop
      vertex -241.932 32.8623 151.796
      vertex -241.732 32.9871 152.261
      vertex -241.732 33.8542 151.967
    endloop
  endfacet
  facet normal -0.991439 0.042077 0.123603
    outer loop
      vertex -242 32.7283 151.296
      vertex -241.932 33.6696 151.521
      vertex -242 33.4715 151.043
    endloop
  endfacet
  facet normal -0.991445 0.0420886 0.123557
    outer loop
      vertex -242 32.7283 151.296
      vertex -241.932 32.8623 151.796
      vertex -241.932 33.6696 151.521
    endloop
  endfacet
  facet normal -0.128619 0.19309 0.972714
    outer loop
      vertex -240.518 32.2107 153.364
      vertex -240 33.2459 153.227
      vertex -240.518 33.2283 153.162
    endloop
  endfacet
  facet normal -0.130959 0.19419 0.972183
    outer loop
      vertex -240.518 32.2107 153.364
      vertex -240 32.2196 153.432
      vertex -240 33.2459 153.227
    endloop
  endfacet
  facet normal -0.38223 0.179994 0.906368
    outer loop
      vertex -241 32.1846 153.166
      vertex -240.518 33.2283 153.162
      vertex -241 33.1766 152.969
    endloop
  endfacet
  facet normal -0.382097 0.179933 0.906436
    outer loop
      vertex -241 32.1846 153.166
      vertex -240.518 32.2107 153.364
      vertex -240.518 33.2283 153.162
    endloop
  endfacet
  facet normal -0.608133 0.154708 0.778614
    outer loop
      vertex -241.414 32.1431 152.851
      vertex -241 33.1766 152.969
      vertex -241.414 33.0943 152.662
    endloop
  endfacet
  facet normal -0.608009 0.154646 0.778723
    outer loop
      vertex -241.414 32.1431 152.851
      vertex -241 32.1846 153.166
      vertex -241 33.1766 152.969
    endloop
  endfacet
  facet normal -0.793207 0.119042 0.597203
    outer loop
      vertex -241.732 32.0891 152.44
      vertex -241.414 33.0943 152.662
      vertex -241.732 32.9871 152.261
    endloop
  endfacet
  facet normal -0.792797 0.118781 0.597799
    outer loop
      vertex -241.732 32.0891 152.44
      vertex -241.414 32.1431 152.851
      vertex -241.414 33.0943 152.662
    endloop
  endfacet
  facet normal -0.923191 0.0748381 0.376986
    outer loop
      vertex -241.932 32.0261 151.962
      vertex -241.732 32.9871 152.261
      vertex -241.932 32.8623 151.796
    endloop
  endfacet
  facet normal -0.923387 0.0750413 0.376464
    outer loop
      vertex -241.932 32.0261 151.962
      vertex -241.732 32.0891 152.44
      vertex -241.732 32.9871 152.261
    endloop
  endfacet
  facet normal -0.991445 0.0254439 0.128018
    outer loop
      vertex -242 31.9585 151.449
      vertex -241.932 32.8623 151.796
      vertex -242 32.7283 151.296
    endloop
  endfacet
  facet normal -0.991439 0.0254238 0.128069
    outer loop
      vertex -242 31.9585 151.449
      vertex -241.932 32.0261 151.962
      vertex -241.932 32.8623 151.796
    endloop
  endfacet
  facet normal -0.13098 0.0649756 0.989253
    outer loop
      vertex -240.518 31.1754 153.432
      vertex -240 32.2196 153.432
      vertex -240.518 32.2107 153.364
    endloop
  endfacet
  facet normal -0.129887 0.0644335 0.989433
    outer loop
      vertex -240.518 31.1754 153.432
      vertex -240 31.1754 153.5
      vertex -240 32.2196 153.432
    endloop
  endfacet
  facet normal -0.382078 0.0603077 0.92216
    outer loop
      vertex -241 31.1754 153.232
      vertex -240.518 32.2107 153.364
      vertex -241 32.1846 153.166
    endloop
  endfacet
  facet normal -0.382551 0.0605549 0.921948
    outer loop
      vertex -241 31.1754 153.232
      vertex -240.518 31.1754 153.432
      vertex -240.518 32.2107 153.364
    endloop
  endfacet
  facet normal -0.607985 0.0515791 0.792271
    outer loop
      vertex -241.414 31.1754 152.914
      vertex -241 32.1846 153.166
      vertex -241.414 32.1431 152.851
    endloop
  endfacet
  facet normal -0.608338 0.0517946 0.791987
    outer loop
      vertex -241.414 31.1754 152.914
      vertex -241 31.1754 153.232
      vertex -241 32.1846 153.166
    endloop
  endfacet
  facet normal -0.792806 0.0399364 0.608165
    outer loop
      vertex -241.732 31.1754 152.5
      vertex -241.414 32.1431 152.851
      vertex -241.732 32.0891 152.44
    endloop
  endfacet
  facet normal -0.792428 0.0396266 0.608677
    outer loop
      vertex -241.732 31.1754 152.5
      vertex -241.414 31.1754 152.914
      vertex -241.414 32.1431 152.851
    endloop
  endfacet
  facet normal -0.923391 0.0252143 0.383033
    outer loop
      vertex -241.932 31.1754 152.018
      vertex -241.732 32.0891 152.44
      vertex -241.932 32.0261 151.962
    endloop
  endfacet
  facet normal -0.92335 0.0251592 0.383133
    outer loop
      vertex -241.932 31.1754 152.018
      vertex -241.732 31.1754 152.5
      vertex -241.732 32.0891 152.44
    endloop
  endfacet
  facet normal -0.991438 0.00848592 0.1303
    outer loop
      vertex -242 31.1754 151.5
      vertex -241.932 32.0261 151.962
      vertex -242 31.9585 151.449
    endloop
  endfacet
  facet normal -0.991457 0.00856771 0.130153
    outer loop
      vertex -242 31.1754 151.5
      vertex -241.932 31.1754 152.018
      vertex -241.932 32.0261 151.962
    endloop
  endfacet
  facet normal 1 0 0
    outer loop
      vertex -9 39.1754 65
      vertex -9 38.4332 63.9487
      vertex -9 39.1754 63.801
    endloop
  endfacet
  facet normal 1 -0 0
    outer loop
      vertex -9 37.65 65
      vertex -9 38.4332 63.9487
      vertex -9 39.1754 65
    endloop
  endfacet
  facet normal 1 0 0
    outer loop
      vertex -9 38.4332 63.9487
      vertex -9 37.65 65
      vertex -9 37.65 64
    endloop
  endfacet
  facet normal 0 0 -1
    outer loop
      vertex -4.06248 37.65 65
      vertex -4.26795 38.1754 65
      vertex -4.06815 37.693 65
    endloop
  endfacet
  facet normal 0 0 -1
    outer loop
      vertex -4.06248 37.65 65
      vertex -4.58579 38.5896 65
      vertex -4.26795 38.1754 65
    endloop
  endfacet
  facet normal 0 0 -1
    outer loop
      vertex -4.06248 37.65 65
      vertex -5 38.9074 65
      vertex -4.58579 38.5896 65
    endloop
  endfacet
  facet normal 0 0 -1
    outer loop
      vertex -4.06248 37.65 65
      vertex -5.48236 39.1072 65
      vertex -5 38.9074 65
    endloop
  endfacet
  facet normal 0 0 -1
    outer loop
      vertex -4.06248 37.65 65
      vertex -6 39.1754 65
      vertex -5.48236 39.1072 65
    endloop
  endfacet
  facet normal 0 0 -1
    outer loop
      vertex -9 37.65 65
      vertex -6 39.1754 65
      vertex -4.06248 37.65 65
    endloop
  endfacet
  facet normal -0 0 -1
    outer loop
      vertex -6 39.1754 65
      vertex -9 37.65 65
      vertex -8 39.1754 65
    endloop
  endfacet
  facet normal -0 0 -1
    outer loop
      vertex -8 39.1754 65
      vertex -9 37.65 65
      vertex -9 39.1754 65
    endloop
  endfacet
  facet normal 0 1 -0
    outer loop
      vertex -4.06248 37.65 64
      vertex -9 37.65 65
      vertex -4.06248 37.65 65
    endloop
  endfacet
  facet normal 0 1 0
    outer loop
      vertex -9 37.65 65
      vertex -4.06248 37.65 64
      vertex -9 37.65 64
    endloop
  endfacet
  facet normal 0 0.980814 0.194944
    outer loop
      vertex 0 43.4456 59.5529
      vertex -8 43.5 59.2792
      vertex -8 43.4456 59.5529
    endloop
  endfacet
  facet normal -5.06353e-06 0.980786 0.195087
    outer loop
      vertex 0 43.5987 58.7832
      vertex -8 43.5 59.2792
      vertex 0 43.4456 59.5529
    endloop
  endfacet
  facet normal -2.01464e-19 0.98077 0.195165
    outer loop
      vertex -8 43.5 59.2792
      vertex 0 43.5987 58.7832
      vertex -8 43.5987 58.7832
    endloop
  endfacet
  facet normal -3.84788e-18 0.751787 0.659406
    outer loop
      vertex 0 42.4101 61.6526
      vertex -8 41.8926 62.2426
      vertex 0 41.8926 62.2426
    endloop
  endfacet
  facet normal -3.84788e-18 0.751787 0.659406
    outer loop
      vertex -8 41.8926 62.2426
      vertex 0 42.4101 61.6526
      vertex -8 42.4101 61.6526
    endloop
  endfacet
  facet normal -1.14884e-18 0.0653605 0.997862
    outer loop
      vertex 0 38.4332 63.9487
      vertex -3 37.65 64
      vertex 0 37.65 64
    endloop
  endfacet
  facet normal -3.24383e-18 0.0653605 0.997862
    outer loop
      vertex 0 38.4332 63.9487
      vertex -4.06248 37.65 64
      vertex -3 37.65 64
    endloop
  endfacet
  facet normal -0 0.0653605 0.997862
    outer loop
      vertex -9 38.4332 63.9487
      vertex -4.06248 37.65 64
      vertex 0 38.4332 63.9487
    endloop
  endfacet
  facet normal 0 0.0653605 0.997862
    outer loop
      vertex -4.06248 37.65 64
      vertex -9 38.4332 63.9487
      vertex -9 37.65 64
    endloop
  endfacet
  facet normal -2.19121e-18 0.831442 0.555611
    outer loop
      vertex 0 42.8462 61
      vertex -8 42.4101 61.6526
      vertex 0 42.4101 61.6526
    endloop
  endfacet
  facet normal -2.19121e-18 0.831442 0.555611
    outer loop
      vertex -8 42.4101 61.6526
      vertex 0 42.8462 61
      vertex -8 42.8462 61
    endloop
  endfacet
  facet normal -4.01387e-19 0.896885 0.442263
    outer loop
      vertex 0 43.1933 60.2961
      vertex -8 42.8462 61
      vertex 0 42.8462 61
    endloop
  endfacet
  facet normal -4.01387e-19 0.896885 0.442263
    outer loop
      vertex -8 42.8462 61
      vertex 0 43.1933 60.2961
      vertex -8 43.1933 60.2961
    endloop
  endfacet
  facet normal 7.93055e-20 0.946923 0.32146
    outer loop
      vertex 0 43.4456 59.5529
      vertex -8 43.1933 60.2961
      vertex 0 43.1933 60.2961
    endloop
  endfacet
  facet normal 7.93055e-20 0.946923 0.32146
    outer loop
      vertex -8 43.1933 60.2961
      vertex 0 43.4456 59.5529
      vertex -8 43.4456 59.5529
    endloop
  endfacet
  facet normal -0 0.32146 0.946923
    outer loop
      vertex -8 39.9461 63.5433
      vertex 0 39.2029 63.7956
      vertex 0 39.9461 63.5433
    endloop
  endfacet
  facet normal 0 0.32146 0.946923
    outer loop
      vertex 0 39.2029 63.7956
      vertex -8 39.9461 63.5433
      vertex -8 39.2029 63.7956
    endloop
  endfacet
  facet normal -4.30814e-19 0.997862 0.0653605
    outer loop
      vertex 0 43.65 58
      vertex -8 43.5987 58.7832
      vertex 0 43.5987 58.7832
    endloop
  endfacet
  facet normal -4.30814e-19 0.997862 0.0653605
    outer loop
      vertex -8 43.5987 58.7832
      vertex 0 43.65 58
      vertex -8 43.65 58
    endloop
  endfacet
  facet normal -0 0.442263 0.896885
    outer loop
      vertex -8 40.65 63.1962
      vertex 0 39.9461 63.5433
      vertex 0 40.65 63.1962
    endloop
  endfacet
  facet normal 0 0.442263 0.896885
    outer loop
      vertex 0 39.9461 63.5433
      vertex -8 40.65 63.1962
      vertex -8 39.9461 63.5433
    endloop
  endfacet
  facet normal -1.68829e-20 0.192684 0.981261
    outer loop
      vertex -8 39.1754 63.801
      vertex 0 39.2029 63.7956
      vertex -8 39.2029 63.7956
    endloop
  endfacet
  facet normal -8.58044e-06 0.195087 0.980786
    outer loop
      vertex 0 39.2029 63.7956
      vertex -8 39.1754 63.801
      vertex 0 38.4332 63.9487
    endloop
  endfacet
  facet normal 4.54158e-18 0.195176 0.980768
    outer loop
      vertex -9 38.4332 63.9487
      vertex -8 39.1754 63.801
      vertex -9 39.1754 63.801
    endloop
  endfacet
  facet normal 5.0462e-19 0.195176 0.980768
    outer loop
      vertex -8 39.1754 63.801
      vertex -9 38.4332 63.9487
      vertex 0 38.4332 63.9487
    endloop
  endfacet
  facet normal -0 0.659406 0.751787
    outer loop
      vertex -8 41.8926 62.2426
      vertex 0 41.3026 62.7601
      vertex 0 41.8926 62.2426
    endloop
  endfacet
  facet normal 0 0.659406 0.751787
    outer loop
      vertex 0 41.3026 62.7601
      vertex -8 41.8926 62.2426
      vertex -8 41.3026 62.7601
    endloop
  endfacet
  facet normal -0 0.555611 0.831442
    outer loop
      vertex -8 41.3026 62.7601
      vertex 0 40.65 63.1962
      vertex 0 41.3026 62.7601
    endloop
  endfacet
  facet normal 0 0.555611 0.831442
    outer loop
      vertex 0 40.65 63.1962
      vertex -8 41.3026 62.7601
      vertex -8 40.65 63.1962
    endloop
  endfacet
endsolid OpenSCAD_Model
