solid OpenSCAD_Model
  facet normal 0 1 0
    outer loop
      vertex 10.1294 12 58.7706
      vertex 10 12 4
      vertex 10 12 64
    endloop
  endfacet
  facet normal 0 1 0
    outer loop
      vertex 10.5165 12 53.5811
      vertex 10 12 4
      vertex 10.1294 12 58.7706
    endloop
  endfacet
  facet normal 0 1 0
    outer loop
      vertex 11.1585 12 48.4709
      vertex 10 12 4
      vertex 10.5165 12 53.5811
    endloop
  endfacet
  facet normal 0 1 0
    outer loop
      vertex 12.0504 12 43.4788
      vertex 10 12 4
      vertex 11.1585 12 48.4709
    endloop
  endfacet
  facet normal 0 1 0
    outer loop
      vertex 13.1855 12 38.6429
      vertex 10 12 4
      vertex 12.0504 12 43.4788
    endloop
  endfacet
  facet normal 0 1 0
    outer loop
      vertex 14.5551 12 34
      vertex 10 12 4
      vertex 13.1855 12 38.6429
    endloop
  endfacet
  facet normal 0 1 0
    outer loop
      vertex 16.1488 12 29.5854
      vertex 10 12 4
      vertex 14.5551 12 34
    endloop
  endfacet
  facet normal 0 1 0
    outer loop
      vertex 17.9545 12 25.4327
      vertex 10 12 4
      vertex 16.1488 12 29.5854
    endloop
  endfacet
  facet normal 0 1 0
    outer loop
      vertex 19.9584 12 21.5736
      vertex 10 12 4
      vertex 17.9545 12 25.4327
    endloop
  endfacet
  facet normal 0 1 0
    outer loop
      vertex 22.1452 12 18.0373
      vertex 10 12 4
      vertex 19.9584 12 21.5736
    endloop
  endfacet
  facet normal 0 1 0
    outer loop
      vertex 24.4984 12 14.8509
      vertex 10 12 4
      vertex 22.1452 12 18.0373
    endloop
  endfacet
  facet normal 0 1 0
    outer loop
      vertex 27 12 12.0385
      vertex 10 12 4
      vertex 24.4984 12 14.8509
    endloop
  endfacet
  facet normal 0 1 0
    outer loop
      vertex 29.631 12 9.62152
      vertex 10 12 4
      vertex 27 12 12.0385
    endloop
  endfacet
  facet normal 0 1 0
    outer loop
      vertex 32.3713 12 7.61844
      vertex 10 12 4
      vertex 29.631 12 9.62152
    endloop
  endfacet
  facet normal 0 1 0
    outer loop
      vertex 35.2001 12 6.04445
      vertex 10 12 4
      vertex 32.3713 12 7.61844
    endloop
  endfacet
  facet normal 0 1 0
    outer loop
      vertex 38.0959 12 4.91153
      vertex 10 12 4
      vertex 35.2001 12 6.04445
    endloop
  endfacet
  facet normal 0 1 0
    outer loop
      vertex 41.0367 12 4.22832
      vertex 10 12 4
      vertex 38.0959 12 4.91153
    endloop
  endfacet
  facet normal 0 1 0
    outer loop
      vertex 10 12 4
      vertex 41.0367 12 4.22832
      vertex 44 12 4
    endloop
  endfacet
  facet normal 0 -1 0
    outer loop
      vertex 10 6 4
      vertex 10.1294 6 58.7706
      vertex 10 6 64
    endloop
  endfacet
  facet normal 0 -1 0
    outer loop
      vertex 10 6 4
      vertex 10.5165 6 53.5811
      vertex 10.1294 6 58.7706
    endloop
  endfacet
  facet normal 0 -1 0
    outer loop
      vertex 10 6 4
      vertex 11.1585 6 48.4709
      vertex 10.5165 6 53.5811
    endloop
  endfacet
  facet normal 0 -1 0
    outer loop
      vertex 10 6 4
      vertex 12.0504 6 43.4788
      vertex 11.1585 6 48.4709
    endloop
  endfacet
  facet normal 0 -1 0
    outer loop
      vertex 10 6 4
      vertex 13.1855 6 38.6429
      vertex 12.0504 6 43.4788
    endloop
  endfacet
  facet normal 0 -1 0
    outer loop
      vertex 10 6 4
      vertex 14.5551 6 34
      vertex 13.1855 6 38.6429
    endloop
  endfacet
  facet normal 0 -1 0
    outer loop
      vertex 10 6 4
      vertex 16.1488 6 29.5854
      vertex 14.5551 6 34
    endloop
  endfacet
  facet normal 0 -1 0
    outer loop
      vertex 10 6 4
      vertex 17.9545 6 25.4327
      vertex 16.1488 6 29.5854
    endloop
  endfacet
  facet normal 0 -1 0
    outer loop
      vertex 10 6 4
      vertex 19.9584 6 21.5736
      vertex 17.9545 6 25.4327
    endloop
  endfacet
  facet normal 0 -1 0
    outer loop
      vertex 10 6 4
      vertex 22.1452 6 18.0373
      vertex 19.9584 6 21.5736
    endloop
  endfacet
  facet normal 0 -1 0
    outer loop
      vertex 10 6 4
      vertex 24.4984 6 14.8509
      vertex 22.1452 6 18.0373
    endloop
  endfacet
  facet normal 0 -1 0
    outer loop
      vertex 10 6 4
      vertex 27 6 12.0385
      vertex 24.4984 6 14.8509
    endloop
  endfacet
  facet normal 0 -1 0
    outer loop
      vertex 10 6 4
      vertex 29.631 6 9.62152
      vertex 27 6 12.0385
    endloop
  endfacet
  facet normal 0 -1 0
    outer loop
      vertex 10 6 4
      vertex 32.3713 6 7.61844
      vertex 29.631 6 9.62152
    endloop
  endfacet
  facet normal 0 -1 0
    outer loop
      vertex 10 6 4
      vertex 35.2001 6 6.04445
      vertex 32.3713 6 7.61844
    endloop
  endfacet
  facet normal 0 -1 0
    outer loop
      vertex 10 6 4
      vertex 38.0959 6 4.91153
      vertex 35.2001 6 6.04445
    endloop
  endfacet
  facet normal 0 -1 0
    outer loop
      vertex 10 6 4
      vertex 41.0367 6 4.22832
      vertex 38.0959 6 4.91153
    endloop
  endfacet
  facet normal 0 -1 -0
    outer loop
      vertex 41.0367 6 4.22832
      vertex 10 6 4
      vertex 44 6 4
    endloop
  endfacet
  facet normal 0.0768215 1.15558e-18 0.997045
    outer loop
      vertex 41.0367 12 4.22832
      vertex 44 6 4
      vertex 44 12 4
    endloop
  endfacet
  facet normal 0.0768215 1.15558e-18 0.997045
    outer loop
      vertex 44 6 4
      vertex 41.0367 12 4.22832
      vertex 41.0367 6 4.22832
    endloop
  endfacet
  facet normal 0.226294 -8.17818e-20 0.974059
    outer loop
      vertex 38.0959 12 4.91153
      vertex 41.0367 6 4.22832
      vertex 41.0367 12 4.22832
    endloop
  endfacet
  facet normal 0.226294 -8.17818e-20 0.974059
    outer loop
      vertex 41.0367 6 4.22832
      vertex 38.0959 12 4.91153
      vertex 38.0959 6 4.91153
    endloop
  endfacet
  facet normal 0.364338 4.92939e-18 0.931267
    outer loop
      vertex 35.2001 12 6.04445
      vertex 38.0959 6 4.91153
      vertex 38.0959 12 4.91153
    endloop
  endfacet
  facet normal 0.364338 4.92939e-18 0.931267
    outer loop
      vertex 38.0959 6 4.91153
      vertex 35.2001 12 6.04445
      vertex 35.2001 6 6.04445
    endloop
  endfacet
  facet normal 0.486217 4.62219e-18 0.873838
    outer loop
      vertex 32.3713 12 7.61844
      vertex 35.2001 6 6.04445
      vertex 35.2001 12 6.04445
    endloop
  endfacet
  facet normal 0.486217 4.62219e-18 0.873838
    outer loop
      vertex 35.2001 6 6.04445
      vertex 32.3713 12 7.61844
      vertex 32.3713 6 7.61844
    endloop
  endfacet
  facet normal 0.590123 -6.75768e-18 0.807313
    outer loop
      vertex 29.631 12 9.62152
      vertex 32.3713 6 7.61844
      vertex 32.3713 12 7.61844
    endloop
  endfacet
  facet normal 0.590123 -6.75768e-18 0.807313
    outer loop
      vertex 32.3713 6 7.61844
      vertex 29.631 12 9.62152
      vertex 29.631 6 9.62152
    endloop
  endfacet
  facet normal 0.67652 -1.17982e-17 0.736425
    outer loop
      vertex 27 12 12.0385
      vertex 29.631 6 9.62152
      vertex 29.631 12 9.62152
    endloop
  endfacet
  facet normal 0.67652 -1.17982e-17 0.736425
    outer loop
      vertex 29.631 6 9.62152
      vertex 27 12 12.0385
      vertex 27 6 12.0385
    endloop
  endfacet
  facet normal 0.747186 -0 0.664614
    outer loop
      vertex 24.4984 6 14.8509
      vertex 27 12 12.0385
      vertex 24.4984 12 14.8509
    endloop
  endfacet
  facet normal 0.747186 0 0.664614
    outer loop
      vertex 27 12 12.0385
      vertex 24.4984 6 14.8509
      vertex 27 6 12.0385
    endloop
  endfacet
  facet normal 0.804413 -0 0.59407
    outer loop
      vertex 22.1452 6 18.0373
      vertex 24.4984 12 14.8509
      vertex 22.1452 12 18.0373
    endloop
  endfacet
  facet normal 0.804413 0 0.59407
    outer loop
      vertex 24.4984 12 14.8509
      vertex 22.1452 6 18.0373
      vertex 24.4984 6 14.8509
    endloop
  endfacet
  facet normal 0.850517 -0 0.525948
    outer loop
      vertex 19.9584 6 21.5736
      vertex 22.1452 12 18.0373
      vertex 19.9584 12 21.5736
    endloop
  endfacet
  facet normal 0.850517 0 0.525948
    outer loop
      vertex 22.1452 12 18.0373
      vertex 19.9584 6 21.5736
      vertex 22.1452 6 18.0373
    endloop
  endfacet
  facet normal 0.887483 -0 0.46084
    outer loop
      vertex 17.9545 6 25.4327
      vertex 19.9584 12 21.5736
      vertex 17.9545 12 25.4327
    endloop
  endfacet
  facet normal 0.887483 0 0.46084
    outer loop
      vertex 19.9584 12 21.5736
      vertex 17.9545 6 25.4327
      vertex 19.9584 6 21.5736
    endloop
  endfacet
  facet normal 0.917056 -0 0.398759
    outer loop
      vertex 16.1488 6 29.5854
      vertex 17.9545 12 25.4327
      vertex 16.1488 12 29.5854
    endloop
  endfacet
  facet normal 0.917056 0 0.398759
    outer loop
      vertex 17.9545 12 25.4327
      vertex 16.1488 6 29.5854
      vertex 17.9545 6 25.4327
    endloop
  endfacet
  facet normal 0.940585 -0 0.339558
    outer loop
      vertex 14.5551 6 34
      vertex 16.1488 12 29.5854
      vertex 14.5551 12 34
    endloop
  endfacet
  facet normal 0.940585 0 0.339558
    outer loop
      vertex 16.1488 12 29.5854
      vertex 14.5551 6 34
      vertex 16.1488 6 29.5854
    endloop
  endfacet
  facet normal 0.959139 -0 0.282935
    outer loop
      vertex 13.1855 6 38.6429
      vertex 14.5551 12 34
      vertex 13.1855 12 38.6429
    endloop
  endfacet
  facet normal 0.959139 0 0.282935
    outer loop
      vertex 14.5551 12 34
      vertex 13.1855 6 38.6429
      vertex 14.5551 6 34
    endloop
  endfacet
  facet normal 0.973541 -0 0.228513
    outer loop
      vertex 12.0504 6 43.4788
      vertex 13.1855 12 38.6429
      vertex 12.0504 12 43.4788
    endloop
  endfacet
  facet normal 0.973541 0 0.228513
    outer loop
      vertex 13.1855 12 38.6429
      vertex 12.0504 6 43.4788
      vertex 13.1855 6 38.6429
    endloop
  endfacet
  facet normal 0.984412 -0 0.175877
    outer loop
      vertex 11.1585 6 48.4709
      vertex 12.0504 12 43.4788
      vertex 11.1585 12 48.4709
    endloop
  endfacet
  facet normal 0.984412 0 0.175877
    outer loop
      vertex 12.0504 12 43.4788
      vertex 11.1585 6 48.4709
      vertex 12.0504 6 43.4788
    endloop
  endfacet
  facet normal 0.992201 -0 0.124651
    outer loop
      vertex 10.5165 6 53.5811
      vertex 11.1585 12 48.4709
      vertex 10.5165 12 53.5811
    endloop
  endfacet
  facet normal 0.992201 0 0.124651
    outer loop
      vertex 11.1585 12 48.4709
      vertex 10.5165 6 53.5811
      vertex 11.1585 6 48.4709
    endloop
  endfacet
  facet normal 0.99723 -0 0.0743863
    outer loop
      vertex 10.1294 6 58.7706
      vertex 10.5165 12 53.5811
      vertex 10.1294 12 58.7706
    endloop
  endfacet
  facet normal 0.99723 0 0.0743863
    outer loop
      vertex 10.5165 12 53.5811
      vertex 10.1294 6 58.7706
      vertex 10.5165 6 53.5811
    endloop
  endfacet
  facet normal 0.999694 -0 0.0247371
    outer loop
      vertex 10 6 64
      vertex 10.1294 12 58.7706
      vertex 10 12 64
    endloop
  endfacet
  facet normal 0.999694 0 0.0247371
    outer loop
      vertex 10.1294 12 58.7706
      vertex 10 6 64
      vertex 10.1294 6 58.7706
    endloop
  endfacet
  facet normal -0 0 1
    outer loop
      vertex 0 37.65 64
      vertex 10 31.65 64
      vertex 10 37.65 64
    endloop
  endfacet
  facet normal 0 0 1
    outer loop
      vertex 10 31.65 64
      vertex 0 37.65 64
      vertex 10 12 64
    endloop
  endfacet
  facet normal 0 0 1
    outer loop
      vertex 0 6 64
      vertex 10 12 64
      vertex 0 37.65 64
    endloop
  endfacet
  facet normal 0 0 1
    outer loop
      vertex 10 12 64
      vertex 0 6 64
      vertex 10 6 64
    endloop
  endfacet
  facet normal -1 0 0
    outer loop
      vertex 0 24.12 21.325
      vertex 0 43.65 58
      vertex 0 24.3847 20.6859
    endloop
  endfacet
  facet normal -1 0 0
    outer loop
      vertex 0 43.65 58
      vertex 0 24.3847 47.3141
      vertex 0 24.475 48
    endloop
  endfacet
  facet normal -1 0 0
    outer loop
      vertex 0 24.12 46.675
      vertex 0 43.65 58
      vertex 0 24.12 21.325
    endloop
  endfacet
  facet normal -1 0 0
    outer loop
      vertex 0 43.65 58
      vertex 0 24.12 46.675
      vertex 0 24.3847 47.3141
    endloop
  endfacet
  facet normal -1 0 0
    outer loop
      vertex 0 23.6988 21.8738
      vertex 0 24.12 46.675
      vertex 0 24.12 21.325
    endloop
  endfacet
  facet normal -1 0 0
    outer loop
      vertex 0 23.6988 21.8738
      vertex 0 23.6988 46.1262
      vertex 0 24.12 46.675
    endloop
  endfacet
  facet normal -1 0 0
    outer loop
      vertex 0 23.15 22.295
      vertex 0 23.6988 46.1262
      vertex 0 23.6988 21.8738
    endloop
  endfacet
  facet normal -1 0 0
    outer loop
      vertex 0 23.15 22.295
      vertex 0 23.15 45.705
      vertex 0 23.6988 46.1262
    endloop
  endfacet
  facet normal -1 0 0
    outer loop
      vertex 0 22.5109 22.5597
      vertex 0 23.15 45.705
      vertex 0 23.15 22.295
    endloop
  endfacet
  facet normal -1 0 0
    outer loop
      vertex 0 22.5109 22.5597
      vertex 0 22.5109 45.4403
      vertex 0 23.15 45.705
    endloop
  endfacet
  facet normal -1 0 0
    outer loop
      vertex 0 21.825 22.65
      vertex 0 22.5109 45.4403
      vertex 0 22.5109 22.5597
    endloop
  endfacet
  facet normal -1 0 0
    outer loop
      vertex 0 21.825 22.65
      vertex 0 21.825 45.35
      vertex 0 22.5109 45.4403
    endloop
  endfacet
  facet normal -1 0 0
    outer loop
      vertex 0 21.1391 22.5597
      vertex 0 21.825 45.35
      vertex 0 21.825 22.65
    endloop
  endfacet
  facet normal -1 0 0
    outer loop
      vertex 0 21.1391 22.5597
      vertex 0 21.1391 45.4403
      vertex 0 21.825 45.35
    endloop
  endfacet
  facet normal -1 0 0
    outer loop
      vertex 0 20.5 22.295
      vertex 0 21.1391 45.4403
      vertex 0 21.1391 22.5597
    endloop
  endfacet
  facet normal -1 0 0
    outer loop
      vertex 0 20.5 22.295
      vertex 0 20.5 45.705
      vertex 0 21.1391 45.4403
    endloop
  endfacet
  facet normal -1 0 0
    outer loop
      vertex 0 19.9512 21.8738
      vertex 0 20.5 45.705
      vertex 0 20.5 22.295
    endloop
  endfacet
  facet normal -1 0 0
    outer loop
      vertex 0 19.9512 21.8738
      vertex 0 19.9512 46.1262
      vertex 0 20.5 45.705
    endloop
  endfacet
  facet normal -1 0 0
    outer loop
      vertex 0 19.53 21.325
      vertex 0 19.9512 46.1262
      vertex 0 19.9512 21.8738
    endloop
  endfacet
  facet normal -1 0 0
    outer loop
      vertex 0 19.53 21.325
      vertex 0 19.53 46.675
      vertex 0 19.9512 46.1262
    endloop
  endfacet
  facet normal -1 0 0
    outer loop
      vertex 0 0 58
      vertex 0 19.53 21.325
      vertex 0 19.2653 20.6859
    endloop
  endfacet
  facet normal -1 0 0
    outer loop
      vertex 0 19.53 21.325
      vertex 0 0 58
      vertex 0 19.53 46.675
    endloop
  endfacet
  facet normal -1 0 0
    outer loop
      vertex 0 0 0
      vertex 0 19.2653 20.6859
      vertex 0 19.175 20
    endloop
  endfacet
  facet normal -1 0 0
    outer loop
      vertex 0 19.53 46.675
      vertex 0 0 58
      vertex 0 19.2653 47.3141
    endloop
  endfacet
  facet normal -1 0 0
    outer loop
      vertex 0 24.3847 20.6859
      vertex 0 43.65 0
      vertex 0 24.475 20
    endloop
  endfacet
  facet normal -1 0 0
    outer loop
      vertex 0 43.65 0
      vertex 0 24.3847 20.6859
      vertex 0 43.65 58
    endloop
  endfacet
  facet normal -1 0 0
    outer loop
      vertex 0 24.3847 48.6859
      vertex 0 43.65 58
      vertex 0 24.475 48
    endloop
  endfacet
  facet normal -1 0 0
    outer loop
      vertex 0 24.12 49.325
      vertex 0 43.65 58
      vertex 0 24.3847 48.6859
    endloop
  endfacet
  facet normal -1 0 -0
    outer loop
      vertex 0 37.65 64
      vertex 0 43.65 58
      vertex 0 24.12 49.325
    endloop
  endfacet
  facet normal -1 0 0
    outer loop
      vertex 0 43.65 58
      vertex 0 37.65 64
      vertex 0 43.5987 58.7832
    endloop
  endfacet
  facet normal -1 0 0
    outer loop
      vertex 0 43.4456 59.5529
      vertex 0 37.65 64
      vertex 0 43.1933 60.2961
    endloop
  endfacet
  facet normal -1 0 0
    outer loop
      vertex 0 43.1933 60.2961
      vertex 0 37.65 64
      vertex 0 42.8462 61
    endloop
  endfacet
  facet normal -1 0 0
    outer loop
      vertex 0 42.8462 61
      vertex 0 37.65 64
      vertex 0 42.4101 61.6526
    endloop
  endfacet
  facet normal -1 0 0
    outer loop
      vertex 0 42.4101 61.6526
      vertex 0 37.65 64
      vertex 0 41.8926 62.2426
    endloop
  endfacet
  facet normal -1 0 0
    outer loop
      vertex 0 41.8926 62.2426
      vertex 0 37.65 64
      vertex 0 41.3026 62.7601
    endloop
  endfacet
  facet normal -1 0 0
    outer loop
      vertex 0 41.3026 62.7601
      vertex 0 37.65 64
      vertex 0 40.65 63.1962
    endloop
  endfacet
  facet normal -1 0 0
    outer loop
      vertex 0 40.65 63.1962
      vertex 0 37.65 64
      vertex 0 39.9461 63.5433
    endloop
  endfacet
  facet normal -1 0 0
    outer loop
      vertex 0 43.65 0
      vertex 0 24.3847 19.3141
      vertex 0 24.475 20
    endloop
  endfacet
  facet normal -1 0 0
    outer loop
      vertex 0 43.65 0
      vertex 0 24.12 18.675
      vertex 0 24.3847 19.3141
    endloop
  endfacet
  facet normal -1 0 0
    outer loop
      vertex 0 43.65 0
      vertex 0 23.6988 18.1262
      vertex 0 24.12 18.675
    endloop
  endfacet
  facet normal -1 0 0
    outer loop
      vertex 0 43.65 0
      vertex 0 23.15 17.705
      vertex 0 23.6988 18.1262
    endloop
  endfacet
  facet normal -1 0 0
    outer loop
      vertex 0 43.65 0
      vertex 0 22.5109 17.4403
      vertex 0 23.15 17.705
    endloop
  endfacet
  facet normal -1 0 0
    outer loop
      vertex 0 43.65 0
      vertex 0 21.825 17.35
      vertex 0 22.5109 17.4403
    endloop
  endfacet
  facet normal -1 0 0
    outer loop
      vertex 0 0 0
      vertex 0 21.825 17.35
      vertex 0 43.65 0
    endloop
  endfacet
  facet normal -1 -0 0
    outer loop
      vertex 0 21.825 17.35
      vertex 0 0 0
      vertex 0 21.1391 17.4403
    endloop
  endfacet
  facet normal -1 0 0
    outer loop
      vertex 0 19.2653 47.3141
      vertex 0 0 58
      vertex 0 19.175 48
    endloop
  endfacet
  facet normal -1 0 0
    outer loop
      vertex 0 0 0
      vertex 0 19.175 20
      vertex 0 19.2653 19.3141
    endloop
  endfacet
  facet normal -1 0 0
    outer loop
      vertex 0 19.175 48
      vertex 0 0 58
      vertex 0 6 64
    endloop
  endfacet
  facet normal -1 0 0
    outer loop
      vertex 0 6 64
      vertex 0 0 58
      vertex 0 5.21684 63.9487
    endloop
  endfacet
  facet normal -1 0 0
    outer loop
      vertex 0 5.21684 63.9487
      vertex 0 0 58
      vertex 0 4.44709 63.7956
    endloop
  endfacet
  facet normal -1 0 0
    outer loop
      vertex 0 4.44709 63.7956
      vertex 0 0 58
      vertex 0 3.7039 63.5433
    endloop
  endfacet
  facet normal -1 0 0
    outer loop
      vertex 0 3.7039 63.5433
      vertex 0 0 58
      vertex 0 3 63.1962
    endloop
  endfacet
  facet normal -1 0 0
    outer loop
      vertex 0 3 63.1962
      vertex 0 0 58
      vertex 0 2.34743 62.7601
    endloop
  endfacet
  facet normal -1 0 0
    outer loop
      vertex 0 2.34743 62.7601
      vertex 0 0 58
      vertex 0 1.75736 62.2426
    endloop
  endfacet
  facet normal -1 0 0
    outer loop
      vertex 0 0 0
      vertex 0 19.2653 19.3141
      vertex 0 19.53 18.675
    endloop
  endfacet
  facet normal -1 0 0
    outer loop
      vertex 0 1.75736 62.2426
      vertex 0 0 58
      vertex 0 1.23988 61.6526
    endloop
  endfacet
  facet normal -1 0 0
    outer loop
      vertex 0 1.23988 61.6526
      vertex 0 0 58
      vertex 0 0.803847 61
    endloop
  endfacet
  facet normal -1 0 0
    outer loop
      vertex 0 0.803847 61
      vertex 0 0 58
      vertex 0 0.456722 60.2961
    endloop
  endfacet
  facet normal -1 0 0
    outer loop
      vertex 0 0.456722 60.2961
      vertex 0 0 58
      vertex 0 0.204445 59.5529
    endloop
  endfacet
  facet normal -1 -0 0
    outer loop
      vertex 0 21.1391 17.4403
      vertex 0 0 0
      vertex 0 20.5 17.705
    endloop
  endfacet
  facet normal -1 0 0
    outer loop
      vertex 0 0 0
      vertex 0 19.9512 18.1262
      vertex 0 20.5 17.705
    endloop
  endfacet
  facet normal -1 0 0
    outer loop
      vertex 0 0 0
      vertex 0 19.53 18.675
      vertex 0 19.9512 18.1262
    endloop
  endfacet
  facet normal -1 -0 0
    outer loop
      vertex 0 19.2653 20.6859
      vertex 0 0 0
      vertex 0 0 58
    endloop
  endfacet
  facet normal -1 0 0
    outer loop
      vertex 0 0.204445 59.5529
      vertex 0 0 58
      vertex 0 0.0513306 58.7832
    endloop
  endfacet
  facet normal -1 0 0
    outer loop
      vertex 0 39.9461 63.5433
      vertex 0 37.65 64
      vertex 0 39.2029 63.7956
    endloop
  endfacet
  facet normal -1 0 0
    outer loop
      vertex 0 39.2029 63.7956
      vertex 0 37.65 64
      vertex 0 38.4332 63.9487
    endloop
  endfacet
  facet normal -1 0 0
    outer loop
      vertex 0 43.5987 58.7832
      vertex 0 37.65 64
      vertex 0 43.4456 59.5529
    endloop
  endfacet
  facet normal -1 0 0
    outer loop
      vertex 0 23.6988 49.8738
      vertex 0 37.65 64
      vertex 0 24.12 49.325
    endloop
  endfacet
  facet normal -1 0 0
    outer loop
      vertex 0 23.15 50.295
      vertex 0 37.65 64
      vertex 0 23.6988 49.8738
    endloop
  endfacet
  facet normal -1 0 0
    outer loop
      vertex 0 22.5109 50.5597
      vertex 0 37.65 64
      vertex 0 23.15 50.295
    endloop
  endfacet
  facet normal -1 0 0
    outer loop
      vertex 0 21.825 50.65
      vertex 0 37.65 64
      vertex 0 22.5109 50.5597
    endloop
  endfacet
  facet normal -1 0 0
    outer loop
      vertex 0 6 64
      vertex 0 21.825 50.65
      vertex 0 21.1391 50.5597
    endloop
  endfacet
  facet normal -1 0 0
    outer loop
      vertex 0 6 64
      vertex 0 21.1391 50.5597
      vertex 0 20.5 50.295
    endloop
  endfacet
  facet normal -1 0 0
    outer loop
      vertex 0 6 64
      vertex 0 20.5 50.295
      vertex 0 19.9512 49.8738
    endloop
  endfacet
  facet normal -1 0 0
    outer loop
      vertex 0 21.825 50.65
      vertex 0 6 64
      vertex 0 37.65 64
    endloop
  endfacet
  facet normal -1 0 0
    outer loop
      vertex 0 19.53 49.325
      vertex 0 6 64
      vertex 0 19.9512 49.8738
    endloop
  endfacet
  facet normal -1 0 0
    outer loop
      vertex 0 19.2653 48.6859
      vertex 0 6 64
      vertex 0 19.53 49.325
    endloop
  endfacet
  facet normal -1 0 0
    outer loop
      vertex 0 6 64
      vertex 0 19.2653 48.6859
      vertex 0 19.175 48
    endloop
  endfacet
  facet normal 0 0 -1
    outer loop
      vertex 217.6 4 0
      vertex 215.381 8.1 0
      vertex 217.6 39.65 0
    endloop
  endfacet
  facet normal 0 0 -1
    outer loop
      vertex 217.6 39.65 0
      vertex 215.731 36.3941 0
      vertex 215.85 37.3 0
    endloop
  endfacet
  facet normal 0 0 -1
    outer loop
      vertex 215.381 35.55 0
      vertex 217.6 39.65 0
      vertex 215.381 8.1 0
    endloop
  endfacet
  facet normal 0 0 -1
    outer loop
      vertex 217.6 39.65 0
      vertex 215.381 35.55 0
      vertex 215.731 36.3941 0
    endloop
  endfacet
  facet normal 0 0 -1
    outer loop
      vertex 214.825 8.82487 0
      vertex 215.381 35.55 0
      vertex 215.381 8.1 0
    endloop
  endfacet
  facet normal 0 0 -1
    outer loop
      vertex 214.825 8.82487 0
      vertex 214.825 34.8251 0
      vertex 215.381 35.55 0
    endloop
  endfacet
  facet normal 0 0 -1
    outer loop
      vertex 214.1 9.38109 0
      vertex 214.825 34.8251 0
      vertex 214.825 8.82487 0
    endloop
  endfacet
  facet normal 0 0 -1
    outer loop
      vertex 214.1 9.38109 0
      vertex 214.1 34.2689 0
      vertex 214.825 34.8251 0
    endloop
  endfacet
  facet normal 0 0 -1
    outer loop
      vertex 213.256 9.73074 0
      vertex 214.1 34.2689 0
      vertex 214.1 9.38109 0
    endloop
  endfacet
  facet normal 0 0 -1
    outer loop
      vertex 213.256 9.73074 0
      vertex 213.256 33.9193 0
      vertex 214.1 34.2689 0
    endloop
  endfacet
  facet normal 0 0 -1
    outer loop
      vertex 212.35 9.85 0
      vertex 213.256 33.9193 0
      vertex 213.256 9.73074 0
    endloop
  endfacet
  facet normal 0 0 -1
    outer loop
      vertex 212.35 9.85 0
      vertex 212.35 33.8 0
      vertex 213.256 33.9193 0
    endloop
  endfacet
  facet normal 0 0 -1
    outer loop
      vertex 205.35 9.85 0
      vertex 212.35 33.8 0
      vertex 212.35 9.85 0
    endloop
  endfacet
  facet normal 0 0 -1
    outer loop
      vertex 205.35 9.85 0
      vertex 205.35 33.8 0
      vertex 212.35 33.8 0
    endloop
  endfacet
  facet normal 0 0 -1
    outer loop
      vertex 204.444 9.73074 0
      vertex 205.35 33.8 0
      vertex 205.35 9.85 0
    endloop
  endfacet
  facet normal 0 0 -1
    outer loop
      vertex 204.444 9.73074 0
      vertex 204.444 33.9193 0
      vertex 205.35 33.8 0
    endloop
  endfacet
  facet normal 0 0 -1
    outer loop
      vertex 203.6 9.38109 0
      vertex 204.444 33.9193 0
      vertex 204.444 9.73074 0
    endloop
  endfacet
  facet normal 0 0 -1
    outer loop
      vertex 203.6 9.38109 0
      vertex 203.6 34.2689 0
      vertex 204.444 33.9193 0
    endloop
  endfacet
  facet normal 0 0 -1
    outer loop
      vertex 202.875 8.82487 0
      vertex 203.6 34.2689 0
      vertex 203.6 9.38109 0
    endloop
  endfacet
  facet normal 0 0 -1
    outer loop
      vertex 202.875 8.82487 0
      vertex 202.875 34.8251 0
      vertex 203.6 34.2689 0
    endloop
  endfacet
  facet normal 0 0 -1
    outer loop
      vertex 202.319 8.1 0
      vertex 202.875 34.8251 0
      vertex 202.875 8.82487 0
    endloop
  endfacet
  facet normal 0 0 -1
    outer loop
      vertex 202.319 8.1 0
      vertex 202.319 35.55 0
      vertex 202.875 34.8251 0
    endloop
  endfacet
  facet normal 0 0 -1
    outer loop
      vertex 201.969 7.25587 0
      vertex 202.319 35.55 0
      vertex 202.319 8.1 0
    endloop
  endfacet
  facet normal 0 0 -1
    outer loop
      vertex 201.969 7.25587 0
      vertex 201.969 36.3941 0
      vertex 202.319 35.55 0
    endloop
  endfacet
  facet normal 0 0 -1
    outer loop
      vertex 67.5 11.675 0
      vertex 201.969 7.25587 0
      vertex 201.85 6.35 0
    endloop
  endfacet
  facet normal 0 0 -1
    outer loop
      vertex 201.969 7.25587 0
      vertex 67.5 28.175 0
      vertex 201.969 36.3941 0
    endloop
  endfacet
  facet normal 0 0 -1
    outer loop
      vertex 215.381 4.6 0
      vertex 217.6 4 0
      vertex 217.566 3.47789 0
    endloop
  endfacet
  facet normal 0 0 -1
    outer loop
      vertex 215.731 7.25587 0
      vertex 217.6 4 0
      vertex 215.85 6.35 0
    endloop
  endfacet
  facet normal 0 0 -1
    outer loop
      vertex 215.381 4.6 0
      vertex 217.566 3.47789 0
      vertex 217.464 2.96472 0
    endloop
  endfacet
  facet normal 0 0 -1
    outer loop
      vertex 215.381 8.1 0
      vertex 217.6 4 0
      vertex 215.731 7.25587 0
    endloop
  endfacet
  facet normal 0 0 -1
    outer loop
      vertex 214.825 3.87513 0
      vertex 217.464 2.96472 0
      vertex 217.296 2.46925 0
    endloop
  endfacet
  facet normal 0 0 -1
    outer loop
      vertex 215.731 38.2059 0
      vertex 217.6 39.65 0
      vertex 215.85 37.3 0
    endloop
  endfacet
  facet normal 0 0 -1
    outer loop
      vertex 214.825 3.87513 0
      vertex 217.296 2.46925 0
      vertex 217.064 2 0
    endloop
  endfacet
  facet normal 0 0 -1
    outer loop
      vertex 215.381 39.05 0
      vertex 217.6 39.65 0
      vertex 215.731 38.2059 0
    endloop
  endfacet
  facet normal 0 0 -1
    outer loop
      vertex 214.825 3.87513 0
      vertex 217.064 2 0
      vertex 216.773 1.56494 0
    endloop
  endfacet
  facet normal -0 0 -1
    outer loop
      vertex 217.6 39.65 0
      vertex 215.381 39.05 0
      vertex 217.566 40.1721 0
    endloop
  endfacet
  facet normal 0 0 -1
    outer loop
      vertex 214.825 3.87513 0
      vertex 216.773 1.56494 0
      vertex 216.428 1.17157 0
    endloop
  endfacet
  facet normal -0 0 -1
    outer loop
      vertex 217.566 40.1721 0
      vertex 215.381 39.05 0
      vertex 217.464 40.6853 0
    endloop
  endfacet
  facet normal 0 0 -1
    outer loop
      vertex 214.1 3.31891 0
      vertex 216.428 1.17157 0
      vertex 216.035 0.826584 0
    endloop
  endfacet
  facet normal 0 0 -1
    outer loop
      vertex 214.825 39.7749 0
      vertex 217.464 40.6853 0
      vertex 215.381 39.05 0
    endloop
  endfacet
  facet normal -0 0 -1
    outer loop
      vertex 217.464 40.6853 0
      vertex 214.825 39.7749 0
      vertex 217.296 41.1807 0
    endloop
  endfacet
  facet normal 0 0 -1
    outer loop
      vertex 217.6 4 0
      vertex 215.731 5.44413 0
      vertex 215.85 6.35 0
    endloop
  endfacet
  facet normal 0 0 -1
    outer loop
      vertex 214.1 3.31891 0
      vertex 216.035 0.826584 0
      vertex 215.6 0.535889 0
    endloop
  endfacet
  facet normal 0 0 -1
    outer loop
      vertex 217.6 4 0
      vertex 215.381 4.6 0
      vertex 215.731 5.44413 0
    endloop
  endfacet
  facet normal 0 0 -1
    outer loop
      vertex 214.1 3.31891 0
      vertex 215.6 0.535889 0
      vertex 215.131 0.304474 0
    endloop
  endfacet
  facet normal 0 0 -1
    outer loop
      vertex 217.464 2.96472 0
      vertex 214.825 3.87513 0
      vertex 215.381 4.6 0
    endloop
  endfacet
  facet normal 0 0 -1
    outer loop
      vertex 214.1 3.31891 0
      vertex 215.131 0.304474 0
      vertex 214.635 0.136292 0
    endloop
  endfacet
  facet normal 0 0 -1
    outer loop
      vertex 213.256 2.96926 0
      vertex 214.635 0.136292 0
      vertex 214.122 0.0342102 0
    endloop
  endfacet
  facet normal 0 0 -1
    outer loop
      vertex 216.428 1.17157 0
      vertex 214.1 3.31891 0
      vertex 214.825 3.87513 0
    endloop
  endfacet
  facet normal 0 0 -1
    outer loop
      vertex 213.256 2.96926 0
      vertex 214.122 0.0342102 0
      vertex 213.6 0 0
    endloop
  endfacet
  facet normal 0 0 -1
    outer loop
      vertex 214.635 0.136292 0
      vertex 213.256 2.96926 0
      vertex 214.1 3.31891 0
    endloop
  endfacet
  facet normal 0 0 -1
    outer loop
      vertex 213.6 0 0
      vertex 212.35 2.85 0
      vertex 213.256 2.96926 0
    endloop
  endfacet
  facet normal 0 0 -1
    outer loop
      vertex 213.6 0 0
      vertex 205.35 2.85 0
      vertex 212.35 2.85 0
    endloop
  endfacet
  facet normal 0 0 -1
    outer loop
      vertex 213.6 0 0
      vertex 204.444 2.96926 0
      vertex 205.35 2.85 0
    endloop
  endfacet
  facet normal 0 0 -1
    outer loop
      vertex 201.969 7.25587 0
      vertex 67.5 11.675 0
      vertex 67.5 28.175 0
    endloop
  endfacet
  facet normal 0 0 -1
    outer loop
      vertex 201.969 5.44413 0
      vertex 67.5 11.675 0
      vertex 201.85 6.35 0
    endloop
  endfacet
  facet normal 0 0 -1
    outer loop
      vertex 202.319 4.6 0
      vertex 67.5 11.675 0
      vertex 201.969 5.44413 0
    endloop
  endfacet
  facet normal 0 0 -1
    outer loop
      vertex 202.875 3.87513 0
      vertex 67.5 11.675 0
      vertex 202.319 4.6 0
    endloop
  endfacet
  facet normal 0 0 -1
    outer loop
      vertex 203.6 3.31891 0
      vertex 67.5 11.675 0
      vertex 202.875 3.87513 0
    endloop
  endfacet
  facet normal 0 0 -1
    outer loop
      vertex 204.444 2.96926 0
      vertex 67.5 11.675 0
      vertex 203.6 3.31891 0
    endloop
  endfacet
  facet normal 0 0 -1
    outer loop
      vertex 213.6 0 0
      vertex 67.5 11.675 0
      vertex 204.444 2.96926 0
    endloop
  endfacet
  facet normal 0 0 -1
    outer loop
      vertex 0 0 0
      vertex 67.5 11.675 0
      vertex 213.6 0 0
    endloop
  endfacet
  facet normal -0 0 -1
    outer loop
      vertex 52.5 11.675 0
      vertex 0 0 0
      vertex 52.5 28.175 0
    endloop
  endfacet
  facet normal -0 0 -1
    outer loop
      vertex 67.5 11.675 0
      vertex 0 0 0
      vertex 52.5 11.675 0
    endloop
  endfacet
  facet normal -0 0 -1
    outer loop
      vertex 217.296 41.1807 0
      vertex 214.825 39.7749 0
      vertex 217.064 41.65 0
    endloop
  endfacet
  facet normal -0 0 -1
    outer loop
      vertex 217.064 41.65 0
      vertex 214.825 39.7749 0
      vertex 216.773 42.085 0
    endloop
  endfacet
  facet normal -0 0 -1
    outer loop
      vertex 216.773 42.085 0
      vertex 214.825 39.7749 0
      vertex 216.428 42.4784 0
    endloop
  endfacet
  facet normal 0 0 -1
    outer loop
      vertex 214.1 40.3311 0
      vertex 216.428 42.4784 0
      vertex 214.825 39.7749 0
    endloop
  endfacet
  facet normal -0 0 -1
    outer loop
      vertex 216.428 42.4784 0
      vertex 214.1 40.3311 0
      vertex 216.035 42.8234 0
    endloop
  endfacet
  facet normal -0 0 -1
    outer loop
      vertex 216.035 42.8234 0
      vertex 214.1 40.3311 0
      vertex 215.6 43.1141 0
    endloop
  endfacet
  facet normal -0 0 -1
    outer loop
      vertex 215.6 43.1141 0
      vertex 214.1 40.3311 0
      vertex 215.131 43.3455 0
    endloop
  endfacet
  facet normal -0 0 -1
    outer loop
      vertex 215.131 43.3455 0
      vertex 214.1 40.3311 0
      vertex 214.635 43.5137 0
    endloop
  endfacet
  facet normal 0 0 -1
    outer loop
      vertex 213.256 40.6807 0
      vertex 214.635 43.5137 0
      vertex 214.1 40.3311 0
    endloop
  endfacet
  facet normal -0 0 -1
    outer loop
      vertex 214.635 43.5137 0
      vertex 213.256 40.6807 0
      vertex 214.122 43.6158 0
    endloop
  endfacet
  facet normal -0 0 -1
    outer loop
      vertex 214.122 43.6158 0
      vertex 213.256 40.6807 0
      vertex 213.6 43.65 0
    endloop
  endfacet
  facet normal 0 0 -1
    outer loop
      vertex 212.35 40.8 0
      vertex 213.6 43.65 0
      vertex 213.256 40.6807 0
    endloop
  endfacet
  facet normal 0 0 -1
    outer loop
      vertex 205.35 40.8 0
      vertex 213.6 43.65 0
      vertex 212.35 40.8 0
    endloop
  endfacet
  facet normal 0 0 -1
    outer loop
      vertex 204.444 40.6807 0
      vertex 213.6 43.65 0
      vertex 205.35 40.8 0
    endloop
  endfacet
  facet normal -0 0 -1
    outer loop
      vertex 201.969 36.3941 0
      vertex 67.5 28.175 0
      vertex 201.85 37.3 0
    endloop
  endfacet
  facet normal -0 0 -1
    outer loop
      vertex 201.85 37.3 0
      vertex 67.5 28.175 0
      vertex 201.969 38.2059 0
    endloop
  endfacet
  facet normal -0 0 -1
    outer loop
      vertex 201.969 38.2059 0
      vertex 67.5 28.175 0
      vertex 202.319 39.05 0
    endloop
  endfacet
  facet normal -0 0 -1
    outer loop
      vertex 202.319 39.05 0
      vertex 67.5 28.175 0
      vertex 202.875 39.7749 0
    endloop
  endfacet
  facet normal -0 0 -1
    outer loop
      vertex 202.875 39.7749 0
      vertex 67.5 28.175 0
      vertex 203.6 40.3311 0
    endloop
  endfacet
  facet normal -0 0 -1
    outer loop
      vertex 203.6 40.3311 0
      vertex 67.5 28.175 0
      vertex 204.444 40.6807 0
    endloop
  endfacet
  facet normal -0 0 -1
    outer loop
      vertex 204.444 40.6807 0
      vertex 67.5 28.175 0
      vertex 213.6 43.65 0
    endloop
  endfacet
  facet normal 0 0 -1
    outer loop
      vertex 0 43.65 0
      vertex 67.5 28.175 0
      vertex 52.5 28.175 0
    endloop
  endfacet
  facet normal 0 0 -1
    outer loop
      vertex 67.5 28.175 0
      vertex 0 43.65 0
      vertex 213.6 43.65 0
    endloop
  endfacet
  facet normal 0 0 -1
    outer loop
      vertex 0 43.65 0
      vertex 52.5 28.175 0
      vertex 0 0 0
    endloop
  endfacet
  facet normal 0 1 0
    outer loop
      vertex 10.1294 37.65 58.7706
      vertex 10 37.65 4
      vertex 10 37.65 64
    endloop
  endfacet
  facet normal 0 1 0
    outer loop
      vertex 10.5165 37.65 53.5811
      vertex 10 37.65 4
      vertex 10.1294 37.65 58.7706
    endloop
  endfacet
  facet normal 0 1 0
    outer loop
      vertex 11.1585 37.65 48.4709
      vertex 10 37.65 4
      vertex 10.5165 37.65 53.5811
    endloop
  endfacet
  facet normal 0 1 0
    outer loop
      vertex 12.0504 37.65 43.4788
      vertex 10 37.65 4
      vertex 11.1585 37.65 48.4709
    endloop
  endfacet
  facet normal 0 1 0
    outer loop
      vertex 13.1855 37.65 38.6429
      vertex 10 37.65 4
      vertex 12.0504 37.65 43.4788
    endloop
  endfacet
  facet normal 0 1 0
    outer loop
      vertex 14.5551 37.65 34
      vertex 10 37.65 4
      vertex 13.1855 37.65 38.6429
    endloop
  endfacet
  facet normal 0 1 0
    outer loop
      vertex 16.1488 37.65 29.5854
      vertex 10 37.65 4
      vertex 14.5551 37.65 34
    endloop
  endfacet
  facet normal 0 1 0
    outer loop
      vertex 17.9545 37.65 25.4327
      vertex 10 37.65 4
      vertex 16.1488 37.65 29.5854
    endloop
  endfacet
  facet normal 0 1 0
    outer loop
      vertex 19.9584 37.65 21.5736
      vertex 10 37.65 4
      vertex 17.9545 37.65 25.4327
    endloop
  endfacet
  facet normal 0 1 0
    outer loop
      vertex 22.1452 37.65 18.0373
      vertex 10 37.65 4
      vertex 19.9584 37.65 21.5736
    endloop
  endfacet
  facet normal 0 1 0
    outer loop
      vertex 24.4984 37.65 14.8509
      vertex 10 37.65 4
      vertex 22.1452 37.65 18.0373
    endloop
  endfacet
  facet normal 0 1 0
    outer loop
      vertex 27 37.65 12.0385
      vertex 10 37.65 4
      vertex 24.4984 37.65 14.8509
    endloop
  endfacet
  facet normal 0 1 0
    outer loop
      vertex 29.631 37.65 9.62152
      vertex 10 37.65 4
      vertex 27 37.65 12.0385
    endloop
  endfacet
  facet normal 0 1 0
    outer loop
      vertex 32.3713 37.65 7.61844
      vertex 10 37.65 4
      vertex 29.631 37.65 9.62152
    endloop
  endfacet
  facet normal 0 1 0
    outer loop
      vertex 35.2001 37.65 6.04445
      vertex 10 37.65 4
      vertex 32.3713 37.65 7.61844
    endloop
  endfacet
  facet normal 0 1 0
    outer loop
      vertex 38.0959 37.65 4.91153
      vertex 10 37.65 4
      vertex 35.2001 37.65 6.04445
    endloop
  endfacet
  facet normal 0 1 0
    outer loop
      vertex 41.0367 37.65 4.22832
      vertex 10 37.65 4
      vertex 38.0959 37.65 4.91153
    endloop
  endfacet
  facet normal 0 1 0
    outer loop
      vertex 10 37.65 4
      vertex 41.0367 37.65 4.22832
      vertex 44 37.65 4
    endloop
  endfacet
  facet normal 0 -1 0
    outer loop
      vertex 10 31.65 4
      vertex 10.1294 31.65 58.7706
      vertex 10 31.65 64
    endloop
  endfacet
  facet normal 0 -1 0
    outer loop
      vertex 10 31.65 4
      vertex 10.5165 31.65 53.5811
      vertex 10.1294 31.65 58.7706
    endloop
  endfacet
  facet normal 0 -1 0
    outer loop
      vertex 10 31.65 4
      vertex 11.1585 31.65 48.4709
      vertex 10.5165 31.65 53.5811
    endloop
  endfacet
  facet normal 0 -1 0
    outer loop
      vertex 10 31.65 4
      vertex 12.0504 31.65 43.4788
      vertex 11.1585 31.65 48.4709
    endloop
  endfacet
  facet normal 0 -1 0
    outer loop
      vertex 10 31.65 4
      vertex 13.1855 31.65 38.6429
      vertex 12.0504 31.65 43.4788
    endloop
  endfacet
  facet normal 0 -1 0
    outer loop
      vertex 10 31.65 4
      vertex 14.5551 31.65 34
      vertex 13.1855 31.65 38.6429
    endloop
  endfacet
  facet normal 0 -1 0
    outer loop
      vertex 10 31.65 4
      vertex 16.1488 31.65 29.5854
      vertex 14.5551 31.65 34
    endloop
  endfacet
  facet normal 0 -1 0
    outer loop
      vertex 10 31.65 4
      vertex 17.9545 31.65 25.4327
      vertex 16.1488 31.65 29.5854
    endloop
  endfacet
  facet normal 0 -1 0
    outer loop
      vertex 10 31.65 4
      vertex 19.9584 31.65 21.5736
      vertex 17.9545 31.65 25.4327
    endloop
  endfacet
  facet normal 0 -1 0
    outer loop
      vertex 10 31.65 4
      vertex 22.1452 31.65 18.0373
      vertex 19.9584 31.65 21.5736
    endloop
  endfacet
  facet normal 0 -1 0
    outer loop
      vertex 10 31.65 4
      vertex 24.4984 31.65 14.8509
      vertex 22.1452 31.65 18.0373
    endloop
  endfacet
  facet normal 0 -1 0
    outer loop
      vertex 10 31.65 4
      vertex 27 31.65 12.0385
      vertex 24.4984 31.65 14.8509
    endloop
  endfacet
  facet normal 0 -1 0
    outer loop
      vertex 10 31.65 4
      vertex 29.631 31.65 9.62152
      vertex 27 31.65 12.0385
    endloop
  endfacet
  facet normal 0 -1 0
    outer loop
      vertex 10 31.65 4
      vertex 32.3713 31.65 7.61844
      vertex 29.631 31.65 9.62152
    endloop
  endfacet
  facet normal 0 -1 0
    outer loop
      vertex 10 31.65 4
      vertex 35.2001 31.65 6.04445
      vertex 32.3713 31.65 7.61844
    endloop
  endfacet
  facet normal 0 -1 0
    outer loop
      vertex 10 31.65 4
      vertex 38.0959 31.65 4.91153
      vertex 35.2001 31.65 6.04445
    endloop
  endfacet
  facet normal 0 -1 0
    outer loop
      vertex 10 31.65 4
      vertex 41.0367 31.65 4.22832
      vertex 38.0959 31.65 4.91153
    endloop
  endfacet
  facet normal 0 -1 -0
    outer loop
      vertex 41.0367 31.65 4.22832
      vertex 10 31.65 4
      vertex 44 31.65 4
    endloop
  endfacet
  facet normal 0.0768215 1.15558e-18 0.997045
    outer loop
      vertex 41.0367 37.65 4.22832
      vertex 44 31.65 4
      vertex 44 37.65 4
    endloop
  endfacet
  facet normal 0.0768215 1.15558e-18 0.997045
    outer loop
      vertex 44 31.65 4
      vertex 41.0367 37.65 4.22832
      vertex 41.0367 31.65 4.22832
    endloop
  endfacet
  facet normal 0.226294 -8.17818e-20 0.974059
    outer loop
      vertex 38.0959 37.65 4.91153
      vertex 41.0367 31.65 4.22832
      vertex 41.0367 37.65 4.22832
    endloop
  endfacet
  facet normal 0.226294 -8.17818e-20 0.974059
    outer loop
      vertex 41.0367 31.65 4.22832
      vertex 38.0959 37.65 4.91153
      vertex 38.0959 31.65 4.91153
    endloop
  endfacet
  facet normal 0.364338 4.92939e-18 0.931267
    outer loop
      vertex 35.2001 37.65 6.04445
      vertex 38.0959 31.65 4.91153
      vertex 38.0959 37.65 4.91153
    endloop
  endfacet
  facet normal 0.364338 4.92939e-18 0.931267
    outer loop
      vertex 38.0959 31.65 4.91153
      vertex 35.2001 37.65 6.04445
      vertex 35.2001 31.65 6.04445
    endloop
  endfacet
  facet normal 0.486217 4.62219e-18 0.873838
    outer loop
      vertex 32.3713 37.65 7.61844
      vertex 35.2001 31.65 6.04445
      vertex 35.2001 37.65 6.04445
    endloop
  endfacet
  facet normal 0.486217 4.62219e-18 0.873838
    outer loop
      vertex 35.2001 31.65 6.04445
      vertex 32.3713 37.65 7.61844
      vertex 32.3713 31.65 7.61844
    endloop
  endfacet
  facet normal 0.590123 -6.75768e-18 0.807313
    outer loop
      vertex 29.631 37.65 9.62152
      vertex 32.3713 31.65 7.61844
      vertex 32.3713 37.65 7.61844
    endloop
  endfacet
  facet normal 0.590123 -6.75768e-18 0.807313
    outer loop
      vertex 32.3713 31.65 7.61844
      vertex 29.631 37.65 9.62152
      vertex 29.631 31.65 9.62152
    endloop
  endfacet
  facet normal 0.67652 -1.17982e-17 0.736425
    outer loop
      vertex 27 37.65 12.0385
      vertex 29.631 31.65 9.62152
      vertex 29.631 37.65 9.62152
    endloop
  endfacet
  facet normal 0.67652 -1.17982e-17 0.736425
    outer loop
      vertex 29.631 31.65 9.62152
      vertex 27 37.65 12.0385
      vertex 27 31.65 12.0385
    endloop
  endfacet
  facet normal 0.747186 -0 0.664614
    outer loop
      vertex 24.4984 31.65 14.8509
      vertex 27 37.65 12.0385
      vertex 24.4984 37.65 14.8509
    endloop
  endfacet
  facet normal 0.747186 0 0.664614
    outer loop
      vertex 27 37.65 12.0385
      vertex 24.4984 31.65 14.8509
      vertex 27 31.65 12.0385
    endloop
  endfacet
  facet normal 0.804413 -0 0.59407
    outer loop
      vertex 22.1452 31.65 18.0373
      vertex 24.4984 37.65 14.8509
      vertex 22.1452 37.65 18.0373
    endloop
  endfacet
  facet normal 0.804413 0 0.59407
    outer loop
      vertex 24.4984 37.65 14.8509
      vertex 22.1452 31.65 18.0373
      vertex 24.4984 31.65 14.8509
    endloop
  endfacet
  facet normal 0.850517 -0 0.525948
    outer loop
      vertex 19.9584 31.65 21.5736
      vertex 22.1452 37.65 18.0373
      vertex 19.9584 37.65 21.5736
    endloop
  endfacet
  facet normal 0.850517 0 0.525948
    outer loop
      vertex 22.1452 37.65 18.0373
      vertex 19.9584 31.65 21.5736
      vertex 22.1452 31.65 18.0373
    endloop
  endfacet
  facet normal 0.887483 -0 0.46084
    outer loop
      vertex 17.9545 31.65 25.4327
      vertex 19.9584 37.65 21.5736
      vertex 17.9545 37.65 25.4327
    endloop
  endfacet
  facet normal 0.887483 0 0.46084
    outer loop
      vertex 19.9584 37.65 21.5736
      vertex 17.9545 31.65 25.4327
      vertex 19.9584 31.65 21.5736
    endloop
  endfacet
  facet normal 0.917056 -0 0.398759
    outer loop
      vertex 16.1488 31.65 29.5854
      vertex 17.9545 37.65 25.4327
      vertex 16.1488 37.65 29.5854
    endloop
  endfacet
  facet normal 0.917056 0 0.398759
    outer loop
      vertex 17.9545 37.65 25.4327
      vertex 16.1488 31.65 29.5854
      vertex 17.9545 31.65 25.4327
    endloop
  endfacet
  facet normal 0.940585 -0 0.339558
    outer loop
      vertex 14.5551 31.65 34
      vertex 16.1488 37.65 29.5854
      vertex 14.5551 37.65 34
    endloop
  endfacet
  facet normal 0.940585 0 0.339558
    outer loop
      vertex 16.1488 37.65 29.5854
      vertex 14.5551 31.65 34
      vertex 16.1488 31.65 29.5854
    endloop
  endfacet
  facet normal 0.959139 -0 0.282935
    outer loop
      vertex 13.1855 31.65 38.6429
      vertex 14.5551 37.65 34
      vertex 13.1855 37.65 38.6429
    endloop
  endfacet
  facet normal 0.959139 0 0.282935
    outer loop
      vertex 14.5551 37.65 34
      vertex 13.1855 31.65 38.6429
      vertex 14.5551 31.65 34
    endloop
  endfacet
  facet normal 0.973541 -0 0.228513
    outer loop
      vertex 12.0504 31.65 43.4788
      vertex 13.1855 37.65 38.6429
      vertex 12.0504 37.65 43.4788
    endloop
  endfacet
  facet normal 0.973541 0 0.228513
    outer loop
      vertex 13.1855 37.65 38.6429
      vertex 12.0504 31.65 43.4788
      vertex 13.1855 31.65 38.6429
    endloop
  endfacet
  facet normal 0.984412 -0 0.175877
    outer loop
      vertex 11.1585 31.65 48.4709
      vertex 12.0504 37.65 43.4788
      vertex 11.1585 37.65 48.4709
    endloop
  endfacet
  facet normal 0.984412 0 0.175877
    outer loop
      vertex 12.0504 37.65 43.4788
      vertex 11.1585 31.65 48.4709
      vertex 12.0504 31.65 43.4788
    endloop
  endfacet
  facet normal 0.992201 -0 0.124651
    outer loop
      vertex 10.5165 31.65 53.5811
      vertex 11.1585 37.65 48.4709
      vertex 10.5165 37.65 53.5811
    endloop
  endfacet
  facet normal 0.992201 0 0.124651
    outer loop
      vertex 11.1585 37.65 48.4709
      vertex 10.5165 31.65 53.5811
      vertex 11.1585 31.65 48.4709
    endloop
  endfacet
  facet normal 0.99723 -0 0.0743863
    outer loop
      vertex 10.1294 31.65 58.7706
      vertex 10.5165 37.65 53.5811
      vertex 10.1294 37.65 58.7706
    endloop
  endfacet
  facet normal 0.99723 0 0.0743863
    outer loop
      vertex 10.5165 37.65 53.5811
      vertex 10.1294 31.65 58.7706
      vertex 10.5165 31.65 53.5811
    endloop
  endfacet
  facet normal 0.999694 -0 0.0247371
    outer loop
      vertex 10 31.65 64
      vertex 10.1294 37.65 58.7706
      vertex 10 37.65 64
    endloop
  endfacet
  facet normal 0.999694 0 0.0247371
    outer loop
      vertex 10.1294 37.65 58.7706
      vertex 10 31.65 64
      vertex 10.1294 31.65 58.7706
    endloop
  endfacet
  facet normal 0.32115 0.947028 -0
    outer loop
      vertex 215.131 43.3455 0
      vertex 214.635 43.5137 4
      vertex 215.131 43.3455 4
    endloop
  endfacet
  facet normal 0.32115 0.947028 0
    outer loop
      vertex 214.635 43.5137 4
      vertex 215.131 43.3455 0
      vertex 214.635 43.5137 0
    endloop
  endfacet
  facet normal 0.555626 0.831432 -0
    outer loop
      vertex 216.035 42.8234 0
      vertex 215.6 43.1141 4
      vertex 216.035 42.8234 4
    endloop
  endfacet
  facet normal 0.555626 0.831432 0
    outer loop
      vertex 215.6 43.1141 4
      vertex 216.035 42.8234 0
      vertex 215.6 43.1141 0
    endloop
  endfacet
  facet normal 0.94704 -0.321115 -1.31401e-18
    outer loop
      vertex 217.296 2.46925 4
      vertex 217.464 2.96472 0
      vertex 217.464 2.96472 4
    endloop
  endfacet
  facet normal 0.94704 -0.321115 -1.31401e-18
    outer loop
      vertex 217.464 2.96472 0
      vertex 217.296 2.46925 4
      vertex 217.296 2.46925 0
    endloop
  endfacet
  facet normal 1 -0 0
    outer loop
      vertex 217.6 4 4
      vertex 217.6 39.65 0
      vertex 217.6 39.65 4
    endloop
  endfacet
  facet normal 1 0 0
    outer loop
      vertex 217.6 39.65 0
      vertex 217.6 4 4
      vertex 217.6 4 0
    endloop
  endfacet
  facet normal 0 -1 0
    outer loop
      vertex 0 0 58
      vertex 10 0 4
      vertex 10 0 58
    endloop
  endfacet
  facet normal 0 -1 0
    outer loop
      vertex 0 0 0
      vertex 91.6 0 4
      vertex 10 0 4
    endloop
  endfacet
  facet normal 0 -1 0
    outer loop
      vertex 91.6 0 4
      vertex 121.8 0 2
      vertex 121.8 0 4
    endloop
  endfacet
  facet normal 0 -1 0
    outer loop
      vertex 213.6 0 0
      vertex 121.8 0 2
      vertex 0 0 0
    endloop
  endfacet
  facet normal 0 -1 -0
    outer loop
      vertex 91.6 0 4
      vertex 0 0 0
      vertex 121.8 0 2
    endloop
  endfacet
  facet normal 0 -1 0
    outer loop
      vertex 0 0 0
      vertex 10 0 4
      vertex 0 0 58
    endloop
  endfacet
  facet normal 0 -1 0
    outer loop
      vertex 143.1 0 2
      vertex 187.6 0 4
      vertex 143.1 0 4
    endloop
  endfacet
  facet normal 0 -1 0
    outer loop
      vertex 213.6 0 0
      vertex 187.6 0 4
      vertex 143.1 0 2
    endloop
  endfacet
  facet normal 0 -1 0
    outer loop
      vertex 187.6 0 4
      vertex 213.6 0 0
      vertex 213.6 0 4
    endloop
  endfacet
  facet normal 0 -1 0
    outer loop
      vertex 121.8 0 2
      vertex 213.6 0 0
      vertex 143.1 0 2
    endloop
  endfacet
  facet normal 0.751817 -0.659371 2.75268e-18
    outer loop
      vertex 216.428 1.17157 4
      vertex 216.773 1.56494 0
      vertex 216.773 1.56494 4
    endloop
  endfacet
  facet normal 0.751817 -0.659371 2.75268e-18
    outer loop
      vertex 216.773 1.56494 0
      vertex 216.428 1.17157 4
      vertex 216.428 1.17157 0
    endloop
  endfacet
  facet normal 0.0653771 0.997861 -0
    outer loop
      vertex 214.122 43.6158 0
      vertex 213.6 43.65 4
      vertex 214.122 43.6158 4
    endloop
  endfacet
  facet normal 0.0653771 0.997861 0
    outer loop
      vertex 213.6 43.65 4
      vertex 214.122 43.6158 0
      vertex 213.6 43.65 0
    endloop
  endfacet
  facet normal 0 1 0
    outer loop
      vertex 213.6 43.65 4
      vertex 213.6 43.65 0
      vertex 10 43.65 4
    endloop
  endfacet
  facet normal 0 1 -0
    outer loop
      vertex 10 43.65 4
      vertex 0 43.65 58
      vertex 10 43.65 58
    endloop
  endfacet
  facet normal 0 1 0
    outer loop
      vertex 10 43.65 4
      vertex 0 43.65 0
      vertex 0 43.65 58
    endloop
  endfacet
  facet normal 0 1 0
    outer loop
      vertex 0 43.65 0
      vertex 10 43.65 4
      vertex 213.6 43.65 0
    endloop
  endfacet
  facet normal 0.997886 0.064984 7.36788e-19
    outer loop
      vertex 217.6 39.65 4
      vertex 217.566 40.1721 0
      vertex 217.566 40.1721 4
    endloop
  endfacet
  facet normal 0.997886 0.064984 7.36788e-19
    outer loop
      vertex 217.566 40.1721 0
      vertex 217.6 39.65 4
      vertex 217.6 39.65 0
    endloop
  endfacet
  facet normal 0.831203 -0.555969 1.69477e-18
    outer loop
      vertex 216.773 1.56494 4
      vertex 217.064 2 0
      vertex 217.064 2 4
    endloop
  endfacet
  facet normal 0.831203 -0.555969 1.69477e-18
    outer loop
      vertex 217.064 2 0
      vertex 216.773 1.56494 4
      vertex 216.773 1.56494 0
    endloop
  endfacet
  facet normal 0.896424 -0.443197 2.70033e-18
    outer loop
      vertex 217.064 2 4
      vertex 217.296 2.46925 0
      vertex 217.296 2.46925 4
    endloop
  endfacet
  facet normal 0.896424 -0.443197 2.70033e-18
    outer loop
      vertex 217.296 2.46925 0
      vertex 217.064 2 4
      vertex 217.064 2 0
    endloop
  endfacet
  facet normal 0.659722 0.75151 -0
    outer loop
      vertex 216.428 42.4784 0
      vertex 216.035 42.8234 4
      vertex 216.428 42.4784 4
    endloop
  endfacet
  facet normal 0.659722 0.75151 0
    outer loop
      vertex 216.035 42.8234 4
      vertex 216.428 42.4784 0
      vertex 216.035 42.8234 0
    endloop
  endfacet
  facet normal 0.55562 -0.831437 0
    outer loop
      vertex 215.6 0.535889 0
      vertex 216.035 0.826584 4
      vertex 215.6 0.535889 4
    endloop
  endfacet
  facet normal 0.55562 -0.831437 0
    outer loop
      vertex 216.035 0.826584 4
      vertex 215.6 0.535889 0
      vertex 216.035 0.826584 0
    endloop
  endfacet
  facet normal 0.442465 0.896786 -0
    outer loop
      vertex 215.6 43.1141 0
      vertex 215.131 43.3455 4
      vertex 215.6 43.1141 4
    endloop
  endfacet
  facet normal 0.442465 0.896786 0
    outer loop
      vertex 215.131 43.3455 4
      vertex 215.6 43.1141 0
      vertex 215.131 43.3455 0
    endloop
  endfacet
  facet normal 0.442488 -0.896774 0
    outer loop
      vertex 215.131 0.304474 0
      vertex 215.6 0.535889 4
      vertex 215.131 0.304474 4
    endloop
  endfacet
  facet normal 0.442488 -0.896774 0
    outer loop
      vertex 215.6 0.535889 4
      vertex 215.131 0.304474 0
      vertex 215.6 0.535889 0
    endloop
  endfacet
  facet normal 0.195197 0.980764 -0
    outer loop
      vertex 214.635 43.5137 0
      vertex 214.122 43.6158 4
      vertex 214.635 43.5137 4
    endloop
  endfacet
  facet normal 0.195197 0.980764 0
    outer loop
      vertex 214.122 43.6158 4
      vertex 214.635 43.5137 0
      vertex 214.122 43.6158 0
    endloop
  endfacet
  facet normal 0.751842 0.659343 -5.3885e-18
    outer loop
      vertex 216.773 42.085 4
      vertex 216.428 42.4784 0
      vertex 216.428 42.4784 4
    endloop
  endfacet
  facet normal 0.751842 0.659343 -5.3885e-18
    outer loop
      vertex 216.428 42.4784 0
      vertex 216.773 42.085 4
      vertex 216.773 42.085 0
    endloop
  endfacet
  facet normal 0.980813 -0.194951 1.38069e-18
    outer loop
      vertex 217.464 2.96472 4
      vertex 217.566 3.47789 0
      vertex 217.566 3.47789 4
    endloop
  endfacet
  facet normal 0.980813 -0.194951 1.38069e-18
    outer loop
      vertex 217.566 3.47789 0
      vertex 217.464 2.96472 4
      vertex 217.464 2.96472 0
    endloop
  endfacet
  facet normal 0.896443 0.443159 -3.00191e-18
    outer loop
      vertex 217.296 41.1807 4
      vertex 217.064 41.65 0
      vertex 217.064 41.65 4
    endloop
  endfacet
  facet normal 0.896443 0.443159 -3.00191e-18
    outer loop
      vertex 217.064 41.65 0
      vertex 217.296 41.1807 4
      vertex 217.296 41.1807 0
    endloop
  endfacet
  facet normal 0.659707 -0.751523 0
    outer loop
      vertex 216.035 0.826584 0
      vertex 216.428 1.17157 4
      vertex 216.035 0.826584 4
    endloop
  endfacet
  facet normal 0.659707 -0.751523 0
    outer loop
      vertex 216.428 1.17157 4
      vertex 216.035 0.826584 0
      vertex 216.428 1.17157 0
    endloop
  endfacet
  facet normal 0.321119 -0.947039 0
    outer loop
      vertex 214.635 0.136292 0
      vertex 215.131 0.304474 4
      vertex 214.635 0.136292 4
    endloop
  endfacet
  facet normal 0.321119 -0.947039 0
    outer loop
      vertex 215.131 0.304474 4
      vertex 214.635 0.136292 0
      vertex 215.131 0.304474 0
    endloop
  endfacet
  facet normal 0.947026 0.321156 3.59865e-19
    outer loop
      vertex 217.464 40.6853 4
      vertex 217.296 41.1807 0
      vertex 217.296 41.1807 4
    endloop
  endfacet
  facet normal 0.947026 0.321156 3.59865e-19
    outer loop
      vertex 217.296 41.1807 0
      vertex 217.464 40.6853 4
      vertex 217.464 40.6853 0
    endloop
  endfacet
  facet normal 0.980815 0.19494 -9.05555e-19
    outer loop
      vertex 217.566 40.1721 4
      vertex 217.464 40.6853 0
      vertex 217.464 40.6853 4
    endloop
  endfacet
  facet normal 0.980815 0.19494 -9.05555e-19
    outer loop
      vertex 217.464 40.6853 0
      vertex 217.566 40.1721 4
      vertex 217.566 40.1721 0
    endloop
  endfacet
  facet normal 0.195163 -0.980771 0
    outer loop
      vertex 214.122 0.0342102 0
      vertex 214.635 0.136292 4
      vertex 214.122 0.0342102 4
    endloop
  endfacet
  facet normal 0.195163 -0.980771 0
    outer loop
      vertex 214.635 0.136292 4
      vertex 214.122 0.0342102 0
      vertex 214.635 0.136292 0
    endloop
  endfacet
  facet normal 0.997886 -0.0649827 5.7684e-19
    outer loop
      vertex 217.566 3.47789 4
      vertex 217.6 4 0
      vertex 217.6 4 4
    endloop
  endfacet
  facet normal 0.997886 -0.0649827 5.7684e-19
    outer loop
      vertex 217.6 4 0
      vertex 217.566 3.47789 4
      vertex 217.566 3.47789 0
    endloop
  endfacet
  facet normal 0.0653965 -0.997859 0
    outer loop
      vertex 213.6 0 0
      vertex 214.122 0.0342102 4
      vertex 213.6 0 4
    endloop
  endfacet
  facet normal 0.0653965 -0.997859 0
    outer loop
      vertex 214.122 0.0342102 4
      vertex 213.6 0 0
      vertex 214.122 0.0342102 0
    endloop
  endfacet
  facet normal 0.831167 0.556022 2.13831e-18
    outer loop
      vertex 217.064 41.65 4
      vertex 216.773 42.085 0
      vertex 216.773 42.085 4
    endloop
  endfacet
  facet normal 0.831167 0.556022 2.13831e-18
    outer loop
      vertex 216.773 42.085 0
      vertex 217.064 41.65 4
      vertex 217.064 41.65 0
    endloop
  endfacet
  facet normal -0 0 1
    outer loop
      vertex 10 31.65 4
      vertex 44 12 4
      vertex 44 31.65 4
    endloop
  endfacet
  facet normal 0 0 1
    outer loop
      vertex 44 12 4
      vertex 10 31.65 4
      vertex 10 12 4
    endloop
  endfacet
  facet normal 0 0 1
    outer loop
      vertex 217.6 39.65 4
      vertex 215.381 35.55 4
      vertex 217.6 4 4
    endloop
  endfacet
  facet normal 0 0 1
    outer loop
      vertex 217.6 4 4
      vertex 215.731 7.25587 4
      vertex 215.85 6.35 4
    endloop
  endfacet
  facet normal -0 0 1
    outer loop
      vertex 215.381 8.1 4
      vertex 217.6 4 4
      vertex 215.381 35.55 4
    endloop
  endfacet
  facet normal 0 0 1
    outer loop
      vertex 217.6 4 4
      vertex 215.381 8.1 4
      vertex 215.731 7.25587 4
    endloop
  endfacet
  facet normal -0 0 1
    outer loop
      vertex 214.825 34.8251 4
      vertex 215.381 8.1 4
      vertex 215.381 35.55 4
    endloop
  endfacet
  facet normal 0 0 1
    outer loop
      vertex 214.825 34.8251 4
      vertex 214.825 8.82487 4
      vertex 215.381 8.1 4
    endloop
  endfacet
  facet normal -0 0 1
    outer loop
      vertex 214.1 34.2689 4
      vertex 214.825 8.82487 4
      vertex 214.825 34.8251 4
    endloop
  endfacet
  facet normal 0 0 1
    outer loop
      vertex 214.1 34.2689 4
      vertex 214.1 9.38109 4
      vertex 214.825 8.82487 4
    endloop
  endfacet
  facet normal -0 0 1
    outer loop
      vertex 213.256 33.9193 4
      vertex 214.1 9.38109 4
      vertex 214.1 34.2689 4
    endloop
  endfacet
  facet normal 0 0 1
    outer loop
      vertex 213.256 33.9193 4
      vertex 213.256 9.73074 4
      vertex 214.1 9.38109 4
    endloop
  endfacet
  facet normal -0 0 1
    outer loop
      vertex 212.35 33.8 4
      vertex 213.256 9.73074 4
      vertex 213.256 33.9193 4
    endloop
  endfacet
  facet normal 0 0 1
    outer loop
      vertex 212.35 33.8 4
      vertex 212.35 9.85 4
      vertex 213.256 9.73074 4
    endloop
  endfacet
  facet normal -0 0 1
    outer loop
      vertex 205.35 33.8 4
      vertex 212.35 9.85 4
      vertex 212.35 33.8 4
    endloop
  endfacet
  facet normal 0 0 1
    outer loop
      vertex 205.35 33.8 4
      vertex 205.35 9.85 4
      vertex 212.35 9.85 4
    endloop
  endfacet
  facet normal 0 0 1
    outer loop
      vertex 204.444 33.9193 4
      vertex 205.35 9.85 4
      vertex 205.35 33.8 4
    endloop
  endfacet
  facet normal 0 0 1
    outer loop
      vertex 204.444 33.9193 4
      vertex 204.444 9.73074 4
      vertex 205.35 9.85 4
    endloop
  endfacet
  facet normal 0 0 1
    outer loop
      vertex 203.6 34.2689 4
      vertex 204.444 9.73074 4
      vertex 204.444 33.9193 4
    endloop
  endfacet
  facet normal 0 0 1
    outer loop
      vertex 203.6 34.2689 4
      vertex 203.6 9.38109 4
      vertex 204.444 9.73074 4
    endloop
  endfacet
  facet normal 0 0 1
    outer loop
      vertex 202.875 34.8251 4
      vertex 203.6 9.38109 4
      vertex 203.6 34.2689 4
    endloop
  endfacet
  facet normal 0 0 1
    outer loop
      vertex 202.875 34.8251 4
      vertex 202.875 8.82487 4
      vertex 203.6 9.38109 4
    endloop
  endfacet
  facet normal 0 0 1
    outer loop
      vertex 188.6 37.8 4
      vertex 202.875 34.8251 4
      vertex 202.319 35.55 4
    endloop
  endfacet
  facet normal 0 0 1
    outer loop
      vertex 202.875 34.8251 4
      vertex 188.6 37.8 4
      vertex 202.875 8.82487 4
    endloop
  endfacet
  facet normal 0 0 1
    outer loop
      vertex 188.6 37.8 4
      vertex 202.319 35.55 4
      vertex 201.969 36.3941 4
    endloop
  endfacet
  facet normal 0 0 1
    outer loop
      vertex 202.875 8.82487 4
      vertex 188.6 37.8 4
      vertex 202.319 8.1 4
    endloop
  endfacet
  facet normal 0 0 1
    outer loop
      vertex 188.6 37.8 4
      vertex 201.969 36.3941 4
      vertex 201.85 37.3 4
    endloop
  endfacet
  facet normal -0 0 1
    outer loop
      vertex 187.6 37.8 4
      vertex 202.319 8.1 4
      vertex 188.6 37.8 4
    endloop
  endfacet
  facet normal 0 0 1
    outer loop
      vertex 215.381 39.05 4
      vertex 217.6 39.65 4
      vertex 217.566 40.1721 4
    endloop
  endfacet
  facet normal 0 0 1
    outer loop
      vertex 215.731 36.3941 4
      vertex 217.6 39.65 4
      vertex 215.85 37.3 4
    endloop
  endfacet
  facet normal 0 0 1
    outer loop
      vertex 215.381 39.05 4
      vertex 217.566 40.1721 4
      vertex 217.464 40.6853 4
    endloop
  endfacet
  facet normal 0 0 1
    outer loop
      vertex 215.381 35.55 4
      vertex 217.6 39.65 4
      vertex 215.731 36.3941 4
    endloop
  endfacet
  facet normal 0 0 1
    outer loop
      vertex 214.825 39.7749 4
      vertex 217.464 40.6853 4
      vertex 217.296 41.1807 4
    endloop
  endfacet
  facet normal -0 0 1
    outer loop
      vertex 215.731 5.44413 4
      vertex 217.6 4 4
      vertex 215.85 6.35 4
    endloop
  endfacet
  facet normal 0 0 1
    outer loop
      vertex 214.825 39.7749 4
      vertex 217.296 41.1807 4
      vertex 217.064 41.65 4
    endloop
  endfacet
  facet normal -0 0 1
    outer loop
      vertex 215.381 4.6 4
      vertex 217.6 4 4
      vertex 215.731 5.44413 4
    endloop
  endfacet
  facet normal 0 0 1
    outer loop
      vertex 214.825 39.7749 4
      vertex 217.064 41.65 4
      vertex 216.773 42.085 4
    endloop
  endfacet
  facet normal 0 0 1
    outer loop
      vertex 217.6 4 4
      vertex 215.381 4.6 4
      vertex 217.566 3.47789 4
    endloop
  endfacet
  facet normal 0 0 1
    outer loop
      vertex 214.825 39.7749 4
      vertex 216.773 42.085 4
      vertex 216.428 42.4784 4
    endloop
  endfacet
  facet normal 0 0 1
    outer loop
      vertex 217.566 3.47789 4
      vertex 215.381 4.6 4
      vertex 217.464 2.96472 4
    endloop
  endfacet
  facet normal 0 0 1
    outer loop
      vertex 214.1 40.3311 4
      vertex 216.428 42.4784 4
      vertex 216.035 42.8234 4
    endloop
  endfacet
  facet normal -0 0 1
    outer loop
      vertex 214.825 3.87513 4
      vertex 217.464 2.96472 4
      vertex 215.381 4.6 4
    endloop
  endfacet
  facet normal 0 0 1
    outer loop
      vertex 217.464 2.96472 4
      vertex 214.825 3.87513 4
      vertex 217.296 2.46925 4
    endloop
  endfacet
  facet normal 0 0 1
    outer loop
      vertex 217.6 39.65 4
      vertex 215.731 38.2059 4
      vertex 215.85 37.3 4
    endloop
  endfacet
  facet normal 0 0 1
    outer loop
      vertex 214.1 40.3311 4
      vertex 216.035 42.8234 4
      vertex 215.6 43.1141 4
    endloop
  endfacet
  facet normal 0 0 1
    outer loop
      vertex 217.6 39.65 4
      vertex 215.381 39.05 4
      vertex 215.731 38.2059 4
    endloop
  endfacet
  facet normal 0 0 1
    outer loop
      vertex 214.1 40.3311 4
      vertex 215.6 43.1141 4
      vertex 215.131 43.3455 4
    endloop
  endfacet
  facet normal 0 0 1
    outer loop
      vertex 217.464 40.6853 4
      vertex 214.825 39.7749 4
      vertex 215.381 39.05 4
    endloop
  endfacet
  facet normal 0 0 1
    outer loop
      vertex 214.1 40.3311 4
      vertex 215.131 43.3455 4
      vertex 214.635 43.5137 4
    endloop
  endfacet
  facet normal 0 0 1
    outer loop
      vertex 213.256 40.6807 4
      vertex 214.635 43.5137 4
      vertex 214.122 43.6158 4
    endloop
  endfacet
  facet normal 0 0 1
    outer loop
      vertex 216.428 42.4784 4
      vertex 214.1 40.3311 4
      vertex 214.825 39.7749 4
    endloop
  endfacet
  facet normal 0 0 1
    outer loop
      vertex 213.256 40.6807 4
      vertex 214.122 43.6158 4
      vertex 213.6 43.65 4
    endloop
  endfacet
  facet normal 0 0 1
    outer loop
      vertex 214.635 43.5137 4
      vertex 213.256 40.6807 4
      vertex 214.1 40.3311 4
    endloop
  endfacet
  facet normal 0 0 1
    outer loop
      vertex 213.6 43.65 4
      vertex 212.35 40.8 4
      vertex 213.256 40.6807 4
    endloop
  endfacet
  facet normal 0 0 1
    outer loop
      vertex 213.6 43.65 4
      vertex 205.35 40.8 4
      vertex 212.35 40.8 4
    endloop
  endfacet
  facet normal 0 0 1
    outer loop
      vertex 213.6 43.65 4
      vertex 204.444 40.6807 4
      vertex 205.35 40.8 4
    endloop
  endfacet
  facet normal 0 0 1
    outer loop
      vertex 201.969 38.2059 4
      vertex 188.6 37.8 4
      vertex 201.85 37.3 4
    endloop
  endfacet
  facet normal 0 0 1
    outer loop
      vertex 188.6 37.8 4
      vertex 201.969 38.2059 4
      vertex 188.6 40.8 4
    endloop
  endfacet
  facet normal 0 0 1
    outer loop
      vertex 202.319 39.05 4
      vertex 188.6 40.8 4
      vertex 201.969 38.2059 4
    endloop
  endfacet
  facet normal 0 0 1
    outer loop
      vertex 202.875 39.7749 4
      vertex 188.6 40.8 4
      vertex 202.319 39.05 4
    endloop
  endfacet
  facet normal 0 0 1
    outer loop
      vertex 203.6 40.3311 4
      vertex 188.6 40.8 4
      vertex 202.875 39.7749 4
    endloop
  endfacet
  facet normal 0 0 1
    outer loop
      vertex 204.444 40.6807 4
      vertex 188.6 40.8 4
      vertex 203.6 40.3311 4
    endloop
  endfacet
  facet normal 0 0 1
    outer loop
      vertex 213.6 43.65 4
      vertex 188.6 40.8 4
      vertex 204.444 40.6807 4
    endloop
  endfacet
  facet normal 0 0 1
    outer loop
      vertex 213.6 43.65 4
      vertex 185.6 40.8 4
      vertex 188.6 40.8 4
    endloop
  endfacet
  facet normal 0 0 1
    outer loop
      vertex 185.6 40.8 4
      vertex 183.6 39.8 4
      vertex 185.6 39.8 4
    endloop
  endfacet
  facet normal 0 0 1
    outer loop
      vertex 185.6 40.8 4
      vertex 95.6 39.8 4
      vertex 183.6 39.8 4
    endloop
  endfacet
  facet normal 0 0 1
    outer loop
      vertex 93.6 40.8 4
      vertex 185.6 40.8 4
      vertex 213.6 43.65 4
    endloop
  endfacet
  facet normal 0 0 1
    outer loop
      vertex 185.6 40.8 4
      vertex 93.6 40.8 4
      vertex 95.6 39.8 4
    endloop
  endfacet
  facet normal -0 0 1
    outer loop
      vertex 10 43.65 4
      vertex 93.6 40.8 4
      vertex 213.6 43.65 4
    endloop
  endfacet
  facet normal 0 0 1
    outer loop
      vertex 90.6 40.8 4
      vertex 75 35.825 4
      vertex 90.6 37.8 4
    endloop
  endfacet
  facet normal 0 0 1
    outer loop
      vertex 90.6 40.8 4
      vertex 74.427 37.5884 4
      vertex 75 35.825 4
    endloop
  endfacet
  facet normal 0 0 1
    outer loop
      vertex 90.6 40.8 4
      vertex 72 38.825 4
      vertex 74.427 37.5884 4
    endloop
  endfacet
  facet normal 0 0 1
    outer loop
      vertex 90.6 40.8 4
      vertex 48 38.825 4
      vertex 72 38.825 4
    endloop
  endfacet
  facet normal 0 0 1
    outer loop
      vertex 44 31.65 4
      vertex 45 35.825 4
      vertex 44 37.65 4
    endloop
  endfacet
  facet normal 0 0 1
    outer loop
      vertex 46.2366 38.252 4
      vertex 44 37.65 4
      vertex 45 35.825 4
    endloop
  endfacet
  facet normal 0 0 1
    outer loop
      vertex 48 38.825 4
      vertex 44 37.65 4
      vertex 46.2366 38.252 4
    endloop
  endfacet
  facet normal 0 0 1
    outer loop
      vertex 93.6 40.8 4
      vertex 10 43.65 4
      vertex 90.6 40.8 4
    endloop
  endfacet
  facet normal 0 0 1
    outer loop
      vertex 10 43.65 4
      vertex 48 38.825 4
      vertex 90.6 40.8 4
    endloop
  endfacet
  facet normal 0 0 1
    outer loop
      vertex 10 43.65 4
      vertex 44 37.65 4
      vertex 48 38.825 4
    endloop
  endfacet
  facet normal 0 0 1
    outer loop
      vertex 44 37.65 4
      vertex 10 43.65 4
      vertex 10 37.65 4
    endloop
  endfacet
  facet normal 0 0 1
    outer loop
      vertex 217.296 2.46925 4
      vertex 214.825 3.87513 4
      vertex 217.064 2 4
    endloop
  endfacet
  facet normal 0 0 1
    outer loop
      vertex 217.064 2 4
      vertex 214.825 3.87513 4
      vertex 216.773 1.56494 4
    endloop
  endfacet
  facet normal 0 0 1
    outer loop
      vertex 216.773 1.56494 4
      vertex 214.825 3.87513 4
      vertex 216.428 1.17157 4
    endloop
  endfacet
  facet normal -0 0 1
    outer loop
      vertex 214.1 3.31891 4
      vertex 216.428 1.17157 4
      vertex 214.825 3.87513 4
    endloop
  endfacet
  facet normal 0 0 1
    outer loop
      vertex 216.428 1.17157 4
      vertex 214.1 3.31891 4
      vertex 216.035 0.826584 4
    endloop
  endfacet
  facet normal 0 0 1
    outer loop
      vertex 216.035 0.826584 4
      vertex 214.1 3.31891 4
      vertex 215.6 0.535889 4
    endloop
  endfacet
  facet normal 0 0 1
    outer loop
      vertex 215.6 0.535889 4
      vertex 214.1 3.31891 4
      vertex 215.131 0.304474 4
    endloop
  endfacet
  facet normal 0 0 1
    outer loop
      vertex 215.131 0.304474 4
      vertex 214.1 3.31891 4
      vertex 214.635 0.136292 4
    endloop
  endfacet
  facet normal -0 0 1
    outer loop
      vertex 213.256 2.96926 4
      vertex 214.635 0.136292 4
      vertex 214.1 3.31891 4
    endloop
  endfacet
  facet normal 0 0 1
    outer loop
      vertex 214.635 0.136292 4
      vertex 213.256 2.96926 4
      vertex 214.122 0.0342102 4
    endloop
  endfacet
  facet normal 0 0 1
    outer loop
      vertex 214.122 0.0342102 4
      vertex 213.256 2.96926 4
      vertex 213.6 0 4
    endloop
  endfacet
  facet normal -0 0 1
    outer loop
      vertex 212.35 2.85 4
      vertex 213.6 0 4
      vertex 213.256 2.96926 4
    endloop
  endfacet
  facet normal -0 0 1
    outer loop
      vertex 205.35 2.85 4
      vertex 213.6 0 4
      vertex 212.35 2.85 4
    endloop
  endfacet
  facet normal 0 0 1
    outer loop
      vertex 204.444 2.96926 4
      vertex 213.6 0 4
      vertex 205.35 2.85 4
    endloop
  endfacet
  facet normal 0 0 1
    outer loop
      vertex 187.6 0 4
      vertex 202.319 8.1 4
      vertex 187.6 37.8 4
    endloop
  endfacet
  facet normal 0 0 1
    outer loop
      vertex 202.319 8.1 4
      vertex 187.6 0 4
      vertex 201.969 7.25587 4
    endloop
  endfacet
  facet normal 0 0 1
    outer loop
      vertex 201.969 7.25587 4
      vertex 187.6 0 4
      vertex 201.85 6.35 4
    endloop
  endfacet
  facet normal 0 0 1
    outer loop
      vertex 201.85 6.35 4
      vertex 187.6 0 4
      vertex 201.969 5.44413 4
    endloop
  endfacet
  facet normal 0 0 1
    outer loop
      vertex 204.444 2.96926 4
      vertex 187.6 0 4
      vertex 213.6 0 4
    endloop
  endfacet
  facet normal 0 0 1
    outer loop
      vertex 203.6 3.31891 4
      vertex 187.6 0 4
      vertex 204.444 2.96926 4
    endloop
  endfacet
  facet normal 0 0 1
    outer loop
      vertex 202.875 3.87513 4
      vertex 187.6 0 4
      vertex 203.6 3.31891 4
    endloop
  endfacet
  facet normal 0 0 1
    outer loop
      vertex 202.319 4.6 4
      vertex 187.6 0 4
      vertex 202.875 3.87513 4
    endloop
  endfacet
  facet normal 0 0 1
    outer loop
      vertex 201.969 5.44413 4
      vertex 187.6 0 4
      vertex 202.319 4.6 4
    endloop
  endfacet
  facet normal 0 0 1
    outer loop
      vertex 95.6 39.8 4
      vertex 93.6 40.8 4
      vertex 93.6 39.8 4
    endloop
  endfacet
  facet normal -0 0 1
    outer loop
      vertex 90.6 37.8 4
      vertex 91.6 0 4
      vertex 91.6 37.8 4
    endloop
  endfacet
  facet normal 0 0 1
    outer loop
      vertex 75 7.825 4
      vertex 90.6 37.8 4
      vertex 75 35.825 4
    endloop
  endfacet
  facet normal 0 0 1
    outer loop
      vertex 90.6 37.8 4
      vertex 75 7.825 4
      vertex 91.6 0 4
    endloop
  endfacet
  facet normal -0 0 1
    outer loop
      vertex 73.7634 5.39795 4
      vertex 91.6 0 4
      vertex 75 7.825 4
    endloop
  endfacet
  facet normal -0 0 1
    outer loop
      vertex 72 4.825 4
      vertex 91.6 0 4
      vertex 73.7634 5.39795 4
    endloop
  endfacet
  facet normal -0 0 1
    outer loop
      vertex 48 4.825 4
      vertex 91.6 0 4
      vertex 72 4.825 4
    endloop
  endfacet
  facet normal 0 0 1
    outer loop
      vertex 45 35.825 4
      vertex 44 31.65 4
      vertex 45 7.825 4
    endloop
  endfacet
  facet normal -0 0 1
    outer loop
      vertex 44 12 4
      vertex 45 7.825 4
      vertex 44 31.65 4
    endloop
  endfacet
  facet normal 0 0 1
    outer loop
      vertex 44 6 4
      vertex 45 7.825 4
      vertex 44 12 4
    endloop
  endfacet
  facet normal 0 0 1
    outer loop
      vertex 44 6 4
      vertex 45.573 6.06165 4
      vertex 45 7.825 4
    endloop
  endfacet
  facet normal -0 0 1
    outer loop
      vertex 44 6 4
      vertex 48 4.825 4
      vertex 45.573 6.06165 4
    endloop
  endfacet
  facet normal 0 0 1
    outer loop
      vertex 10 0 4
      vertex 44 6 4
      vertex 10 6 4
    endloop
  endfacet
  facet normal 0 0 1
    outer loop
      vertex 44 6 4
      vertex 10 0 4
      vertex 48 4.825 4
    endloop
  endfacet
  facet normal 0 0 1
    outer loop
      vertex 48 4.825 4
      vertex 10 0 4
      vertex 91.6 0 4
    endloop
  endfacet
  facet normal 0 0 -1
    outer loop
      vertex 187.6 -6 4
      vertex 143.1 -2 4
      vertex 187.6 0 4
    endloop
  endfacet
  facet normal 0 0 -1
    outer loop
      vertex 91.6 -6 4
      vertex 143.1 -2 4
      vertex 187.6 -6 4
    endloop
  endfacet
  facet normal -0 0 -1
    outer loop
      vertex 143.1 -2 4
      vertex 91.6 -6 4
      vertex 121.8 -2 4
    endloop
  endfacet
  facet normal 0 0 -1
    outer loop
      vertex 91.6 0 4
      vertex 121.8 -2 4
      vertex 91.6 -6 4
    endloop
  endfacet
  facet normal 0 0 -1
    outer loop
      vertex 121.8 -2 4
      vertex 91.6 0 4
      vertex 121.8 0 4
    endloop
  endfacet
  facet normal -0 0 -1
    outer loop
      vertex 187.6 0 4
      vertex 143.1 -2 4
      vertex 143.1 0 4
    endloop
  endfacet
  facet normal 0 0 1
    outer loop
      vertex 93.6 40.8 4
      vertex 93.0824 39.7318 4
      vertex 93.6 39.8 4
    endloop
  endfacet
  facet normal 0 0 1
    outer loop
      vertex 93.6 40.8 4
      vertex 92.6 39.5321 4
      vertex 93.0824 39.7318 4
    endloop
  endfacet
  facet normal -0 0 1
    outer loop
      vertex 90.6 40.8 4
      vertex 92.6 39.5321 4
      vertex 93.6 40.8 4
    endloop
  endfacet
  facet normal 0 0 1
    outer loop
      vertex 92.6 39.5321 4
      vertex 90.6 40.8 4
      vertex 92.1858 39.2142 4
    endloop
  endfacet
  facet normal 0 0 1
    outer loop
      vertex 90.6 40.8 4
      vertex 91.868 38.8 4
      vertex 92.1858 39.2142 4
    endloop
  endfacet
  facet normal 0 0 1
    outer loop
      vertex 90.6 37.8 4
      vertex 91.868 38.8 4
      vertex 90.6 40.8 4
    endloop
  endfacet
  facet normal 0 0 1
    outer loop
      vertex 91.868 38.8 4
      vertex 90.6 37.8 4
      vertex 91.6682 38.3176 4
    endloop
  endfacet
  facet normal 0 0 1
    outer loop
      vertex 91.6682 38.3176 4
      vertex 90.6 37.8 4
      vertex 91.6 37.8 4
    endloop
  endfacet
  facet normal -0 0 1
    outer loop
      vertex 187.332 38.8 4
      vertex 188.6 37.8 4
      vertex 188.6 40.8 4
    endloop
  endfacet
  facet normal 0 0 1
    outer loop
      vertex 188.6 37.8 4
      vertex 187.532 38.3176 4
      vertex 187.6 37.8 4
    endloop
  endfacet
  facet normal 0 0 1
    outer loop
      vertex 188.6 37.8 4
      vertex 187.332 38.8 4
      vertex 187.532 38.3176 4
    endloop
  endfacet
  facet normal 0 0 1
    outer loop
      vertex 188.6 40.8 4
      vertex 187.014 39.2142 4
      vertex 187.332 38.8 4
    endloop
  endfacet
  facet normal 0 0 1
    outer loop
      vertex 188.6 40.8 4
      vertex 186.6 39.5321 4
      vertex 187.014 39.2142 4
    endloop
  endfacet
  facet normal -0 0 1
    outer loop
      vertex 185.6 40.8 4
      vertex 186.6 39.5321 4
      vertex 188.6 40.8 4
    endloop
  endfacet
  facet normal 0 0 1
    outer loop
      vertex 186.6 39.5321 4
      vertex 185.6 40.8 4
      vertex 186.118 39.7318 4
    endloop
  endfacet
  facet normal 0 0 1
    outer loop
      vertex 186.118 39.7318 4
      vertex 185.6 40.8 4
      vertex 185.6 39.8 4
    endloop
  endfacet
  facet normal 1 -0 0
    outer loop
      vertex 10 21.825 43.2657
      vertex 10 25.925 22.3671
      vertex 10 25.925 45.6329
    endloop
  endfacet
  facet normal 1 0 0
    outer loop
      vertex 10 21.825 43.2657
      vertex 10 21.825 24.7343
      vertex 10 25.925 22.3671
    endloop
  endfacet
  facet normal 1 0 0
    outer loop
      vertex 10 17.725 45.6329
      vertex 10 21.825 24.7343
      vertex 10 21.825 43.2657
    endloop
  endfacet
  facet normal 1 0 0
    outer loop
      vertex 10 21.825 24.7343
      vertex 10 17.725 45.6329
      vertex 10 17.725 22.3671
    endloop
  endfacet
  facet normal 1 0 0
    outer loop
      vertex 10 25.925 45.6329
      vertex 10 31.65 64
      vertex 10 25.925 50.3671
    endloop
  endfacet
  facet normal 1 0 0
    outer loop
      vertex 10 31.65 64
      vertex 10 21.825 52.7343
      vertex 10 25.925 50.3671
    endloop
  endfacet
  facet normal 1 -0 0
    outer loop
      vertex 10 12 64
      vertex 10 21.825 52.7343
      vertex 10 31.65 64
    endloop
  endfacet
  facet normal 1 0 0
    outer loop
      vertex 10 12 64
      vertex 10 17.725 45.6329
      vertex 10 17.725 50.3671
    endloop
  endfacet
  facet normal 1 0 0
    outer loop
      vertex 10 17.725 45.6329
      vertex 10 12 64
      vertex 10 17.725 22.3671
    endloop
  endfacet
  facet normal 1 0 0
    outer loop
      vertex 10 12 4
      vertex 10 17.725 22.3671
      vertex 10 12 64
    endloop
  endfacet
  facet normal 1 0 0
    outer loop
      vertex 10 21.825 52.7343
      vertex 10 12 64
      vertex 10 17.725 50.3671
    endloop
  endfacet
  facet normal 1 0 0
    outer loop
      vertex 10 31.65 64
      vertex 10 25.925 45.6329
      vertex 10 31.65 4
    endloop
  endfacet
  facet normal 1 -0 0
    outer loop
      vertex 10 25.925 22.3671
      vertex 10 31.65 4
      vertex 10 25.925 45.6329
    endloop
  endfacet
  facet normal 1 -0 0
    outer loop
      vertex 10 25.925 17.6329
      vertex 10 31.65 4
      vertex 10 25.925 22.3671
    endloop
  endfacet
  facet normal 1 -0 0
    outer loop
      vertex 10 21.825 15.2657
      vertex 10 31.65 4
      vertex 10 25.925 17.6329
    endloop
  endfacet
  facet normal 1 0 0
    outer loop
      vertex 10 12 4
      vertex 10 21.825 15.2657
      vertex 10 17.725 17.6329
    endloop
  endfacet
  facet normal 1 0 0
    outer loop
      vertex 10 21.825 15.2657
      vertex 10 12 4
      vertex 10 31.65 4
    endloop
  endfacet
  facet normal 1 0 0
    outer loop
      vertex 10 17.725 22.3671
      vertex 10 12 4
      vertex 10 17.725 17.6329
    endloop
  endfacet
  facet normal 1 0 0
    outer loop
      vertex 10 0 58
      vertex 10 6 64
      vertex 10 5.21684 63.9487
    endloop
  endfacet
  facet normal 1 0 0
    outer loop
      vertex 10 0 58
      vertex 10 5.21684 63.9487
      vertex 10 4.44709 63.7956
    endloop
  endfacet
  facet normal 1 0 0
    outer loop
      vertex 10 0 58
      vertex 10 4.44709 63.7956
      vertex 10 3.7039 63.5433
    endloop
  endfacet
  facet normal 1 0 0
    outer loop
      vertex 10 0 58
      vertex 10 3.7039 63.5433
      vertex 10 3 63.1962
    endloop
  endfacet
  facet normal 1 0 0
    outer loop
      vertex 10 0 58
      vertex 10 3 63.1962
      vertex 10 2.34743 62.7601
    endloop
  endfacet
  facet normal 1 0 0
    outer loop
      vertex 10 0 58
      vertex 10 2.34743 62.7601
      vertex 10 1.75736 62.2426
    endloop
  endfacet
  facet normal 1 0 0
    outer loop
      vertex 10 0 58
      vertex 10 1.75736 62.2426
      vertex 10 1.23988 61.6526
    endloop
  endfacet
  facet normal 1 0 0
    outer loop
      vertex 10 0 58
      vertex 10 1.23988 61.6526
      vertex 10 0.803847 61
    endloop
  endfacet
  facet normal 1 0 0
    outer loop
      vertex 10 0 58
      vertex 10 0.803847 61
      vertex 10 0.456722 60.2961
    endloop
  endfacet
  facet normal 1 0 0
    outer loop
      vertex 10 0 58
      vertex 10 0.456722 60.2961
      vertex 10 0.204445 59.5529
    endloop
  endfacet
  facet normal 1 0 0
    outer loop
      vertex 10 0 58
      vertex 10 0.204445 59.5529
      vertex 10 0.0513306 58.7832
    endloop
  endfacet
  facet normal 1 0 0
    outer loop
      vertex 10 6 64
      vertex 10 0 58
      vertex 10 6 4
    endloop
  endfacet
  facet normal 1 0 0
    outer loop
      vertex 10 6 4
      vertex 10 0 58
      vertex 10 0 4
    endloop
  endfacet
  facet normal 1 0 0
    outer loop
      vertex 10 37.65 64
      vertex 10 43.65 58
      vertex 10 43.5987 58.7832
    endloop
  endfacet
  facet normal 1 0 0
    outer loop
      vertex 10 37.65 64
      vertex 10 43.5987 58.7832
      vertex 10 43.4456 59.5529
    endloop
  endfacet
  facet normal 1 0 0
    outer loop
      vertex 10 37.65 64
      vertex 10 43.4456 59.5529
      vertex 10 43.1933 60.2961
    endloop
  endfacet
  facet normal 1 0 0
    outer loop
      vertex 10 37.65 64
      vertex 10 43.1933 60.2961
      vertex 10 42.8462 61
    endloop
  endfacet
  facet normal 1 0 0
    outer loop
      vertex 10 37.65 64
      vertex 10 42.8462 61
      vertex 10 42.4101 61.6526
    endloop
  endfacet
  facet normal 1 0 0
    outer loop
      vertex 10 37.65 64
      vertex 10 42.4101 61.6526
      vertex 10 41.8926 62.2426
    endloop
  endfacet
  facet normal 1 0 0
    outer loop
      vertex 10 37.65 64
      vertex 10 41.8926 62.2426
      vertex 10 41.3026 62.7601
    endloop
  endfacet
  facet normal 1 0 0
    outer loop
      vertex 10 37.65 64
      vertex 10 41.3026 62.7601
      vertex 10 40.65 63.1962
    endloop
  endfacet
  facet normal 1 0 0
    outer loop
      vertex 10 37.65 64
      vertex 10 40.65 63.1962
      vertex 10 39.9461 63.5433
    endloop
  endfacet
  facet normal 1 0 0
    outer loop
      vertex 10 37.65 64
      vertex 10 39.9461 63.5433
      vertex 10 39.2029 63.7956
    endloop
  endfacet
  facet normal 1 0 0
    outer loop
      vertex 10 37.65 64
      vertex 10 39.2029 63.7956
      vertex 10 38.4332 63.9487
    endloop
  endfacet
  facet normal 1 0 0
    outer loop
      vertex 10 43.65 58
      vertex 10 37.65 64
      vertex 10 37.65 4
    endloop
  endfacet
  facet normal 1 0 0
    outer loop
      vertex 10 43.65 58
      vertex 10 37.65 4
      vertex 10 43.65 4
    endloop
  endfacet
  facet normal -0.891009 0.453985 1.36359e-17
    outer loop
      vertex 45 35.825 4
      vertex 46.2366 38.252 9.5
      vertex 46.2366 38.252 4
    endloop
  endfacet
  facet normal -0.891009 0.453985 1.36359e-17
    outer loop
      vertex 46.2366 38.252 9.5
      vertex 45 35.825 4
      vertex 45 35.825 9.5
    endloop
  endfacet
  facet normal 0.30901 -0.951059 0
    outer loop
      vertex 72 4.825 4
      vertex 73.7634 5.39795 9.5
      vertex 72 4.825 9.5
    endloop
  endfacet
  facet normal 0.30901 -0.951059 0
    outer loop
      vertex 73.7634 5.39795 9.5
      vertex 72 4.825 4
      vertex 73.7634 5.39795 4
    endloop
  endfacet
  facet normal 0.453985 0.891009 -0
    outer loop
      vertex 74.427 37.5884 4
      vertex 72 38.825 9.5
      vertex 74.427 37.5884 9.5
    endloop
  endfacet
  facet normal 0.453985 0.891009 0
    outer loop
      vertex 72 38.825 9.5
      vertex 74.427 37.5884 4
      vertex 72 38.825 4
    endloop
  endfacet
  facet normal 0.951051 0.309035 -1.06955e-17
    outer loop
      vertex 75 35.825 9.5
      vertex 74.427 37.5884 4
      vertex 74.427 37.5884 9.5
    endloop
  endfacet
  facet normal 0.951051 0.309035 -1.06955e-17
    outer loop
      vertex 74.427 37.5884 4
      vertex 75 35.825 9.5
      vertex 75 35.825 4
    endloop
  endfacet
  facet normal 0 1 -0
    outer loop
      vertex 72 38.825 4
      vertex 48 38.825 9.5
      vertex 72 38.825 9.5
    endloop
  endfacet
  facet normal 0 1 0
    outer loop
      vertex 48 38.825 9.5
      vertex 72 38.825 4
      vertex 48 38.825 4
    endloop
  endfacet
  facet normal -0.454 -0.891002 0
    outer loop
      vertex 45.573 6.06165 4
      vertex 48 4.825 9.5
      vertex 45.573 6.06165 9.5
    endloop
  endfacet
  facet normal -0.454 -0.891002 -0
    outer loop
      vertex 48 4.825 9.5
      vertex 45.573 6.06165 4
      vertex 48 4.825 4
    endloop
  endfacet
  facet normal 0 -1 0
    outer loop
      vertex 48 4.825 4
      vertex 72 4.825 9.5
      vertex 48 4.825 9.5
    endloop
  endfacet
  facet normal 0 -1 -0
    outer loop
      vertex 72 4.825 9.5
      vertex 48 4.825 4
      vertex 72 4.825 4
    endloop
  endfacet
  facet normal -1 0 0
    outer loop
      vertex 45 7.825 4
      vertex 45 35.825 9.5
      vertex 45 35.825 4
    endloop
  endfacet
  facet normal -1 -0 0
    outer loop
      vertex 45 35.825 9.5
      vertex 45 7.825 4
      vertex 45 7.825 9.5
    endloop
  endfacet
  facet normal -0.309035 0.951051 0
    outer loop
      vertex 48 38.825 4
      vertex 46.2366 38.252 9.5
      vertex 48 38.825 9.5
    endloop
  endfacet
  facet normal -0.309035 0.951051 0
    outer loop
      vertex 46.2366 38.252 9.5
      vertex 48 38.825 4
      vertex 46.2366 38.252 4
    endloop
  endfacet
  facet normal -0.951048 -0.309043 1.48232e-18
    outer loop
      vertex 45.573 6.06165 4
      vertex 45 7.825 9.5
      vertex 45 7.825 4
    endloop
  endfacet
  facet normal -0.951048 -0.309043 1.48232e-18
    outer loop
      vertex 45 7.825 9.5
      vertex 45.573 6.06165 4
      vertex 45.573 6.06165 9.5
    endloop
  endfacet
  facet normal 1 -0 0
    outer loop
      vertex 75 7.825 9.5
      vertex 75 35.825 4
      vertex 75 35.825 9.5
    endloop
  endfacet
  facet normal 1 0 0
    outer loop
      vertex 75 35.825 4
      vertex 75 7.825 9.5
      vertex 75 7.825 4
    endloop
  endfacet
  facet normal 0 0 1
    outer loop
      vertex 72 38.825 9.5
      vertex 75 35.825 9.5
      vertex 74.427 37.5884 9.5
    endloop
  endfacet
  facet normal 0 0 1
    outer loop
      vertex 67.5 12.175 9.5
      vertex 75 35.825 9.5
      vertex 67.5 31.975 9.5
    endloop
  endfacet
  facet normal 0 0 1
    outer loop
      vertex 75 35.825 9.5
      vertex 72 38.825 9.5
      vertex 67.5 31.975 9.5
    endloop
  endfacet
  facet normal 0 0 1
    outer loop
      vertex 75 35.825 9.5
      vertex 67.5 12.175 9.5
      vertex 75 7.825 9.5
    endloop
  endfacet
  facet normal 0 -0 1
    outer loop
      vertex 72 4.825 9.5
      vertex 75 7.825 9.5
      vertex 67.5 12.175 9.5
    endloop
  endfacet
  facet normal 0 0 1
    outer loop
      vertex 72 38.825 9.5
      vertex 52.5 31.975 9.5
      vertex 67.5 31.975 9.5
    endloop
  endfacet
  facet normal -0 0 1
    outer loop
      vertex 45 35.825 9.5
      vertex 52.5 31.975 9.5
      vertex 48 38.825 9.5
    endloop
  endfacet
  facet normal -0 0 1
    outer loop
      vertex 48 38.825 9.5
      vertex 52.5 31.975 9.5
      vertex 72 38.825 9.5
    endloop
  endfacet
  facet normal 0 0 1
    outer loop
      vertex 75 7.825 9.5
      vertex 72 4.825 9.5
      vertex 73.7634 5.39795 9.5
    endloop
  endfacet
  facet normal -0 0 1
    outer loop
      vertex 52.5 12.175 9.5
      vertex 72 4.825 9.5
      vertex 67.5 12.175 9.5
    endloop
  endfacet
  facet normal 0 0 1
    outer loop
      vertex 52.5 12.175 9.5
      vertex 48 4.825 9.5
      vertex 72 4.825 9.5
    endloop
  endfacet
  facet normal 0 0 1
    outer loop
      vertex 52.5 31.975 9.5
      vertex 45 35.825 9.5
      vertex 52.5 12.175 9.5
    endloop
  endfacet
  facet normal 0 0 1
    outer loop
      vertex 45 35.825 9.5
      vertex 48 38.825 9.5
      vertex 46.2366 38.252 9.5
    endloop
  endfacet
  facet normal 0 0 1
    outer loop
      vertex 45 7.825 9.5
      vertex 52.5 12.175 9.5
      vertex 45 35.825 9.5
    endloop
  endfacet
  facet normal 0 0 1
    outer loop
      vertex 52.5 12.175 9.5
      vertex 45 7.825 9.5
      vertex 48 4.825 9.5
    endloop
  endfacet
  facet normal 0 0 1
    outer loop
      vertex 48 4.825 9.5
      vertex 45 7.825 9.5
      vertex 45.573 6.06165 9.5
    endloop
  endfacet
  facet normal 0.891013 -0.453978 -1.92312e-18
    outer loop
      vertex 73.7634 5.39795 9.5
      vertex 75 7.825 4
      vertex 75 7.825 9.5
    endloop
  endfacet
  facet normal 0.891013 -0.453978 -1.92312e-18
    outer loop
      vertex 75 7.825 4
      vertex 73.7634 5.39795 9.5
      vertex 73.7634 5.39795 4
    endloop
  endfacet
  facet normal 0.773351 -0 0.633978
    outer loop
      vertex 185.843 -6 154.443
      vertex 186.589 -2 153.533
      vertex 185.843 -2 154.443
    endloop
  endfacet
  facet normal 0.773351 0 0.633978
    outer loop
      vertex 186.589 -2 153.533
      vertex 185.843 -6 154.443
      vertex 186.589 -6 153.533
    endloop
  endfacet
  facet normal -1 0 0
    outer loop
      vertex 91.6 30.8 58.1431
      vertex 91.6 30.6189 97.0668
      vertex 91.6 30.8 98.2569
    endloop
  endfacet
  facet normal -1 0 0
    outer loop
      vertex 91.6 30.3418 60.002
      vertex 91.6 30.6189 97.0668
      vertex 91.6 30.8 58.1431
    endloop
  endfacet
  facet normal -1 0 0
    outer loop
      vertex 91.6 29.6284 95.4284
      vertex 91.6 30.3418 60.002
      vertex 91.6 29.6284 60.9716
    endloop
  endfacet
  facet normal -1 0 0
    outer loop
      vertex 91.6 30.3418 60.002
      vertex 91.6 29.6284 95.4284
      vertex 91.6 30.6189 97.0668
    endloop
  endfacet
  facet normal -1 0 0
    outer loop
      vertex 91.6 19.2284 71.3716
      vertex 91.6 29.6284 95.4284
      vertex 91.6 29.6284 60.9716
    endloop
  endfacet
  facet normal -1 0 0
    outer loop
      vertex 91.6 19.2284 71.3716
      vertex 91.6 19.2284 85.0284
      vertex 91.6 29.6284 95.4284
    endloop
  endfacet
  facet normal -1 0 0
    outer loop
      vertex 91.6 17.59 72.362
      vertex 91.6 19.2284 85.0284
      vertex 91.6 19.2284 71.3716
    endloop
  endfacet
  facet normal -1 0 0
    outer loop
      vertex 91.6 17.59 72.362
      vertex 91.6 17.121 83.9224
      vertex 91.6 19.2284 85.0284
    endloop
  endfacet
  facet normal -1 0 0
    outer loop
      vertex 91.6 15.679 72.4776
      vertex 91.6 17.121 83.9224
      vertex 91.6 17.59 72.362
    endloop
  endfacet
  facet normal -1 0 0
    outer loop
      vertex 91.6 15.679 72.4776
      vertex 91.6 15.21 84.038
      vertex 91.6 17.121 83.9224
    endloop
  endfacet
  facet normal -1 0 0
    outer loop
      vertex 91.6 13.5716 71.3716
      vertex 91.6 15.21 84.038
      vertex 91.6 15.679 72.4776
    endloop
  endfacet
  facet normal -1 0 0
    outer loop
      vertex 91.6 13.5716 71.3716
      vertex 91.6 13.5716 85.0284
      vertex 91.6 15.21 84.038
    endloop
  endfacet
  facet normal -1 0 0
    outer loop
      vertex 91.6 3.17157 60.9716
      vertex 91.6 13.5716 85.0284
      vertex 91.6 13.5716 71.3716
    endloop
  endfacet
  facet normal -1 0 0
    outer loop
      vertex 91.6 3.17157 60.9716
      vertex 91.6 3.17157 95.4284
      vertex 91.6 13.5716 85.0284
    endloop
  endfacet
  facet normal -1 0 0
    outer loop
      vertex 91.6 3.17157 60.9716
      vertex 91.6 2.45818 96.398
      vertex 91.6 3.17157 95.4284
    endloop
  endfacet
  facet normal -1 0 0
    outer loop
      vertex 91.6 2.18112 59.3331
      vertex 91.6 2.45818 96.398
      vertex 91.6 3.17157 60.9716
    endloop
  endfacet
  facet normal -1 0 0
    outer loop
      vertex 91.6 2 98.2569
      vertex 91.6 2.18112 59.3331
      vertex 91.6 2 58.1431
    endloop
  endfacet
  facet normal -1 0 0
    outer loop
      vertex 91.6 2.18112 59.3331
      vertex 91.6 2 98.2569
      vertex 91.6 2.45818 96.398
    endloop
  endfacet
  facet normal -1 0 0
    outer loop
      vertex 91.6 30.8 58.1431
      vertex 91.6 37.8 136.201
      vertex 91.6 37.8 4
    endloop
  endfacet
  facet normal -1 0 0
    outer loop
      vertex 91.6 30.8 98.2569
      vertex 91.6 37.8 136.201
      vertex 91.6 30.8 58.1431
    endloop
  endfacet
  facet normal -1 0 0
    outer loop
      vertex 91.6 30.8 120.143
      vertex 91.6 37.8 136.201
      vertex 91.6 30.8 98.2569
    endloop
  endfacet
  facet normal -1 0 0
    outer loop
      vertex 91.6 30.3418 122.002
      vertex 91.6 37.8 136.201
      vertex 91.6 30.8 120.143
    endloop
  endfacet
  facet normal -1 0 0
    outer loop
      vertex 91.6 29.6284 122.972
      vertex 91.6 37.8 136.201
      vertex 91.6 30.3418 122.002
    endloop
  endfacet
  facet normal -1 0 0
    outer loop
      vertex 91.6 19.2284 133.372
      vertex 91.6 37.8 136.201
      vertex 91.6 29.6284 122.972
    endloop
  endfacet
  facet normal -1 0 -0
    outer loop
      vertex 91.6 31.801 142.2
      vertex 91.6 37.8 136.201
      vertex 91.6 19.2284 133.372
    endloop
  endfacet
  facet normal -1 -0 -0
    outer loop
      vertex 91.6 37.7487 136.983
      vertex 91.6 37.8 136.201
      vertex 91.6 31.801 142.2
    endloop
  endfacet
  facet normal -1 -0 -0
    outer loop
      vertex 91.6 37.5956 137.753
      vertex 91.6 37.7487 136.983
      vertex 91.6 31.801 142.2
    endloop
  endfacet
  facet normal -1 -0 -0
    outer loop
      vertex 91.6 37.3433 138.496
      vertex 91.6 37.5956 137.753
      vertex 91.6 31.801 142.2
    endloop
  endfacet
  facet normal -1 -0 -0
    outer loop
      vertex 91.6 36.9961 139.2
      vertex 91.6 37.3433 138.496
      vertex 91.6 31.801 142.2
    endloop
  endfacet
  facet normal -1 0 0
    outer loop
      vertex 91.6 37.3433 138.496
      vertex 91.6 36.9961 139.2
      vertex 91.6 36.9962 139.2
    endloop
  endfacet
  facet normal -1 -0 -0
    outer loop
      vertex 91.6 36.5601 139.853
      vertex 91.6 36.9961 139.2
      vertex 91.6 31.801 142.2
    endloop
  endfacet
  facet normal -1 0 0
    outer loop
      vertex 91.6 36.9961 139.2
      vertex 91.6 36.5601 139.853
      vertex 91.6 36.5602 139.853
    endloop
  endfacet
  facet normal -1 -0 -0
    outer loop
      vertex 91.6 36.0426 140.443
      vertex 91.6 36.5601 139.853
      vertex 91.6 31.801 142.2
    endloop
  endfacet
  facet normal -1 0 0
    outer loop
      vertex 91.6 36.5601 139.853
      vertex 91.6 36.0426 140.443
      vertex 91.6 36.0427 140.443
    endloop
  endfacet
  facet normal -1 -0 -0
    outer loop
      vertex 91.6 35.4525 140.96
      vertex 91.6 36.0426 140.443
      vertex 91.6 31.801 142.2
    endloop
  endfacet
  facet normal -1 0 0
    outer loop
      vertex 91.6 36.0426 140.443
      vertex 91.6 35.4525 140.96
      vertex 91.6 35.4526 140.96
    endloop
  endfacet
  facet normal -1 0 0
    outer loop
      vertex 91.6 35.4525 140.96
      vertex 91.6 34.7999 141.396
      vertex 91.6 34.8 141.396
    endloop
  endfacet
  facet normal -1 0 0
    outer loop
      vertex 91.6 35.4525 140.96
      vertex 91.6 31.801 142.2
      vertex 91.6 34.7999 141.396
    endloop
  endfacet
  facet normal -1 0 0
    outer loop
      vertex 91.6 34.7999 141.396
      vertex 91.6 31.801 142.2
      vertex 91.6 34.0961 141.743
    endloop
  endfacet
  facet normal -1 -0 -0
    outer loop
      vertex 91.6 33.3528 141.996
      vertex 91.6 34.0961 141.743
      vertex 91.6 31.801 142.2
    endloop
  endfacet
  facet normal -1 0 0
    outer loop
      vertex 91.6 30.8 58.1431
      vertex 91.6 37.8 4
      vertex 91.6 30.8 36.2569
    endloop
  endfacet
  facet normal -1 0 0
    outer loop
      vertex 91.6 37.8 4
      vertex 91.6 30.6189 35.0668
      vertex 91.6 30.8 36.2569
    endloop
  endfacet
  facet normal -1 0 0
    outer loop
      vertex 91.6 37.8 4
      vertex 91.6 29.6284 33.4284
      vertex 91.6 30.6189 35.0668
    endloop
  endfacet
  facet normal -1 0 0
    outer loop
      vertex 91.6 37.8 4
      vertex 91.6 19.2284 23.0284
      vertex 91.6 29.6284 33.4284
    endloop
  endfacet
  facet normal -1 0 0
    outer loop
      vertex 91.6 37.8 4
      vertex 91.6 17.121 21.9224
      vertex 91.6 19.2284 23.0284
    endloop
  endfacet
  facet normal -1 0 0
    outer loop
      vertex 91.6 0 4
      vertex 91.6 17.121 21.9224
      vertex 91.6 37.8 4
    endloop
  endfacet
  facet normal -1 -0 0
    outer loop
      vertex 91.6 17.121 21.9224
      vertex 91.6 0 4
      vertex 91.6 15.21 22.038
    endloop
  endfacet
  facet normal -1 0 0
    outer loop
      vertex 91.6 -6 4
      vertex 91.6 2 58.1431
      vertex 91.6 2 36.2569
    endloop
  endfacet
  facet normal -1 -0 0
    outer loop
      vertex 91.6 2 58.1431
      vertex 91.6 -6 4
      vertex 91.6 2 98.2569
    endloop
  endfacet
  facet normal -1 -0 0
    outer loop
      vertex 91.6 2.45818 34.398
      vertex 91.6 -6 4
      vertex 91.6 2 36.2569
    endloop
  endfacet
  facet normal -1 -0 0
    outer loop
      vertex 91.6 3.17157 33.4284
      vertex 91.6 -6 4
      vertex 91.6 2.45818 34.398
    endloop
  endfacet
  facet normal -1 0 0
    outer loop
      vertex 91.6 -6 4
      vertex 91.6 3.17157 33.4284
      vertex 91.6 0 4
    endloop
  endfacet
  facet normal -1 -0 0
    outer loop
      vertex 91.6 13.5716 23.0284
      vertex 91.6 0 4
      vertex 91.6 3.17157 33.4284
    endloop
  endfacet
  facet normal -1 -0 0
    outer loop
      vertex 91.6 15.21 22.038
      vertex 91.6 0 4
      vertex 91.6 13.5716 23.0284
    endloop
  endfacet
  facet normal -1 0 0
    outer loop
      vertex 91.6 34.096 141.743
      vertex 91.6 33.3528 141.996
      vertex 91.6 33.3529 141.996
    endloop
  endfacet
  facet normal 1 0 0
    outer loop
      vertex 91.6 34.0961 141.743
      vertex 91.6 33.3528 141.996
      vertex 91.6 34.096 141.743
    endloop
  endfacet
  facet normal -1 0 0
    outer loop
      vertex 91.6 33.3528 141.996
      vertex 91.6 31.801 142.2
      vertex 91.6 32.5832 142.149
    endloop
  endfacet
  facet normal 1 0 0
    outer loop
      vertex 91.6 32.5832 142.149
      vertex 91.6 31.801 142.2
      vertex 91.6 32.5831 142.149
    endloop
  endfacet
  facet normal -1 0 0
    outer loop
      vertex 91.6 17.59 134.362
      vertex 91.6 31.801 142.2
      vertex 91.6 19.2284 133.372
    endloop
  endfacet
  facet normal -1 0 0
    outer loop
      vertex 91.6 15.679 134.478
      vertex 91.6 31.801 142.2
      vertex 91.6 17.59 134.362
    endloop
  endfacet
  facet normal -1 0 0
    outer loop
      vertex 91.6 15.679 134.478
      vertex 91.6 -2 142.2
      vertex 91.6 31.801 142.2
    endloop
  endfacet
  facet normal -1 0 0
    outer loop
      vertex 91.6 13.5716 133.372
      vertex 91.6 -2 142.2
      vertex 91.6 15.679 134.478
    endloop
  endfacet
  facet normal -1 0 0
    outer loop
      vertex 91.6 3.17157 122.972
      vertex 91.6 -2 142.2
      vertex 91.6 13.5716 133.372
    endloop
  endfacet
  facet normal -1 0 0
    outer loop
      vertex 91.6 2.18112 121.333
      vertex 91.6 -2 142.2
      vertex 91.6 3.17157 122.972
    endloop
  endfacet
  facet normal -1 0 0
    outer loop
      vertex 91.6 2 120.143
      vertex 91.6 -2 142.2
      vertex 91.6 2.18112 121.333
    endloop
  endfacet
  facet normal -1 -0 0
    outer loop
      vertex 91.6 2 98.2569
      vertex 91.6 -6 4
      vertex 91.6 -6 150.2
    endloop
  endfacet
  facet normal -1 0 0
    outer loop
      vertex 91.6 -6 150.2
      vertex 91.6 -2 145.2
      vertex 91.6 -2 142.2
    endloop
  endfacet
  facet normal -1 0 0
    outer loop
      vertex 91.6 2 98.2569
      vertex 91.6 -6 150.2
      vertex 91.6 2 120.143
    endloop
  endfacet
  facet normal -1 0 0
    outer loop
      vertex 91.6 2 120.143
      vertex 91.6 -6 150.2
      vertex 91.6 -2 142.2
    endloop
  endfacet
  facet normal -1 0 0
    outer loop
      vertex 91.6 -2 145.2
      vertex 91.6 -6 150.2
      vertex 91.6 -2 150.2
    endloop
  endfacet
  facet normal -0.773268 0 0.63408
    outer loop
      vertex 92.6112 -6 153.533
      vertex 93.3574 -2 154.443
      vertex 92.6112 -2 153.533
    endloop
  endfacet
  facet normal -0.773268 0 0.63408
    outer loop
      vertex 93.3574 -2 154.443
      vertex 92.6112 -6 153.533
      vertex 93.3574 -6 154.443
    endloop
  endfacet
  facet normal 0.290857 0 0.956767
    outer loop
      vertex 182.771 -2 156.085
      vertex 183.896 -6 155.743
      vertex 183.896 -2 155.743
    endloop
  endfacet
  facet normal 0.290857 0 0.956767
    outer loop
      vertex 183.896 -6 155.743
      vertex 182.771 -2 156.085
      vertex 182.771 -6 156.085
    endloop
  endfacet
  facet normal -0.4711 -2.08848e-18 0.88208
    outer loop
      vertex 94.2666 -2 155.189
      vertex 95.3039 -6 155.743
      vertex 95.3039 -2 155.743
    endloop
  endfacet
  facet normal -0.4711 -2.08848e-18 0.88208
    outer loop
      vertex 95.3039 -6 155.743
      vertex 94.2666 -2 155.189
      vertex 94.2666 -6 155.189
    endloop
  endfacet
  facet normal 1 -0 0
    outer loop
      vertex 187.6 -6 150.2
      vertex 187.6 -2 145.2
      vertex 187.6 -2 150.2
    endloop
  endfacet
  facet normal 1 0 0
    outer loop
      vertex 187.6 -2 145.2
      vertex 187.6 -6 150.2
      vertex 187.6 -2 142.2
    endloop
  endfacet
  facet normal 1 -0 0
    outer loop
      vertex 187.6 30.6189 97.0668
      vertex 187.6 30.8 58.1431
      vertex 187.6 30.8 98.2569
    endloop
  endfacet
  facet normal 1 0 0
    outer loop
      vertex 187.6 30.6189 97.0668
      vertex 187.6 30.3418 60.002
      vertex 187.6 30.8 58.1431
    endloop
  endfacet
  facet normal 1 -0 0
    outer loop
      vertex 187.6 29.6284 95.4284
      vertex 187.6 30.3418 60.002
      vertex 187.6 30.6189 97.0668
    endloop
  endfacet
  facet normal 1 0 0
    outer loop
      vertex 187.6 29.6284 95.4284
      vertex 187.6 29.6284 60.9716
      vertex 187.6 30.3418 60.002
    endloop
  endfacet
  facet normal 1 -0 0
    outer loop
      vertex 187.6 19.2284 85.0284
      vertex 187.6 29.6284 60.9716
      vertex 187.6 29.6284 95.4284
    endloop
  endfacet
  facet normal 1 0 0
    outer loop
      vertex 187.6 19.2284 85.0284
      vertex 187.6 19.2284 71.3716
      vertex 187.6 29.6284 60.9716
    endloop
  endfacet
  facet normal 1 0 0
    outer loop
      vertex 187.6 19.2284 85.0284
      vertex 187.6 17.59 72.362
      vertex 187.6 19.2284 71.3716
    endloop
  endfacet
  facet normal 1 -0 0
    outer loop
      vertex 187.6 17.121 83.9224
      vertex 187.6 17.59 72.362
      vertex 187.6 19.2284 85.0284
    endloop
  endfacet
  facet normal 1 0 0
    outer loop
      vertex 187.6 17.121 83.9224
      vertex 187.6 15.679 72.4776
      vertex 187.6 17.59 72.362
    endloop
  endfacet
  facet normal 1 0 0
    outer loop
      vertex 187.6 15.21 84.038
      vertex 187.6 15.679 72.4776
      vertex 187.6 17.121 83.9224
    endloop
  endfacet
  facet normal 1 0 0
    outer loop
      vertex 187.6 13.5716 71.3716
      vertex 187.6 15.21 84.038
      vertex 187.6 13.5716 85.0284
    endloop
  endfacet
  facet normal 1 0 0
    outer loop
      vertex 187.6 15.21 84.038
      vertex 187.6 13.5716 71.3716
      vertex 187.6 15.679 72.4776
    endloop
  endfacet
  facet normal 1 0 0
    outer loop
      vertex 187.6 3.17157 95.4284
      vertex 187.6 13.5716 71.3716
      vertex 187.6 13.5716 85.0284
    endloop
  endfacet
  facet normal 1 0 0
    outer loop
      vertex 187.6 3.17157 95.4284
      vertex 187.6 3.17157 60.9716
      vertex 187.6 13.5716 71.3716
    endloop
  endfacet
  facet normal 1 0 0
    outer loop
      vertex 187.6 2.45818 96.398
      vertex 187.6 3.17157 60.9716
      vertex 187.6 3.17157 95.4284
    endloop
  endfacet
  facet normal 1 0 0
    outer loop
      vertex 187.6 2.45818 96.398
      vertex 187.6 2.18112 59.3331
      vertex 187.6 3.17157 60.9716
    endloop
  endfacet
  facet normal 1 0 0
    outer loop
      vertex 187.6 2 98.2569
      vertex 187.6 2.18112 59.3331
      vertex 187.6 2.45818 96.398
    endloop
  endfacet
  facet normal 1 0 0
    outer loop
      vertex 187.6 2.18112 59.3331
      vertex 187.6 2 98.2569
      vertex 187.6 2 58.1431
    endloop
  endfacet
  facet normal 1 0 0
    outer loop
      vertex 187.6 37.8 136.2
      vertex 187.6 30.3418 122.002
      vertex 187.6 30.8 120.143
    endloop
  endfacet
  facet normal 1 0 0
    outer loop
      vertex 187.6 37.8 136.2
      vertex 187.6 29.6284 122.972
      vertex 187.6 30.3418 122.002
    endloop
  endfacet
  facet normal 1 0 0
    outer loop
      vertex 187.6 37.8 136.2
      vertex 187.6 19.2284 133.372
      vertex 187.6 29.6284 122.972
    endloop
  endfacet
  facet normal 1 0 0
    outer loop
      vertex 187.6 31.8 142.2
      vertex 187.6 17.59 134.362
      vertex 187.6 19.2284 133.372
    endloop
  endfacet
  facet normal 1 0 0
    outer loop
      vertex 187.6 31.8 142.2
      vertex 187.6 15.679 134.478
      vertex 187.6 17.59 134.362
    endloop
  endfacet
  facet normal 1 0 0
    outer loop
      vertex 187.6 -6 150.2
      vertex 187.6 2 98.2569
      vertex 187.6 2 120.143
    endloop
  endfacet
  facet normal 1 0 0
    outer loop
      vertex 187.6 2 98.2569
      vertex 187.6 -6 150.2
      vertex 187.6 2 58.1431
    endloop
  endfacet
  facet normal 1 0 0
    outer loop
      vertex 187.6 -6 4
      vertex 187.6 2 58.1431
      vertex 187.6 -6 150.2
    endloop
  endfacet
  facet normal 1 -0 0
    outer loop
      vertex 187.6 -2 142.2
      vertex 187.6 15.679 134.478
      vertex 187.6 31.8 142.2
    endloop
  endfacet
  facet normal 1 0 0
    outer loop
      vertex 187.6 -2 142.2
      vertex 187.6 13.5716 133.372
      vertex 187.6 15.679 134.478
    endloop
  endfacet
  facet normal 1 0 0
    outer loop
      vertex 187.6 -2 142.2
      vertex 187.6 3.17157 122.972
      vertex 187.6 13.5716 133.372
    endloop
  endfacet
  facet normal 1 0 0
    outer loop
      vertex 187.6 -2 142.2
      vertex 187.6 2.18112 121.333
      vertex 187.6 3.17157 122.972
    endloop
  endfacet
  facet normal 1 0 0
    outer loop
      vertex 187.6 -2 142.2
      vertex 187.6 2 120.143
      vertex 187.6 2.18112 121.333
    endloop
  endfacet
  facet normal 1 0 0
    outer loop
      vertex 187.6 -6 150.2
      vertex 187.6 2 120.143
      vertex 187.6 -2 142.2
    endloop
  endfacet
  facet normal 1 0 0
    outer loop
      vertex 187.6 2 58.1431
      vertex 187.6 -6 4
      vertex 187.6 2 36.2569
    endloop
  endfacet
  facet normal 1 0 0
    outer loop
      vertex 187.6 2 36.2569
      vertex 187.6 -6 4
      vertex 187.6 0 4
    endloop
  endfacet
  facet normal 1 0 0
    outer loop
      vertex 187.6 31.8 142.2
      vertex 187.6 37.8 136.2
      vertex 187.6 37.7487 136.983
    endloop
  endfacet
  facet normal 1 0 0
    outer loop
      vertex 187.6 31.8 142.2
      vertex 187.6 37.7487 136.983
      vertex 187.6 37.5956 137.753
    endloop
  endfacet
  facet normal 1 0 0
    outer loop
      vertex 187.6 31.8 142.2
      vertex 187.6 37.5956 137.753
      vertex 187.6 37.3433 138.496
    endloop
  endfacet
  facet normal 1 0 0
    outer loop
      vertex 187.6 31.8 142.2
      vertex 187.6 37.3433 138.496
      vertex 187.6 36.9962 139.2
    endloop
  endfacet
  facet normal 1 0 0
    outer loop
      vertex 187.6 31.8 142.2
      vertex 187.6 36.9962 139.2
      vertex 187.6 36.5601 139.853
    endloop
  endfacet
  facet normal 1 0 0
    outer loop
      vertex 187.6 31.8 142.2
      vertex 187.6 36.5601 139.853
      vertex 187.6 36.0426 140.443
    endloop
  endfacet
  facet normal 1 0 0
    outer loop
      vertex 187.6 31.8 142.2
      vertex 187.6 36.0426 140.443
      vertex 187.6 35.4526 140.96
    endloop
  endfacet
  facet normal 1 0 0
    outer loop
      vertex 187.6 31.8 142.2
      vertex 187.6 35.4526 140.96
      vertex 187.6 34.8 141.396
    endloop
  endfacet
  facet normal 1 0 0
    outer loop
      vertex 187.6 31.8 142.2
      vertex 187.6 34.8 141.396
      vertex 187.6 34.0961 141.743
    endloop
  endfacet
  facet normal 1 0 0
    outer loop
      vertex 187.6 31.8 142.2
      vertex 187.6 34.0961 141.743
      vertex 187.6 33.3529 141.996
    endloop
  endfacet
  facet normal 1 0 0
    outer loop
      vertex 187.6 31.8 142.2
      vertex 187.6 33.3529 141.996
      vertex 187.6 32.5832 142.149
    endloop
  endfacet
  facet normal 1 0 0
    outer loop
      vertex 187.6 19.2284 133.372
      vertex 187.6 37.8 136.2
      vertex 187.6 31.8 142.2
    endloop
  endfacet
  facet normal 1 0 0
    outer loop
      vertex 187.6 37.8 136.2
      vertex 187.6 30.8 120.143
      vertex 187.6 30.8 98.2569
    endloop
  endfacet
  facet normal 1 0 0
    outer loop
      vertex 187.6 37.8 136.2
      vertex 187.6 30.8 98.2569
      vertex 187.6 30.8 58.1431
    endloop
  endfacet
  facet normal 1 0 0
    outer loop
      vertex 187.6 37.8 136.2
      vertex 187.6 30.8 58.1431
      vertex 187.6 37.8 4
    endloop
  endfacet
  facet normal 1 -0 0
    outer loop
      vertex 187.6 30.8 36.2569
      vertex 187.6 37.8 4
      vertex 187.6 30.8 58.1431
    endloop
  endfacet
  facet normal 1 -0 0
    outer loop
      vertex 187.6 30.6189 35.0668
      vertex 187.6 37.8 4
      vertex 187.6 30.8 36.2569
    endloop
  endfacet
  facet normal 1 -0 0
    outer loop
      vertex 187.6 29.6284 33.4284
      vertex 187.6 37.8 4
      vertex 187.6 30.6189 35.0668
    endloop
  endfacet
  facet normal 1 -0 0
    outer loop
      vertex 187.6 19.2284 23.0284
      vertex 187.6 37.8 4
      vertex 187.6 29.6284 33.4284
    endloop
  endfacet
  facet normal 1 -0 0
    outer loop
      vertex 187.6 17.121 21.9224
      vertex 187.6 37.8 4
      vertex 187.6 19.2284 23.0284
    endloop
  endfacet
  facet normal 1 0 0
    outer loop
      vertex 187.6 0 4
      vertex 187.6 17.121 21.9224
      vertex 187.6 15.21 22.038
    endloop
  endfacet
  facet normal 1 0 0
    outer loop
      vertex 187.6 0 4
      vertex 187.6 15.21 22.038
      vertex 187.6 13.5716 23.0284
    endloop
  endfacet
  facet normal 1 0 0
    outer loop
      vertex 187.6 17.121 21.9224
      vertex 187.6 0 4
      vertex 187.6 37.8 4
    endloop
  endfacet
  facet normal 1 0 0
    outer loop
      vertex 187.6 3.17157 33.4284
      vertex 187.6 0 4
      vertex 187.6 13.5716 23.0284
    endloop
  endfacet
  facet normal 1 0 0
    outer loop
      vertex 187.6 2.45818 34.398
      vertex 187.6 0 4
      vertex 187.6 3.17157 33.4284
    endloop
  endfacet
  facet normal 1 0 0
    outer loop
      vertex 187.6 0 4
      vertex 187.6 2.45818 34.398
      vertex 187.6 2 36.2569
    endloop
  endfacet
  facet normal 0.995212 -0 0.0977365
    outer loop
      vertex 187.485 -6 151.371
      vertex 187.6 -2 150.2
      vertex 187.485 -2 151.371
    endloop
  endfacet
  facet normal 0.995212 0 0.0977365
    outer loop
      vertex 187.6 -2 150.2
      vertex 187.485 -6 151.371
      vertex 187.6 -6 150.2
    endloop
  endfacet
  facet normal 0.0977365 -1.94184e-18 0.995212
    outer loop
      vertex 181.6 -2 156.2
      vertex 182.771 -6 156.085
      vertex 182.771 -2 156.085
    endloop
  endfacet
  facet normal 0.0977365 -1.94184e-18 0.995212
    outer loop
      vertex 182.771 -6 156.085
      vertex 181.6 -2 156.2
      vertex 181.6 -6 156.2
    endloop
  endfacet
  facet normal 0.633978 -8.5595e-18 0.773351
    outer loop
      vertex 184.933 -2 155.189
      vertex 185.843 -6 154.443
      vertex 185.843 -2 154.443
    endloop
  endfacet
  facet normal 0.633978 -8.5595e-18 0.773351
    outer loop
      vertex 185.843 -6 154.443
      vertex 184.933 -2 155.189
      vertex 184.933 -6 155.189
    endloop
  endfacet
  facet normal -0 0 1
    outer loop
      vertex 97.6 -2 156.2
      vertex 181.6 -6 156.2
      vertex 181.6 -2 156.2
    endloop
  endfacet
  facet normal 0 0 1
    outer loop
      vertex 181.6 -6 156.2
      vertex 97.6 -2 156.2
      vertex 97.6 -6 156.2
    endloop
  endfacet
  facet normal 0.882023 -0 0.471206
    outer loop
      vertex 186.589 -6 153.533
      vertex 187.143 -2 152.496
      vertex 186.589 -2 153.533
    endloop
  endfacet
  facet normal 0.882023 0 0.471206
    outer loop
      vertex 187.143 -2 152.496
      vertex 186.589 -6 153.533
      vertex 187.143 -6 152.496
    endloop
  endfacet
  facet normal 0 1 0
    outer loop
      vertex 116.1 -2 41.0504
      vertex 108.1 -2 42.2056
      vertex 109.6 -2 44.8032
    endloop
  endfacet
  facet normal 0 1 0
    outer loop
      vertex 114.6 -2 38.4528
      vertex 116.1 -2 41.0504
      vertex 117.6 -2 38.4528
    endloop
  endfacet
  facet normal 0 1 0
    outer loop
      vertex 116.1 -2 41.0504
      vertex 114.6 -2 38.4528
      vertex 108.1 -2 42.2056
    endloop
  endfacet
  facet normal 0 1 -0
    outer loop
      vertex 117.6 -2 30.9472
      vertex 114.6 -2 38.4528
      vertex 117.6 -2 38.4528
    endloop
  endfacet
  facet normal 0 1 0
    outer loop
      vertex 117.6 -2 30.9472
      vertex 114.6 -2 30.9472
      vertex 114.6 -2 38.4528
    endloop
  endfacet
  facet normal 0 1 -0
    outer loop
      vertex 121.8 -2 21.2
      vertex 117.6 -2 30.9472
      vertex 124.1 -2 27.1944
    endloop
  endfacet
  facet normal 0 1 0
    outer loop
      vertex 117.6 -2 30.9472
      vertex 121.8 -2 21.2
      vertex 114.6 -2 30.9472
    endloop
  endfacet
  facet normal 0 1 0
    outer loop
      vertex 156.1 -2 42.2056
      vertex 148.1 -2 41.0504
      vertex 154.6 -2 44.8032
    endloop
  endfacet
  facet normal -0 1 0
    outer loop
      vertex 148.1 -2 41.0504
      vertex 156.1 -2 42.2056
      vertex 149.6 -2 38.4528
    endloop
  endfacet
  facet normal 0 1 0
    outer loop
      vertex 140.1 -2 42.2056
      vertex 132.1 -2 41.0504
      vertex 138.6 -2 44.8032
    endloop
  endfacet
  facet normal -0 1 0
    outer loop
      vertex 132.1 -2 41.0504
      vertex 140.1 -2 42.2056
      vertex 133.6 -2 38.4528
    endloop
  endfacet
  facet normal 0 1 0
    outer loop
      vertex 124.1 -2 42.2056
      vertex 116.1 -2 41.0504
      vertex 122.6 -2 44.8032
    endloop
  endfacet
  facet normal -0 1 0
    outer loop
      vertex 116.1 -2 41.0504
      vertex 124.1 -2 42.2056
      vertex 117.6 -2 38.4528
    endloop
  endfacet
  facet normal 0 1 0
    outer loop
      vertex 116.1 -2 68.7624
      vertex 108.1 -2 69.9176
      vertex 109.6 -2 72.5152
    endloop
  endfacet
  facet normal 0 1 0
    outer loop
      vertex 114.6 -2 66.1648
      vertex 116.1 -2 68.7624
      vertex 117.6 -2 66.1648
    endloop
  endfacet
  facet normal 0 1 0
    outer loop
      vertex 116.1 -2 68.7624
      vertex 114.6 -2 66.1648
      vertex 108.1 -2 69.9176
    endloop
  endfacet
  facet normal 0 1 -0
    outer loop
      vertex 117.6 -2 58.6592
      vertex 114.6 -2 66.1648
      vertex 117.6 -2 66.1648
    endloop
  endfacet
  facet normal 0 1 0
    outer loop
      vertex 117.6 -2 58.6592
      vertex 114.6 -2 58.6592
      vertex 114.6 -2 66.1648
    endloop
  endfacet
  facet normal 0 1 0
    outer loop
      vertex 117.6 -2 58.6592
      vertex 116.1 -2 56.0616
      vertex 114.6 -2 58.6592
    endloop
  endfacet
  facet normal 0 1 0
    outer loop
      vertex 124.1 -2 54.9064
      vertex 116.1 -2 56.0616
      vertex 117.6 -2 58.6592
    endloop
  endfacet
  facet normal 0 1 0
    outer loop
      vertex 122.6 -2 52.3088
      vertex 124.1 -2 54.9064
      vertex 125.6 -2 52.3088
    endloop
  endfacet
  facet normal 0 1 0
    outer loop
      vertex 124.1 -2 54.9064
      vertex 122.6 -2 52.3088
      vertex 116.1 -2 56.0616
    endloop
  endfacet
  facet normal 0 1 -0
    outer loop
      vertex 125.6 -2 44.8032
      vertex 122.6 -2 52.3088
      vertex 125.6 -2 52.3088
    endloop
  endfacet
  facet normal 0 1 0
    outer loop
      vertex 125.6 -2 44.8032
      vertex 122.6 -2 44.8032
      vertex 122.6 -2 52.3088
    endloop
  endfacet
  facet normal 0 1 0
    outer loop
      vertex 125.6 -2 44.8032
      vertex 124.1 -2 42.2056
      vertex 122.6 -2 44.8032
    endloop
  endfacet
  facet normal 0 1 0
    outer loop
      vertex 132.1 -2 41.0504
      vertex 124.1 -2 42.2056
      vertex 125.6 -2 44.8032
    endloop
  endfacet
  facet normal 0 1 0
    outer loop
      vertex 130.6 -2 38.4528
      vertex 132.1 -2 41.0504
      vertex 133.6 -2 38.4528
    endloop
  endfacet
  facet normal 0 1 0
    outer loop
      vertex 132.1 -2 41.0504
      vertex 130.6 -2 38.4528
      vertex 124.1 -2 42.2056
    endloop
  endfacet
  facet normal 0 1 -0
    outer loop
      vertex 133.6 -2 30.9472
      vertex 130.6 -2 38.4528
      vertex 133.6 -2 38.4528
    endloop
  endfacet
  facet normal 0 1 0
    outer loop
      vertex 133.6 -2 30.9472
      vertex 130.6 -2 30.9472
      vertex 130.6 -2 38.4528
    endloop
  endfacet
  facet normal 0 1 0
    outer loop
      vertex 140.1 -2 27.1944
      vertex 130.6 -2 30.9472
      vertex 133.6 -2 30.9472
    endloop
  endfacet
  facet normal 0 1 0
    outer loop
      vertex 130.6 -2 30.9472
      vertex 140.1 -2 27.1944
      vertex 124.1 -2 27.1944
    endloop
  endfacet
  facet normal 0 1 0
    outer loop
      vertex 156.1 -2 69.9176
      vertex 148.1 -2 68.7624
      vertex 154.6 -2 72.5152
    endloop
  endfacet
  facet normal -0 1 0
    outer loop
      vertex 148.1 -2 68.7624
      vertex 156.1 -2 69.9176
      vertex 149.6 -2 66.1648
    endloop
  endfacet
  facet normal 0 1 0
    outer loop
      vertex 140.1 -2 69.9176
      vertex 132.1 -2 68.7624
      vertex 138.6 -2 72.5152
    endloop
  endfacet
  facet normal -0 1 0
    outer loop
      vertex 132.1 -2 68.7624
      vertex 140.1 -2 69.9176
      vertex 133.6 -2 66.1648
    endloop
  endfacet
  facet normal 0 1 0
    outer loop
      vertex 124.1 -2 69.9176
      vertex 116.1 -2 68.7624
      vertex 122.6 -2 72.5152
    endloop
  endfacet
  facet normal -0 1 0
    outer loop
      vertex 116.1 -2 68.7624
      vertex 124.1 -2 69.9176
      vertex 117.6 -2 66.1648
    endloop
  endfacet
  facet normal 0 1 0
    outer loop
      vertex 116.1 -2 96.4744
      vertex 108.1 -2 97.6296
      vertex 109.6 -2 100.227
    endloop
  endfacet
  facet normal 0 1 0
    outer loop
      vertex 114.6 -2 93.8768
      vertex 116.1 -2 96.4744
      vertex 117.6 -2 93.8768
    endloop
  endfacet
  facet normal 0 1 0
    outer loop
      vertex 116.1 -2 96.4744
      vertex 114.6 -2 93.8768
      vertex 108.1 -2 97.6296
    endloop
  endfacet
  facet normal 0 1 -0
    outer loop
      vertex 117.6 -2 86.3712
      vertex 114.6 -2 93.8768
      vertex 117.6 -2 93.8768
    endloop
  endfacet
  facet normal 0 1 0
    outer loop
      vertex 117.6 -2 86.3712
      vertex 114.6 -2 86.3712
      vertex 114.6 -2 93.8768
    endloop
  endfacet
  facet normal 0 1 0
    outer loop
      vertex 117.6 -2 86.3712
      vertex 116.1 -2 83.7736
      vertex 114.6 -2 86.3712
    endloop
  endfacet
  facet normal 0 1 0
    outer loop
      vertex 124.1 -2 82.6184
      vertex 116.1 -2 83.7736
      vertex 117.6 -2 86.3712
    endloop
  endfacet
  facet normal 0 1 0
    outer loop
      vertex 122.6 -2 80.0208
      vertex 124.1 -2 82.6184
      vertex 125.6 -2 80.0208
    endloop
  endfacet
  facet normal 0 1 0
    outer loop
      vertex 124.1 -2 82.6184
      vertex 122.6 -2 80.0208
      vertex 116.1 -2 83.7736
    endloop
  endfacet
  facet normal 0 1 -0
    outer loop
      vertex 125.6 -2 72.5152
      vertex 122.6 -2 80.0208
      vertex 125.6 -2 80.0208
    endloop
  endfacet
  facet normal 0 1 0
    outer loop
      vertex 125.6 -2 72.5152
      vertex 122.6 -2 72.5152
      vertex 122.6 -2 80.0208
    endloop
  endfacet
  facet normal 0 1 0
    outer loop
      vertex 125.6 -2 72.5152
      vertex 124.1 -2 69.9176
      vertex 122.6 -2 72.5152
    endloop
  endfacet
  facet normal 0 1 0
    outer loop
      vertex 132.1 -2 68.7624
      vertex 124.1 -2 69.9176
      vertex 125.6 -2 72.5152
    endloop
  endfacet
  facet normal 0 1 0
    outer loop
      vertex 130.6 -2 66.1648
      vertex 132.1 -2 68.7624
      vertex 133.6 -2 66.1648
    endloop
  endfacet
  facet normal 0 1 0
    outer loop
      vertex 132.1 -2 68.7624
      vertex 130.6 -2 66.1648
      vertex 124.1 -2 69.9176
    endloop
  endfacet
  facet normal 0 1 -0
    outer loop
      vertex 133.6 -2 58.6592
      vertex 130.6 -2 66.1648
      vertex 133.6 -2 66.1648
    endloop
  endfacet
  facet normal 0 1 0
    outer loop
      vertex 133.6 -2 58.6592
      vertex 130.6 -2 58.6592
      vertex 130.6 -2 66.1648
    endloop
  endfacet
  facet normal 0 1 0
    outer loop
      vertex 133.6 -2 58.6592
      vertex 132.1 -2 56.0616
      vertex 130.6 -2 58.6592
    endloop
  endfacet
  facet normal 0 1 0
    outer loop
      vertex 140.1 -2 54.9064
      vertex 132.1 -2 56.0616
      vertex 133.6 -2 58.6592
    endloop
  endfacet
  facet normal 0 1 0
    outer loop
      vertex 138.6 -2 52.3088
      vertex 140.1 -2 54.9064
      vertex 141.6 -2 52.3088
    endloop
  endfacet
  facet normal 0 1 0
    outer loop
      vertex 140.1 -2 54.9064
      vertex 138.6 -2 52.3088
      vertex 132.1 -2 56.0616
    endloop
  endfacet
  facet normal 0 1 -0
    outer loop
      vertex 141.6 -2 44.8032
      vertex 138.6 -2 52.3088
      vertex 141.6 -2 52.3088
    endloop
  endfacet
  facet normal 0 1 0
    outer loop
      vertex 141.6 -2 44.8032
      vertex 138.6 -2 44.8032
      vertex 138.6 -2 52.3088
    endloop
  endfacet
  facet normal 0 1 0
    outer loop
      vertex 141.6 -2 44.8032
      vertex 140.1 -2 42.2056
      vertex 138.6 -2 44.8032
    endloop
  endfacet
  facet normal 0 1 0
    outer loop
      vertex 148.1 -2 41.0504
      vertex 140.1 -2 42.2056
      vertex 141.6 -2 44.8032
    endloop
  endfacet
  facet normal 0 1 0
    outer loop
      vertex 146.6 -2 38.4528
      vertex 148.1 -2 41.0504
      vertex 149.6 -2 38.4528
    endloop
  endfacet
  facet normal 0 1 0
    outer loop
      vertex 148.1 -2 41.0504
      vertex 146.6 -2 38.4528
      vertex 140.1 -2 42.2056
    endloop
  endfacet
  facet normal 0 1 -0
    outer loop
      vertex 149.6 -2 30.9472
      vertex 146.6 -2 38.4528
      vertex 149.6 -2 38.4528
    endloop
  endfacet
  facet normal 0 1 0
    outer loop
      vertex 149.6 -2 30.9472
      vertex 146.6 -2 30.9472
      vertex 146.6 -2 38.4528
    endloop
  endfacet
  facet normal 0 1 0
    outer loop
      vertex 143.1 -2 21.2
      vertex 149.6 -2 30.9472
      vertex 156.1 -2 27.1944
    endloop
  endfacet
  facet normal 0 1 0
    outer loop
      vertex 149.6 -2 30.9472
      vertex 143.1 -2 21.2
      vertex 146.6 -2 30.9472
    endloop
  endfacet
  facet normal 0 1 0
    outer loop
      vertex 156.1 -2 97.6296
      vertex 148.1 -2 96.4744
      vertex 154.6 -2 100.227
    endloop
  endfacet
  facet normal -0 1 0
    outer loop
      vertex 148.1 -2 96.4744
      vertex 156.1 -2 97.6296
      vertex 149.6 -2 93.8768
    endloop
  endfacet
  facet normal 0 1 0
    outer loop
      vertex 140.1 -2 97.6296
      vertex 132.1 -2 96.4744
      vertex 138.6 -2 100.227
    endloop
  endfacet
  facet normal -0 1 0
    outer loop
      vertex 132.1 -2 96.4744
      vertex 140.1 -2 97.6296
      vertex 133.6 -2 93.8768
    endloop
  endfacet
  facet normal 0 1 0
    outer loop
      vertex 124.1 -2 97.6296
      vertex 116.1 -2 96.4744
      vertex 122.6 -2 100.227
    endloop
  endfacet
  facet normal -0 1 0
    outer loop
      vertex 116.1 -2 96.4744
      vertex 124.1 -2 97.6296
      vertex 117.6 -2 93.8768
    endloop
  endfacet
  facet normal 0 1 0
    outer loop
      vertex 164.1 -2 56.0616
      vertex 156.1 -2 54.9064
      vertex 162.6 -2 58.6592
    endloop
  endfacet
  facet normal -0 1 0
    outer loop
      vertex 156.1 -2 54.9064
      vertex 164.1 -2 56.0616
      vertex 157.6 -2 52.3088
    endloop
  endfacet
  facet normal 0 1 0
    outer loop
      vertex 148.1 -2 56.0616
      vertex 140.1 -2 54.9064
      vertex 146.6 -2 58.6592
    endloop
  endfacet
  facet normal -0 1 0
    outer loop
      vertex 140.1 -2 54.9064
      vertex 148.1 -2 56.0616
      vertex 141.6 -2 52.3088
    endloop
  endfacet
  facet normal 0 1 0
    outer loop
      vertex 132.1 -2 56.0616
      vertex 124.1 -2 54.9064
      vertex 130.6 -2 58.6592
    endloop
  endfacet
  facet normal -0 1 0
    outer loop
      vertex 124.1 -2 54.9064
      vertex 132.1 -2 56.0616
      vertex 125.6 -2 52.3088
    endloop
  endfacet
  facet normal 0 1 0
    outer loop
      vertex 116.1 -2 56.0616
      vertex 108.1 -2 54.9064
      vertex 114.6 -2 58.6592
    endloop
  endfacet
  facet normal -0 1 0
    outer loop
      vertex 108.1 -2 54.9064
      vertex 116.1 -2 56.0616
      vertex 109.6 -2 52.3088
    endloop
  endfacet
  facet normal 0 1 0
    outer loop
      vertex 164.1 -2 83.7736
      vertex 156.1 -2 82.6184
      vertex 162.6 -2 86.3712
    endloop
  endfacet
  facet normal -0 1 0
    outer loop
      vertex 156.1 -2 82.6184
      vertex 164.1 -2 83.7736
      vertex 157.6 -2 80.0208
    endloop
  endfacet
  facet normal 0 1 0
    outer loop
      vertex 148.1 -2 83.7736
      vertex 140.1 -2 82.6184
      vertex 146.6 -2 86.3712
    endloop
  endfacet
  facet normal -0 1 0
    outer loop
      vertex 140.1 -2 82.6184
      vertex 148.1 -2 83.7736
      vertex 141.6 -2 80.0208
    endloop
  endfacet
  facet normal 0 1 0
    outer loop
      vertex 132.1 -2 83.7736
      vertex 124.1 -2 82.6184
      vertex 130.6 -2 86.3712
    endloop
  endfacet
  facet normal -0 1 0
    outer loop
      vertex 124.1 -2 82.6184
      vertex 132.1 -2 83.7736
      vertex 125.6 -2 80.0208
    endloop
  endfacet
  facet normal 0 1 0
    outer loop
      vertex 116.1 -2 83.7736
      vertex 108.1 -2 82.6184
      vertex 114.6 -2 86.3712
    endloop
  endfacet
  facet normal -0 1 0
    outer loop
      vertex 108.1 -2 82.6184
      vertex 116.1 -2 83.7736
      vertex 109.6 -2 80.0208
    endloop
  endfacet
  facet normal 0 1 -0
    outer loop
      vertex 117.6 -2 121.589
      vertex 108.1 -2 125.342
      vertex 124.1 -2 125.342
    endloop
  endfacet
  facet normal 0 1 0
    outer loop
      vertex 117.6 -2 121.589
      vertex 114.6 -2 121.589
      vertex 108.1 -2 125.342
    endloop
  endfacet
  facet normal 0 1 -0
    outer loop
      vertex 117.6 -2 114.083
      vertex 114.6 -2 121.589
      vertex 117.6 -2 121.589
    endloop
  endfacet
  facet normal 0 1 0
    outer loop
      vertex 117.6 -2 114.083
      vertex 114.6 -2 114.083
      vertex 114.6 -2 121.589
    endloop
  endfacet
  facet normal 0 1 0
    outer loop
      vertex 117.6 -2 114.083
      vertex 116.1 -2 111.486
      vertex 114.6 -2 114.083
    endloop
  endfacet
  facet normal 0 1 0
    outer loop
      vertex 124.1 -2 110.33
      vertex 116.1 -2 111.486
      vertex 117.6 -2 114.083
    endloop
  endfacet
  facet normal 0 1 0
    outer loop
      vertex 122.6 -2 107.733
      vertex 124.1 -2 110.33
      vertex 125.6 -2 107.733
    endloop
  endfacet
  facet normal 0 1 0
    outer loop
      vertex 124.1 -2 110.33
      vertex 122.6 -2 107.733
      vertex 116.1 -2 111.486
    endloop
  endfacet
  facet normal 0 1 -0
    outer loop
      vertex 125.6 -2 100.227
      vertex 122.6 -2 107.733
      vertex 125.6 -2 107.733
    endloop
  endfacet
  facet normal 0 1 0
    outer loop
      vertex 125.6 -2 100.227
      vertex 122.6 -2 100.227
      vertex 122.6 -2 107.733
    endloop
  endfacet
  facet normal 0 1 0
    outer loop
      vertex 125.6 -2 100.227
      vertex 124.1 -2 97.6296
      vertex 122.6 -2 100.227
    endloop
  endfacet
  facet normal 0 1 0
    outer loop
      vertex 132.1 -2 96.4744
      vertex 124.1 -2 97.6296
      vertex 125.6 -2 100.227
    endloop
  endfacet
  facet normal 0 1 0
    outer loop
      vertex 130.6 -2 93.8768
      vertex 132.1 -2 96.4744
      vertex 133.6 -2 93.8768
    endloop
  endfacet
  facet normal 0 1 0
    outer loop
      vertex 132.1 -2 96.4744
      vertex 130.6 -2 93.8768
      vertex 124.1 -2 97.6296
    endloop
  endfacet
  facet normal 0 1 -0
    outer loop
      vertex 133.6 -2 86.3712
      vertex 130.6 -2 93.8768
      vertex 133.6 -2 93.8768
    endloop
  endfacet
  facet normal 0 1 0
    outer loop
      vertex 133.6 -2 86.3712
      vertex 130.6 -2 86.3712
      vertex 130.6 -2 93.8768
    endloop
  endfacet
  facet normal 0 1 0
    outer loop
      vertex 133.6 -2 86.3712
      vertex 132.1 -2 83.7736
      vertex 130.6 -2 86.3712
    endloop
  endfacet
  facet normal 0 1 0
    outer loop
      vertex 140.1 -2 82.6184
      vertex 132.1 -2 83.7736
      vertex 133.6 -2 86.3712
    endloop
  endfacet
  facet normal 0 1 0
    outer loop
      vertex 138.6 -2 80.0208
      vertex 140.1 -2 82.6184
      vertex 141.6 -2 80.0208
    endloop
  endfacet
  facet normal 0 1 0
    outer loop
      vertex 140.1 -2 82.6184
      vertex 138.6 -2 80.0208
      vertex 132.1 -2 83.7736
    endloop
  endfacet
  facet normal 0 1 -0
    outer loop
      vertex 141.6 -2 72.5152
      vertex 138.6 -2 80.0208
      vertex 141.6 -2 80.0208
    endloop
  endfacet
  facet normal 0 1 0
    outer loop
      vertex 141.6 -2 72.5152
      vertex 138.6 -2 72.5152
      vertex 138.6 -2 80.0208
    endloop
  endfacet
  facet normal 0 1 0
    outer loop
      vertex 141.6 -2 72.5152
      vertex 140.1 -2 69.9176
      vertex 138.6 -2 72.5152
    endloop
  endfacet
  facet normal 0 1 0
    outer loop
      vertex 148.1 -2 68.7624
      vertex 140.1 -2 69.9176
      vertex 141.6 -2 72.5152
    endloop
  endfacet
  facet normal 0 1 0
    outer loop
      vertex 146.6 -2 66.1648
      vertex 148.1 -2 68.7624
      vertex 149.6 -2 66.1648
    endloop
  endfacet
  facet normal 0 1 0
    outer loop
      vertex 148.1 -2 68.7624
      vertex 146.6 -2 66.1648
      vertex 140.1 -2 69.9176
    endloop
  endfacet
  facet normal 0 1 -0
    outer loop
      vertex 149.6 -2 58.6592
      vertex 146.6 -2 66.1648
      vertex 149.6 -2 66.1648
    endloop
  endfacet
  facet normal 0 1 0
    outer loop
      vertex 149.6 -2 58.6592
      vertex 146.6 -2 58.6592
      vertex 146.6 -2 66.1648
    endloop
  endfacet
  facet normal 0 1 0
    outer loop
      vertex 149.6 -2 58.6592
      vertex 148.1 -2 56.0616
      vertex 146.6 -2 58.6592
    endloop
  endfacet
  facet normal 0 1 0
    outer loop
      vertex 156.1 -2 54.9064
      vertex 148.1 -2 56.0616
      vertex 149.6 -2 58.6592
    endloop
  endfacet
  facet normal 0 1 0
    outer loop
      vertex 154.6 -2 52.3088
      vertex 156.1 -2 54.9064
      vertex 157.6 -2 52.3088
    endloop
  endfacet
  facet normal 0 1 0
    outer loop
      vertex 156.1 -2 54.9064
      vertex 154.6 -2 52.3088
      vertex 148.1 -2 56.0616
    endloop
  endfacet
  facet normal 0 1 -0
    outer loop
      vertex 157.6 -2 44.8032
      vertex 154.6 -2 52.3088
      vertex 157.6 -2 52.3088
    endloop
  endfacet
  facet normal 0 1 0
    outer loop
      vertex 157.6 -2 44.8032
      vertex 154.6 -2 44.8032
      vertex 154.6 -2 52.3088
    endloop
  endfacet
  facet normal 0 1 0
    outer loop
      vertex 157.6 -2 44.8032
      vertex 156.1 -2 42.2056
      vertex 154.6 -2 44.8032
    endloop
  endfacet
  facet normal 0 1 0
    outer loop
      vertex 164.1 -2 41.0504
      vertex 156.1 -2 42.2056
      vertex 157.6 -2 44.8032
    endloop
  endfacet
  facet normal 0 1 0
    outer loop
      vertex 156.1 -2 42.2056
      vertex 164.1 -2 41.0504
      vertex 162.6 -2 38.4528
    endloop
  endfacet
  facet normal 0 1 -0
    outer loop
      vertex 133.6 -2 121.589
      vertex 124.1 -2 125.342
      vertex 140.1 -2 125.342
    endloop
  endfacet
  facet normal 0 1 0
    outer loop
      vertex 133.6 -2 121.589
      vertex 130.6 -2 121.589
      vertex 124.1 -2 125.342
    endloop
  endfacet
  facet normal 0 1 -0
    outer loop
      vertex 133.6 -2 114.083
      vertex 130.6 -2 121.589
      vertex 133.6 -2 121.589
    endloop
  endfacet
  facet normal 0 1 0
    outer loop
      vertex 133.6 -2 114.083
      vertex 130.6 -2 114.083
      vertex 130.6 -2 121.589
    endloop
  endfacet
  facet normal 0 1 0
    outer loop
      vertex 133.6 -2 114.083
      vertex 132.1 -2 111.486
      vertex 130.6 -2 114.083
    endloop
  endfacet
  facet normal 0 1 0
    outer loop
      vertex 140.1 -2 110.33
      vertex 132.1 -2 111.486
      vertex 133.6 -2 114.083
    endloop
  endfacet
  facet normal 0 1 0
    outer loop
      vertex 138.6 -2 107.733
      vertex 140.1 -2 110.33
      vertex 141.6 -2 107.733
    endloop
  endfacet
  facet normal 0 1 0
    outer loop
      vertex 140.1 -2 110.33
      vertex 138.6 -2 107.733
      vertex 132.1 -2 111.486
    endloop
  endfacet
  facet normal 0 1 -0
    outer loop
      vertex 141.6 -2 100.227
      vertex 138.6 -2 107.733
      vertex 141.6 -2 107.733
    endloop
  endfacet
  facet normal 0 1 0
    outer loop
      vertex 141.6 -2 100.227
      vertex 138.6 -2 100.227
      vertex 138.6 -2 107.733
    endloop
  endfacet
  facet normal 0 1 0
    outer loop
      vertex 141.6 -2 100.227
      vertex 140.1 -2 97.6296
      vertex 138.6 -2 100.227
    endloop
  endfacet
  facet normal 0 1 0
    outer loop
      vertex 148.1 -2 96.4744
      vertex 140.1 -2 97.6296
      vertex 141.6 -2 100.227
    endloop
  endfacet
  facet normal 0 1 0
    outer loop
      vertex 146.6 -2 93.8768
      vertex 148.1 -2 96.4744
      vertex 149.6 -2 93.8768
    endloop
  endfacet
  facet normal 0 1 0
    outer loop
      vertex 148.1 -2 96.4744
      vertex 146.6 -2 93.8768
      vertex 140.1 -2 97.6296
    endloop
  endfacet
  facet normal 0 1 -0
    outer loop
      vertex 149.6 -2 86.3712
      vertex 146.6 -2 93.8768
      vertex 149.6 -2 93.8768
    endloop
  endfacet
  facet normal 0 1 0
    outer loop
      vertex 149.6 -2 86.3712
      vertex 146.6 -2 86.3712
      vertex 146.6 -2 93.8768
    endloop
  endfacet
  facet normal 0 1 0
    outer loop
      vertex 149.6 -2 86.3712
      vertex 148.1 -2 83.7736
      vertex 146.6 -2 86.3712
    endloop
  endfacet
  facet normal 0 1 0
    outer loop
      vertex 156.1 -2 82.6184
      vertex 148.1 -2 83.7736
      vertex 149.6 -2 86.3712
    endloop
  endfacet
  facet normal 0 1 0
    outer loop
      vertex 154.6 -2 80.0208
      vertex 156.1 -2 82.6184
      vertex 157.6 -2 80.0208
    endloop
  endfacet
  facet normal 0 1 0
    outer loop
      vertex 156.1 -2 82.6184
      vertex 154.6 -2 80.0208
      vertex 148.1 -2 83.7736
    endloop
  endfacet
  facet normal 0 1 -0
    outer loop
      vertex 157.6 -2 72.5152
      vertex 154.6 -2 80.0208
      vertex 157.6 -2 80.0208
    endloop
  endfacet
  facet normal 0 1 0
    outer loop
      vertex 157.6 -2 72.5152
      vertex 154.6 -2 72.5152
      vertex 154.6 -2 80.0208
    endloop
  endfacet
  facet normal 0 1 0
    outer loop
      vertex 157.6 -2 72.5152
      vertex 156.1 -2 69.9176
      vertex 154.6 -2 72.5152
    endloop
  endfacet
  facet normal 0 1 0
    outer loop
      vertex 164.1 -2 68.7624
      vertex 156.1 -2 69.9176
      vertex 157.6 -2 72.5152
    endloop
  endfacet
  facet normal 0 1 0
    outer loop
      vertex 156.1 -2 69.9176
      vertex 164.1 -2 68.7624
      vertex 162.6 -2 66.1648
    endloop
  endfacet
  facet normal 0 1 -0
    outer loop
      vertex 149.6 -2 121.589
      vertex 140.1 -2 125.342
      vertex 156.1 -2 125.342
    endloop
  endfacet
  facet normal 0 1 0
    outer loop
      vertex 149.6 -2 121.589
      vertex 146.6 -2 121.589
      vertex 140.1 -2 125.342
    endloop
  endfacet
  facet normal 0 1 -0
    outer loop
      vertex 149.6 -2 114.083
      vertex 146.6 -2 121.589
      vertex 149.6 -2 121.589
    endloop
  endfacet
  facet normal 0 1 0
    outer loop
      vertex 149.6 -2 114.083
      vertex 146.6 -2 114.083
      vertex 146.6 -2 121.589
    endloop
  endfacet
  facet normal 0 1 0
    outer loop
      vertex 149.6 -2 114.083
      vertex 148.1 -2 111.486
      vertex 146.6 -2 114.083
    endloop
  endfacet
  facet normal 0 1 0
    outer loop
      vertex 156.1 -2 110.33
      vertex 148.1 -2 111.486
      vertex 149.6 -2 114.083
    endloop
  endfacet
  facet normal 0 1 0
    outer loop
      vertex 154.6 -2 107.733
      vertex 156.1 -2 110.33
      vertex 157.6 -2 107.733
    endloop
  endfacet
  facet normal 0 1 0
    outer loop
      vertex 156.1 -2 110.33
      vertex 154.6 -2 107.733
      vertex 148.1 -2 111.486
    endloop
  endfacet
  facet normal 0 1 -0
    outer loop
      vertex 157.6 -2 100.227
      vertex 154.6 -2 107.733
      vertex 157.6 -2 107.733
    endloop
  endfacet
  facet normal 0 1 0
    outer loop
      vertex 157.6 -2 100.227
      vertex 154.6 -2 100.227
      vertex 154.6 -2 107.733
    endloop
  endfacet
  facet normal 0 1 0
    outer loop
      vertex 157.6 -2 100.227
      vertex 156.1 -2 97.6296
      vertex 154.6 -2 100.227
    endloop
  endfacet
  facet normal 0 1 0
    outer loop
      vertex 164.1 -2 96.4744
      vertex 156.1 -2 97.6296
      vertex 157.6 -2 100.227
    endloop
  endfacet
  facet normal 0 1 0
    outer loop
      vertex 156.1 -2 97.6296
      vertex 164.1 -2 96.4744
      vertex 162.6 -2 93.8768
    endloop
  endfacet
  facet normal 0 1 0
    outer loop
      vertex 140.1 -2 125.342
      vertex 158.1 -2 147.7
      vertex 156.1 -2 125.342
    endloop
  endfacet
  facet normal 0 1 0
    outer loop
      vertex 174.1 -2 147.7
      vertex 162.6 -2 121.589
      vertex 156.1 -2 125.342
    endloop
  endfacet
  facet normal 0 1 -0
    outer loop
      vertex 170.6 -2 107.733
      vertex 162.6 -2 121.589
      vertex 183.6 -2 144.2
    endloop
  endfacet
  facet normal 0 1 0
    outer loop
      vertex 162.6 -2 121.589
      vertex 170.6 -2 107.733
      vertex 162.6 -2 114.083
    endloop
  endfacet
  facet normal 0 1 0
    outer loop
      vertex 162.6 -2 114.083
      vertex 170.6 -2 107.733
      vertex 164.1 -2 111.486
    endloop
  endfacet
  facet normal 0 1 0
    outer loop
      vertex 183.6 -2 144.2
      vertex 170.6 -2 100.227
      vertex 170.6 -2 107.733
    endloop
  endfacet
  facet normal 0 1 0
    outer loop
      vertex 170.6 -2 100.227
      vertex 162.6 -2 93.8768
      vertex 164.1 -2 96.4744
    endloop
  endfacet
  facet normal 0 1 0
    outer loop
      vertex 170.6 -2 100.227
      vertex 162.6 -2 86.3712
      vertex 162.6 -2 93.8768
    endloop
  endfacet
  facet normal 0 1 0
    outer loop
      vertex 170.6 -2 100.227
      vertex 164.1 -2 83.7736
      vertex 162.6 -2 86.3712
    endloop
  endfacet
  facet normal 0 1 0
    outer loop
      vertex 170.6 -2 100.227
      vertex 170.6 -2 80.0208
      vertex 164.1 -2 83.7736
    endloop
  endfacet
  facet normal 0 1 0
    outer loop
      vertex 183.6 -2 144.2
      vertex 170.6 -2 80.0208
      vertex 170.6 -2 100.227
    endloop
  endfacet
  facet normal 0 1 -0
    outer loop
      vertex 183.6 -2 20.2
      vertex 170.6 -2 80.0208
      vertex 183.6 -2 144.2
    endloop
  endfacet
  facet normal 0 1 0
    outer loop
      vertex 170.6 -2 72.5152
      vertex 162.6 -2 66.1648
      vertex 164.1 -2 68.7624
    endloop
  endfacet
  facet normal 0 1 0
    outer loop
      vertex 170.6 -2 72.5152
      vertex 162.6 -2 58.6592
      vertex 162.6 -2 66.1648
    endloop
  endfacet
  facet normal 0 1 0
    outer loop
      vertex 170.6 -2 72.5152
      vertex 164.1 -2 56.0616
      vertex 162.6 -2 58.6592
    endloop
  endfacet
  facet normal 0 1 0
    outer loop
      vertex 170.6 -2 72.5152
      vertex 170.6 -2 52.3088
      vertex 164.1 -2 56.0616
    endloop
  endfacet
  facet normal 0 1 0
    outer loop
      vertex 170.6 -2 80.0208
      vertex 183.6 -2 20.2
      vertex 170.6 -2 72.5152
    endloop
  endfacet
  facet normal 0 1 0
    outer loop
      vertex 170.6 -2 72.5152
      vertex 183.6 -2 20.2
      vertex 170.6 -2 52.3088
    endloop
  endfacet
  facet normal 0 1 0
    outer loop
      vertex 170.6 -2 44.8032
      vertex 162.6 -2 38.4528
      vertex 164.1 -2 41.0504
    endloop
  endfacet
  facet normal 0 1 0
    outer loop
      vertex 170.6 -2 44.8032
      vertex 162.6 -2 30.9472
      vertex 162.6 -2 38.4528
    endloop
  endfacet
  facet normal 0 1 0
    outer loop
      vertex 146.6 -2 30.9472
      vertex 143.1 -2 21.2
      vertex 140.1 -2 27.1944
    endloop
  endfacet
  facet normal 0 1 0
    outer loop
      vertex 121.8 -2 21.2
      vertex 140.1 -2 27.1944
      vertex 143.1 -2 21.2
    endloop
  endfacet
  facet normal 0 1 0
    outer loop
      vertex 140.1 -2 27.1944
      vertex 121.8 -2 21.2
      vertex 124.1 -2 27.1944
    endloop
  endfacet
  facet normal 0 1 0
    outer loop
      vertex 170.6 -2 52.3088
      vertex 183.6 -2 20.2
      vertex 170.6 -2 44.8032
    endloop
  endfacet
  facet normal 0 1 0
    outer loop
      vertex 183.6 -2 20.2
      vertex 162.6 -2 30.9472
      vertex 170.6 -2 44.8032
    endloop
  endfacet
  facet normal 0 1 0
    outer loop
      vertex 183.6 -2 20.2
      vertex 156.1 -2 27.1944
      vertex 162.6 -2 30.9472
    endloop
  endfacet
  facet normal 0 1 0
    outer loop
      vertex 143.1 -2 20.2
      vertex 156.1 -2 27.1944
      vertex 183.6 -2 20.2
    endloop
  endfacet
  facet normal 0 1 0
    outer loop
      vertex 156.1 -2 27.1944
      vertex 143.1 -2 20.2
      vertex 143.1 -2 21.2
    endloop
  endfacet
  facet normal 0 1 0
    outer loop
      vertex 174.1 -2 147.7
      vertex 156.1 -2 125.342
      vertex 164.1 -2 147.7
    endloop
  endfacet
  facet normal 0 1 0
    outer loop
      vertex 164.1 -2 147.7
      vertex 156.1 -2 125.342
      vertex 158.1 -2 147.7
    endloop
  endfacet
  facet normal 0 1 0
    outer loop
      vertex 158.1 -2 147.7
      vertex 95.6 -2 144.2
      vertex 93.6 -2 145.2
    endloop
  endfacet
  facet normal 0 1 0
    outer loop
      vertex 93.6 -2 145.2
      vertex 95.6 -2 144.2
      vertex 93.6 -2 144.2
    endloop
  endfacet
  facet normal 0 1 0
    outer loop
      vertex 124.1 -2 125.342
      vertex 158.1 -2 147.7
      vertex 140.1 -2 125.342
    endloop
  endfacet
  facet normal 0 1 0
    outer loop
      vertex 158.1 -2 147.7
      vertex 124.1 -2 125.342
      vertex 95.6 -2 144.2
    endloop
  endfacet
  facet normal 0 1 -0
    outer loop
      vertex 108.1 -2 125.342
      vertex 95.6 -2 144.2
      vertex 124.1 -2 125.342
    endloop
  endfacet
  facet normal 0 1 -0
    outer loop
      vertex 101.6 -2 121.589
      vertex 95.6 -2 144.2
      vertex 108.1 -2 125.342
    endloop
  endfacet
  facet normal 0 1 -0
    outer loop
      vertex 101.6 -2 114.083
      vertex 95.6 -2 144.2
      vertex 101.6 -2 121.589
    endloop
  endfacet
  facet normal 0 1 0
    outer loop
      vertex 109.6 -2 107.733
      vertex 101.6 -2 114.083
      vertex 108.1 -2 110.33
    endloop
  endfacet
  facet normal 0 1 -0
    outer loop
      vertex 109.6 -2 100.227
      vertex 101.6 -2 114.083
      vertex 109.6 -2 107.733
    endloop
  endfacet
  facet normal 0 1 -0
    outer loop
      vertex 108.1 -2 97.6296
      vertex 101.6 -2 114.083
      vertex 109.6 -2 100.227
    endloop
  endfacet
  facet normal 0 1 0
    outer loop
      vertex 101.6 -2 93.8768
      vertex 101.6 -2 114.083
      vertex 108.1 -2 97.6296
    endloop
  endfacet
  facet normal 0 1 -0
    outer loop
      vertex 101.6 -2 93.8768
      vertex 95.6 -2 144.2
      vertex 101.6 -2 114.083
    endloop
  endfacet
  facet normal 0 1 -0
    outer loop
      vertex 101.6 -2 86.3712
      vertex 95.6 -2 144.2
      vertex 101.6 -2 93.8768
    endloop
  endfacet
  facet normal 0 1 0
    outer loop
      vertex 109.6 -2 80.0208
      vertex 101.6 -2 86.3712
      vertex 108.1 -2 82.6184
    endloop
  endfacet
  facet normal 0 1 -0
    outer loop
      vertex 109.6 -2 72.5152
      vertex 101.6 -2 86.3712
      vertex 109.6 -2 80.0208
    endloop
  endfacet
  facet normal 0 1 -0
    outer loop
      vertex 108.1 -2 69.9176
      vertex 101.6 -2 86.3712
      vertex 109.6 -2 72.5152
    endloop
  endfacet
  facet normal 0 1 0
    outer loop
      vertex 101.6 -2 66.1648
      vertex 101.6 -2 86.3712
      vertex 108.1 -2 69.9176
    endloop
  endfacet
  facet normal 0 1 0
    outer loop
      vertex 95.6 -2 20.2
      vertex 101.6 -2 86.3712
      vertex 101.6 -2 66.1648
    endloop
  endfacet
  facet normal 0 1 0
    outer loop
      vertex 95.6 -2 20.2
      vertex 101.6 -2 66.1648
      vertex 101.6 -2 58.6592
    endloop
  endfacet
  facet normal 0 1 0
    outer loop
      vertex 109.6 -2 52.3088
      vertex 101.6 -2 58.6592
      vertex 108.1 -2 54.9064
    endloop
  endfacet
  facet normal 0 1 -0
    outer loop
      vertex 109.6 -2 44.8032
      vertex 101.6 -2 58.6592
      vertex 109.6 -2 52.3088
    endloop
  endfacet
  facet normal 0 1 -0
    outer loop
      vertex 108.1 -2 42.2056
      vertex 101.6 -2 58.6592
      vertex 109.6 -2 44.8032
    endloop
  endfacet
  facet normal 0 1 0
    outer loop
      vertex 101.6 -2 38.4528
      vertex 101.6 -2 58.6592
      vertex 108.1 -2 42.2056
    endloop
  endfacet
  facet normal 0 1 0
    outer loop
      vertex 95.6 -2 20.2
      vertex 101.6 -2 58.6592
      vertex 101.6 -2 38.4528
    endloop
  endfacet
  facet normal 0 1 0
    outer loop
      vertex 95.6 -2 20.2
      vertex 101.6 -2 38.4528
      vertex 101.6 -2 30.9472
    endloop
  endfacet
  facet normal 0 1 0
    outer loop
      vertex 114.6 -2 30.9472
      vertex 121.8 -2 21.2
      vertex 108.1 -2 27.1944
    endloop
  endfacet
  facet normal 0 1 -0
    outer loop
      vertex 121.8 -2 20.2
      vertex 108.1 -2 27.1944
      vertex 121.8 -2 21.2
    endloop
  endfacet
  facet normal 0 1 0
    outer loop
      vertex 101.6 -2 86.3712
      vertex 95.6 -2 20.2
      vertex 95.6 -2 144.2
    endloop
  endfacet
  facet normal 0 1 0
    outer loop
      vertex 108.1 -2 27.1944
      vertex 95.6 -2 20.2
      vertex 101.6 -2 30.9472
    endloop
  endfacet
  facet normal 0 1 0
    outer loop
      vertex 95.6 -2 20.2
      vertex 108.1 -2 27.1944
      vertex 121.8 -2 20.2
    endloop
  endfacet
  facet normal 0 1 0
    outer loop
      vertex 164.1 -2 111.486
      vertex 156.1 -2 110.33
      vertex 162.6 -2 114.083
    endloop
  endfacet
  facet normal -0 1 0
    outer loop
      vertex 156.1 -2 110.33
      vertex 164.1 -2 111.486
      vertex 157.6 -2 107.733
    endloop
  endfacet
  facet normal 0 1 0
    outer loop
      vertex 148.1 -2 111.486
      vertex 140.1 -2 110.33
      vertex 146.6 -2 114.083
    endloop
  endfacet
  facet normal -0 1 0
    outer loop
      vertex 140.1 -2 110.33
      vertex 148.1 -2 111.486
      vertex 141.6 -2 107.733
    endloop
  endfacet
  facet normal 0 1 0
    outer loop
      vertex 132.1 -2 111.486
      vertex 124.1 -2 110.33
      vertex 130.6 -2 114.083
    endloop
  endfacet
  facet normal -0 1 0
    outer loop
      vertex 124.1 -2 110.33
      vertex 132.1 -2 111.486
      vertex 125.6 -2 107.733
    endloop
  endfacet
  facet normal 0 1 0
    outer loop
      vertex 116.1 -2 111.486
      vertex 108.1 -2 110.33
      vertex 114.6 -2 114.083
    endloop
  endfacet
  facet normal -0 1 0
    outer loop
      vertex 108.1 -2 110.33
      vertex 116.1 -2 111.486
      vertex 109.6 -2 107.733
    endloop
  endfacet
  facet normal 0 1 -0
    outer loop
      vertex 174.1 -2 147.7
      vertex 164.1 -2 150.7
      vertex 174.1 -2 150.7
    endloop
  endfacet
  facet normal 0 1 0
    outer loop
      vertex 164.1 -2 150.7
      vertex 174.1 -2 147.7
      vertex 164.1 -2 147.7
    endloop
  endfacet
  facet normal 0 1 0
    outer loop
      vertex 180.1 -2 150.7
      vertex 181.6 -2 156.2
      vertex 182.771 -2 156.085
    endloop
  endfacet
  facet normal 0 1 0
    outer loop
      vertex 181.6 -2 156.2
      vertex 158.1 -2 150.7
      vertex 97.6 -2 156.2
    endloop
  endfacet
  facet normal 0 1 0
    outer loop
      vertex 180.1 -2 150.7
      vertex 182.771 -2 156.085
      vertex 183.896 -2 155.743
    endloop
  endfacet
  facet normal 0 1 -0
    outer loop
      vertex 158.1 -2 147.7
      vertex 97.6 -2 156.2
      vertex 158.1 -2 150.7
    endloop
  endfacet
  facet normal 0 1 0
    outer loop
      vertex 180.1 -2 150.7
      vertex 183.896 -2 155.743
      vertex 184.933 -2 155.189
    endloop
  endfacet
  facet normal 0 1 0
    outer loop
      vertex 93.6 -2 145.2
      vertex 97.6 -2 156.2
      vertex 158.1 -2 147.7
    endloop
  endfacet
  facet normal 0 1 0
    outer loop
      vertex 180.1 -2 150.7
      vertex 184.933 -2 155.189
      vertex 185.843 -2 154.443
    endloop
  endfacet
  facet normal -0 1 0
    outer loop
      vertex 91.6 -2 150.2
      vertex 97.6 -2 156.2
      vertex 93.6 -2 145.2
    endloop
  endfacet
  facet normal 0 1 0
    outer loop
      vertex 180.1 -2 150.7
      vertex 185.843 -2 154.443
      vertex 186.589 -2 153.533
    endloop
  endfacet
  facet normal 0 1 0
    outer loop
      vertex 97.6 -2 156.2
      vertex 91.6 -2 150.2
      vertex 96.4295 -2 156.085
    endloop
  endfacet
  facet normal 0 1 0
    outer loop
      vertex 180.1 -2 150.7
      vertex 186.589 -2 153.533
      vertex 187.143 -2 152.496
    endloop
  endfacet
  facet normal 0 1 0
    outer loop
      vertex 95.3039 -2 155.743
      vertex 91.6 -2 150.2
      vertex 94.2666 -2 155.189
    endloop
  endfacet
  facet normal 0 1 0
    outer loop
      vertex 180.1 -2 150.7
      vertex 187.143 -2 152.496
      vertex 187.485 -2 151.371
    endloop
  endfacet
  facet normal 0 1 0
    outer loop
      vertex 94.2666 -2 155.189
      vertex 91.6 -2 150.2
      vertex 93.3574 -2 154.443
    endloop
  endfacet
  facet normal 0 1 0
    outer loop
      vertex 181.6 -2 156.2
      vertex 180.1 -2 150.7
      vertex 174.1 -2 150.7
    endloop
  endfacet
  facet normal 0 1 0
    outer loop
      vertex 187.6 -2 150.2
      vertex 180.1 -2 150.7
      vertex 187.485 -2 151.371
    endloop
  endfacet
  facet normal 0 1 0
    outer loop
      vertex 187.6 -2 150.2
      vertex 180.1 -2 147.7
      vertex 180.1 -2 150.7
    endloop
  endfacet
  facet normal 0 1 0
    outer loop
      vertex 183.6 -2 144.2
      vertex 185.6 -2 145.2
      vertex 185.6 -2 144.2
    endloop
  endfacet
  facet normal 0 1 0
    outer loop
      vertex 185.6 -2 145.2
      vertex 183.6 -2 144.2
      vertex 180.1 -2 147.7
    endloop
  endfacet
  facet normal 0 1 0
    outer loop
      vertex 187.6 -2 150.2
      vertex 185.6 -2 145.2
      vertex 180.1 -2 147.7
    endloop
  endfacet
  facet normal 0 1 0
    outer loop
      vertex 185.6 -2 145.2
      vertex 187.6 -2 150.2
      vertex 187.6 -2 145.2
    endloop
  endfacet
  facet normal 0 1 0
    outer loop
      vertex 181.6 -2 156.2
      vertex 174.1 -2 150.7
      vertex 164.1 -2 150.7
    endloop
  endfacet
  facet normal 0 1 0
    outer loop
      vertex 181.6 -2 156.2
      vertex 164.1 -2 150.7
      vertex 158.1 -2 150.7
    endloop
  endfacet
  facet normal 0 1 0
    outer loop
      vertex 93.3574 -2 154.443
      vertex 91.6 -2 150.2
      vertex 92.6112 -2 153.533
    endloop
  endfacet
  facet normal 0 1 0
    outer loop
      vertex 92.6112 -2 153.533
      vertex 91.6 -2 150.2
      vertex 92.0567 -2 152.496
    endloop
  endfacet
  facet normal 0 1 0
    outer loop
      vertex 96.4295 -2 156.085
      vertex 91.6 -2 150.2
      vertex 95.3039 -2 155.743
    endloop
  endfacet
  facet normal 0 1 0
    outer loop
      vertex 180.1 -2 147.7
      vertex 183.6 -2 144.2
      vertex 174.1 -2 147.7
    endloop
  endfacet
  facet normal 0 1 0
    outer loop
      vertex 162.6 -2 121.589
      vertex 174.1 -2 147.7
      vertex 183.6 -2 144.2
    endloop
  endfacet
  facet normal 0 1 0
    outer loop
      vertex 92.0567 -2 152.496
      vertex 91.6 -2 150.2
      vertex 91.7153 -2 151.371
    endloop
  endfacet
  facet normal 0 1 0
    outer loop
      vertex 91.6 -2 150.2
      vertex 93.6 -2 145.2
      vertex 91.6 -2 145.2
    endloop
  endfacet
  facet normal 0 1 -0
    outer loop
      vertex 143.1 -2 20.2
      vertex 121.8 -2 21.2
      vertex 143.1 -2 21.2
    endloop
  endfacet
  facet normal 0 1 0
    outer loop
      vertex 143.1 -2 20.2
      vertex 121.8 -2 20.2
      vertex 121.8 -2 21.2
    endloop
  endfacet
  facet normal 0 1 -0
    outer loop
      vertex 143.1 -2 4
      vertex 121.8 -2 20.2
      vertex 143.1 -2 20.2
    endloop
  endfacet
  facet normal 0 1 0
    outer loop
      vertex 121.8 -2 20.2
      vertex 143.1 -2 4
      vertex 121.8 -2 4
    endloop
  endfacet
  facet normal 0 1 0
    outer loop
      vertex 93.0824 -2 144.132
      vertex 93.6 -2 145.2
      vertex 93.6 -2 144.2
    endloop
  endfacet
  facet normal 0 1 0
    outer loop
      vertex 93.6 -2 145.2
      vertex 93.0824 -2 144.132
      vertex 91.6 -2 145.2
    endloop
  endfacet
  facet normal 0 1 -0
    outer loop
      vertex 92.6 -2 143.932
      vertex 91.6 -2 145.2
      vertex 93.0824 -2 144.132
    endloop
  endfacet
  facet normal 0 1 -0
    outer loop
      vertex 92.1858 -2 143.614
      vertex 91.6 -2 145.2
      vertex 92.6 -2 143.932
    endloop
  endfacet
  facet normal 0 1 -0
    outer loop
      vertex 91.868 -2 143.2
      vertex 91.6 -2 145.2
      vertex 92.1858 -2 143.614
    endloop
  endfacet
  facet normal 0 1 -0
    outer loop
      vertex 91.6682 -2 142.718
      vertex 91.6 -2 145.2
      vertex 91.868 -2 143.2
    endloop
  endfacet
  facet normal 0 1 0
    outer loop
      vertex 91.6 -2 145.2
      vertex 91.6682 -2 142.718
      vertex 91.6 -2 142.2
    endloop
  endfacet
  facet normal 0 1 -0
    outer loop
      vertex 186.118 -2 144.132
      vertex 185.6 -2 145.2
      vertex 187.6 -2 145.2
    endloop
  endfacet
  facet normal 0 1 0
    outer loop
      vertex 185.6 -2 145.2
      vertex 186.118 -2 144.132
      vertex 185.6 -2 144.2
    endloop
  endfacet
  facet normal 0 1 0
    outer loop
      vertex 187.6 -2 145.2
      vertex 186.6 -2 143.932
      vertex 186.118 -2 144.132
    endloop
  endfacet
  facet normal 0 1 0
    outer loop
      vertex 187.6 -2 145.2
      vertex 187.014 -2 143.614
      vertex 186.6 -2 143.932
    endloop
  endfacet
  facet normal 0 1 0
    outer loop
      vertex 187.6 -2 145.2
      vertex 187.332 -2 143.2
      vertex 187.014 -2 143.614
    endloop
  endfacet
  facet normal 0 1 0
    outer loop
      vertex 187.6 -2 145.2
      vertex 187.532 -2 142.718
      vertex 187.332 -2 143.2
    endloop
  endfacet
  facet normal -0 1 0
    outer loop
      vertex 187.532 -2 142.718
      vertex 187.6 -2 145.2
      vertex 187.6 -2 142.2
    endloop
  endfacet
  facet normal -0.634311 -9.33371e-18 0.773078
    outer loop
      vertex 93.3574 -2 154.443
      vertex 94.2666 -6 155.189
      vertex 94.2666 -2 155.189
    endloop
  endfacet
  facet normal -0.634311 -9.33371e-18 0.773078
    outer loop
      vertex 94.2666 -6 155.189
      vertex 93.3574 -2 154.443
      vertex 93.3574 -6 154.443
    endloop
  endfacet
  facet normal 0.956767 -0 0.290857
    outer loop
      vertex 187.143 -6 152.496
      vertex 187.485 -2 151.371
      vertex 187.143 -2 152.496
    endloop
  endfacet
  facet normal 0.956767 0 0.290857
    outer loop
      vertex 187.485 -2 151.371
      vertex 187.143 -6 152.496
      vertex 187.485 -6 151.371
    endloop
  endfacet
  facet normal -0.0977778 2.1088e-18 0.995208
    outer loop
      vertex 96.4295 -2 156.085
      vertex 97.6 -6 156.2
      vertex 97.6 -2 156.2
    endloop
  endfacet
  facet normal -0.0977778 2.1088e-18 0.995208
    outer loop
      vertex 97.6 -6 156.2
      vertex 96.4295 -2 156.085
      vertex 96.4295 -6 156.085
    endloop
  endfacet
  facet normal 0.471206 -4.01291e-18 0.882023
    outer loop
      vertex 183.896 -2 155.743
      vertex 184.933 -6 155.189
      vertex 184.933 -2 155.189
    endloop
  endfacet
  facet normal 0.471206 -4.01291e-18 0.882023
    outer loop
      vertex 184.933 -6 155.189
      vertex 183.896 -2 155.743
      vertex 183.896 -6 155.743
    endloop
  endfacet
  facet normal -0.995187 0 0.097989
    outer loop
      vertex 91.6 -6 150.2
      vertex 91.7153 -2 151.371
      vertex 91.6 -2 150.2
    endloop
  endfacet
  facet normal -0.995187 0 0.097989
    outer loop
      vertex 91.7153 -2 151.371
      vertex 91.6 -6 150.2
      vertex 91.7153 -6 151.371
    endloop
  endfacet
  facet normal -0.290715 4.81684e-20 0.95681
    outer loop
      vertex 95.3039 -2 155.743
      vertex 96.4295 -6 156.085
      vertex 96.4295 -2 156.085
    endloop
  endfacet
  facet normal -0.290715 4.81684e-20 0.95681
    outer loop
      vertex 96.4295 -6 156.085
      vertex 95.3039 -2 155.743
      vertex 95.3039 -6 155.743
    endloop
  endfacet
  facet normal -0.881846 0 0.471537
    outer loop
      vertex 92.0567 -6 152.496
      vertex 92.6112 -2 153.533
      vertex 92.0567 -2 152.496
    endloop
  endfacet
  facet normal -0.881846 0 0.471537
    outer loop
      vertex 92.6112 -2 153.533
      vertex 92.0567 -6 152.496
      vertex 92.6112 -6 153.533
    endloop
  endfacet
  facet normal -0.956908 0 0.29039
    outer loop
      vertex 91.7153 -6 151.371
      vertex 92.0567 -2 152.496
      vertex 91.7153 -2 151.371
    endloop
  endfacet
  facet normal -0.956908 0 0.29039
    outer loop
      vertex 92.0567 -2 152.496
      vertex 91.7153 -6 151.371
      vertex 92.0567 -6 152.496
    endloop
  endfacet
  facet normal 0 -1 0
    outer loop
      vertex 108.1 -6 42.2056
      vertex 116.1 -6 41.0504
      vertex 109.6 -6 44.8032
    endloop
  endfacet
  facet normal -0 -1 0
    outer loop
      vertex 116.1 -6 41.0504
      vertex 108.1 -6 42.2056
      vertex 114.6 -6 38.4528
    endloop
  endfacet
  facet normal 0 -1 0
    outer loop
      vertex 124.1 -6 42.2056
      vertex 132.1 -6 41.0504
      vertex 125.6 -6 44.8032
    endloop
  endfacet
  facet normal -0 -1 0
    outer loop
      vertex 132.1 -6 41.0504
      vertex 124.1 -6 42.2056
      vertex 130.6 -6 38.4528
    endloop
  endfacet
  facet normal 0 -1 0
    outer loop
      vertex 140.1 -6 42.2056
      vertex 148.1 -6 41.0504
      vertex 141.6 -6 44.8032
    endloop
  endfacet
  facet normal -0 -1 0
    outer loop
      vertex 148.1 -6 41.0504
      vertex 140.1 -6 42.2056
      vertex 146.6 -6 38.4528
    endloop
  endfacet
  facet normal 0 -1 0
    outer loop
      vertex 156.1 -6 42.2056
      vertex 164.1 -6 41.0504
      vertex 157.6 -6 44.8032
    endloop
  endfacet
  facet normal -0 -1 0
    outer loop
      vertex 164.1 -6 41.0504
      vertex 156.1 -6 42.2056
      vertex 162.6 -6 38.4528
    endloop
  endfacet
  facet normal 0 -1 0
    outer loop
      vertex 108.1 -6 69.9176
      vertex 116.1 -6 68.7624
      vertex 109.6 -6 72.5152
    endloop
  endfacet
  facet normal -0 -1 0
    outer loop
      vertex 116.1 -6 68.7624
      vertex 108.1 -6 69.9176
      vertex 114.6 -6 66.1648
    endloop
  endfacet
  facet normal 0 -1 0
    outer loop
      vertex 124.1 -6 69.9176
      vertex 132.1 -6 68.7624
      vertex 125.6 -6 72.5152
    endloop
  endfacet
  facet normal -0 -1 0
    outer loop
      vertex 132.1 -6 68.7624
      vertex 124.1 -6 69.9176
      vertex 130.6 -6 66.1648
    endloop
  endfacet
  facet normal 0 -1 0
    outer loop
      vertex 140.1 -6 69.9176
      vertex 148.1 -6 68.7624
      vertex 141.6 -6 72.5152
    endloop
  endfacet
  facet normal -0 -1 0
    outer loop
      vertex 148.1 -6 68.7624
      vertex 140.1 -6 69.9176
      vertex 146.6 -6 66.1648
    endloop
  endfacet
  facet normal 0 -1 0
    outer loop
      vertex 156.1 -6 69.9176
      vertex 164.1 -6 68.7624
      vertex 157.6 -6 72.5152
    endloop
  endfacet
  facet normal -0 -1 0
    outer loop
      vertex 164.1 -6 68.7624
      vertex 156.1 -6 69.9176
      vertex 162.6 -6 66.1648
    endloop
  endfacet
  facet normal 0 -1 0
    outer loop
      vertex 108.1 -6 97.6296
      vertex 116.1 -6 96.4744
      vertex 109.6 -6 100.227
    endloop
  endfacet
  facet normal -0 -1 0
    outer loop
      vertex 116.1 -6 96.4744
      vertex 108.1 -6 97.6296
      vertex 114.6 -6 93.8768
    endloop
  endfacet
  facet normal 0 -1 0
    outer loop
      vertex 124.1 -6 97.6296
      vertex 132.1 -6 96.4744
      vertex 125.6 -6 100.227
    endloop
  endfacet
  facet normal -0 -1 0
    outer loop
      vertex 132.1 -6 96.4744
      vertex 124.1 -6 97.6296
      vertex 130.6 -6 93.8768
    endloop
  endfacet
  facet normal 0 -1 0
    outer loop
      vertex 140.1 -6 97.6296
      vertex 148.1 -6 96.4744
      vertex 141.6 -6 100.227
    endloop
  endfacet
  facet normal -0 -1 0
    outer loop
      vertex 148.1 -6 96.4744
      vertex 140.1 -6 97.6296
      vertex 146.6 -6 93.8768
    endloop
  endfacet
  facet normal 0 -1 0
    outer loop
      vertex 156.1 -6 97.6296
      vertex 164.1 -6 96.4744
      vertex 157.6 -6 100.227
    endloop
  endfacet
  facet normal -0 -1 0
    outer loop
      vertex 164.1 -6 96.4744
      vertex 156.1 -6 97.6296
      vertex 162.6 -6 93.8768
    endloop
  endfacet
  facet normal 0 -1 0
    outer loop
      vertex 156.1 -6 54.9064
      vertex 164.1 -6 56.0616
      vertex 162.6 -6 58.6592
    endloop
  endfacet
  facet normal 0 -1 0
    outer loop
      vertex 157.6 -6 52.3088
      vertex 156.1 -6 54.9064
      vertex 154.6 -6 52.3088
    endloop
  endfacet
  facet normal 0 -1 0
    outer loop
      vertex 156.1 -6 54.9064
      vertex 157.6 -6 52.3088
      vertex 164.1 -6 56.0616
    endloop
  endfacet
  facet normal 0 -1 0
    outer loop
      vertex 154.6 -6 44.8032
      vertex 157.6 -6 52.3088
      vertex 154.6 -6 52.3088
    endloop
  endfacet
  facet normal 0 -1 0
    outer loop
      vertex 154.6 -6 44.8032
      vertex 157.6 -6 44.8032
      vertex 157.6 -6 52.3088
    endloop
  endfacet
  facet normal 0 -1 0
    outer loop
      vertex 154.6 -6 44.8032
      vertex 156.1 -6 42.2056
      vertex 157.6 -6 44.8032
    endloop
  endfacet
  facet normal 0 -1 0
    outer loop
      vertex 148.1 -6 41.0504
      vertex 156.1 -6 42.2056
      vertex 154.6 -6 44.8032
    endloop
  endfacet
  facet normal 0 -1 0
    outer loop
      vertex 149.6 -6 38.4528
      vertex 148.1 -6 41.0504
      vertex 146.6 -6 38.4528
    endloop
  endfacet
  facet normal 0 -1 0
    outer loop
      vertex 148.1 -6 41.0504
      vertex 149.6 -6 38.4528
      vertex 156.1 -6 42.2056
    endloop
  endfacet
  facet normal 0 -1 0
    outer loop
      vertex 146.6 -6 30.9472
      vertex 149.6 -6 38.4528
      vertex 146.6 -6 38.4528
    endloop
  endfacet
  facet normal 0 -1 0
    outer loop
      vertex 146.6 -6 30.9472
      vertex 149.6 -6 30.9472
      vertex 149.6 -6 38.4528
    endloop
  endfacet
  facet normal 0 -1 0
    outer loop
      vertex 140.1 -6 27.1944
      vertex 149.6 -6 30.9472
      vertex 146.6 -6 30.9472
    endloop
  endfacet
  facet normal 0 -1 -0
    outer loop
      vertex 149.6 -6 30.9472
      vertex 140.1 -6 27.1944
      vertex 156.1 -6 27.1944
    endloop
  endfacet
  facet normal 0 -1 0
    outer loop
      vertex 116.1 -6 56.0616
      vertex 124.1 -6 54.9064
      vertex 117.6 -6 58.6592
    endloop
  endfacet
  facet normal -0 -1 0
    outer loop
      vertex 124.1 -6 54.9064
      vertex 116.1 -6 56.0616
      vertex 122.6 -6 52.3088
    endloop
  endfacet
  facet normal 0 -1 0
    outer loop
      vertex 132.1 -6 56.0616
      vertex 140.1 -6 54.9064
      vertex 133.6 -6 58.6592
    endloop
  endfacet
  facet normal -0 -1 0
    outer loop
      vertex 140.1 -6 54.9064
      vertex 132.1 -6 56.0616
      vertex 138.6 -6 52.3088
    endloop
  endfacet
  facet normal 0 -1 0
    outer loop
      vertex 148.1 -6 56.0616
      vertex 156.1 -6 54.9064
      vertex 149.6 -6 58.6592
    endloop
  endfacet
  facet normal -0 -1 0
    outer loop
      vertex 156.1 -6 54.9064
      vertex 148.1 -6 56.0616
      vertex 154.6 -6 52.3088
    endloop
  endfacet
  facet normal 0 -1 0
    outer loop
      vertex 156.1 -6 82.6184
      vertex 164.1 -6 83.7736
      vertex 162.6 -6 86.3712
    endloop
  endfacet
  facet normal 0 -1 0
    outer loop
      vertex 157.6 -6 80.0208
      vertex 156.1 -6 82.6184
      vertex 154.6 -6 80.0208
    endloop
  endfacet
  facet normal 0 -1 0
    outer loop
      vertex 156.1 -6 82.6184
      vertex 157.6 -6 80.0208
      vertex 164.1 -6 83.7736
    endloop
  endfacet
  facet normal 0 -1 0
    outer loop
      vertex 154.6 -6 72.5152
      vertex 157.6 -6 80.0208
      vertex 154.6 -6 80.0208
    endloop
  endfacet
  facet normal 0 -1 0
    outer loop
      vertex 154.6 -6 72.5152
      vertex 157.6 -6 72.5152
      vertex 157.6 -6 80.0208
    endloop
  endfacet
  facet normal 0 -1 0
    outer loop
      vertex 154.6 -6 72.5152
      vertex 156.1 -6 69.9176
      vertex 157.6 -6 72.5152
    endloop
  endfacet
  facet normal 0 -1 0
    outer loop
      vertex 148.1 -6 68.7624
      vertex 156.1 -6 69.9176
      vertex 154.6 -6 72.5152
    endloop
  endfacet
  facet normal 0 -1 0
    outer loop
      vertex 149.6 -6 66.1648
      vertex 148.1 -6 68.7624
      vertex 146.6 -6 66.1648
    endloop
  endfacet
  facet normal 0 -1 0
    outer loop
      vertex 148.1 -6 68.7624
      vertex 149.6 -6 66.1648
      vertex 156.1 -6 69.9176
    endloop
  endfacet
  facet normal 0 -1 0
    outer loop
      vertex 146.6 -6 58.6592
      vertex 149.6 -6 66.1648
      vertex 146.6 -6 66.1648
    endloop
  endfacet
  facet normal 0 -1 0
    outer loop
      vertex 146.6 -6 58.6592
      vertex 149.6 -6 58.6592
      vertex 149.6 -6 66.1648
    endloop
  endfacet
  facet normal 0 -1 0
    outer loop
      vertex 146.6 -6 58.6592
      vertex 148.1 -6 56.0616
      vertex 149.6 -6 58.6592
    endloop
  endfacet
  facet normal 0 -1 0
    outer loop
      vertex 140.1 -6 54.9064
      vertex 148.1 -6 56.0616
      vertex 146.6 -6 58.6592
    endloop
  endfacet
  facet normal 0 -1 0
    outer loop
      vertex 141.6 -6 52.3088
      vertex 140.1 -6 54.9064
      vertex 138.6 -6 52.3088
    endloop
  endfacet
  facet normal 0 -1 0
    outer loop
      vertex 140.1 -6 54.9064
      vertex 141.6 -6 52.3088
      vertex 148.1 -6 56.0616
    endloop
  endfacet
  facet normal 0 -1 0
    outer loop
      vertex 138.6 -6 44.8032
      vertex 141.6 -6 52.3088
      vertex 138.6 -6 52.3088
    endloop
  endfacet
  facet normal 0 -1 0
    outer loop
      vertex 138.6 -6 44.8032
      vertex 141.6 -6 44.8032
      vertex 141.6 -6 52.3088
    endloop
  endfacet
  facet normal 0 -1 0
    outer loop
      vertex 138.6 -6 44.8032
      vertex 140.1 -6 42.2056
      vertex 141.6 -6 44.8032
    endloop
  endfacet
  facet normal 0 -1 0
    outer loop
      vertex 132.1 -6 41.0504
      vertex 140.1 -6 42.2056
      vertex 138.6 -6 44.8032
    endloop
  endfacet
  facet normal 0 -1 0
    outer loop
      vertex 133.6 -6 38.4528
      vertex 132.1 -6 41.0504
      vertex 130.6 -6 38.4528
    endloop
  endfacet
  facet normal 0 -1 0
    outer loop
      vertex 132.1 -6 41.0504
      vertex 133.6 -6 38.4528
      vertex 140.1 -6 42.2056
    endloop
  endfacet
  facet normal 0 -1 0
    outer loop
      vertex 130.6 -6 30.9472
      vertex 133.6 -6 38.4528
      vertex 130.6 -6 38.4528
    endloop
  endfacet
  facet normal 0 -1 0
    outer loop
      vertex 130.6 -6 30.9472
      vertex 133.6 -6 30.9472
      vertex 133.6 -6 38.4528
    endloop
  endfacet
  facet normal 0 -1 0
    outer loop
      vertex 124.1 -6 27.1944
      vertex 133.6 -6 30.9472
      vertex 130.6 -6 30.9472
    endloop
  endfacet
  facet normal 0 -1 -0
    outer loop
      vertex 133.6 -6 30.9472
      vertex 124.1 -6 27.1944
      vertex 140.1 -6 27.1944
    endloop
  endfacet
  facet normal 0 -1 0
    outer loop
      vertex 116.1 -6 83.7736
      vertex 124.1 -6 82.6184
      vertex 117.6 -6 86.3712
    endloop
  endfacet
  facet normal -0 -1 0
    outer loop
      vertex 124.1 -6 82.6184
      vertex 116.1 -6 83.7736
      vertex 122.6 -6 80.0208
    endloop
  endfacet
  facet normal 0 -1 0
    outer loop
      vertex 132.1 -6 83.7736
      vertex 140.1 -6 82.6184
      vertex 133.6 -6 86.3712
    endloop
  endfacet
  facet normal -0 -1 0
    outer loop
      vertex 140.1 -6 82.6184
      vertex 132.1 -6 83.7736
      vertex 138.6 -6 80.0208
    endloop
  endfacet
  facet normal 0 -1 0
    outer loop
      vertex 148.1 -6 83.7736
      vertex 156.1 -6 82.6184
      vertex 149.6 -6 86.3712
    endloop
  endfacet
  facet normal -0 -1 0
    outer loop
      vertex 156.1 -6 82.6184
      vertex 148.1 -6 83.7736
      vertex 154.6 -6 80.0208
    endloop
  endfacet
  facet normal 0 -1 0
    outer loop
      vertex 156.1 -6 110.33
      vertex 164.1 -6 111.486
      vertex 162.6 -6 114.083
    endloop
  endfacet
  facet normal 0 -1 0
    outer loop
      vertex 157.6 -6 107.733
      vertex 156.1 -6 110.33
      vertex 154.6 -6 107.733
    endloop
  endfacet
  facet normal 0 -1 0
    outer loop
      vertex 156.1 -6 110.33
      vertex 157.6 -6 107.733
      vertex 164.1 -6 111.486
    endloop
  endfacet
  facet normal 0 -1 0
    outer loop
      vertex 154.6 -6 100.227
      vertex 157.6 -6 107.733
      vertex 154.6 -6 107.733
    endloop
  endfacet
  facet normal 0 -1 0
    outer loop
      vertex 154.6 -6 100.227
      vertex 157.6 -6 100.227
      vertex 157.6 -6 107.733
    endloop
  endfacet
  facet normal 0 -1 0
    outer loop
      vertex 154.6 -6 100.227
      vertex 156.1 -6 97.6296
      vertex 157.6 -6 100.227
    endloop
  endfacet
  facet normal 0 -1 0
    outer loop
      vertex 148.1 -6 96.4744
      vertex 156.1 -6 97.6296
      vertex 154.6 -6 100.227
    endloop
  endfacet
  facet normal 0 -1 0
    outer loop
      vertex 149.6 -6 93.8768
      vertex 148.1 -6 96.4744
      vertex 146.6 -6 93.8768
    endloop
  endfacet
  facet normal 0 -1 0
    outer loop
      vertex 148.1 -6 96.4744
      vertex 149.6 -6 93.8768
      vertex 156.1 -6 97.6296
    endloop
  endfacet
  facet normal 0 -1 0
    outer loop
      vertex 146.6 -6 86.3712
      vertex 149.6 -6 93.8768
      vertex 146.6 -6 93.8768
    endloop
  endfacet
  facet normal 0 -1 0
    outer loop
      vertex 146.6 -6 86.3712
      vertex 149.6 -6 86.3712
      vertex 149.6 -6 93.8768
    endloop
  endfacet
  facet normal 0 -1 0
    outer loop
      vertex 146.6 -6 86.3712
      vertex 148.1 -6 83.7736
      vertex 149.6 -6 86.3712
    endloop
  endfacet
  facet normal 0 -1 0
    outer loop
      vertex 140.1 -6 82.6184
      vertex 148.1 -6 83.7736
      vertex 146.6 -6 86.3712
    endloop
  endfacet
  facet normal 0 -1 0
    outer loop
      vertex 141.6 -6 80.0208
      vertex 140.1 -6 82.6184
      vertex 138.6 -6 80.0208
    endloop
  endfacet
  facet normal 0 -1 0
    outer loop
      vertex 140.1 -6 82.6184
      vertex 141.6 -6 80.0208
      vertex 148.1 -6 83.7736
    endloop
  endfacet
  facet normal 0 -1 0
    outer loop
      vertex 138.6 -6 72.5152
      vertex 141.6 -6 80.0208
      vertex 138.6 -6 80.0208
    endloop
  endfacet
  facet normal 0 -1 0
    outer loop
      vertex 138.6 -6 72.5152
      vertex 141.6 -6 72.5152
      vertex 141.6 -6 80.0208
    endloop
  endfacet
  facet normal 0 -1 0
    outer loop
      vertex 138.6 -6 72.5152
      vertex 140.1 -6 69.9176
      vertex 141.6 -6 72.5152
    endloop
  endfacet
  facet normal 0 -1 0
    outer loop
      vertex 132.1 -6 68.7624
      vertex 140.1 -6 69.9176
      vertex 138.6 -6 72.5152
    endloop
  endfacet
  facet normal 0 -1 0
    outer loop
      vertex 133.6 -6 66.1648
      vertex 132.1 -6 68.7624
      vertex 130.6 -6 66.1648
    endloop
  endfacet
  facet normal 0 -1 0
    outer loop
      vertex 132.1 -6 68.7624
      vertex 133.6 -6 66.1648
      vertex 140.1 -6 69.9176
    endloop
  endfacet
  facet normal 0 -1 0
    outer loop
      vertex 130.6 -6 58.6592
      vertex 133.6 -6 66.1648
      vertex 130.6 -6 66.1648
    endloop
  endfacet
  facet normal 0 -1 0
    outer loop
      vertex 130.6 -6 58.6592
      vertex 133.6 -6 58.6592
      vertex 133.6 -6 66.1648
    endloop
  endfacet
  facet normal 0 -1 0
    outer loop
      vertex 130.6 -6 58.6592
      vertex 132.1 -6 56.0616
      vertex 133.6 -6 58.6592
    endloop
  endfacet
  facet normal 0 -1 0
    outer loop
      vertex 124.1 -6 54.9064
      vertex 132.1 -6 56.0616
      vertex 130.6 -6 58.6592
    endloop
  endfacet
  facet normal 0 -1 0
    outer loop
      vertex 125.6 -6 52.3088
      vertex 124.1 -6 54.9064
      vertex 122.6 -6 52.3088
    endloop
  endfacet
  facet normal 0 -1 0
    outer loop
      vertex 124.1 -6 54.9064
      vertex 125.6 -6 52.3088
      vertex 132.1 -6 56.0616
    endloop
  endfacet
  facet normal 0 -1 0
    outer loop
      vertex 122.6 -6 44.8032
      vertex 125.6 -6 52.3088
      vertex 122.6 -6 52.3088
    endloop
  endfacet
  facet normal 0 -1 0
    outer loop
      vertex 122.6 -6 44.8032
      vertex 125.6 -6 44.8032
      vertex 125.6 -6 52.3088
    endloop
  endfacet
  facet normal 0 -1 0
    outer loop
      vertex 122.6 -6 44.8032
      vertex 124.1 -6 42.2056
      vertex 125.6 -6 44.8032
    endloop
  endfacet
  facet normal 0 -1 0
    outer loop
      vertex 116.1 -6 41.0504
      vertex 124.1 -6 42.2056
      vertex 122.6 -6 44.8032
    endloop
  endfacet
  facet normal 0 -1 0
    outer loop
      vertex 117.6 -6 38.4528
      vertex 116.1 -6 41.0504
      vertex 114.6 -6 38.4528
    endloop
  endfacet
  facet normal 0 -1 0
    outer loop
      vertex 116.1 -6 41.0504
      vertex 117.6 -6 38.4528
      vertex 124.1 -6 42.2056
    endloop
  endfacet
  facet normal 0 -1 0
    outer loop
      vertex 114.6 -6 30.9472
      vertex 117.6 -6 38.4528
      vertex 114.6 -6 38.4528
    endloop
  endfacet
  facet normal 0 -1 0
    outer loop
      vertex 114.6 -6 30.9472
      vertex 117.6 -6 30.9472
      vertex 117.6 -6 38.4528
    endloop
  endfacet
  facet normal 0 -1 0
    outer loop
      vertex 108.1 -6 27.1944
      vertex 117.6 -6 30.9472
      vertex 114.6 -6 30.9472
    endloop
  endfacet
  facet normal 0 -1 -0
    outer loop
      vertex 117.6 -6 30.9472
      vertex 108.1 -6 27.1944
      vertex 124.1 -6 27.1944
    endloop
  endfacet
  facet normal 0 -1 0
    outer loop
      vertex 146.6 -6 121.589
      vertex 156.1 -6 125.342
      vertex 140.1 -6 125.342
    endloop
  endfacet
  facet normal 0 -1 0
    outer loop
      vertex 146.6 -6 121.589
      vertex 149.6 -6 121.589
      vertex 156.1 -6 125.342
    endloop
  endfacet
  facet normal 0 -1 0
    outer loop
      vertex 146.6 -6 114.083
      vertex 149.6 -6 121.589
      vertex 146.6 -6 121.589
    endloop
  endfacet
  facet normal 0 -1 0
    outer loop
      vertex 146.6 -6 114.083
      vertex 149.6 -6 114.083
      vertex 149.6 -6 121.589
    endloop
  endfacet
  facet normal 0 -1 0
    outer loop
      vertex 146.6 -6 114.083
      vertex 148.1 -6 111.486
      vertex 149.6 -6 114.083
    endloop
  endfacet
  facet normal 0 -1 0
    outer loop
      vertex 140.1 -6 110.33
      vertex 148.1 -6 111.486
      vertex 146.6 -6 114.083
    endloop
  endfacet
  facet normal 0 -1 0
    outer loop
      vertex 141.6 -6 107.733
      vertex 140.1 -6 110.33
      vertex 138.6 -6 107.733
    endloop
  endfacet
  facet normal 0 -1 0
    outer loop
      vertex 140.1 -6 110.33
      vertex 141.6 -6 107.733
      vertex 148.1 -6 111.486
    endloop
  endfacet
  facet normal 0 -1 0
    outer loop
      vertex 138.6 -6 100.227
      vertex 141.6 -6 107.733
      vertex 138.6 -6 107.733
    endloop
  endfacet
  facet normal 0 -1 0
    outer loop
      vertex 138.6 -6 100.227
      vertex 141.6 -6 100.227
      vertex 141.6 -6 107.733
    endloop
  endfacet
  facet normal 0 -1 0
    outer loop
      vertex 138.6 -6 100.227
      vertex 140.1 -6 97.6296
      vertex 141.6 -6 100.227
    endloop
  endfacet
  facet normal 0 -1 0
    outer loop
      vertex 132.1 -6 96.4744
      vertex 140.1 -6 97.6296
      vertex 138.6 -6 100.227
    endloop
  endfacet
  facet normal 0 -1 0
    outer loop
      vertex 133.6 -6 93.8768
      vertex 132.1 -6 96.4744
      vertex 130.6 -6 93.8768
    endloop
  endfacet
  facet normal 0 -1 0
    outer loop
      vertex 132.1 -6 96.4744
      vertex 133.6 -6 93.8768
      vertex 140.1 -6 97.6296
    endloop
  endfacet
  facet normal 0 -1 0
    outer loop
      vertex 130.6 -6 86.3712
      vertex 133.6 -6 93.8768
      vertex 130.6 -6 93.8768
    endloop
  endfacet
  facet normal 0 -1 0
    outer loop
      vertex 130.6 -6 86.3712
      vertex 133.6 -6 86.3712
      vertex 133.6 -6 93.8768
    endloop
  endfacet
  facet normal 0 -1 0
    outer loop
      vertex 130.6 -6 86.3712
      vertex 132.1 -6 83.7736
      vertex 133.6 -6 86.3712
    endloop
  endfacet
  facet normal 0 -1 0
    outer loop
      vertex 124.1 -6 82.6184
      vertex 132.1 -6 83.7736
      vertex 130.6 -6 86.3712
    endloop
  endfacet
  facet normal 0 -1 0
    outer loop
      vertex 125.6 -6 80.0208
      vertex 124.1 -6 82.6184
      vertex 122.6 -6 80.0208
    endloop
  endfacet
  facet normal 0 -1 0
    outer loop
      vertex 124.1 -6 82.6184
      vertex 125.6 -6 80.0208
      vertex 132.1 -6 83.7736
    endloop
  endfacet
  facet normal 0 -1 0
    outer loop
      vertex 122.6 -6 72.5152
      vertex 125.6 -6 80.0208
      vertex 122.6 -6 80.0208
    endloop
  endfacet
  facet normal 0 -1 0
    outer loop
      vertex 122.6 -6 72.5152
      vertex 125.6 -6 72.5152
      vertex 125.6 -6 80.0208
    endloop
  endfacet
  facet normal 0 -1 0
    outer loop
      vertex 122.6 -6 72.5152
      vertex 124.1 -6 69.9176
      vertex 125.6 -6 72.5152
    endloop
  endfacet
  facet normal 0 -1 0
    outer loop
      vertex 116.1 -6 68.7624
      vertex 124.1 -6 69.9176
      vertex 122.6 -6 72.5152
    endloop
  endfacet
  facet normal 0 -1 0
    outer loop
      vertex 117.6 -6 66.1648
      vertex 116.1 -6 68.7624
      vertex 114.6 -6 66.1648
    endloop
  endfacet
  facet normal 0 -1 0
    outer loop
      vertex 116.1 -6 68.7624
      vertex 117.6 -6 66.1648
      vertex 124.1 -6 69.9176
    endloop
  endfacet
  facet normal 0 -1 0
    outer loop
      vertex 114.6 -6 58.6592
      vertex 117.6 -6 66.1648
      vertex 114.6 -6 66.1648
    endloop
  endfacet
  facet normal 0 -1 0
    outer loop
      vertex 114.6 -6 58.6592
      vertex 117.6 -6 58.6592
      vertex 117.6 -6 66.1648
    endloop
  endfacet
  facet normal 0 -1 0
    outer loop
      vertex 114.6 -6 58.6592
      vertex 116.1 -6 56.0616
      vertex 117.6 -6 58.6592
    endloop
  endfacet
  facet normal 0 -1 0
    outer loop
      vertex 108.1 -6 54.9064
      vertex 116.1 -6 56.0616
      vertex 114.6 -6 58.6592
    endloop
  endfacet
  facet normal 0 -1 0
    outer loop
      vertex 116.1 -6 56.0616
      vertex 108.1 -6 54.9064
      vertex 109.6 -6 52.3088
    endloop
  endfacet
  facet normal 0 -1 0
    outer loop
      vertex 130.6 -6 121.589
      vertex 140.1 -6 125.342
      vertex 124.1 -6 125.342
    endloop
  endfacet
  facet normal 0 -1 0
    outer loop
      vertex 130.6 -6 121.589
      vertex 133.6 -6 121.589
      vertex 140.1 -6 125.342
    endloop
  endfacet
  facet normal 0 -1 0
    outer loop
      vertex 130.6 -6 114.083
      vertex 133.6 -6 121.589
      vertex 130.6 -6 121.589
    endloop
  endfacet
  facet normal 0 -1 0
    outer loop
      vertex 130.6 -6 114.083
      vertex 133.6 -6 114.083
      vertex 133.6 -6 121.589
    endloop
  endfacet
  facet normal 0 -1 0
    outer loop
      vertex 130.6 -6 114.083
      vertex 132.1 -6 111.486
      vertex 133.6 -6 114.083
    endloop
  endfacet
  facet normal 0 -1 0
    outer loop
      vertex 124.1 -6 110.33
      vertex 132.1 -6 111.486
      vertex 130.6 -6 114.083
    endloop
  endfacet
  facet normal 0 -1 0
    outer loop
      vertex 125.6 -6 107.733
      vertex 124.1 -6 110.33
      vertex 122.6 -6 107.733
    endloop
  endfacet
  facet normal 0 -1 0
    outer loop
      vertex 124.1 -6 110.33
      vertex 125.6 -6 107.733
      vertex 132.1 -6 111.486
    endloop
  endfacet
  facet normal 0 -1 0
    outer loop
      vertex 122.6 -6 100.227
      vertex 125.6 -6 107.733
      vertex 122.6 -6 107.733
    endloop
  endfacet
  facet normal 0 -1 0
    outer loop
      vertex 122.6 -6 100.227
      vertex 125.6 -6 100.227
      vertex 125.6 -6 107.733
    endloop
  endfacet
  facet normal 0 -1 0
    outer loop
      vertex 122.6 -6 100.227
      vertex 124.1 -6 97.6296
      vertex 125.6 -6 100.227
    endloop
  endfacet
  facet normal 0 -1 0
    outer loop
      vertex 116.1 -6 96.4744
      vertex 124.1 -6 97.6296
      vertex 122.6 -6 100.227
    endloop
  endfacet
  facet normal 0 -1 0
    outer loop
      vertex 117.6 -6 93.8768
      vertex 116.1 -6 96.4744
      vertex 114.6 -6 93.8768
    endloop
  endfacet
  facet normal 0 -1 0
    outer loop
      vertex 116.1 -6 96.4744
      vertex 117.6 -6 93.8768
      vertex 124.1 -6 97.6296
    endloop
  endfacet
  facet normal 0 -1 0
    outer loop
      vertex 114.6 -6 86.3712
      vertex 117.6 -6 93.8768
      vertex 114.6 -6 93.8768
    endloop
  endfacet
  facet normal 0 -1 0
    outer loop
      vertex 114.6 -6 86.3712
      vertex 117.6 -6 86.3712
      vertex 117.6 -6 93.8768
    endloop
  endfacet
  facet normal 0 -1 0
    outer loop
      vertex 114.6 -6 86.3712
      vertex 116.1 -6 83.7736
      vertex 117.6 -6 86.3712
    endloop
  endfacet
  facet normal 0 -1 0
    outer loop
      vertex 108.1 -6 82.6184
      vertex 116.1 -6 83.7736
      vertex 114.6 -6 86.3712
    endloop
  endfacet
  facet normal 0 -1 0
    outer loop
      vertex 116.1 -6 83.7736
      vertex 108.1 -6 82.6184
      vertex 109.6 -6 80.0208
    endloop
  endfacet
  facet normal 0 -1 0
    outer loop
      vertex 114.6 -6 121.589
      vertex 124.1 -6 125.342
      vertex 108.1 -6 125.342
    endloop
  endfacet
  facet normal 0 -1 0
    outer loop
      vertex 114.6 -6 121.589
      vertex 117.6 -6 121.589
      vertex 124.1 -6 125.342
    endloop
  endfacet
  facet normal 0 -1 0
    outer loop
      vertex 114.6 -6 114.083
      vertex 117.6 -6 121.589
      vertex 114.6 -6 121.589
    endloop
  endfacet
  facet normal 0 -1 0
    outer loop
      vertex 114.6 -6 114.083
      vertex 117.6 -6 114.083
      vertex 117.6 -6 121.589
    endloop
  endfacet
  facet normal 0 -1 0
    outer loop
      vertex 114.6 -6 114.083
      vertex 116.1 -6 111.486
      vertex 117.6 -6 114.083
    endloop
  endfacet
  facet normal 0 -1 0
    outer loop
      vertex 108.1 -6 110.33
      vertex 116.1 -6 111.486
      vertex 114.6 -6 114.083
    endloop
  endfacet
  facet normal 0 -1 0
    outer loop
      vertex 116.1 -6 111.486
      vertex 108.1 -6 110.33
      vertex 109.6 -6 107.733
    endloop
  endfacet
  facet normal 0 -1 0
    outer loop
      vertex 164.1 -6 147.7
      vertex 174.1 -6 150.7
      vertex 164.1 -6 150.7
    endloop
  endfacet
  facet normal 0 -1 -0
    outer loop
      vertex 174.1 -6 150.7
      vertex 164.1 -6 147.7
      vertex 174.1 -6 147.7
    endloop
  endfacet
  facet normal 0 -1 0
    outer loop
      vertex 91.6 -6 150.2
      vertex 97.6 -6 156.2
      vertex 96.4295 -6 156.085
    endloop
  endfacet
  facet normal 0 -1 0
    outer loop
      vertex 97.6 -6 156.2
      vertex 158.1 -6 150.7
      vertex 181.6 -6 156.2
    endloop
  endfacet
  facet normal 0 -1 0
    outer loop
      vertex 91.6 -6 150.2
      vertex 96.4295 -6 156.085
      vertex 95.3039 -6 155.743
    endloop
  endfacet
  facet normal 0 -1 0
    outer loop
      vertex 164.1 -6 150.7
      vertex 181.6 -6 156.2
      vertex 158.1 -6 150.7
    endloop
  endfacet
  facet normal 0 -1 0
    outer loop
      vertex 91.6 -6 150.2
      vertex 95.3039 -6 155.743
      vertex 94.2666 -6 155.189
    endloop
  endfacet
  facet normal 0 -1 0
    outer loop
      vertex 174.1 -6 150.7
      vertex 181.6 -6 156.2
      vertex 164.1 -6 150.7
    endloop
  endfacet
  facet normal 0 -1 0
    outer loop
      vertex 91.6 -6 150.2
      vertex 94.2666 -6 155.189
      vertex 93.3574 -6 154.443
    endloop
  endfacet
  facet normal 0 -1 0
    outer loop
      vertex 180.1 -6 150.7
      vertex 181.6 -6 156.2
      vertex 174.1 -6 150.7
    endloop
  endfacet
  facet normal 0 -1 0
    outer loop
      vertex 91.6 -6 150.2
      vertex 93.3574 -6 154.443
      vertex 92.6112 -6 153.533
    endloop
  endfacet
  facet normal 0 -1 -0
    outer loop
      vertex 181.6 -6 156.2
      vertex 180.1 -6 150.7
      vertex 182.771 -6 156.085
    endloop
  endfacet
  facet normal 0 -1 0
    outer loop
      vertex 91.6 -6 150.2
      vertex 92.6112 -6 153.533
      vertex 92.0567 -6 152.496
    endloop
  endfacet
  facet normal 0 -1 -0
    outer loop
      vertex 182.771 -6 156.085
      vertex 180.1 -6 150.7
      vertex 183.896 -6 155.743
    endloop
  endfacet
  facet normal 0 -1 0
    outer loop
      vertex 91.6 -6 150.2
      vertex 92.0567 -6 152.496
      vertex 91.7153 -6 151.371
    endloop
  endfacet
  facet normal 0 -1 -0
    outer loop
      vertex 183.896 -6 155.743
      vertex 180.1 -6 150.7
      vertex 184.933 -6 155.189
    endloop
  endfacet
  facet normal 0 -1 -0
    outer loop
      vertex 184.933 -6 155.189
      vertex 180.1 -6 150.7
      vertex 185.843 -6 154.443
    endloop
  endfacet
  facet normal 0 -1 -0
    outer loop
      vertex 97.6 -6 156.2
      vertex 91.6 -6 150.2
      vertex 108.1 -6 125.342
    endloop
  endfacet
  facet normal 0 -1 0
    outer loop
      vertex 97.6 -6 156.2
      vertex 124.1 -6 125.342
      vertex 158.1 -6 150.7
    endloop
  endfacet
  facet normal 0 -1 0
    outer loop
      vertex 156.1 -6 125.342
      vertex 164.1 -6 147.7
      vertex 158.1 -6 147.7
    endloop
  endfacet
  facet normal 0 -1 0
    outer loop
      vertex 162.6 -6 121.589
      vertex 164.1 -6 147.7
      vertex 156.1 -6 125.342
    endloop
  endfacet
  facet normal 0 -1 0
    outer loop
      vertex 140.1 -6 125.342
      vertex 158.1 -6 150.7
      vertex 124.1 -6 125.342
    endloop
  endfacet
  facet normal 0 -1 0
    outer loop
      vertex 97.6 -6 156.2
      vertex 108.1 -6 125.342
      vertex 124.1 -6 125.342
    endloop
  endfacet
  facet normal 0 -1 0
    outer loop
      vertex 91.6 -6 150.2
      vertex 101.6 -6 121.589
      vertex 108.1 -6 125.342
    endloop
  endfacet
  facet normal 0 -1 0
    outer loop
      vertex 91.6 -6 150.2
      vertex 101.6 -6 114.083
      vertex 101.6 -6 121.589
    endloop
  endfacet
  facet normal 0 -1 0
    outer loop
      vertex 101.6 -6 114.083
      vertex 109.6 -6 107.733
      vertex 108.1 -6 110.33
    endloop
  endfacet
  facet normal 0 -1 0
    outer loop
      vertex 101.6 -6 114.083
      vertex 109.6 -6 100.227
      vertex 109.6 -6 107.733
    endloop
  endfacet
  facet normal 0 -1 0
    outer loop
      vertex 101.6 -6 114.083
      vertex 108.1 -6 97.6296
      vertex 109.6 -6 100.227
    endloop
  endfacet
  facet normal 0 -1 0
    outer loop
      vertex 101.6 -6 114.083
      vertex 101.6 -6 93.8768
      vertex 108.1 -6 97.6296
    endloop
  endfacet
  facet normal 0 -1 0
    outer loop
      vertex 91.6 -6 150.2
      vertex 101.6 -6 93.8768
      vertex 101.6 -6 114.083
    endloop
  endfacet
  facet normal 0 -1 0
    outer loop
      vertex 91.6 -6 150.2
      vertex 101.6 -6 86.3712
      vertex 101.6 -6 93.8768
    endloop
  endfacet
  facet normal 0 -1 0
    outer loop
      vertex 101.6 -6 86.3712
      vertex 109.6 -6 80.0208
      vertex 108.1 -6 82.6184
    endloop
  endfacet
  facet normal 0 -1 0
    outer loop
      vertex 101.6 -6 86.3712
      vertex 109.6 -6 72.5152
      vertex 109.6 -6 80.0208
    endloop
  endfacet
  facet normal 0 -1 0
    outer loop
      vertex 101.6 -6 86.3712
      vertex 108.1 -6 69.9176
      vertex 109.6 -6 72.5152
    endloop
  endfacet
  facet normal 0 -1 0
    outer loop
      vertex 101.6 -6 86.3712
      vertex 101.6 -6 66.1648
      vertex 108.1 -6 69.9176
    endloop
  endfacet
  facet normal 0 -1 0
    outer loop
      vertex 91.6 -6 150.2
      vertex 101.6 -6 66.1648
      vertex 101.6 -6 86.3712
    endloop
  endfacet
  facet normal 0 -1 0
    outer loop
      vertex 91.6 -6 4
      vertex 101.6 -6 66.1648
      vertex 91.6 -6 150.2
    endloop
  endfacet
  facet normal 0 -1 0
    outer loop
      vertex 101.6 -6 58.6592
      vertex 109.6 -6 52.3088
      vertex 108.1 -6 54.9064
    endloop
  endfacet
  facet normal 0 -1 0
    outer loop
      vertex 101.6 -6 58.6592
      vertex 109.6 -6 44.8032
      vertex 109.6 -6 52.3088
    endloop
  endfacet
  facet normal 0 -1 0
    outer loop
      vertex 101.6 -6 58.6592
      vertex 108.1 -6 42.2056
      vertex 109.6 -6 44.8032
    endloop
  endfacet
  facet normal 0 -1 0
    outer loop
      vertex 101.6 -6 58.6592
      vertex 101.6 -6 38.4528
      vertex 108.1 -6 42.2056
    endloop
  endfacet
  facet normal 0 -1 -0
    outer loop
      vertex 101.6 -6 66.1648
      vertex 91.6 -6 4
      vertex 101.6 -6 58.6592
    endloop
  endfacet
  facet normal 0 -1 -0
    outer loop
      vertex 101.6 -6 58.6592
      vertex 91.6 -6 4
      vertex 101.6 -6 38.4528
    endloop
  endfacet
  facet normal 0 -1 0
    outer loop
      vertex 91.6 -6 4
      vertex 124.1 -6 27.1944
      vertex 108.1 -6 27.1944
    endloop
  endfacet
  facet normal 0 -1 -0
    outer loop
      vertex 124.1 -6 27.1944
      vertex 91.6 -6 4
      vertex 140.1 -6 27.1944
    endloop
  endfacet
  facet normal 0 -1 0
    outer loop
      vertex 187.6 -6 4
      vertex 140.1 -6 27.1944
      vertex 91.6 -6 4
    endloop
  endfacet
  facet normal 0 -1 -0
    outer loop
      vertex 101.6 -6 30.9472
      vertex 91.6 -6 4
      vertex 108.1 -6 27.1944
    endloop
  endfacet
  facet normal 0 -1 -0
    outer loop
      vertex 101.6 -6 38.4528
      vertex 91.6 -6 4
      vertex 101.6 -6 30.9472
    endloop
  endfacet
  facet normal 0 -1 -0
    outer loop
      vertex 185.843 -6 154.443
      vertex 180.1 -6 150.7
      vertex 186.589 -6 153.533
    endloop
  endfacet
  facet normal 0 -1 -0
    outer loop
      vertex 186.589 -6 153.533
      vertex 180.1 -6 150.7
      vertex 187.143 -6 152.496
    endloop
  endfacet
  facet normal 0 -1 -0
    outer loop
      vertex 187.143 -6 152.496
      vertex 180.1 -6 150.7
      vertex 187.485 -6 151.371
    endloop
  endfacet
  facet normal 0 -1 0
    outer loop
      vertex 180.1 -6 150.7
      vertex 187.6 -6 150.2
      vertex 187.485 -6 151.371
    endloop
  endfacet
  facet normal 0 -1 0
    outer loop
      vertex 180.1 -6 147.7
      vertex 187.6 -6 150.2
      vertex 180.1 -6 150.7
    endloop
  endfacet
  facet normal 0 -1 -0
    outer loop
      vertex 158.1 -6 150.7
      vertex 140.1 -6 125.342
      vertex 158.1 -6 147.7
    endloop
  endfacet
  facet normal 0 -1 0
    outer loop
      vertex 156.1 -6 125.342
      vertex 158.1 -6 147.7
      vertex 140.1 -6 125.342
    endloop
  endfacet
  facet normal 0 -1 -0
    outer loop
      vertex 164.1 -6 147.7
      vertex 162.6 -6 121.589
      vertex 174.1 -6 147.7
    endloop
  endfacet
  facet normal 0 -1 -0
    outer loop
      vertex 174.1 -6 147.7
      vertex 162.6 -6 121.589
      vertex 180.1 -6 147.7
    endloop
  endfacet
  facet normal 0 -1 0
    outer loop
      vertex 170.6 -6 107.733
      vertex 180.1 -6 147.7
      vertex 162.6 -6 121.589
    endloop
  endfacet
  facet normal 0 -1 0
    outer loop
      vertex 170.6 -6 107.733
      vertex 162.6 -6 121.589
      vertex 162.6 -6 114.083
    endloop
  endfacet
  facet normal 0 -1 0
    outer loop
      vertex 170.6 -6 107.733
      vertex 162.6 -6 114.083
      vertex 164.1 -6 111.486
    endloop
  endfacet
  facet normal 0 -1 -0
    outer loop
      vertex 180.1 -6 147.7
      vertex 170.6 -6 107.733
      vertex 187.6 -6 150.2
    endloop
  endfacet
  facet normal 0 -1 0
    outer loop
      vertex 170.6 -6 100.227
      vertex 187.6 -6 150.2
      vertex 170.6 -6 107.733
    endloop
  endfacet
  facet normal 0 -1 0
    outer loop
      vertex 162.6 -6 93.8768
      vertex 170.6 -6 100.227
      vertex 164.1 -6 96.4744
    endloop
  endfacet
  facet normal 0 -1 0
    outer loop
      vertex 162.6 -6 86.3712
      vertex 170.6 -6 100.227
      vertex 162.6 -6 93.8768
    endloop
  endfacet
  facet normal 0 -1 0
    outer loop
      vertex 164.1 -6 83.7736
      vertex 170.6 -6 100.227
      vertex 162.6 -6 86.3712
    endloop
  endfacet
  facet normal 0 -1 0
    outer loop
      vertex 170.6 -6 80.0208
      vertex 170.6 -6 100.227
      vertex 164.1 -6 83.7736
    endloop
  endfacet
  facet normal 0 -1 0
    outer loop
      vertex 170.6 -6 80.0208
      vertex 187.6 -6 150.2
      vertex 170.6 -6 100.227
    endloop
  endfacet
  facet normal 0 -1 0
    outer loop
      vertex 170.6 -6 72.5152
      vertex 187.6 -6 150.2
      vertex 170.6 -6 80.0208
    endloop
  endfacet
  facet normal 0 -1 0
    outer loop
      vertex 162.6 -6 66.1648
      vertex 170.6 -6 72.5152
      vertex 164.1 -6 68.7624
    endloop
  endfacet
  facet normal 0 -1 0
    outer loop
      vertex 162.6 -6 58.6592
      vertex 170.6 -6 72.5152
      vertex 162.6 -6 66.1648
    endloop
  endfacet
  facet normal 0 -1 0
    outer loop
      vertex 164.1 -6 56.0616
      vertex 170.6 -6 72.5152
      vertex 162.6 -6 58.6592
    endloop
  endfacet
  facet normal 0 -1 0
    outer loop
      vertex 170.6 -6 52.3088
      vertex 170.6 -6 72.5152
      vertex 164.1 -6 56.0616
    endloop
  endfacet
  facet normal 0 -1 0
    outer loop
      vertex 187.6 -6 4
      vertex 170.6 -6 72.5152
      vertex 170.6 -6 52.3088
    endloop
  endfacet
  facet normal 0 -1 0
    outer loop
      vertex 187.6 -6 4
      vertex 170.6 -6 52.3088
      vertex 170.6 -6 44.8032
    endloop
  endfacet
  facet normal 0 -1 0
    outer loop
      vertex 162.6 -6 38.4528
      vertex 170.6 -6 44.8032
      vertex 164.1 -6 41.0504
    endloop
  endfacet
  facet normal 0 -1 0
    outer loop
      vertex 162.6 -6 30.9472
      vertex 170.6 -6 44.8032
      vertex 162.6 -6 38.4528
    endloop
  endfacet
  facet normal 0 -1 0
    outer loop
      vertex 170.6 -6 72.5152
      vertex 187.6 -6 4
      vertex 187.6 -6 150.2
    endloop
  endfacet
  facet normal 0 -1 0
    outer loop
      vertex 162.6 -6 30.9472
      vertex 187.6 -6 4
      vertex 170.6 -6 44.8032
    endloop
  endfacet
  facet normal 0 -1 0
    outer loop
      vertex 156.1 -6 27.1944
      vertex 187.6 -6 4
      vertex 162.6 -6 30.9472
    endloop
  endfacet
  facet normal 0 -1 0
    outer loop
      vertex 140.1 -6 27.1944
      vertex 187.6 -6 4
      vertex 156.1 -6 27.1944
    endloop
  endfacet
  facet normal 0 -1 0
    outer loop
      vertex 116.1 -6 111.486
      vertex 124.1 -6 110.33
      vertex 117.6 -6 114.083
    endloop
  endfacet
  facet normal -0 -1 0
    outer loop
      vertex 124.1 -6 110.33
      vertex 116.1 -6 111.486
      vertex 122.6 -6 107.733
    endloop
  endfacet
  facet normal 0 -1 0
    outer loop
      vertex 132.1 -6 111.486
      vertex 140.1 -6 110.33
      vertex 133.6 -6 114.083
    endloop
  endfacet
  facet normal -0 -1 0
    outer loop
      vertex 140.1 -6 110.33
      vertex 132.1 -6 111.486
      vertex 138.6 -6 107.733
    endloop
  endfacet
  facet normal 0 -1 0
    outer loop
      vertex 148.1 -6 111.486
      vertex 156.1 -6 110.33
      vertex 149.6 -6 114.083
    endloop
  endfacet
  facet normal -0 -1 0
    outer loop
      vertex 156.1 -6 110.33
      vertex 148.1 -6 111.486
      vertex 154.6 -6 107.733
    endloop
  endfacet
  facet normal 1 -0 0
    outer loop
      vertex 95.6 30.6189 97.0668
      vertex 95.6 30.8 58.1431
      vertex 95.6 30.8 98.2569
    endloop
  endfacet
  facet normal 1 0 0
    outer loop
      vertex 95.6 30.6189 97.0668
      vertex 95.6 30.3418 60.002
      vertex 95.6 30.8 58.1431
    endloop
  endfacet
  facet normal 1 -0 0
    outer loop
      vertex 95.6 29.6284 95.4284
      vertex 95.6 30.3418 60.002
      vertex 95.6 30.6189 97.0668
    endloop
  endfacet
  facet normal 1 0 0
    outer loop
      vertex 95.6 29.6284 95.4284
      vertex 95.6 29.6284 60.9716
      vertex 95.6 30.3418 60.002
    endloop
  endfacet
  facet normal 1 -0 0
    outer loop
      vertex 95.6 19.2284 85.0284
      vertex 95.6 29.6284 60.9716
      vertex 95.6 29.6284 95.4284
    endloop
  endfacet
  facet normal 1 0 0
    outer loop
      vertex 95.6 19.2284 85.0284
      vertex 95.6 19.2284 71.3716
      vertex 95.6 29.6284 60.9716
    endloop
  endfacet
  facet normal 1 0 0
    outer loop
      vertex 95.6 19.2284 85.0284
      vertex 95.6 17.59 72.362
      vertex 95.6 19.2284 71.3716
    endloop
  endfacet
  facet normal 1 -0 0
    outer loop
      vertex 95.6 17.121 83.9224
      vertex 95.6 17.59 72.362
      vertex 95.6 19.2284 85.0284
    endloop
  endfacet
  facet normal 1 0 0
    outer loop
      vertex 95.6 17.121 83.9224
      vertex 95.6 15.679 72.4776
      vertex 95.6 17.59 72.362
    endloop
  endfacet
  facet normal 1 0 0
    outer loop
      vertex 95.6 15.21 84.038
      vertex 95.6 15.679 72.4776
      vertex 95.6 17.121 83.9224
    endloop
  endfacet
  facet normal 1 0 0
    outer loop
      vertex 95.6 13.5716 71.3716
      vertex 95.6 15.21 84.038
      vertex 95.6 13.5716 85.0284
    endloop
  endfacet
  facet normal 1 0 0
    outer loop
      vertex 95.6 15.21 84.038
      vertex 95.6 13.5716 71.3716
      vertex 95.6 15.679 72.4776
    endloop
  endfacet
  facet normal 1 0 0
    outer loop
      vertex 95.6 3.17157 95.4284
      vertex 95.6 13.5716 71.3716
      vertex 95.6 13.5716 85.0284
    endloop
  endfacet
  facet normal 1 0 0
    outer loop
      vertex 95.6 3.17157 95.4284
      vertex 95.6 3.17157 60.9716
      vertex 95.6 13.5716 71.3716
    endloop
  endfacet
  facet normal 1 0 0
    outer loop
      vertex 95.6 2.45818 96.398
      vertex 95.6 3.17157 60.9716
      vertex 95.6 3.17157 95.4284
    endloop
  endfacet
  facet normal 1 0 0
    outer loop
      vertex 95.6 2.45818 96.398
      vertex 95.6 2.18112 59.3331
      vertex 95.6 3.17157 60.9716
    endloop
  endfacet
  facet normal 1 0 0
    outer loop
      vertex 95.6 2 98.2569
      vertex 95.6 2.18112 59.3331
      vertex 95.6 2.45818 96.398
    endloop
  endfacet
  facet normal 1 0 0
    outer loop
      vertex 95.6 2.18112 59.3331
      vertex 95.6 2 98.2569
      vertex 95.6 2 58.1431
    endloop
  endfacet
  facet normal 1 0 0
    outer loop
      vertex 95.6 33.8 143.941
      vertex 95.6 30.3418 122.002
      vertex 95.6 30.8 120.143
    endloop
  endfacet
  facet normal 1 0 0
    outer loop
      vertex 95.6 33.8 143.941
      vertex 95.6 29.6284 122.972
      vertex 95.6 30.3418 122.002
    endloop
  endfacet
  facet normal 1 0 0
    outer loop
      vertex 95.6 31.8 144.2
      vertex 95.6 19.2284 133.372
      vertex 95.6 29.6284 122.972
    endloop
  endfacet
  facet normal 1 0 0
    outer loop
      vertex 95.6 31.8 144.2
      vertex 95.6 17.59 134.362
      vertex 95.6 19.2284 133.372
    endloop
  endfacet
  facet normal 1 0 0
    outer loop
      vertex 95.6 31.8 144.2
      vertex 95.6 15.679 134.478
      vertex 95.6 17.59 134.362
    endloop
  endfacet
  facet normal 1 -0 0
    outer loop
      vertex 95.6 -2 144.2
      vertex 95.6 15.679 134.478
      vertex 95.6 31.8 144.2
    endloop
  endfacet
  facet normal 1 0 0
    outer loop
      vertex 95.6 -2 144.2
      vertex 95.6 2 98.2569
      vertex 95.6 2 120.143
    endloop
  endfacet
  facet normal 1 0 0
    outer loop
      vertex 95.6 -2 20.2
      vertex 95.6 2 98.2569
      vertex 95.6 -2 144.2
    endloop
  endfacet
  facet normal 1 0 0
    outer loop
      vertex 95.6 2 98.2569
      vertex 95.6 -2 20.2
      vertex 95.6 2 58.1431
    endloop
  endfacet
  facet normal 1 0 0
    outer loop
      vertex 95.6 2.18112 121.333
      vertex 95.6 -2 144.2
      vertex 95.6 2 120.143
    endloop
  endfacet
  facet normal 1 0 0
    outer loop
      vertex 95.6 3.17157 122.972
      vertex 95.6 -2 144.2
      vertex 95.6 2.18112 121.333
    endloop
  endfacet
  facet normal 1 0 0
    outer loop
      vertex 95.6 13.5716 133.372
      vertex 95.6 -2 144.2
      vertex 95.6 3.17157 122.972
    endloop
  endfacet
  facet normal 1 0 0
    outer loop
      vertex 95.6 15.679 134.478
      vertex 95.6 -2 144.2
      vertex 95.6 13.5716 133.372
    endloop
  endfacet
  facet normal 1 -0 0
    outer loop
      vertex 95.6 30.8 98.2569
      vertex 95.6 33.8 20.2
      vertex 95.6 33.8 143.941
    endloop
  endfacet
  facet normal 1 0 0
    outer loop
      vertex 95.6 31.8 144.2
      vertex 95.6 33.8 143.941
      vertex 95.6 32.8442 144.132
    endloop
  endfacet
  facet normal 1 0 0
    outer loop
      vertex 95.6 29.6284 122.972
      vertex 95.6 33.8 143.941
      vertex 95.6 31.8 144.2
    endloop
  endfacet
  facet normal 1 0 0
    outer loop
      vertex 95.6 33.8 143.941
      vertex 95.6 30.8 120.143
      vertex 95.6 30.8 98.2569
    endloop
  endfacet
  facet normal 1 -0 0
    outer loop
      vertex 95.6 30.8 58.1431
      vertex 95.6 33.8 20.2
      vertex 95.6 30.8 98.2569
    endloop
  endfacet
  facet normal 1 -0 0
    outer loop
      vertex 95.6 30.8 36.2569
      vertex 95.6 33.8 20.2
      vertex 95.6 30.8 58.1431
    endloop
  endfacet
  facet normal 1 -0 0
    outer loop
      vertex 95.6 30.6189 35.0668
      vertex 95.6 33.8 20.2
      vertex 95.6 30.8 36.2569
    endloop
  endfacet
  facet normal 1 -0 0
    outer loop
      vertex 95.6 29.6284 33.4284
      vertex 95.6 33.8 20.2
      vertex 95.6 30.6189 35.0668
    endloop
  endfacet
  facet normal 1 -0 0
    outer loop
      vertex 95.6 19.2284 23.0284
      vertex 95.6 33.8 20.2
      vertex 95.6 29.6284 33.4284
    endloop
  endfacet
  facet normal 1 -0 0
    outer loop
      vertex 95.6 17.121 21.9224
      vertex 95.6 33.8 20.2
      vertex 95.6 19.2284 23.0284
    endloop
  endfacet
  facet normal 1 0 0
    outer loop
      vertex 95.6 -2 20.2
      vertex 95.6 17.121 21.9224
      vertex 95.6 15.21 22.038
    endloop
  endfacet
  facet normal 1 0 0
    outer loop
      vertex 95.6 17.121 21.9224
      vertex 95.6 -2 20.2
      vertex 95.6 33.8 20.2
    endloop
  endfacet
  facet normal 1 0 0
    outer loop
      vertex 95.6 13.5716 23.0284
      vertex 95.6 -2 20.2
      vertex 95.6 15.21 22.038
    endloop
  endfacet
  facet normal 1 0 0
    outer loop
      vertex 95.6 3.17157 33.4284
      vertex 95.6 -2 20.2
      vertex 95.6 13.5716 23.0284
    endloop
  endfacet
  facet normal 1 0 0
    outer loop
      vertex 95.6 2.45818 34.398
      vertex 95.6 -2 20.2
      vertex 95.6 3.17157 33.4284
    endloop
  endfacet
  facet normal 1 0 0
    outer loop
      vertex 95.6 2 36.2569
      vertex 95.6 -2 20.2
      vertex 95.6 2.45818 34.398
    endloop
  endfacet
  facet normal 1 0 0
    outer loop
      vertex 95.6 2 58.1431
      vertex 95.6 -2 20.2
      vertex 95.6 2 36.2569
    endloop
  endfacet
  facet normal -0 0 1
    outer loop
      vertex 93.6 31.8 144.2
      vertex 95.6 -2 144.2
      vertex 95.6 31.8 144.2
    endloop
  endfacet
  facet normal 0 0 1
    outer loop
      vertex 95.6 -2 144.2
      vertex 93.6 31.8 144.2
      vertex 93.6 -2 144.2
    endloop
  endfacet
  facet normal 0 1 -0
    outer loop
      vertex 95.6 39.8 4
      vertex 93.6 39.8 136.2
      vertex 95.6 39.8 136.2
    endloop
  endfacet
  facet normal 0 1 0
    outer loop
      vertex 93.6 39.8 136.2
      vertex 95.6 39.8 4
      vertex 93.6 39.8 4
    endloop
  endfacet
  facet normal -0 0 1
    outer loop
      vertex 183.6 31.8 144.2
      vertex 185.6 -2 144.2
      vertex 185.6 31.8 144.2
    endloop
  endfacet
  facet normal 0 0 1
    outer loop
      vertex 185.6 -2 144.2
      vertex 183.6 31.8 144.2
      vertex 183.6 -2 144.2
    endloop
  endfacet
  facet normal -1 0 0
    outer loop
      vertex 183.6 30.8 58.1431
      vertex 183.6 30.6189 97.0668
      vertex 183.6 30.8 98.2569
    endloop
  endfacet
  facet normal -1 0 0
    outer loop
      vertex 183.6 30.3418 60.002
      vertex 183.6 30.6189 97.0668
      vertex 183.6 30.8 58.1431
    endloop
  endfacet
  facet normal -1 0 0
    outer loop
      vertex 183.6 29.6284 95.4284
      vertex 183.6 30.3418 60.002
      vertex 183.6 29.6284 60.9716
    endloop
  endfacet
  facet normal -1 0 0
    outer loop
      vertex 183.6 30.3418 60.002
      vertex 183.6 29.6284 95.4284
      vertex 183.6 30.6189 97.0668
    endloop
  endfacet
  facet normal -1 0 0
    outer loop
      vertex 183.6 19.2284 71.3716
      vertex 183.6 29.6284 95.4284
      vertex 183.6 29.6284 60.9716
    endloop
  endfacet
  facet normal -1 0 0
    outer loop
      vertex 183.6 19.2284 71.3716
      vertex 183.6 19.2284 85.0284
      vertex 183.6 29.6284 95.4284
    endloop
  endfacet
  facet normal -1 0 0
    outer loop
      vertex 183.6 17.59 72.362
      vertex 183.6 19.2284 85.0284
      vertex 183.6 19.2284 71.3716
    endloop
  endfacet
  facet normal -1 0 0
    outer loop
      vertex 183.6 17.59 72.362
      vertex 183.6 17.121 83.9224
      vertex 183.6 19.2284 85.0284
    endloop
  endfacet
  facet normal -1 0 0
    outer loop
      vertex 183.6 15.679 72.4776
      vertex 183.6 17.121 83.9224
      vertex 183.6 17.59 72.362
    endloop
  endfacet
  facet normal -1 0 0
    outer loop
      vertex 183.6 15.679 72.4776
      vertex 183.6 15.21 84.038
      vertex 183.6 17.121 83.9224
    endloop
  endfacet
  facet normal -1 0 0
    outer loop
      vertex 183.6 13.5716 71.3716
      vertex 183.6 15.21 84.038
      vertex 183.6 15.679 72.4776
    endloop
  endfacet
  facet normal -1 0 0
    outer loop
      vertex 183.6 13.5716 71.3716
      vertex 183.6 13.5716 85.0284
      vertex 183.6 15.21 84.038
    endloop
  endfacet
  facet normal -1 0 0
    outer loop
      vertex 183.6 3.17157 60.9716
      vertex 183.6 13.5716 85.0284
      vertex 183.6 13.5716 71.3716
    endloop
  endfacet
  facet normal -1 0 0
    outer loop
      vertex 183.6 3.17157 60.9716
      vertex 183.6 3.17157 95.4284
      vertex 183.6 13.5716 85.0284
    endloop
  endfacet
  facet normal -1 0 0
    outer loop
      vertex 183.6 3.17157 60.9716
      vertex 183.6 2.45818 96.398
      vertex 183.6 3.17157 95.4284
    endloop
  endfacet
  facet normal -1 0 0
    outer loop
      vertex 183.6 2.18112 59.3331
      vertex 183.6 2.45818 96.398
      vertex 183.6 3.17157 60.9716
    endloop
  endfacet
  facet normal -1 0 0
    outer loop
      vertex 183.6 2 98.2569
      vertex 183.6 2.18112 59.3331
      vertex 183.6 2 58.1431
    endloop
  endfacet
  facet normal -1 0 0
    outer loop
      vertex 183.6 2.18112 59.3331
      vertex 183.6 2 98.2569
      vertex 183.6 2.45818 96.398
    endloop
  endfacet
  facet normal 0 0 0
    outer loop
      vertex 183.6 39.8 4
      vertex 183.6 39.8 26.2
      vertex 183.6 39.8 136.2
    endloop
  endfacet
  facet normal -1 0 0
    outer loop
      vertex 183.6 30.8 98.2569
      vertex 183.6 39.8 136.2
      vertex 183.6 39.8 26.2
    endloop
  endfacet
  facet normal -1 0 0
    outer loop
      vertex 183.6 30.8 120.143
      vertex 183.6 39.8 136.2
      vertex 183.6 30.8 98.2569
    endloop
  endfacet
  facet normal -1 0 0
    outer loop
      vertex 183.6 30.3418 122.002
      vertex 183.6 39.8 136.2
      vertex 183.6 30.8 120.143
    endloop
  endfacet
  facet normal -1 0 0
    outer loop
      vertex 183.6 29.6284 122.972
      vertex 183.6 39.8 136.2
      vertex 183.6 30.3418 122.002
    endloop
  endfacet
  facet normal -1 0 0
    outer loop
      vertex 183.6 19.2284 133.372
      vertex 183.6 39.8 136.2
      vertex 183.6 29.6284 122.972
    endloop
  endfacet
  facet normal -1 0 -0
    outer loop
      vertex 183.6 31.8 144.2
      vertex 183.6 39.8 136.2
      vertex 183.6 19.2284 133.372
    endloop
  endfacet
  facet normal -1 0 0
    outer loop
      vertex 183.6 39.7316 137.244
      vertex 183.6 31.8 144.2
      vertex 183.6 39.5274 138.271
    endloop
  endfacet
  facet normal -1 0 0
    outer loop
      vertex 183.6 39.5274 138.271
      vertex 183.6 31.8 144.2
      vertex 183.6 39.191 139.261
    endloop
  endfacet
  facet normal -1 0 0
    outer loop
      vertex 183.6 39.191 139.261
      vertex 183.6 31.8 144.2
      vertex 183.6 38.7282 140.2
    endloop
  endfacet
  facet normal -1 0 0
    outer loop
      vertex 183.6 38.7282 140.2
      vertex 183.6 31.8 144.2
      vertex 183.6 38.1468 141.07
    endloop
  endfacet
  facet normal -1 0 0
    outer loop
      vertex 183.6 29.6284 33.4284
      vertex 183.6 39.8 26.2
      vertex 183.6 33.8 20.2
    endloop
  endfacet
  facet normal -1 0 0
    outer loop
      vertex 183.6 38.1468 141.07
      vertex 183.6 31.8 144.2
      vertex 183.6 37.4569 141.857
    endloop
  endfacet
  facet normal -1 0 0
    outer loop
      vertex 183.6 37.4569 141.857
      vertex 183.6 31.8 144.2
      vertex 183.6 36.6701 142.547
    endloop
  endfacet
  facet normal -1 0 0
    outer loop
      vertex 183.6 39.8 26.2
      vertex 183.6 30.8 36.2569
      vertex 183.6 30.8 58.1431
    endloop
  endfacet
  facet normal -1 0 0
    outer loop
      vertex 183.6 39.8 26.2
      vertex 183.6 30.6189 35.0668
      vertex 183.6 30.8 36.2569
    endloop
  endfacet
  facet normal -1 0 0
    outer loop
      vertex 183.6 39.8 26.2
      vertex 183.6 29.6284 33.4284
      vertex 183.6 30.6189 35.0668
    endloop
  endfacet
  facet normal -1 0 0
    outer loop
      vertex 183.6 33.8 20.2
      vertex 183.6 19.2284 23.0284
      vertex 183.6 29.6284 33.4284
    endloop
  endfacet
  facet normal -1 0 0
    outer loop
      vertex 183.6 33.8 20.2
      vertex 183.6 17.121 21.9224
      vertex 183.6 19.2284 23.0284
    endloop
  endfacet
  facet normal -1 0 0
    outer loop
      vertex 183.6 -2 20.2
      vertex 183.6 17.121 21.9224
      vertex 183.6 33.8 20.2
    endloop
  endfacet
  facet normal -1 0 0
    outer loop
      vertex 183.6 -2 20.2
      vertex 183.6 2 58.1431
      vertex 183.6 2 36.2569
    endloop
  endfacet
  facet normal -1 -0 0
    outer loop
      vertex 183.6 2 58.1431
      vertex 183.6 -2 20.2
      vertex 183.6 2 98.2569
    endloop
  endfacet
  facet normal -1 0 0
    outer loop
      vertex 183.6 -2 144.2
      vertex 183.6 2 98.2569
      vertex 183.6 -2 20.2
    endloop
  endfacet
  facet normal -1 -0 0
    outer loop
      vertex 183.6 2.45818 34.398
      vertex 183.6 -2 20.2
      vertex 183.6 2 36.2569
    endloop
  endfacet
  facet normal -1 -0 0
    outer loop
      vertex 183.6 3.17157 33.4284
      vertex 183.6 -2 20.2
      vertex 183.6 2.45818 34.398
    endloop
  endfacet
  facet normal -1 -0 0
    outer loop
      vertex 183.6 13.5716 23.0284
      vertex 183.6 -2 20.2
      vertex 183.6 3.17157 33.4284
    endloop
  endfacet
  facet normal -1 -0 0
    outer loop
      vertex 183.6 15.21 22.038
      vertex 183.6 -2 20.2
      vertex 183.6 13.5716 23.0284
    endloop
  endfacet
  facet normal -1 -0 0
    outer loop
      vertex 183.6 17.121 21.9224
      vertex 183.6 -2 20.2
      vertex 183.6 15.21 22.038
    endloop
  endfacet
  facet normal -1 0 0
    outer loop
      vertex 183.6 39.8 26.2
      vertex 183.6 30.8 58.1431
      vertex 183.6 30.8 98.2569
    endloop
  endfacet
  facet normal -1 0 0
    outer loop
      vertex 183.6 36.6701 142.547
      vertex 183.6 31.8 144.2
      vertex 183.6 35.8 143.128
    endloop
  endfacet
  facet normal -1 0 0
    outer loop
      vertex 183.6 35.8 143.128
      vertex 183.6 31.8 144.2
      vertex 183.6 34.8615 143.591
    endloop
  endfacet
  facet normal -1 0 0
    outer loop
      vertex 183.6 34.8615 143.591
      vertex 183.6 31.8 144.2
      vertex 183.6 33.8706 143.927
    endloop
  endfacet
  facet normal -1 0 0
    outer loop
      vertex 183.6 33.8706 143.927
      vertex 183.6 31.8 144.2
      vertex 183.6 32.8442 144.132
    endloop
  endfacet
  facet normal -1 0 0
    outer loop
      vertex 183.6 39.8 136.2
      vertex 183.6 31.8 144.2
      vertex 183.6 39.7316 137.244
    endloop
  endfacet
  facet normal -1 0 0
    outer loop
      vertex 183.6 17.59 134.362
      vertex 183.6 31.8 144.2
      vertex 183.6 19.2284 133.372
    endloop
  endfacet
  facet normal -1 0 0
    outer loop
      vertex 183.6 15.679 134.478
      vertex 183.6 31.8 144.2
      vertex 183.6 17.59 134.362
    endloop
  endfacet
  facet normal -1 0 0
    outer loop
      vertex 183.6 -2 144.2
      vertex 183.6 15.679 134.478
      vertex 183.6 13.5716 133.372
    endloop
  endfacet
  facet normal -1 0 0
    outer loop
      vertex 183.6 15.679 134.478
      vertex 183.6 -2 144.2
      vertex 183.6 31.8 144.2
    endloop
  endfacet
  facet normal -1 0 0
    outer loop
      vertex 183.6 3.17157 122.972
      vertex 183.6 -2 144.2
      vertex 183.6 13.5716 133.372
    endloop
  endfacet
  facet normal -1 0 0
    outer loop
      vertex 183.6 2.18112 121.333
      vertex 183.6 -2 144.2
      vertex 183.6 3.17157 122.972
    endloop
  endfacet
  facet normal -1 0 0
    outer loop
      vertex 183.6 2 120.143
      vertex 183.6 -2 144.2
      vertex 183.6 2.18112 121.333
    endloop
  endfacet
  facet normal -1 0 0
    outer loop
      vertex 183.6 2 98.2569
      vertex 183.6 -2 144.2
      vertex 183.6 2 120.143
    endloop
  endfacet
  facet normal 0 1 0
    outer loop
      vertex 185.6 39.8 136.2
      vertex 185.6 39.8 4
      vertex 183.6 39.8 136.2
    endloop
  endfacet
  facet normal 0 1 0
    outer loop
      vertex 183.6 39.8 136.2
      vertex 185.6 39.8 4
      vertex 183.6 39.8 4
    endloop
  endfacet
  facet normal 0 -0.707107 0.707107
    outer loop
      vertex 98.6 36.8 23.2
      vertex 180.6 39.8 26.2
      vertex 98.6 39.8 26.2
    endloop
  endfacet
  facet normal 0 -0.707107 0.707107
    outer loop
      vertex 98.6 36.8 23.2
      vertex 180.6 36.8 23.2
      vertex 180.6 39.8 26.2
    endloop
  endfacet
  facet normal 0 -0.707107 0.707107
    outer loop
      vertex 98.6 36.8 23.2
      vertex 95.6 33.8 20.2
      vertex 180.6 36.8 23.2
    endloop
  endfacet
  facet normal 0 -0.707107 0.707107
    outer loop
      vertex 180.6 36.8 23.2
      vertex 95.6 33.8 20.2
      vertex 183.6 33.8 20.2
    endloop
  endfacet
  facet normal 0 0 1
    outer loop
      vertex 183.6 33.8 20.2
      vertex 177.142 28.6589 20.2
      vertex 177.6 26.8 20.2
    endloop
  endfacet
  facet normal 0 0 1
    outer loop
      vertex 183.6 33.8 20.2
      vertex 175.872 30.0919 20.2
      vertex 177.142 28.6589 20.2
    endloop
  endfacet
  facet normal 0 0 1
    outer loop
      vertex 183.6 33.8 20.2
      vertex 173.6 30.8 20.2
      vertex 175.872 30.0919 20.2
    endloop
  endfacet
  facet normal 0 0 1
    outer loop
      vertex 183.6 33.8 20.2
      vertex 151.1 30.8 20.2
      vertex 173.6 30.8 20.2
    endloop
  endfacet
  facet normal 0 0 1
    outer loop
      vertex 147.1 26.8 20.2
      vertex 143.1 7.7 20.2
      vertex 147.1 6 20.2
    endloop
  endfacet
  facet normal 0 0 1
    outer loop
      vertex 147.1 26.8 20.2
      vertex 121.8 7.7 20.2
      vertex 143.1 7.7 20.2
    endloop
  endfacet
  facet normal -0 0 1
    outer loop
      vertex 117.342 28.6589 20.2
      vertex 147.1 26.8 20.2
      vertex 147.808 29.0723 20.2
    endloop
  endfacet
  facet normal -0 0 1
    outer loop
      vertex 116.072 30.0919 20.2
      vertex 147.808 29.0723 20.2
      vertex 149.241 30.3418 20.2
    endloop
  endfacet
  facet normal 0 0 1
    outer loop
      vertex 117.8 6 20.2
      vertex 121.8 7.7 20.2
      vertex 117.8 26.8 20.2
    endloop
  endfacet
  facet normal 0 0 1
    outer loop
      vertex 147.1 26.8 20.2
      vertex 117.8 26.8 20.2
      vertex 121.8 7.7 20.2
    endloop
  endfacet
  facet normal -0 0 1
    outer loop
      vertex 113.8 30.8 20.2
      vertex 149.241 30.3418 20.2
      vertex 151.1 30.8 20.2
    endloop
  endfacet
  facet normal 0 0 1
    outer loop
      vertex 147.1 26.8 20.2
      vertex 117.342 28.6589 20.2
      vertex 117.8 26.8 20.2
    endloop
  endfacet
  facet normal -0 0 1
    outer loop
      vertex 95.6 33.8 20.2
      vertex 151.1 30.8 20.2
      vertex 183.6 33.8 20.2
    endloop
  endfacet
  facet normal 0 0 1
    outer loop
      vertex 147.808 29.0723 20.2
      vertex 116.072 30.0919 20.2
      vertex 117.342 28.6589 20.2
    endloop
  endfacet
  facet normal 0 0 1
    outer loop
      vertex 149.241 30.3418 20.2
      vertex 113.8 30.8 20.2
      vertex 116.072 30.0919 20.2
    endloop
  endfacet
  facet normal 0 0 1
    outer loop
      vertex 151.1 30.8 20.2
      vertex 95.6 33.8 20.2
      vertex 113.8 30.8 20.2
    endloop
  endfacet
  facet normal 0 0 1
    outer loop
      vertex 101.6 26.8 20.2
      vertex 95.6 33.8 20.2
      vertex 101.6 6 20.2
    endloop
  endfacet
  facet normal 0 0 1
    outer loop
      vertex 102.308 29.0723 20.2
      vertex 95.6 33.8 20.2
      vertex 101.6 26.8 20.2
    endloop
  endfacet
  facet normal 0 0 1
    outer loop
      vertex 103.741 30.3418 20.2
      vertex 95.6 33.8 20.2
      vertex 102.308 29.0723 20.2
    endloop
  endfacet
  facet normal 0 0 1
    outer loop
      vertex 105.6 30.8 20.2
      vertex 95.6 33.8 20.2
      vertex 103.741 30.3418 20.2
    endloop
  endfacet
  facet normal 0 0 1
    outer loop
      vertex 113.8 30.8 20.2
      vertex 95.6 33.8 20.2
      vertex 105.6 30.8 20.2
    endloop
  endfacet
  facet normal 0 0 1
    outer loop
      vertex 183.6 33.8 20.2
      vertex 177.6 26.8 20.2
      vertex 177.6 6 20.2
    endloop
  endfacet
  facet normal 0 0 1
    outer loop
      vertex 183.6 33.8 20.2
      vertex 177.6 6 20.2
      vertex 183.6 -2 20.2
    endloop
  endfacet
  facet normal -0 0 1
    outer loop
      vertex 176.892 3.72774 20.2
      vertex 183.6 -2 20.2
      vertex 177.6 6 20.2
    endloop
  endfacet
  facet normal -0 0 1
    outer loop
      vertex 175.459 2.45818 20.2
      vertex 183.6 -2 20.2
      vertex 176.892 3.72774 20.2
    endloop
  endfacet
  facet normal -0 0 1
    outer loop
      vertex 173.6 2 20.2
      vertex 183.6 -2 20.2
      vertex 175.459 2.45818 20.2
    endloop
  endfacet
  facet normal 0 0 1
    outer loop
      vertex 143.1 -2 20.2
      vertex 173.6 2 20.2
      vertex 151.1 2 20.2
    endloop
  endfacet
  facet normal 0 0 1
    outer loop
      vertex 143.1 7.7 20.2
      vertex 147.558 4.14111 20.2
      vertex 147.1 6 20.2
    endloop
  endfacet
  facet normal 0 0 1
    outer loop
      vertex 143.1 -2 20.2
      vertex 147.558 4.14111 20.2
      vertex 143.1 7.7 20.2
    endloop
  endfacet
  facet normal 0 0 1
    outer loop
      vertex 173.6 2 20.2
      vertex 143.1 -2 20.2
      vertex 183.6 -2 20.2
    endloop
  endfacet
  facet normal 0 0 1
    outer loop
      vertex 148.828 2.70807 20.2
      vertex 143.1 -2 20.2
      vertex 151.1 2 20.2
    endloop
  endfacet
  facet normal 0 0 1
    outer loop
      vertex 147.558 4.14111 20.2
      vertex 143.1 -2 20.2
      vertex 148.828 2.70807 20.2
    endloop
  endfacet
  facet normal 0 0 1
    outer loop
      vertex 117.092 3.72774 20.2
      vertex 121.8 7.7 20.2
      vertex 117.8 6 20.2
    endloop
  endfacet
  facet normal 0 0 1
    outer loop
      vertex 121.8 7.7 20.2
      vertex 117.092 3.72774 20.2
      vertex 121.8 -2 20.2
    endloop
  endfacet
  facet normal -0 0 1
    outer loop
      vertex 115.659 2.45818 20.2
      vertex 121.8 -2 20.2
      vertex 117.092 3.72774 20.2
    endloop
  endfacet
  facet normal -0 0 1
    outer loop
      vertex 113.8 2 20.2
      vertex 121.8 -2 20.2
      vertex 115.659 2.45818 20.2
    endloop
  endfacet
  facet normal -0 0 1
    outer loop
      vertex 105.6 2 20.2
      vertex 121.8 -2 20.2
      vertex 113.8 2 20.2
    endloop
  endfacet
  facet normal 0 0 1
    outer loop
      vertex 105.6 2 20.2
      vertex 95.6 -2 20.2
      vertex 121.8 -2 20.2
    endloop
  endfacet
  facet normal 0 0 1
    outer loop
      vertex 103.328 2.70807 20.2
      vertex 95.6 -2 20.2
      vertex 105.6 2 20.2
    endloop
  endfacet
  facet normal 0 0 1
    outer loop
      vertex 102.058 4.14111 20.2
      vertex 95.6 -2 20.2
      vertex 103.328 2.70807 20.2
    endloop
  endfacet
  facet normal 0 0 1
    outer loop
      vertex 101.6 6 20.2
      vertex 95.6 -2 20.2
      vertex 102.058 4.14111 20.2
    endloop
  endfacet
  facet normal 0 0 1
    outer loop
      vertex 95.6 -2 20.2
      vertex 101.6 6 20.2
      vertex 95.6 33.8 20.2
    endloop
  endfacet
  facet normal 0 1 0
    outer loop
      vertex 183.6 39.8 26.2
      vertex 183.6 39.8 4
      vertex 180.6 39.8 26.2
    endloop
  endfacet
  facet normal 0 1 0
    outer loop
      vertex 180.6 39.8 26.2
      vertex 183.6 39.8 4
      vertex 98.6 39.8 26.2
    endloop
  endfacet
  facet normal 0 1 -0
    outer loop
      vertex 183.6 39.8 26.2
      vertex 180.6 39.8 136.2
      vertex 183.6 39.8 136.2
    endloop
  endfacet
  facet normal 0 1 0
    outer loop
      vertex 180.6 39.8 136.2
      vertex 183.6 39.8 26.2
      vertex 180.6 39.8 26.2
    endloop
  endfacet
  facet normal 0 1 -0
    outer loop
      vertex 98.6 39.8 26.2
      vertex 95.6 39.8 136.2
      vertex 98.6 39.8 136.2
    endloop
  endfacet
  facet normal 0 1 0
    outer loop
      vertex 98.6 39.8 26.2
      vertex 95.6 39.8 4
      vertex 95.6 39.8 136.2
    endloop
  endfacet
  facet normal 0 1 0
    outer loop
      vertex 95.6 39.8 4
      vertex 98.6 39.8 26.2
      vertex 183.6 39.8 4
    endloop
  endfacet
  facet normal 1 0 0
    outer loop
      vertex 98.6 36.8 142.433
      vertex 98.6 39.8 136.2
      vertex 98.6 39.7316 137.244
    endloop
  endfacet
  facet normal 1 0 0
    outer loop
      vertex 98.6 36.8 142.433
      vertex 98.6 39.7316 137.244
      vertex 98.6 39.5274 138.271
    endloop
  endfacet
  facet normal 1 0 0
    outer loop
      vertex 98.6 36.8 142.433
      vertex 98.6 39.5274 138.271
      vertex 98.6 39.191 139.261
    endloop
  endfacet
  facet normal 1 0 0
    outer loop
      vertex 98.6 36.8 142.433
      vertex 98.6 39.191 139.261
      vertex 98.6 38.7282 140.2
    endloop
  endfacet
  facet normal 1 0 0
    outer loop
      vertex 98.6 36.8 142.433
      vertex 98.6 38.7282 140.2
      vertex 98.6 38.1468 141.07
    endloop
  endfacet
  facet normal 1 0 0
    outer loop
      vertex 98.6 36.8 142.433
      vertex 98.6 38.1468 141.07
      vertex 98.6 37.4569 141.857
    endloop
  endfacet
  facet normal 1 0 0
    outer loop
      vertex 98.6 39.8 136.2
      vertex 98.6 36.8 142.433
      vertex 98.6 36.8 23.2
    endloop
  endfacet
  facet normal 1 0 0
    outer loop
      vertex 98.6 39.8 136.2
      vertex 98.6 36.8 23.2
      vertex 98.6 39.8 26.2
    endloop
  endfacet
  facet normal 0.707107 -0.707107 -2.11821e-13
    outer loop
      vertex 97.6 35.8 143.128
      vertex 98.6 36.8 142.433
      vertex 98.4701 36.6701 142.547
    endloop
  endfacet
  facet normal 0.707107 -0.707107 0
    outer loop
      vertex 98.6 36.8 142.433
      vertex 97.6 35.8 143.128
      vertex 95.6 33.8 143.941
    endloop
  endfacet
  facet normal 0.707107 -0.707107 -6.1648e-14
    outer loop
      vertex 95.6 33.8 143.941
      vertex 97.6 35.8 143.128
      vertex 96.6615 34.8615 143.591
    endloop
  endfacet
  facet normal 0.707107 -0.707107 5.77745e-13
    outer loop
      vertex 95.6 33.8 143.941
      vertex 96.6615 34.8615 143.591
      vertex 95.6706 33.8706 143.927
    endloop
  endfacet
  facet normal 0.707107 -0.707107 0
    outer loop
      vertex 98.6 36.8 142.433
      vertex 95.6 33.8 143.941
      vertex 98.6 36.8 23.2
    endloop
  endfacet
  facet normal 0.707107 -0.707107 0
    outer loop
      vertex 98.6 36.8 23.2
      vertex 95.6 33.8 143.941
      vertex 95.6 33.8 20.2
    endloop
  endfacet
  facet normal -1 0 0
    outer loop
      vertex 180.6 36.8 23.2
      vertex 180.6 39.8 136.2
      vertex 180.6 39.8 26.2
    endloop
  endfacet
  facet normal -1 0 0
    outer loop
      vertex 180.6 36.8 142.433
      vertex 180.6 39.8 136.2
      vertex 180.6 36.8 23.2
    endloop
  endfacet
  facet normal -1 0 0
    outer loop
      vertex 180.6 39.8 136.2
      vertex 180.6 36.8 142.433
      vertex 180.6 39.7316 137.244
    endloop
  endfacet
  facet normal -1 0 0
    outer loop
      vertex 180.6 39.7316 137.244
      vertex 180.6 36.8 142.433
      vertex 180.6 39.5274 138.271
    endloop
  endfacet
  facet normal -1 0 0
    outer loop
      vertex 180.6 39.5274 138.271
      vertex 180.6 36.8 142.433
      vertex 180.6 39.191 139.261
    endloop
  endfacet
  facet normal -1 0 0
    outer loop
      vertex 180.6 39.191 139.261
      vertex 180.6 36.8 142.433
      vertex 180.6 38.7282 140.2
    endloop
  endfacet
  facet normal -1 0 0
    outer loop
      vertex 180.6 38.7282 140.2
      vertex 180.6 36.8 142.433
      vertex 180.6 38.1468 141.07
    endloop
  endfacet
  facet normal -1 0 0
    outer loop
      vertex 180.6 38.1468 141.07
      vertex 180.6 36.8 142.433
      vertex 180.6 37.4569 141.857
    endloop
  endfacet
  facet normal -0.707107 -0.707107 0
    outer loop
      vertex 183.6 33.8 143.941
      vertex 180.6 36.8 142.433
      vertex 180.6 36.8 23.2
    endloop
  endfacet
  facet normal -0.707107 -0.707107 0
    outer loop
      vertex 181.6 35.8 143.128
      vertex 180.6 36.8 142.433
      vertex 183.6 33.8 143.941
    endloop
  endfacet
  facet normal -0.70814 -0.706065 0.00298548
    outer loop
      vertex 180.6 36.8 142.433
      vertex 181.6 35.8 143.128
      vertex 180.73 36.6701 142.547
    endloop
  endfacet
  facet normal -0.707982 -0.706217 0.00434346
    outer loop
      vertex 181.6 35.8 143.128
      vertex 183.6 33.8 143.941
      vertex 182.539 34.8615 143.591
    endloop
  endfacet
  facet normal -0.707107 -0.707107 -0
    outer loop
      vertex 183.6 33.8 143.941
      vertex 180.6 36.8 23.2
      vertex 183.6 33.8 20.2
    endloop
  endfacet
  facet normal -0.701473 -0.711943 -0.0327554
    outer loop
      vertex 182.539 34.8615 143.591
      vertex 183.6 33.8 143.941
      vertex 183.529 33.8706 143.927
    endloop
  endfacet
  facet normal 1 0 0
    outer loop
      vertex 183.6 33.8 143.941
      vertex 183.6 39.8 136.2
      vertex 183.6 39.7316 137.244
    endloop
  endfacet
  facet normal 1 0 0
    outer loop
      vertex 183.6 33.8 143.941
      vertex 183.6 39.7316 137.244
      vertex 183.6 39.5274 138.271
    endloop
  endfacet
  facet normal 1 0 0
    outer loop
      vertex 183.6 33.8 143.941
      vertex 183.6 39.5274 138.271
      vertex 183.6 39.191 139.261
    endloop
  endfacet
  facet normal 1 0 0
    outer loop
      vertex 183.6 33.8 143.941
      vertex 183.6 39.191 139.261
      vertex 183.6 38.7282 140.2
    endloop
  endfacet
  facet normal 1 0 0
    outer loop
      vertex 183.6 33.8 143.941
      vertex 183.6 38.7282 140.2
      vertex 183.6 38.1468 141.07
    endloop
  endfacet
  facet normal 1 0 0
    outer loop
      vertex 183.6 33.8 143.941
      vertex 183.6 38.1468 141.07
      vertex 183.6 37.4569 141.857
    endloop
  endfacet
  facet normal 1 0 0
    outer loop
      vertex 183.6 33.8 143.941
      vertex 183.6 37.4569 141.857
      vertex 183.6 36.6701 142.547
    endloop
  endfacet
  facet normal 1 0 0
    outer loop
      vertex 183.6 33.8 143.941
      vertex 183.6 36.6701 142.547
      vertex 183.6 35.8 143.128
    endloop
  endfacet
  facet normal 1 0 0
    outer loop
      vertex 183.6 33.8 143.941
      vertex 183.6 35.8 143.128
      vertex 183.6 34.8615 143.591
    endloop
  endfacet
  facet normal 1 0 0
    outer loop
      vertex 183.6 33.8 143.941
      vertex 183.6 34.8615 143.591
      vertex 183.6 33.8706 143.927
    endloop
  endfacet
  facet normal 1 0 0
    outer loop
      vertex 183.6 39.8 136.2
      vertex 183.6 33.8 143.941
      vertex 183.6 33.8 20.2
    endloop
  endfacet
  facet normal 1 0 0
    outer loop
      vertex 183.6 39.8 136.2
      vertex 183.6 33.8 20.2
      vertex 183.6 39.8 26.2
    endloop
  endfacet
  facet normal -0.923744 -0.38301 5.90944e-19
    outer loop
      vertex 215.731 7.25587 0
      vertex 215.381 8.1 4
      vertex 215.381 8.1 0
    endloop
  endfacet
  facet normal -0.923744 -0.38301 5.90944e-19
    outer loop
      vertex 215.381 8.1 4
      vertex 215.731 7.25587 0
      vertex 215.731 7.25587 4
    endloop
  endfacet
  facet normal 0.991482 -0.130246 1.54258e-18
    outer loop
      vertex 201.85 6.35 4
      vertex 201.969 7.25587 0
      vertex 201.969 7.25587 4
    endloop
  endfacet
  facet normal 0.991482 -0.130246 1.54258e-18
    outer loop
      vertex 201.969 7.25587 0
      vertex 201.85 6.35 4
      vertex 201.85 6.35 0
    endloop
  endfacet
  facet normal -0.793466 0.608615 -5.73548e-18
    outer loop
      vertex 214.825 3.87513 0
      vertex 215.381 4.6 4
      vertex 215.381 4.6 0
    endloop
  endfacet
  facet normal -0.793466 0.608615 -5.73548e-18
    outer loop
      vertex 215.381 4.6 4
      vertex 214.825 3.87513 0
      vertex 214.825 3.87513 4
    endloop
  endfacet
  facet normal 0.382734 -0.923859 0
    outer loop
      vertex 203.6 9.38109 0
      vertex 204.444 9.73074 4
      vertex 203.6 9.38109 4
    endloop
  endfacet
  facet normal 0.382734 -0.923859 0
    outer loop
      vertex 204.444 9.73074 4
      vertex 203.6 9.38109 0
      vertex 204.444 9.73074 0
    endloop
  endfacet
  facet normal 0.382734 0.923859 -0
    outer loop
      vertex 204.444 2.96926 0
      vertex 203.6 3.31891 4
      vertex 204.444 2.96926 4
    endloop
  endfacet
  facet normal 0.382734 0.923859 0
    outer loop
      vertex 203.6 3.31891 4
      vertex 204.444 2.96926 0
      vertex 203.6 3.31891 0
    endloop
  endfacet
  facet normal -0.608698 -0.793402 0
    outer loop
      vertex 214.1 9.38109 0
      vertex 214.825 8.82487 4
      vertex 214.1 9.38109 4
    endloop
  endfacet
  facet normal -0.608698 -0.793402 -0
    outer loop
      vertex 214.825 8.82487 4
      vertex 214.1 9.38109 0
      vertex 214.825 8.82487 0
    endloop
  endfacet
  facet normal 0.793466 0.608615 5.73548e-18
    outer loop
      vertex 202.875 3.87513 4
      vertex 202.319 4.6 0
      vertex 202.319 4.6 4
    endloop
  endfacet
  facet normal 0.793466 0.608615 5.73548e-18
    outer loop
      vertex 202.319 4.6 0
      vertex 202.875 3.87513 4
      vertex 202.875 3.87513 0
    endloop
  endfacet
  facet normal 0.608698 -0.793402 0
    outer loop
      vertex 202.875 8.82487 0
      vertex 203.6 9.38109 4
      vertex 202.875 8.82487 4
    endloop
  endfacet
  facet normal 0.608698 -0.793402 0
    outer loop
      vertex 203.6 9.38109 4
      vertex 202.875 8.82487 0
      vertex 203.6 9.38109 0
    endloop
  endfacet
  facet normal 0.608698 0.793402 -0
    outer loop
      vertex 203.6 3.31891 0
      vertex 202.875 3.87513 4
      vertex 203.6 3.31891 4
    endloop
  endfacet
  facet normal 0.608698 0.793402 0
    outer loop
      vertex 202.875 3.87513 4
      vertex 203.6 3.31891 0
      vertex 202.875 3.87513 0
    endloop
  endfacet
  facet normal -0.382734 0.923859 0
    outer loop
      vertex 214.1 3.31891 0
      vertex 213.256 2.96926 4
      vertex 214.1 3.31891 4
    endloop
  endfacet
  facet normal -0.382734 0.923859 0
    outer loop
      vertex 213.256 2.96926 4
      vertex 214.1 3.31891 0
      vertex 213.256 2.96926 0
    endloop
  endfacet
  facet normal 0.923744 0.38301 6.66561e-18
    outer loop
      vertex 202.319 4.6 4
      vertex 201.969 5.44413 0
      vertex 201.969 5.44413 4
    endloop
  endfacet
  facet normal 0.923744 0.38301 6.66561e-18
    outer loop
      vertex 201.969 5.44413 0
      vertex 202.319 4.6 4
      vertex 202.319 4.6 0
    endloop
  endfacet
  facet normal 0.991482 0.130246 7.96583e-19
    outer loop
      vertex 201.969 5.44413 4
      vertex 201.85 6.35 0
      vertex 201.85 6.35 4
    endloop
  endfacet
  facet normal 0.991482 0.130246 7.96583e-19
    outer loop
      vertex 201.85 6.35 0
      vertex 201.969 5.44413 4
      vertex 201.969 5.44413 0
    endloop
  endfacet
  facet normal -0.130508 0.991447 0
    outer loop
      vertex 213.256 2.96926 0
      vertex 212.35 2.85 4
      vertex 213.256 2.96926 4
    endloop
  endfacet
  facet normal -0.130508 0.991447 0
    outer loop
      vertex 212.35 2.85 4
      vertex 213.256 2.96926 0
      vertex 212.35 2.85 0
    endloop
  endfacet
  facet normal -0.923744 0.38301 -6.66561e-18
    outer loop
      vertex 215.381 4.6 0
      vertex 215.731 5.44413 4
      vertex 215.731 5.44413 0
    endloop
  endfacet
  facet normal -0.923744 0.38301 -6.66561e-18
    outer loop
      vertex 215.731 5.44413 4
      vertex 215.381 4.6 0
      vertex 215.381 4.6 4
    endloop
  endfacet
  facet normal -0.991482 -0.130246 -1.54258e-18
    outer loop
      vertex 215.85 6.35 0
      vertex 215.731 7.25587 4
      vertex 215.731 7.25587 0
    endloop
  endfacet
  facet normal -0.991482 -0.130246 -1.54258e-18
    outer loop
      vertex 215.731 7.25587 4
      vertex 215.85 6.35 0
      vertex 215.85 6.35 4
    endloop
  endfacet
  facet normal 0.923744 -0.38301 -5.90944e-19
    outer loop
      vertex 201.969 7.25587 4
      vertex 202.319 8.1 0
      vertex 202.319 8.1 4
    endloop
  endfacet
  facet normal 0.923744 -0.38301 -5.90944e-19
    outer loop
      vertex 202.319 8.1 0
      vertex 201.969 7.25587 4
      vertex 201.969 7.25587 0
    endloop
  endfacet
  facet normal -0.793466 -0.608615 5.09759e-19
    outer loop
      vertex 215.381 8.1 0
      vertex 214.825 8.82487 4
      vertex 214.825 8.82487 0
    endloop
  endfacet
  facet normal -0.793466 -0.608615 5.09759e-19
    outer loop
      vertex 214.825 8.82487 4
      vertex 215.381 8.1 0
      vertex 215.381 8.1 4
    endloop
  endfacet
  facet normal 0.130508 0.991447 -0
    outer loop
      vertex 205.35 2.85 0
      vertex 204.444 2.96926 4
      vertex 205.35 2.85 4
    endloop
  endfacet
  facet normal 0.130508 0.991447 0
    outer loop
      vertex 204.444 2.96926 4
      vertex 205.35 2.85 0
      vertex 204.444 2.96926 0
    endloop
  endfacet
  facet normal 0 1 -0
    outer loop
      vertex 212.35 2.85 0
      vertex 205.35 2.85 4
      vertex 212.35 2.85 4
    endloop
  endfacet
  facet normal 0 1 0
    outer loop
      vertex 205.35 2.85 4
      vertex 212.35 2.85 0
      vertex 205.35 2.85 0
    endloop
  endfacet
  facet normal -0.608698 0.793402 0
    outer loop
      vertex 214.825 3.87513 0
      vertex 214.1 3.31891 4
      vertex 214.825 3.87513 4
    endloop
  endfacet
  facet normal -0.608698 0.793402 0
    outer loop
      vertex 214.1 3.31891 4
      vertex 214.825 3.87513 0
      vertex 214.1 3.31891 0
    endloop
  endfacet
  facet normal -0.130508 -0.991447 0
    outer loop
      vertex 212.35 9.85 0
      vertex 213.256 9.73074 4
      vertex 212.35 9.85 4
    endloop
  endfacet
  facet normal -0.130508 -0.991447 -0
    outer loop
      vertex 213.256 9.73074 4
      vertex 212.35 9.85 0
      vertex 213.256 9.73074 0
    endloop
  endfacet
  facet normal 0.793466 -0.608615 -5.09759e-19
    outer loop
      vertex 202.319 8.1 4
      vertex 202.875 8.82487 0
      vertex 202.875 8.82487 4
    endloop
  endfacet
  facet normal 0.793466 -0.608615 -5.09759e-19
    outer loop
      vertex 202.875 8.82487 0
      vertex 202.319 8.1 4
      vertex 202.319 8.1 0
    endloop
  endfacet
  facet normal 0.130508 -0.991447 0
    outer loop
      vertex 204.444 9.73074 0
      vertex 205.35 9.85 4
      vertex 204.444 9.73074 4
    endloop
  endfacet
  facet normal 0.130508 -0.991447 0
    outer loop
      vertex 205.35 9.85 4
      vertex 204.444 9.73074 0
      vertex 205.35 9.85 0
    endloop
  endfacet
  facet normal -0.382734 -0.923859 0
    outer loop
      vertex 213.256 9.73074 0
      vertex 214.1 9.38109 4
      vertex 213.256 9.73074 4
    endloop
  endfacet
  facet normal -0.382734 -0.923859 -0
    outer loop
      vertex 214.1 9.38109 4
      vertex 213.256 9.73074 0
      vertex 214.1 9.38109 0
    endloop
  endfacet
  facet normal -0.991482 0.130246 -7.96583e-19
    outer loop
      vertex 215.731 5.44413 0
      vertex 215.85 6.35 4
      vertex 215.85 6.35 0
    endloop
  endfacet
  facet normal -0.991482 0.130246 -7.96583e-19
    outer loop
      vertex 215.85 6.35 4
      vertex 215.731 5.44413 0
      vertex 215.731 5.44413 4
    endloop
  endfacet
  facet normal 0 -1 0
    outer loop
      vertex 205.35 9.85 0
      vertex 212.35 9.85 4
      vertex 205.35 9.85 4
    endloop
  endfacet
  facet normal 0 -1 -0
    outer loop
      vertex 212.35 9.85 4
      vertex 205.35 9.85 0
      vertex 212.35 9.85 0
    endloop
  endfacet
  facet normal -0.130551 -0.991442 0
    outer loop
      vertex 212.35 40.8 0
      vertex 213.256 40.6807 4
      vertex 212.35 40.8 4
    endloop
  endfacet
  facet normal -0.130551 -0.991442 -0
    outer loop
      vertex 213.256 40.6807 4
      vertex 212.35 40.8 0
      vertex 213.256 40.6807 0
    endloop
  endfacet
  facet normal -0.382687 0.923878 0
    outer loop
      vertex 214.1 34.2689 0
      vertex 213.256 33.9193 4
      vertex 214.1 34.2689 4
    endloop
  endfacet
  facet normal -0.382687 0.923878 0
    outer loop
      vertex 213.256 33.9193 4
      vertex 214.1 34.2689 0
      vertex 213.256 33.9193 0
    endloop
  endfacet
  facet normal 0.991482 -0.130242 -1.77051e-18
    outer loop
      vertex 201.85 37.3 4
      vertex 201.969 38.2059 0
      vertex 201.969 38.2059 4
    endloop
  endfacet
  facet normal 0.991482 -0.130242 -1.77051e-18
    outer loop
      vertex 201.969 38.2059 0
      vertex 201.85 37.3 4
      vertex 201.85 37.3 0
    endloop
  endfacet
  facet normal 0 1 -0
    outer loop
      vertex 212.35 33.8 0
      vertex 205.35 33.8 4
      vertex 212.35 33.8 4
    endloop
  endfacet
  facet normal 0 1 0
    outer loop
      vertex 205.35 33.8 4
      vertex 212.35 33.8 0
      vertex 205.35 33.8 0
    endloop
  endfacet
  facet normal -0.793478 0.608599 -5.36073e-19
    outer loop
      vertex 214.825 34.8251 0
      vertex 215.381 35.55 4
      vertex 215.381 35.55 0
    endloop
  endfacet
  facet normal -0.793478 0.608599 -5.36073e-19
    outer loop
      vertex 215.381 35.55 4
      vertex 214.825 34.8251 0
      vertex 214.825 34.8251 4
    endloop
  endfacet
  facet normal 0.382687 0.923878 -0
    outer loop
      vertex 204.444 33.9193 0
      vertex 203.6 34.2689 4
      vertex 204.444 33.9193 4
    endloop
  endfacet
  facet normal 0.382687 0.923878 0
    outer loop
      vertex 203.6 34.2689 4
      vertex 204.444 33.9193 0
      vertex 203.6 34.2689 0
    endloop
  endfacet
  facet normal -0.608684 0.793413 0
    outer loop
      vertex 214.825 34.8251 0
      vertex 214.1 34.2689 4
      vertex 214.825 34.8251 4
    endloop
  endfacet
  facet normal -0.608684 0.793413 0
    outer loop
      vertex 214.1 34.2689 4
      vertex 214.825 34.8251 0
      vertex 214.1 34.2689 0
    endloop
  endfacet
  facet normal -0.608684 -0.793413 0
    outer loop
      vertex 214.1 40.3311 0
      vertex 214.825 39.7749 4
      vertex 214.1 40.3311 4
    endloop
  endfacet
  facet normal -0.608684 -0.793413 -0
    outer loop
      vertex 214.825 39.7749 4
      vertex 214.1 40.3311 0
      vertex 214.825 39.7749 0
    endloop
  endfacet
  facet normal 0.923739 0.383022 5.44307e-19
    outer loop
      vertex 202.319 35.55 4
      vertex 201.969 36.3941 0
      vertex 201.969 36.3941 4
    endloop
  endfacet
  facet normal 0.923739 0.383022 5.44307e-19
    outer loop
      vertex 201.969 36.3941 0
      vertex 202.319 35.55 4
      vertex 202.319 35.55 0
    endloop
  endfacet
  facet normal 0.991482 0.130242 1.49711e-18
    outer loop
      vertex 201.969 36.3941 4
      vertex 201.85 37.3 0
      vertex 201.85 37.3 4
    endloop
  endfacet
  facet normal 0.991482 0.130242 1.49711e-18
    outer loop
      vertex 201.85 37.3 0
      vertex 201.969 36.3941 4
      vertex 201.969 36.3941 0
    endloop
  endfacet
  facet normal 0.608684 -0.793413 0
    outer loop
      vertex 202.875 39.7749 0
      vertex 203.6 40.3311 4
      vertex 202.875 39.7749 4
    endloop
  endfacet
  facet normal 0.608684 -0.793413 0
    outer loop
      vertex 203.6 40.3311 4
      vertex 202.875 39.7749 0
      vertex 203.6 40.3311 0
    endloop
  endfacet
  facet normal 0 -1 0
    outer loop
      vertex 205.35 40.8 0
      vertex 212.35 40.8 4
      vertex 205.35 40.8 4
    endloop
  endfacet
  facet normal 0 -1 -0
    outer loop
      vertex 212.35 40.8 4
      vertex 205.35 40.8 0
      vertex 212.35 40.8 0
    endloop
  endfacet
  facet normal 0.608684 0.793413 -0
    outer loop
      vertex 203.6 34.2689 0
      vertex 202.875 34.8251 4
      vertex 203.6 34.2689 4
    endloop
  endfacet
  facet normal 0.608684 0.793413 0
    outer loop
      vertex 202.875 34.8251 4
      vertex 203.6 34.2689 0
      vertex 202.875 34.8251 0
    endloop
  endfacet
  facet normal 0.382687 -0.923878 0
    outer loop
      vertex 203.6 40.3311 0
      vertex 204.444 40.6807 4
      vertex 203.6 40.3311 4
    endloop
  endfacet
  facet normal 0.382687 -0.923878 0
    outer loop
      vertex 204.444 40.6807 4
      vertex 203.6 40.3311 0
      vertex 204.444 40.6807 0
    endloop
  endfacet
  facet normal 0.130551 -0.991442 0
    outer loop
      vertex 204.444 40.6807 0
      vertex 205.35 40.8 4
      vertex 204.444 40.6807 4
    endloop
  endfacet
  facet normal 0.130551 -0.991442 0
    outer loop
      vertex 205.35 40.8 4
      vertex 204.444 40.6807 0
      vertex 205.35 40.8 0
    endloop
  endfacet
  facet normal 0.923739 -0.383022 2.49312e-18
    outer loop
      vertex 201.969 38.2059 4
      vertex 202.319 39.05 0
      vertex 202.319 39.05 4
    endloop
  endfacet
  facet normal 0.923739 -0.383022 2.49312e-18
    outer loop
      vertex 202.319 39.05 0
      vertex 201.969 38.2059 4
      vertex 201.969 38.2059 0
    endloop
  endfacet
  facet normal 0.793478 -0.608599 2.01596e-18
    outer loop
      vertex 202.319 39.05 4
      vertex 202.875 39.7749 0
      vertex 202.875 39.7749 4
    endloop
  endfacet
  facet normal 0.793478 -0.608599 2.01596e-18
    outer loop
      vertex 202.875 39.7749 0
      vertex 202.319 39.05 4
      vertex 202.319 39.05 0
    endloop
  endfacet
  facet normal 0.793478 0.608599 5.36073e-19
    outer loop
      vertex 202.875 34.8251 4
      vertex 202.319 35.55 0
      vertex 202.319 35.55 4
    endloop
  endfacet
  facet normal 0.793478 0.608599 5.36073e-19
    outer loop
      vertex 202.319 35.55 0
      vertex 202.875 34.8251 4
      vertex 202.875 34.8251 0
    endloop
  endfacet
  facet normal -0.923739 -0.383022 -2.49312e-18
    outer loop
      vertex 215.731 38.2059 0
      vertex 215.381 39.05 4
      vertex 215.381 39.05 0
    endloop
  endfacet
  facet normal -0.923739 -0.383022 -2.49312e-18
    outer loop
      vertex 215.381 39.05 4
      vertex 215.731 38.2059 0
      vertex 215.731 38.2059 4
    endloop
  endfacet
  facet normal 0.130551 0.991442 -0
    outer loop
      vertex 205.35 33.8 0
      vertex 204.444 33.9193 4
      vertex 205.35 33.8 4
    endloop
  endfacet
  facet normal 0.130551 0.991442 0
    outer loop
      vertex 204.444 33.9193 4
      vertex 205.35 33.8 0
      vertex 204.444 33.9193 0
    endloop
  endfacet
  facet normal -0.382687 -0.923878 0
    outer loop
      vertex 213.256 40.6807 0
      vertex 214.1 40.3311 4
      vertex 213.256 40.6807 4
    endloop
  endfacet
  facet normal -0.382687 -0.923878 -0
    outer loop
      vertex 214.1 40.3311 4
      vertex 213.256 40.6807 0
      vertex 214.1 40.3311 0
    endloop
  endfacet
  facet normal -0.923739 0.383022 -5.44307e-19
    outer loop
      vertex 215.381 35.55 0
      vertex 215.731 36.3941 4
      vertex 215.731 36.3941 0
    endloop
  endfacet
  facet normal -0.923739 0.383022 -5.44307e-19
    outer loop
      vertex 215.731 36.3941 4
      vertex 215.381 35.55 0
      vertex 215.381 35.55 4
    endloop
  endfacet
  facet normal -0.793478 -0.608599 -2.01596e-18
    outer loop
      vertex 215.381 39.05 0
      vertex 214.825 39.7749 4
      vertex 214.825 39.7749 0
    endloop
  endfacet
  facet normal -0.793478 -0.608599 -2.01596e-18
    outer loop
      vertex 214.825 39.7749 4
      vertex 215.381 39.05 0
      vertex 215.381 39.05 4
    endloop
  endfacet
  facet normal -0.991482 0.130242 -1.49711e-18
    outer loop
      vertex 215.731 36.3941 0
      vertex 215.85 37.3 4
      vertex 215.85 37.3 0
    endloop
  endfacet
  facet normal -0.991482 0.130242 -1.49711e-18
    outer loop
      vertex 215.85 37.3 4
      vertex 215.731 36.3941 0
      vertex 215.731 36.3941 4
    endloop
  endfacet
  facet normal -0.991482 -0.130242 1.77051e-18
    outer loop
      vertex 215.85 37.3 0
      vertex 215.731 38.2059 4
      vertex 215.731 38.2059 0
    endloop
  endfacet
  facet normal -0.991482 -0.130242 1.77051e-18
    outer loop
      vertex 215.731 38.2059 4
      vertex 215.85 37.3 0
      vertex 215.85 37.3 4
    endloop
  endfacet
  facet normal -0.130551 0.991442 0
    outer loop
      vertex 213.256 33.9193 0
      vertex 212.35 33.8 4
      vertex 213.256 33.9193 4
    endloop
  endfacet
  facet normal -0.130551 0.991442 0
    outer loop
      vertex 212.35 33.8 4
      vertex 213.256 33.9193 0
      vertex 212.35 33.8 0
    endloop
  endfacet
  facet normal 0 -0.130526 -0.991445
    outer loop
      vertex 0 21.825 22.65
      vertex 4 22.5109 22.5597
      vertex 4 21.825 22.65
    endloop
  endfacet
  facet normal -0 -0.130526 -0.991445
    outer loop
      vertex 4 22.5109 22.5597
      vertex 0 21.825 22.65
      vertex 0 22.5109 22.5597
    endloop
  endfacet
  facet normal 4.243e-19 0.991445 0.130526
    outer loop
      vertex 4 19.2653 19.3141
      vertex 0 19.175 20
      vertex 4 19.175 20
    endloop
  endfacet
  facet normal 4.243e-19 0.991445 0.130526
    outer loop
      vertex 0 19.175 20
      vertex 4 19.2653 19.3141
      vertex 0 19.2653 19.3141
    endloop
  endfacet
  facet normal 0 -0.608844 0.79329
    outer loop
      vertex 0 23.6988 18.1262
      vertex 4 23.15 17.705
      vertex 4 23.6988 18.1262
    endloop
  endfacet
  facet normal 0 -0.608844 0.79329
    outer loop
      vertex 4 23.15 17.705
      vertex 0 23.6988 18.1262
      vertex 0 23.15 17.705
    endloop
  endfacet
  facet normal -0 0.608844 0.79329
    outer loop
      vertex 0 20.5 17.705
      vertex 4 19.9512 18.1262
      vertex 4 20.5 17.705
    endloop
  endfacet
  facet normal 0 0.608844 0.79329
    outer loop
      vertex 4 19.9512 18.1262
      vertex 0 20.5 17.705
      vertex 0 19.9512 18.1262
    endloop
  endfacet
  facet normal 0 -0.130526 0.991445
    outer loop
      vertex 0 22.5109 17.4403
      vertex 4 21.825 17.35
      vertex 4 22.5109 17.4403
    endloop
  endfacet
  facet normal 0 -0.130526 0.991445
    outer loop
      vertex 4 21.825 17.35
      vertex 0 22.5109 17.4403
      vertex 0 21.825 17.35
    endloop
  endfacet
  facet normal -3.45533e-18 -0.79329 0.608844
    outer loop
      vertex 0 23.6988 18.1262
      vertex 4 24.12 18.675
      vertex 0 24.12 18.675
    endloop
  endfacet
  facet normal -3.45533e-18 -0.79329 0.608844
    outer loop
      vertex 4 24.12 18.675
      vertex 0 23.6988 18.1262
      vertex 4 23.6988 18.1262
    endloop
  endfacet
  facet normal 0 -0.608844 -0.79329
    outer loop
      vertex 0 23.15 22.295
      vertex 4 23.6988 21.8738
      vertex 4 23.15 22.295
    endloop
  endfacet
  facet normal -0 -0.608844 -0.79329
    outer loop
      vertex 4 23.6988 21.8738
      vertex 0 23.15 22.295
      vertex 0 23.6988 21.8738
    endloop
  endfacet
  facet normal 0 0.382654 -0.923892
    outer loop
      vertex 0 20.5 22.295
      vertex 4 21.1391 22.5597
      vertex 4 20.5 22.295
    endloop
  endfacet
  facet normal 0 0.382654 -0.923892
    outer loop
      vertex 4 21.1391 22.5597
      vertex 0 20.5 22.295
      vertex 0 21.1391 22.5597
    endloop
  endfacet
  facet normal -0 0.382654 0.923892
    outer loop
      vertex 0 21.1391 17.4403
      vertex 4 20.5 17.705
      vertex 4 21.1391 17.4403
    endloop
  endfacet
  facet normal 0 0.382654 0.923892
    outer loop
      vertex 4 20.5 17.705
      vertex 0 21.1391 17.4403
      vertex 0 20.5 17.705
    endloop
  endfacet
  facet normal -0 0.130526 0.991445
    outer loop
      vertex 0 21.825 17.35
      vertex 4 21.1391 17.4403
      vertex 4 21.825 17.35
    endloop
  endfacet
  facet normal 0 0.130526 0.991445
    outer loop
      vertex 4 21.1391 17.4403
      vertex 0 21.825 17.35
      vertex 0 21.1391 17.4403
    endloop
  endfacet
  facet normal 1.64555e-18 0.923892 0.382654
    outer loop
      vertex 4 19.53 18.675
      vertex 0 19.2653 19.3141
      vertex 4 19.2653 19.3141
    endloop
  endfacet
  facet normal 1.64555e-18 0.923892 0.382654
    outer loop
      vertex 0 19.2653 19.3141
      vertex 4 19.53 18.675
      vertex 0 19.53 18.675
    endloop
  endfacet
  facet normal 0 0.608844 -0.79329
    outer loop
      vertex 0 19.9512 21.8738
      vertex 4 20.5 22.295
      vertex 4 19.9512 21.8738
    endloop
  endfacet
  facet normal 0 0.608844 -0.79329
    outer loop
      vertex 4 20.5 22.295
      vertex 0 19.9512 21.8738
      vertex 0 20.5 22.295
    endloop
  endfacet
  facet normal -2.90531e-20 -0.991445 -0.130526
    outer loop
      vertex 0 24.475 20
      vertex 4 24.3847 20.6859
      vertex 0 24.3847 20.6859
    endloop
  endfacet
  facet normal -2.90531e-20 -0.991445 -0.130526
    outer loop
      vertex 4 24.3847 20.6859
      vertex 0 24.475 20
      vertex 4 24.475 20
    endloop
  endfacet
  facet normal -3.12491e-19 -0.923892 -0.382654
    outer loop
      vertex 0 24.3847 20.6859
      vertex 4 24.12 21.325
      vertex 0 24.12 21.325
    endloop
  endfacet
  facet normal -3.12491e-19 -0.923892 -0.382654
    outer loop
      vertex 4 24.12 21.325
      vertex 0 24.3847 20.6859
      vertex 4 24.3847 20.6859
    endloop
  endfacet
  facet normal 0 -0.382654 0.923892
    outer loop
      vertex 0 23.15 17.705
      vertex 4 22.5109 17.4403
      vertex 4 23.15 17.705
    endloop
  endfacet
  facet normal 0 -0.382654 0.923892
    outer loop
      vertex 4 22.5109 17.4403
      vertex 0 23.15 17.705
      vertex 0 22.5109 17.4403
    endloop
  endfacet
  facet normal 0 0.130526 -0.991445
    outer loop
      vertex 0 21.1391 22.5597
      vertex 4 21.825 22.65
      vertex 4 21.1391 22.5597
    endloop
  endfacet
  facet normal 0 0.130526 -0.991445
    outer loop
      vertex 4 21.825 22.65
      vertex 0 21.1391 22.5597
      vertex 0 21.825 22.65
    endloop
  endfacet
  facet normal 2.90531e-20 -0.991445 0.130526
    outer loop
      vertex 0 24.3847 19.3141
      vertex 4 24.475 20
      vertex 0 24.475 20
    endloop
  endfacet
  facet normal 2.90531e-20 -0.991445 0.130526
    outer loop
      vertex 4 24.475 20
      vertex 0 24.3847 19.3141
      vertex 4 24.3847 19.3141
    endloop
  endfacet
  facet normal -1.64555e-18 0.923892 -0.382654
    outer loop
      vertex 4 19.2653 20.6859
      vertex 0 19.53 21.325
      vertex 4 19.53 21.325
    endloop
  endfacet
  facet normal -1.64555e-18 0.923892 -0.382654
    outer loop
      vertex 0 19.53 21.325
      vertex 4 19.2653 20.6859
      vertex 0 19.2653 20.6859
    endloop
  endfacet
  facet normal 3.45533e-18 -0.79329 -0.608844
    outer loop
      vertex 0 24.12 21.325
      vertex 4 23.6988 21.8738
      vertex 0 23.6988 21.8738
    endloop
  endfacet
  facet normal 3.45533e-18 -0.79329 -0.608844
    outer loop
      vertex 4 23.6988 21.8738
      vertex 0 24.12 21.325
      vertex 4 24.12 21.325
    endloop
  endfacet
  facet normal 3.12491e-19 -0.923892 0.382654
    outer loop
      vertex 0 24.12 18.675
      vertex 4 24.3847 19.3141
      vertex 0 24.3847 19.3141
    endloop
  endfacet
  facet normal 3.12491e-19 -0.923892 0.382654
    outer loop
      vertex 4 24.3847 19.3141
      vertex 0 24.12 18.675
      vertex 4 24.12 18.675
    endloop
  endfacet
  facet normal -4.1034e-18 0.79329 0.608844
    outer loop
      vertex 4 19.9512 18.1262
      vertex 0 19.53 18.675
      vertex 4 19.53 18.675
    endloop
  endfacet
  facet normal -4.1034e-18 0.79329 0.608844
    outer loop
      vertex 0 19.53 18.675
      vertex 4 19.9512 18.1262
      vertex 0 19.9512 18.1262
    endloop
  endfacet
  facet normal -4.243e-19 0.991445 -0.130526
    outer loop
      vertex 4 19.175 20
      vertex 0 19.2653 20.6859
      vertex 4 19.2653 20.6859
    endloop
  endfacet
  facet normal -4.243e-19 0.991445 -0.130526
    outer loop
      vertex 0 19.2653 20.6859
      vertex 4 19.175 20
      vertex 0 19.175 20
    endloop
  endfacet
  facet normal 4.1034e-18 0.79329 -0.608844
    outer loop
      vertex 4 19.53 21.325
      vertex 0 19.9512 21.8738
      vertex 4 19.9512 21.8738
    endloop
  endfacet
  facet normal 4.1034e-18 0.79329 -0.608844
    outer loop
      vertex 0 19.9512 21.8738
      vertex 4 19.53 21.325
      vertex 0 19.53 21.325
    endloop
  endfacet
  facet normal 0 -0.382654 -0.923892
    outer loop
      vertex 0 22.5109 22.5597
      vertex 4 23.15 22.295
      vertex 4 22.5109 22.5597
    endloop
  endfacet
  facet normal -0 -0.382654 -0.923892
    outer loop
      vertex 4 23.15 22.295
      vertex 0 22.5109 22.5597
      vertex 0 23.15 22.295
    endloop
  endfacet
  facet normal 0 1 -0
    outer loop
      vertex 10 17.725 17.6329
      vertex 4 17.725 22.3671
      vertex 10 17.725 22.3671
    endloop
  endfacet
  facet normal 0 1 0
    outer loop
      vertex 4 17.725 22.3671
      vertex 10 17.725 17.6329
      vertex 4 17.725 17.6329
    endloop
  endfacet
  facet normal 1 0 0
    outer loop
      vertex 4 25.925 22.3671
      vertex 4 24.475 20
      vertex 4 25.925 17.6329
    endloop
  endfacet
  facet normal 1 0 0
    outer loop
      vertex 4 25.925 22.3671
      vertex 4 24.3847 20.6859
      vertex 4 24.475 20
    endloop
  endfacet
  facet normal 1 0 0
    outer loop
      vertex 4 25.925 22.3671
      vertex 4 24.12 21.325
      vertex 4 24.3847 20.6859
    endloop
  endfacet
  facet normal 1 0 0
    outer loop
      vertex 4 25.925 22.3671
      vertex 4 23.6988 21.8738
      vertex 4 24.12 21.325
    endloop
  endfacet
  facet normal 1 0 0
    outer loop
      vertex 4 25.925 22.3671
      vertex 4 23.15 22.295
      vertex 4 23.6988 21.8738
    endloop
  endfacet
  facet normal 1 0 0
    outer loop
      vertex 4 21.825 24.7343
      vertex 4 23.15 22.295
      vertex 4 25.925 22.3671
    endloop
  endfacet
  facet normal 1 0 0
    outer loop
      vertex 4 23.15 22.295
      vertex 4 21.825 24.7343
      vertex 4 22.5109 22.5597
    endloop
  endfacet
  facet normal 1 0 0
    outer loop
      vertex 4 21.825 24.7343
      vertex 4 21.825 22.65
      vertex 4 22.5109 22.5597
    endloop
  endfacet
  facet normal 1 0 0
    outer loop
      vertex 4 21.825 24.7343
      vertex 4 21.1391 22.5597
      vertex 4 21.825 22.65
    endloop
  endfacet
  facet normal 1 0 0
    outer loop
      vertex 4 21.825 24.7343
      vertex 4 20.5 22.295
      vertex 4 21.1391 22.5597
    endloop
  endfacet
  facet normal 1 -0 0
    outer loop
      vertex 4 17.725 22.3671
      vertex 4 20.5 22.295
      vertex 4 21.825 24.7343
    endloop
  endfacet
  facet normal 1 0 0
    outer loop
      vertex 4 20.5 22.295
      vertex 4 17.725 22.3671
      vertex 4 19.9512 21.8738
    endloop
  endfacet
  facet normal 1 0 0
    outer loop
      vertex 4 19.2653 20.6859
      vertex 4 17.725 22.3671
      vertex 4 19.175 20
    endloop
  endfacet
  facet normal 1 0 0
    outer loop
      vertex 4 19.53 21.325
      vertex 4 17.725 22.3671
      vertex 4 19.2653 20.6859
    endloop
  endfacet
  facet normal 1 0 0
    outer loop
      vertex 4 19.9512 21.8738
      vertex 4 17.725 22.3671
      vertex 4 19.53 21.325
    endloop
  endfacet
  facet normal 1 -0 0
    outer loop
      vertex 4 24.3847 19.3141
      vertex 4 25.925 17.6329
      vertex 4 24.475 20
    endloop
  endfacet
  facet normal 1 -0 0
    outer loop
      vertex 4 24.12 18.675
      vertex 4 25.925 17.6329
      vertex 4 24.3847 19.3141
    endloop
  endfacet
  facet normal 1 -0 0
    outer loop
      vertex 4 23.6988 18.1262
      vertex 4 25.925 17.6329
      vertex 4 24.12 18.675
    endloop
  endfacet
  facet normal 1 -0 0
    outer loop
      vertex 4 23.15 17.705
      vertex 4 25.925 17.6329
      vertex 4 23.6988 18.1262
    endloop
  endfacet
  facet normal 1 0 0
    outer loop
      vertex 4 21.825 15.2657
      vertex 4 23.15 17.705
      vertex 4 22.5109 17.4403
    endloop
  endfacet
  facet normal 1 0 0
    outer loop
      vertex 4 21.825 15.2657
      vertex 4 22.5109 17.4403
      vertex 4 21.825 17.35
    endloop
  endfacet
  facet normal 1 0 0
    outer loop
      vertex 4 23.15 17.705
      vertex 4 21.825 15.2657
      vertex 4 25.925 17.6329
    endloop
  endfacet
  facet normal 1 0 0
    outer loop
      vertex 4 21.1391 17.4403
      vertex 4 21.825 15.2657
      vertex 4 21.825 17.35
    endloop
  endfacet
  facet normal 1 0 0
    outer loop
      vertex 4 20.5 17.705
      vertex 4 21.825 15.2657
      vertex 4 21.1391 17.4403
    endloop
  endfacet
  facet normal 1 0 0
    outer loop
      vertex 4 17.725 17.6329
      vertex 4 20.5 17.705
      vertex 4 19.9512 18.1262
    endloop
  endfacet
  facet normal 1 0 0
    outer loop
      vertex 4 17.725 17.6329
      vertex 4 19.9512 18.1262
      vertex 4 19.53 18.675
    endloop
  endfacet
  facet normal 1 0 0
    outer loop
      vertex 4 17.725 17.6329
      vertex 4 19.175 20
      vertex 4 17.725 22.3671
    endloop
  endfacet
  facet normal 1 0 0
    outer loop
      vertex 4 19.175 20
      vertex 4 17.725 17.6329
      vertex 4 19.2653 19.3141
    endloop
  endfacet
  facet normal 1 0 0
    outer loop
      vertex 4 20.5 17.705
      vertex 4 17.725 17.6329
      vertex 4 21.825 15.2657
    endloop
  endfacet
  facet normal 1 0 0
    outer loop
      vertex 4 19.2653 19.3141
      vertex 4 17.725 17.6329
      vertex 4 19.53 18.675
    endloop
  endfacet
  facet normal 0 -0.50001 -0.86602
    outer loop
      vertex 4 21.825 24.7343
      vertex 10 25.925 22.3671
      vertex 10 21.825 24.7343
    endloop
  endfacet
  facet normal -0 -0.50001 -0.86602
    outer loop
      vertex 10 25.925 22.3671
      vertex 4 21.825 24.7343
      vertex 4 25.925 22.3671
    endloop
  endfacet
  facet normal 0 -0.50001 0.86602
    outer loop
      vertex 4 25.925 17.6329
      vertex 10 21.825 15.2657
      vertex 10 25.925 17.6329
    endloop
  endfacet
  facet normal 0 -0.50001 0.86602
    outer loop
      vertex 10 21.825 15.2657
      vertex 4 25.925 17.6329
      vertex 4 21.825 15.2657
    endloop
  endfacet
  facet normal -0 0.50001 0.86602
    outer loop
      vertex 4 21.825 15.2657
      vertex 10 17.725 17.6329
      vertex 10 21.825 15.2657
    endloop
  endfacet
  facet normal 0 0.50001 0.86602
    outer loop
      vertex 10 17.725 17.6329
      vertex 4 21.825 15.2657
      vertex 4 17.725 17.6329
    endloop
  endfacet
  facet normal 0 -1 0
    outer loop
      vertex 4 25.925 17.6329
      vertex 10 25.925 22.3671
      vertex 4 25.925 22.3671
    endloop
  endfacet
  facet normal 0 -1 -0
    outer loop
      vertex 10 25.925 22.3671
      vertex 4 25.925 17.6329
      vertex 10 25.925 17.6329
    endloop
  endfacet
  facet normal 0 0.50001 -0.86602
    outer loop
      vertex 4 17.725 22.3671
      vertex 10 21.825 24.7343
      vertex 10 17.725 22.3671
    endloop
  endfacet
  facet normal 0 0.50001 -0.86602
    outer loop
      vertex 10 21.825 24.7343
      vertex 4 17.725 22.3671
      vertex 4 21.825 24.7343
    endloop
  endfacet
  facet normal 0 -0.130526 -0.991445
    outer loop
      vertex 0 21.825 50.65
      vertex 4 22.5109 50.5597
      vertex 4 21.825 50.65
    endloop
  endfacet
  facet normal -0 -0.130526 -0.991445
    outer loop
      vertex 4 22.5109 50.5597
      vertex 0 21.825 50.65
      vertex 0 22.5109 50.5597
    endloop
  endfacet
  facet normal 1.01005e-18 0.991445 0.130526
    outer loop
      vertex 4 19.2653 47.3141
      vertex 0 19.175 48
      vertex 4 19.175 48
    endloop
  endfacet
  facet normal 1.01005e-18 0.991445 0.130526
    outer loop
      vertex 0 19.175 48
      vertex 4 19.2653 47.3141
      vertex 0 19.2653 47.3141
    endloop
  endfacet
  facet normal 0 -0.608844 0.79329
    outer loop
      vertex 0 23.6988 46.1262
      vertex 4 23.15 45.705
      vertex 4 23.6988 46.1262
    endloop
  endfacet
  facet normal 0 -0.608844 0.79329
    outer loop
      vertex 4 23.15 45.705
      vertex 0 23.6988 46.1262
      vertex 0 23.15 45.705
    endloop
  endfacet
  facet normal -0 0.608844 0.79329
    outer loop
      vertex 0 20.5 45.705
      vertex 4 19.9512 46.1262
      vertex 4 20.5 45.705
    endloop
  endfacet
  facet normal 0 0.608844 0.79329
    outer loop
      vertex 4 19.9512 46.1262
      vertex 0 20.5 45.705
      vertex 0 19.9512 46.1262
    endloop
  endfacet
  facet normal 0 -0.130526 0.991445
    outer loop
      vertex 0 22.5109 45.4403
      vertex 4 21.825 45.35
      vertex 4 22.5109 45.4403
    endloop
  endfacet
  facet normal 0 -0.130526 0.991445
    outer loop
      vertex 4 21.825 45.35
      vertex 0 22.5109 45.4403
      vertex 0 21.825 45.35
    endloop
  endfacet
  facet normal -3.45533e-18 -0.79329 0.608844
    outer loop
      vertex 0 23.6988 46.1262
      vertex 4 24.12 46.675
      vertex 0 24.12 46.675
    endloop
  endfacet
  facet normal -3.45533e-18 -0.79329 0.608844
    outer loop
      vertex 4 24.12 46.675
      vertex 0 23.6988 46.1262
      vertex 4 23.6988 46.1262
    endloop
  endfacet
  facet normal 0 -0.608844 -0.79329
    outer loop
      vertex 0 23.15 50.295
      vertex 4 23.6988 49.8738
      vertex 4 23.15 50.295
    endloop
  endfacet
  facet normal -0 -0.608844 -0.79329
    outer loop
      vertex 4 23.6988 49.8738
      vertex 0 23.15 50.295
      vertex 0 23.6988 49.8738
    endloop
  endfacet
  facet normal 0 0.382654 -0.923892
    outer loop
      vertex 0 20.5 50.295
      vertex 4 21.1391 50.5597
      vertex 4 20.5 50.295
    endloop
  endfacet
  facet normal 0 0.382654 -0.923892
    outer loop
      vertex 4 21.1391 50.5597
      vertex 0 20.5 50.295
      vertex 0 21.1391 50.5597
    endloop
  endfacet
  facet normal -0 0.382654 0.923892
    outer loop
      vertex 0 21.1391 45.4403
      vertex 4 20.5 45.705
      vertex 4 21.1391 45.4403
    endloop
  endfacet
  facet normal 0 0.382654 0.923892
    outer loop
      vertex 4 20.5 45.705
      vertex 0 21.1391 45.4403
      vertex 0 20.5 45.705
    endloop
  endfacet
  facet normal -0 0.130526 0.991445
    outer loop
      vertex 0 21.825 45.35
      vertex 4 21.1391 45.4403
      vertex 4 21.825 45.35
    endloop
  endfacet
  facet normal 0 0.130526 0.991445
    outer loop
      vertex 4 21.1391 45.4403
      vertex 0 21.825 45.35
      vertex 0 21.1391 45.4403
    endloop
  endfacet
  facet normal 4.02088e-18 0.923892 0.382654
    outer loop
      vertex 4 19.53 46.675
      vertex 0 19.2653 47.3141
      vertex 4 19.2653 47.3141
    endloop
  endfacet
  facet normal 4.02088e-18 0.923892 0.382654
    outer loop
      vertex 0 19.2653 47.3141
      vertex 4 19.53 46.675
      vertex 0 19.53 46.675
    endloop
  endfacet
  facet normal 0 0.608844 -0.79329
    outer loop
      vertex 0 19.9512 49.8738
      vertex 4 20.5 50.295
      vertex 4 19.9512 49.8738
    endloop
  endfacet
  facet normal 0 0.608844 -0.79329
    outer loop
      vertex 4 20.5 50.295
      vertex 0 19.9512 49.8738
      vertex 0 20.5 50.295
    endloop
  endfacet
  facet normal 5.56695e-19 -0.991445 -0.130526
    outer loop
      vertex 0 24.475 48
      vertex 4 24.3847 48.6859
      vertex 0 24.3847 48.6859
    endloop
  endfacet
  facet normal 5.56695e-19 -0.991445 -0.130526
    outer loop
      vertex 4 24.3847 48.6859
      vertex 0 24.475 48
      vertex 4 24.475 48
    endloop
  endfacet
  facet normal 2.06284e-18 -0.923892 -0.382654
    outer loop
      vertex 0 24.3847 48.6859
      vertex 4 24.12 49.325
      vertex 0 24.12 49.325
    endloop
  endfacet
  facet normal 2.06284e-18 -0.923892 -0.382654
    outer loop
      vertex 4 24.12 49.325
      vertex 0 24.3847 48.6859
      vertex 4 24.3847 48.6859
    endloop
  endfacet
  facet normal 0 -0.382654 0.923892
    outer loop
      vertex 0 23.15 45.705
      vertex 4 22.5109 45.4403
      vertex 4 23.15 45.705
    endloop
  endfacet
  facet normal 0 -0.382654 0.923892
    outer loop
      vertex 4 22.5109 45.4403
      vertex 0 23.15 45.705
      vertex 0 22.5109 45.4403
    endloop
  endfacet
  facet normal 0 0.130526 -0.991445
    outer loop
      vertex 0 21.1391 50.5597
      vertex 4 21.825 50.65
      vertex 4 21.1391 50.5597
    endloop
  endfacet
  facet normal 0 0.130526 -0.991445
    outer loop
      vertex 4 21.825 50.65
      vertex 0 21.1391 50.5597
      vertex 0 21.825 50.65
    endloop
  endfacet
  facet normal -5.56695e-19 -0.991445 0.130526
    outer loop
      vertex 0 24.3847 47.3141
      vertex 4 24.475 48
      vertex 0 24.475 48
    endloop
  endfacet
  facet normal -5.56695e-19 -0.991445 0.130526
    outer loop
      vertex 4 24.475 48
      vertex 0 24.3847 47.3141
      vertex 4 24.3847 47.3141
    endloop
  endfacet
  facet normal -4.02088e-18 0.923892 -0.382654
    outer loop
      vertex 4 19.2653 48.6859
      vertex 0 19.53 49.325
      vertex 4 19.53 49.325
    endloop
  endfacet
  facet normal -4.02088e-18 0.923892 -0.382654
    outer loop
      vertex 0 19.53 49.325
      vertex 4 19.2653 48.6859
      vertex 0 19.2653 48.6859
    endloop
  endfacet
  facet normal 3.45533e-18 -0.79329 -0.608844
    outer loop
      vertex 0 24.12 49.325
      vertex 4 23.6988 49.8738
      vertex 0 23.6988 49.8738
    endloop
  endfacet
  facet normal 3.45533e-18 -0.79329 -0.608844
    outer loop
      vertex 4 23.6988 49.8738
      vertex 0 24.12 49.325
      vertex 4 24.12 49.325
    endloop
  endfacet
  facet normal -2.06284e-18 -0.923892 0.382654
    outer loop
      vertex 0 24.12 46.675
      vertex 4 24.3847 47.3141
      vertex 0 24.3847 47.3141
    endloop
  endfacet
  facet normal -2.06284e-18 -0.923892 0.382654
    outer loop
      vertex 4 24.3847 47.3141
      vertex 0 24.12 46.675
      vertex 4 24.12 46.675
    endloop
  endfacet
  facet normal -4.1034e-18 0.79329 0.608844
    outer loop
      vertex 4 19.9512 46.1262
      vertex 0 19.53 46.675
      vertex 4 19.53 46.675
    endloop
  endfacet
  facet normal -4.1034e-18 0.79329 0.608844
    outer loop
      vertex 0 19.53 46.675
      vertex 4 19.9512 46.1262
      vertex 0 19.9512 46.1262
    endloop
  endfacet
  facet normal -1.01005e-18 0.991445 -0.130526
    outer loop
      vertex 4 19.175 48
      vertex 0 19.2653 48.6859
      vertex 4 19.2653 48.6859
    endloop
  endfacet
  facet normal -1.01005e-18 0.991445 -0.130526
    outer loop
      vertex 0 19.2653 48.6859
      vertex 4 19.175 48
      vertex 0 19.175 48
    endloop
  endfacet
  facet normal 4.1034e-18 0.79329 -0.608844
    outer loop
      vertex 4 19.53 49.325
      vertex 0 19.9512 49.8738
      vertex 4 19.9512 49.8738
    endloop
  endfacet
  facet normal 4.1034e-18 0.79329 -0.608844
    outer loop
      vertex 0 19.9512 49.8738
      vertex 4 19.53 49.325
      vertex 0 19.53 49.325
    endloop
  endfacet
  facet normal 0 -0.382654 -0.923892
    outer loop
      vertex 0 22.5109 50.5597
      vertex 4 23.15 50.295
      vertex 4 22.5109 50.5597
    endloop
  endfacet
  facet normal -0 -0.382654 -0.923892
    outer loop
      vertex 4 23.15 50.295
      vertex 0 22.5109 50.5597
      vertex 0 23.15 50.295
    endloop
  endfacet
  facet normal 0 1 -0
    outer loop
      vertex 10 17.725 45.6329
      vertex 4 17.725 50.3671
      vertex 10 17.725 50.3671
    endloop
  endfacet
  facet normal 0 1 0
    outer loop
      vertex 4 17.725 50.3671
      vertex 10 17.725 45.6329
      vertex 4 17.725 45.6329
    endloop
  endfacet
  facet normal 1 0 0
    outer loop
      vertex 4 25.925 50.3671
      vertex 4 24.475 48
      vertex 4 25.925 45.6329
    endloop
  endfacet
  facet normal 1 0 0
    outer loop
      vertex 4 25.925 50.3671
      vertex 4 24.3847 48.6859
      vertex 4 24.475 48
    endloop
  endfacet
  facet normal 1 0 0
    outer loop
      vertex 4 25.925 50.3671
      vertex 4 24.12 49.325
      vertex 4 24.3847 48.6859
    endloop
  endfacet
  facet normal 1 0 0
    outer loop
      vertex 4 25.925 50.3671
      vertex 4 23.6988 49.8738
      vertex 4 24.12 49.325
    endloop
  endfacet
  facet normal 1 0 0
    outer loop
      vertex 4 25.925 50.3671
      vertex 4 23.15 50.295
      vertex 4 23.6988 49.8738
    endloop
  endfacet
  facet normal 1 0 0
    outer loop
      vertex 4 21.825 52.7343
      vertex 4 23.15 50.295
      vertex 4 25.925 50.3671
    endloop
  endfacet
  facet normal 1 0 0
    outer loop
      vertex 4 23.15 50.295
      vertex 4 21.825 52.7343
      vertex 4 22.5109 50.5597
    endloop
  endfacet
  facet normal 1 0 0
    outer loop
      vertex 4 21.825 52.7343
      vertex 4 21.825 50.65
      vertex 4 22.5109 50.5597
    endloop
  endfacet
  facet normal 1 0 0
    outer loop
      vertex 4 21.825 52.7343
      vertex 4 21.1391 50.5597
      vertex 4 21.825 50.65
    endloop
  endfacet
  facet normal 1 0 0
    outer loop
      vertex 4 21.825 52.7343
      vertex 4 20.5 50.295
      vertex 4 21.1391 50.5597
    endloop
  endfacet
  facet normal 1 -0 0
    outer loop
      vertex 4 17.725 50.3671
      vertex 4 20.5 50.295
      vertex 4 21.825 52.7343
    endloop
  endfacet
  facet normal 1 0 0
    outer loop
      vertex 4 20.5 50.295
      vertex 4 17.725 50.3671
      vertex 4 19.9512 49.8738
    endloop
  endfacet
  facet normal 1 0 0
    outer loop
      vertex 4 19.2653 48.6859
      vertex 4 17.725 50.3671
      vertex 4 19.175 48
    endloop
  endfacet
  facet normal 1 0 0
    outer loop
      vertex 4 19.53 49.325
      vertex 4 17.725 50.3671
      vertex 4 19.2653 48.6859
    endloop
  endfacet
  facet normal 1 0 0
    outer loop
      vertex 4 19.9512 49.8738
      vertex 4 17.725 50.3671
      vertex 4 19.53 49.325
    endloop
  endfacet
  facet normal 1 -0 0
    outer loop
      vertex 4 24.3847 47.3141
      vertex 4 25.925 45.6329
      vertex 4 24.475 48
    endloop
  endfacet
  facet normal 1 -0 0
    outer loop
      vertex 4 24.12 46.675
      vertex 4 25.925 45.6329
      vertex 4 24.3847 47.3141
    endloop
  endfacet
  facet normal 1 -0 0
    outer loop
      vertex 4 23.6988 46.1262
      vertex 4 25.925 45.6329
      vertex 4 24.12 46.675
    endloop
  endfacet
  facet normal 1 -0 0
    outer loop
      vertex 4 23.15 45.705
      vertex 4 25.925 45.6329
      vertex 4 23.6988 46.1262
    endloop
  endfacet
  facet normal 1 0 0
    outer loop
      vertex 4 21.825 43.2657
      vertex 4 23.15 45.705
      vertex 4 22.5109 45.4403
    endloop
  endfacet
  facet normal 1 0 0
    outer loop
      vertex 4 21.825 43.2657
      vertex 4 22.5109 45.4403
      vertex 4 21.825 45.35
    endloop
  endfacet
  facet normal 1 0 0
    outer loop
      vertex 4 23.15 45.705
      vertex 4 21.825 43.2657
      vertex 4 25.925 45.6329
    endloop
  endfacet
  facet normal 1 0 0
    outer loop
      vertex 4 21.1391 45.4403
      vertex 4 21.825 43.2657
      vertex 4 21.825 45.35
    endloop
  endfacet
  facet normal 1 0 0
    outer loop
      vertex 4 20.5 45.705
      vertex 4 21.825 43.2657
      vertex 4 21.1391 45.4403
    endloop
  endfacet
  facet normal 1 0 0
    outer loop
      vertex 4 17.725 45.6329
      vertex 4 20.5 45.705
      vertex 4 19.9512 46.1262
    endloop
  endfacet
  facet normal 1 0 0
    outer loop
      vertex 4 17.725 45.6329
      vertex 4 19.9512 46.1262
      vertex 4 19.53 46.675
    endloop
  endfacet
  facet normal 1 0 0
    outer loop
      vertex 4 17.725 45.6329
      vertex 4 19.175 48
      vertex 4 17.725 50.3671
    endloop
  endfacet
  facet normal 1 0 0
    outer loop
      vertex 4 19.175 48
      vertex 4 17.725 45.6329
      vertex 4 19.2653 47.3141
    endloop
  endfacet
  facet normal 1 0 0
    outer loop
      vertex 4 20.5 45.705
      vertex 4 17.725 45.6329
      vertex 4 21.825 43.2657
    endloop
  endfacet
  facet normal 1 0 0
    outer loop
      vertex 4 19.2653 47.3141
      vertex 4 17.725 45.6329
      vertex 4 19.53 46.675
    endloop
  endfacet
  facet normal 0 -0.50001 0.86602
    outer loop
      vertex 4 25.925 45.6329
      vertex 10 21.825 43.2657
      vertex 10 25.925 45.6329
    endloop
  endfacet
  facet normal 0 -0.50001 0.86602
    outer loop
      vertex 10 21.825 43.2657
      vertex 4 25.925 45.6329
      vertex 4 21.825 43.2657
    endloop
  endfacet
  facet normal -0 0.50001 0.86602
    outer loop
      vertex 4 21.825 43.2657
      vertex 10 17.725 45.6329
      vertex 10 21.825 43.2657
    endloop
  endfacet
  facet normal 0 0.50001 0.86602
    outer loop
      vertex 10 17.725 45.6329
      vertex 4 21.825 43.2657
      vertex 4 17.725 45.6329
    endloop
  endfacet
  facet normal 0 -1 0
    outer loop
      vertex 4 25.925 45.6329
      vertex 10 25.925 50.3671
      vertex 4 25.925 50.3671
    endloop
  endfacet
  facet normal 0 -1 -0
    outer loop
      vertex 10 25.925 50.3671
      vertex 4 25.925 45.6329
      vertex 10 25.925 45.6329
    endloop
  endfacet
  facet normal 0 0.50001 -0.86602
    outer loop
      vertex 4 17.725 50.3671
      vertex 10 21.825 52.7343
      vertex 10 17.725 50.3671
    endloop
  endfacet
  facet normal 0 0.50001 -0.86602
    outer loop
      vertex 10 21.825 52.7343
      vertex 4 17.725 50.3671
      vertex 4 21.825 52.7343
    endloop
  endfacet
  facet normal 0 -0.50001 -0.86602
    outer loop
      vertex 4 21.825 52.7343
      vertex 10 25.925 50.3671
      vertex 10 21.825 52.7343
    endloop
  endfacet
  facet normal -0 -0.50001 -0.86602
    outer loop
      vertex 10 25.925 50.3671
      vertex 4 21.825 52.7343
      vertex 4 25.925 50.3671
    endloop
  endfacet
  facet normal -0.500002 0 -0.866024
    outer loop
      vertex 108.1 -6 42.2056
      vertex 114.6 -2 38.4528
      vertex 114.6 -6 38.4528
    endloop
  endfacet
  facet normal -0.500002 0 -0.866024
    outer loop
      vertex 114.6 -2 38.4528
      vertex 108.1 -6 42.2056
      vertex 108.1 -2 42.2056
    endloop
  endfacet
  facet normal -1 0 0
    outer loop
      vertex 114.6 -6 30.9472
      vertex 114.6 -2 38.4528
      vertex 114.6 -2 30.9472
    endloop
  endfacet
  facet normal -1 -0 0
    outer loop
      vertex 114.6 -2 38.4528
      vertex 114.6 -6 30.9472
      vertex 114.6 -6 38.4528
    endloop
  endfacet
  facet normal 0.500002 -5.9168e-17 0.866024
    outer loop
      vertex 101.6 -2 30.9472
      vertex 108.1 -6 27.1944
      vertex 108.1 -2 27.1944
    endloop
  endfacet
  facet normal 0.500002 -5.9168e-17 0.866024
    outer loop
      vertex 108.1 -6 27.1944
      vertex 101.6 -2 30.9472
      vertex 101.6 -6 30.9472
    endloop
  endfacet
  facet normal -0.500002 5.9168e-17 0.866024
    outer loop
      vertex 108.1 -2 27.1944
      vertex 114.6 -6 30.9472
      vertex 114.6 -2 30.9472
    endloop
  endfacet
  facet normal -0.500002 5.9168e-17 0.866024
    outer loop
      vertex 114.6 -6 30.9472
      vertex 108.1 -2 27.1944
      vertex 108.1 -6 27.1944
    endloop
  endfacet
  facet normal 1 -0 0
    outer loop
      vertex 101.6 -6 38.4528
      vertex 101.6 -2 30.9472
      vertex 101.6 -2 38.4528
    endloop
  endfacet
  facet normal 1 0 0
    outer loop
      vertex 101.6 -2 30.9472
      vertex 101.6 -6 38.4528
      vertex 101.6 -6 30.9472
    endloop
  endfacet
  facet normal 0.500002 0 -0.866024
    outer loop
      vertex 101.6 -6 38.4528
      vertex 108.1 -2 42.2056
      vertex 108.1 -6 42.2056
    endloop
  endfacet
  facet normal 0.500002 0 -0.866024
    outer loop
      vertex 108.1 -2 42.2056
      vertex 101.6 -6 38.4528
      vertex 101.6 -2 38.4528
    endloop
  endfacet
  facet normal -0.500002 0 -0.866024
    outer loop
      vertex 124.1 -6 42.2056
      vertex 130.6 -2 38.4528
      vertex 130.6 -6 38.4528
    endloop
  endfacet
  facet normal -0.500002 0 -0.866024
    outer loop
      vertex 130.6 -2 38.4528
      vertex 124.1 -6 42.2056
      vertex 124.1 -2 42.2056
    endloop
  endfacet
  facet normal -1 0 0
    outer loop
      vertex 130.6 -6 30.9472
      vertex 130.6 -2 38.4528
      vertex 130.6 -2 30.9472
    endloop
  endfacet
  facet normal -1 -0 0
    outer loop
      vertex 130.6 -2 38.4528
      vertex 130.6 -6 30.9472
      vertex 130.6 -6 38.4528
    endloop
  endfacet
  facet normal 0.500002 -5.9168e-17 0.866024
    outer loop
      vertex 117.6 -2 30.9472
      vertex 124.1 -6 27.1944
      vertex 124.1 -2 27.1944
    endloop
  endfacet
  facet normal 0.500002 -5.9168e-17 0.866024
    outer loop
      vertex 124.1 -6 27.1944
      vertex 117.6 -2 30.9472
      vertex 117.6 -6 30.9472
    endloop
  endfacet
  facet normal -0.500002 5.9168e-17 0.866024
    outer loop
      vertex 124.1 -2 27.1944
      vertex 130.6 -6 30.9472
      vertex 130.6 -2 30.9472
    endloop
  endfacet
  facet normal -0.500002 5.9168e-17 0.866024
    outer loop
      vertex 130.6 -6 30.9472
      vertex 124.1 -2 27.1944
      vertex 124.1 -6 27.1944
    endloop
  endfacet
  facet normal 1 -0 0
    outer loop
      vertex 117.6 -6 38.4528
      vertex 117.6 -2 30.9472
      vertex 117.6 -2 38.4528
    endloop
  endfacet
  facet normal 1 0 0
    outer loop
      vertex 117.6 -2 30.9472
      vertex 117.6 -6 38.4528
      vertex 117.6 -6 30.9472
    endloop
  endfacet
  facet normal 0.500002 0 -0.866024
    outer loop
      vertex 117.6 -6 38.4528
      vertex 124.1 -2 42.2056
      vertex 124.1 -6 42.2056
    endloop
  endfacet
  facet normal 0.500002 0 -0.866024
    outer loop
      vertex 124.1 -2 42.2056
      vertex 117.6 -6 38.4528
      vertex 117.6 -2 38.4528
    endloop
  endfacet
  facet normal -0.500002 0 -0.866024
    outer loop
      vertex 140.1 -6 42.2056
      vertex 146.6 -2 38.4528
      vertex 146.6 -6 38.4528
    endloop
  endfacet
  facet normal -0.500002 0 -0.866024
    outer loop
      vertex 146.6 -2 38.4528
      vertex 140.1 -6 42.2056
      vertex 140.1 -2 42.2056
    endloop
  endfacet
  facet normal 0.500002 -5.9168e-17 0.866024
    outer loop
      vertex 133.6 -2 30.9472
      vertex 140.1 -6 27.1944
      vertex 140.1 -2 27.1944
    endloop
  endfacet
  facet normal 0.500002 -5.9168e-17 0.866024
    outer loop
      vertex 140.1 -6 27.1944
      vertex 133.6 -2 30.9472
      vertex 133.6 -6 30.9472
    endloop
  endfacet
  facet normal -0.500002 5.9168e-17 0.866024
    outer loop
      vertex 140.1 -2 27.1944
      vertex 146.6 -6 30.9472
      vertex 146.6 -2 30.9472
    endloop
  endfacet
  facet normal -0.500002 5.9168e-17 0.866024
    outer loop
      vertex 146.6 -6 30.9472
      vertex 140.1 -2 27.1944
      vertex 140.1 -6 27.1944
    endloop
  endfacet
  facet normal 1 -0 0
    outer loop
      vertex 133.6 -6 38.4528
      vertex 133.6 -2 30.9472
      vertex 133.6 -2 38.4528
    endloop
  endfacet
  facet normal 1 0 0
    outer loop
      vertex 133.6 -2 30.9472
      vertex 133.6 -6 38.4528
      vertex 133.6 -6 30.9472
    endloop
  endfacet
  facet normal 0.500002 0 -0.866024
    outer loop
      vertex 133.6 -6 38.4528
      vertex 140.1 -2 42.2056
      vertex 140.1 -6 42.2056
    endloop
  endfacet
  facet normal 0.500002 0 -0.866024
    outer loop
      vertex 140.1 -2 42.2056
      vertex 133.6 -6 38.4528
      vertex 133.6 -2 38.4528
    endloop
  endfacet
  facet normal -1 0 0
    outer loop
      vertex 146.6 -6 30.9472
      vertex 146.6 -2 38.4528
      vertex 146.6 -2 30.9472
    endloop
  endfacet
  facet normal -1 -0 0
    outer loop
      vertex 146.6 -2 38.4528
      vertex 146.6 -6 30.9472
      vertex 146.6 -6 38.4528
    endloop
  endfacet
  facet normal -0.500002 0 -0.866024
    outer loop
      vertex 156.1 -6 42.2056
      vertex 162.6 -2 38.4528
      vertex 162.6 -6 38.4528
    endloop
  endfacet
  facet normal -0.500002 0 -0.866024
    outer loop
      vertex 162.6 -2 38.4528
      vertex 156.1 -6 42.2056
      vertex 156.1 -2 42.2056
    endloop
  endfacet
  facet normal 0.500002 -5.9168e-17 0.866024
    outer loop
      vertex 149.6 -2 30.9472
      vertex 156.1 -6 27.1944
      vertex 156.1 -2 27.1944
    endloop
  endfacet
  facet normal 0.500002 -5.9168e-17 0.866024
    outer loop
      vertex 156.1 -6 27.1944
      vertex 149.6 -2 30.9472
      vertex 149.6 -6 30.9472
    endloop
  endfacet
  facet normal -0.500002 5.9168e-17 0.866024
    outer loop
      vertex 156.1 -2 27.1944
      vertex 162.6 -6 30.9472
      vertex 162.6 -2 30.9472
    endloop
  endfacet
  facet normal -0.500002 5.9168e-17 0.866024
    outer loop
      vertex 162.6 -6 30.9472
      vertex 156.1 -2 27.1944
      vertex 156.1 -6 27.1944
    endloop
  endfacet
  facet normal 1 -0 0
    outer loop
      vertex 149.6 -6 38.4528
      vertex 149.6 -2 30.9472
      vertex 149.6 -2 38.4528
    endloop
  endfacet
  facet normal 1 0 0
    outer loop
      vertex 149.6 -2 30.9472
      vertex 149.6 -6 38.4528
      vertex 149.6 -6 30.9472
    endloop
  endfacet
  facet normal 0.500002 0 -0.866024
    outer loop
      vertex 149.6 -6 38.4528
      vertex 156.1 -2 42.2056
      vertex 156.1 -6 42.2056
    endloop
  endfacet
  facet normal 0.500002 0 -0.866024
    outer loop
      vertex 156.1 -2 42.2056
      vertex 149.6 -6 38.4528
      vertex 149.6 -2 38.4528
    endloop
  endfacet
  facet normal -1 0 0
    outer loop
      vertex 162.6 -6 30.9472
      vertex 162.6 -2 38.4528
      vertex 162.6 -2 30.9472
    endloop
  endfacet
  facet normal -1 -0 0
    outer loop
      vertex 162.6 -2 38.4528
      vertex 162.6 -6 30.9472
      vertex 162.6 -6 38.4528
    endloop
  endfacet
  facet normal -0.500002 0 -0.866024
    outer loop
      vertex 116.1 -6 56.0616
      vertex 122.6 -2 52.3088
      vertex 122.6 -6 52.3088
    endloop
  endfacet
  facet normal -0.500002 0 -0.866024
    outer loop
      vertex 122.6 -2 52.3088
      vertex 116.1 -6 56.0616
      vertex 116.1 -2 56.0616
    endloop
  endfacet
  facet normal 0.500002 0 0.866024
    outer loop
      vertex 109.6 -2 44.8032
      vertex 116.1 -6 41.0504
      vertex 116.1 -2 41.0504
    endloop
  endfacet
  facet normal 0.500002 0 0.866024
    outer loop
      vertex 116.1 -6 41.0504
      vertex 109.6 -2 44.8032
      vertex 109.6 -6 44.8032
    endloop
  endfacet
  facet normal -0.500002 0 0.866024
    outer loop
      vertex 116.1 -2 41.0504
      vertex 122.6 -6 44.8032
      vertex 122.6 -2 44.8032
    endloop
  endfacet
  facet normal -0.500002 0 0.866024
    outer loop
      vertex 122.6 -6 44.8032
      vertex 116.1 -2 41.0504
      vertex 116.1 -6 41.0504
    endloop
  endfacet
  facet normal 1 -0 0
    outer loop
      vertex 109.6 -6 52.3088
      vertex 109.6 -2 44.8032
      vertex 109.6 -2 52.3088
    endloop
  endfacet
  facet normal 1 0 0
    outer loop
      vertex 109.6 -2 44.8032
      vertex 109.6 -6 52.3088
      vertex 109.6 -6 44.8032
    endloop
  endfacet
  facet normal 0.500002 0 -0.866024
    outer loop
      vertex 109.6 -6 52.3088
      vertex 116.1 -2 56.0616
      vertex 116.1 -6 56.0616
    endloop
  endfacet
  facet normal 0.500002 0 -0.866024
    outer loop
      vertex 116.1 -2 56.0616
      vertex 109.6 -6 52.3088
      vertex 109.6 -2 52.3088
    endloop
  endfacet
  facet normal -1 0 0
    outer loop
      vertex 122.6 -6 44.8032
      vertex 122.6 -2 52.3088
      vertex 122.6 -2 44.8032
    endloop
  endfacet
  facet normal -1 -0 0
    outer loop
      vertex 122.6 -2 52.3088
      vertex 122.6 -6 44.8032
      vertex 122.6 -6 52.3088
    endloop
  endfacet
  facet normal -0.500002 0 -0.866024
    outer loop
      vertex 132.1 -6 56.0616
      vertex 138.6 -2 52.3088
      vertex 138.6 -6 52.3088
    endloop
  endfacet
  facet normal -0.500002 0 -0.866024
    outer loop
      vertex 138.6 -2 52.3088
      vertex 132.1 -6 56.0616
      vertex 132.1 -2 56.0616
    endloop
  endfacet
  facet normal 0.500002 0 0.866024
    outer loop
      vertex 125.6 -2 44.8032
      vertex 132.1 -6 41.0504
      vertex 132.1 -2 41.0504
    endloop
  endfacet
  facet normal 0.500002 0 0.866024
    outer loop
      vertex 132.1 -6 41.0504
      vertex 125.6 -2 44.8032
      vertex 125.6 -6 44.8032
    endloop
  endfacet
  facet normal -0.500002 0 0.866024
    outer loop
      vertex 132.1 -2 41.0504
      vertex 138.6 -6 44.8032
      vertex 138.6 -2 44.8032
    endloop
  endfacet
  facet normal -0.500002 0 0.866024
    outer loop
      vertex 138.6 -6 44.8032
      vertex 132.1 -2 41.0504
      vertex 132.1 -6 41.0504
    endloop
  endfacet
  facet normal 1 -0 0
    outer loop
      vertex 125.6 -6 52.3088
      vertex 125.6 -2 44.8032
      vertex 125.6 -2 52.3088
    endloop
  endfacet
  facet normal 1 0 0
    outer loop
      vertex 125.6 -2 44.8032
      vertex 125.6 -6 52.3088
      vertex 125.6 -6 44.8032
    endloop
  endfacet
  facet normal 0.500002 0 -0.866024
    outer loop
      vertex 125.6 -6 52.3088
      vertex 132.1 -2 56.0616
      vertex 132.1 -6 56.0616
    endloop
  endfacet
  facet normal 0.500002 0 -0.866024
    outer loop
      vertex 132.1 -2 56.0616
      vertex 125.6 -6 52.3088
      vertex 125.6 -2 52.3088
    endloop
  endfacet
  facet normal -1 0 0
    outer loop
      vertex 138.6 -6 44.8032
      vertex 138.6 -2 52.3088
      vertex 138.6 -2 44.8032
    endloop
  endfacet
  facet normal -1 -0 0
    outer loop
      vertex 138.6 -2 52.3088
      vertex 138.6 -6 44.8032
      vertex 138.6 -6 52.3088
    endloop
  endfacet
  facet normal -0.500002 0 -0.866024
    outer loop
      vertex 148.1 -6 56.0616
      vertex 154.6 -2 52.3088
      vertex 154.6 -6 52.3088
    endloop
  endfacet
  facet normal -0.500002 0 -0.866024
    outer loop
      vertex 154.6 -2 52.3088
      vertex 148.1 -6 56.0616
      vertex 148.1 -2 56.0616
    endloop
  endfacet
  facet normal -1 0 0
    outer loop
      vertex 154.6 -6 44.8032
      vertex 154.6 -2 52.3088
      vertex 154.6 -2 44.8032
    endloop
  endfacet
  facet normal -1 -0 0
    outer loop
      vertex 154.6 -2 52.3088
      vertex 154.6 -6 44.8032
      vertex 154.6 -6 52.3088
    endloop
  endfacet
  facet normal 0.500002 0 0.866024
    outer loop
      vertex 141.6 -2 44.8032
      vertex 148.1 -6 41.0504
      vertex 148.1 -2 41.0504
    endloop
  endfacet
  facet normal 0.500002 0 0.866024
    outer loop
      vertex 148.1 -6 41.0504
      vertex 141.6 -2 44.8032
      vertex 141.6 -6 44.8032
    endloop
  endfacet
  facet normal -0.500002 0 0.866024
    outer loop
      vertex 148.1 -2 41.0504
      vertex 154.6 -6 44.8032
      vertex 154.6 -2 44.8032
    endloop
  endfacet
  facet normal -0.500002 0 0.866024
    outer loop
      vertex 154.6 -6 44.8032
      vertex 148.1 -2 41.0504
      vertex 148.1 -6 41.0504
    endloop
  endfacet
  facet normal 1 -0 0
    outer loop
      vertex 141.6 -6 52.3088
      vertex 141.6 -2 44.8032
      vertex 141.6 -2 52.3088
    endloop
  endfacet
  facet normal 1 0 0
    outer loop
      vertex 141.6 -2 44.8032
      vertex 141.6 -6 52.3088
      vertex 141.6 -6 44.8032
    endloop
  endfacet
  facet normal 0.500002 0 -0.866024
    outer loop
      vertex 141.6 -6 52.3088
      vertex 148.1 -2 56.0616
      vertex 148.1 -6 56.0616
    endloop
  endfacet
  facet normal 0.500002 0 -0.866024
    outer loop
      vertex 148.1 -2 56.0616
      vertex 141.6 -6 52.3088
      vertex 141.6 -2 52.3088
    endloop
  endfacet
  facet normal -0.500002 0 -0.866024
    outer loop
      vertex 164.1 -6 56.0616
      vertex 170.6 -2 52.3088
      vertex 170.6 -6 52.3088
    endloop
  endfacet
  facet normal -0.500002 0 -0.866024
    outer loop
      vertex 170.6 -2 52.3088
      vertex 164.1 -6 56.0616
      vertex 164.1 -2 56.0616
    endloop
  endfacet
  facet normal 0.500002 0 0.866024
    outer loop
      vertex 157.6 -2 44.8032
      vertex 164.1 -6 41.0504
      vertex 164.1 -2 41.0504
    endloop
  endfacet
  facet normal 0.500002 0 0.866024
    outer loop
      vertex 164.1 -6 41.0504
      vertex 157.6 -2 44.8032
      vertex 157.6 -6 44.8032
    endloop
  endfacet
  facet normal -0.500002 0 0.866024
    outer loop
      vertex 164.1 -2 41.0504
      vertex 170.6 -6 44.8032
      vertex 170.6 -2 44.8032
    endloop
  endfacet
  facet normal -0.500002 0 0.866024
    outer loop
      vertex 170.6 -6 44.8032
      vertex 164.1 -2 41.0504
      vertex 164.1 -6 41.0504
    endloop
  endfacet
  facet normal 1 -0 0
    outer loop
      vertex 157.6 -6 52.3088
      vertex 157.6 -2 44.8032
      vertex 157.6 -2 52.3088
    endloop
  endfacet
  facet normal 1 0 0
    outer loop
      vertex 157.6 -2 44.8032
      vertex 157.6 -6 52.3088
      vertex 157.6 -6 44.8032
    endloop
  endfacet
  facet normal 0.500002 0 -0.866024
    outer loop
      vertex 157.6 -6 52.3088
      vertex 164.1 -2 56.0616
      vertex 164.1 -6 56.0616
    endloop
  endfacet
  facet normal 0.500002 0 -0.866024
    outer loop
      vertex 164.1 -2 56.0616
      vertex 157.6 -6 52.3088
      vertex 157.6 -2 52.3088
    endloop
  endfacet
  facet normal -1 0 0
    outer loop
      vertex 170.6 -6 44.8032
      vertex 170.6 -2 52.3088
      vertex 170.6 -2 44.8032
    endloop
  endfacet
  facet normal -1 -0 0
    outer loop
      vertex 170.6 -2 52.3088
      vertex 170.6 -6 44.8032
      vertex 170.6 -6 52.3088
    endloop
  endfacet
  facet normal 0.500002 0 0.866024
    outer loop
      vertex 101.6 -2 58.6592
      vertex 108.1 -6 54.9064
      vertex 108.1 -2 54.9064
    endloop
  endfacet
  facet normal 0.500002 0 0.866024
    outer loop
      vertex 108.1 -6 54.9064
      vertex 101.6 -2 58.6592
      vertex 101.6 -6 58.6592
    endloop
  endfacet
  facet normal -0.500002 0 0.866024
    outer loop
      vertex 108.1 -2 54.9064
      vertex 114.6 -6 58.6592
      vertex 114.6 -2 58.6592
    endloop
  endfacet
  facet normal -0.500002 0 0.866024
    outer loop
      vertex 114.6 -6 58.6592
      vertex 108.1 -2 54.9064
      vertex 108.1 -6 54.9064
    endloop
  endfacet
  facet normal 0.500002 0 -0.866024
    outer loop
      vertex 101.6 -6 66.1648
      vertex 108.1 -2 69.9176
      vertex 108.1 -6 69.9176
    endloop
  endfacet
  facet normal 0.500002 0 -0.866024
    outer loop
      vertex 108.1 -2 69.9176
      vertex 101.6 -6 66.1648
      vertex 101.6 -2 66.1648
    endloop
  endfacet
  facet normal -0.500002 0 -0.866024
    outer loop
      vertex 108.1 -6 69.9176
      vertex 114.6 -2 66.1648
      vertex 114.6 -6 66.1648
    endloop
  endfacet
  facet normal -0.500002 0 -0.866024
    outer loop
      vertex 114.6 -2 66.1648
      vertex 108.1 -6 69.9176
      vertex 108.1 -2 69.9176
    endloop
  endfacet
  facet normal -1 0 0
    outer loop
      vertex 114.6 -6 58.6592
      vertex 114.6 -2 66.1648
      vertex 114.6 -2 58.6592
    endloop
  endfacet
  facet normal -1 -0 0
    outer loop
      vertex 114.6 -2 66.1648
      vertex 114.6 -6 58.6592
      vertex 114.6 -6 66.1648
    endloop
  endfacet
  facet normal 1 -0 0
    outer loop
      vertex 101.6 -6 66.1648
      vertex 101.6 -2 58.6592
      vertex 101.6 -2 66.1648
    endloop
  endfacet
  facet normal 1 0 0
    outer loop
      vertex 101.6 -2 58.6592
      vertex 101.6 -6 66.1648
      vertex 101.6 -6 58.6592
    endloop
  endfacet
  facet normal 0.500002 0 0.866024
    outer loop
      vertex 117.6 -2 58.6592
      vertex 124.1 -6 54.9064
      vertex 124.1 -2 54.9064
    endloop
  endfacet
  facet normal 0.500002 0 0.866024
    outer loop
      vertex 124.1 -6 54.9064
      vertex 117.6 -2 58.6592
      vertex 117.6 -6 58.6592
    endloop
  endfacet
  facet normal -0.500002 0 0.866024
    outer loop
      vertex 124.1 -2 54.9064
      vertex 130.6 -6 58.6592
      vertex 130.6 -2 58.6592
    endloop
  endfacet
  facet normal -0.500002 0 0.866024
    outer loop
      vertex 130.6 -6 58.6592
      vertex 124.1 -2 54.9064
      vertex 124.1 -6 54.9064
    endloop
  endfacet
  facet normal -1 0 0
    outer loop
      vertex 130.6 -6 58.6592
      vertex 130.6 -2 66.1648
      vertex 130.6 -2 58.6592
    endloop
  endfacet
  facet normal -1 -0 0
    outer loop
      vertex 130.6 -2 66.1648
      vertex 130.6 -6 58.6592
      vertex 130.6 -6 66.1648
    endloop
  endfacet
  facet normal 0.500002 0 -0.866024
    outer loop
      vertex 117.6 -6 66.1648
      vertex 124.1 -2 69.9176
      vertex 124.1 -6 69.9176
    endloop
  endfacet
  facet normal 0.500002 0 -0.866024
    outer loop
      vertex 124.1 -2 69.9176
      vertex 117.6 -6 66.1648
      vertex 117.6 -2 66.1648
    endloop
  endfacet
  facet normal -0.500002 0 -0.866024
    outer loop
      vertex 124.1 -6 69.9176
      vertex 130.6 -2 66.1648
      vertex 130.6 -6 66.1648
    endloop
  endfacet
  facet normal -0.500002 0 -0.866024
    outer loop
      vertex 130.6 -2 66.1648
      vertex 124.1 -6 69.9176
      vertex 124.1 -2 69.9176
    endloop
  endfacet
  facet normal 1 -0 0
    outer loop
      vertex 117.6 -6 66.1648
      vertex 117.6 -2 58.6592
      vertex 117.6 -2 66.1648
    endloop
  endfacet
  facet normal 1 0 0
    outer loop
      vertex 117.6 -2 58.6592
      vertex 117.6 -6 66.1648
      vertex 117.6 -6 58.6592
    endloop
  endfacet
  facet normal 0.500002 0 0.866024
    outer loop
      vertex 133.6 -2 58.6592
      vertex 140.1 -6 54.9064
      vertex 140.1 -2 54.9064
    endloop
  endfacet
  facet normal 0.500002 0 0.866024
    outer loop
      vertex 140.1 -6 54.9064
      vertex 133.6 -2 58.6592
      vertex 133.6 -6 58.6592
    endloop
  endfacet
  facet normal -0.500002 0 0.866024
    outer loop
      vertex 140.1 -2 54.9064
      vertex 146.6 -6 58.6592
      vertex 146.6 -2 58.6592
    endloop
  endfacet
  facet normal -0.500002 0 0.866024
    outer loop
      vertex 146.6 -6 58.6592
      vertex 140.1 -2 54.9064
      vertex 140.1 -6 54.9064
    endloop
  endfacet
  facet normal 0.500002 0 -0.866024
    outer loop
      vertex 133.6 -6 66.1648
      vertex 140.1 -2 69.9176
      vertex 140.1 -6 69.9176
    endloop
  endfacet
  facet normal 0.500002 0 -0.866024
    outer loop
      vertex 140.1 -2 69.9176
      vertex 133.6 -6 66.1648
      vertex 133.6 -2 66.1648
    endloop
  endfacet
  facet normal -0.500002 0 -0.866024
    outer loop
      vertex 140.1 -6 69.9176
      vertex 146.6 -2 66.1648
      vertex 146.6 -6 66.1648
    endloop
  endfacet
  facet normal -0.500002 0 -0.866024
    outer loop
      vertex 146.6 -2 66.1648
      vertex 140.1 -6 69.9176
      vertex 140.1 -2 69.9176
    endloop
  endfacet
  facet normal -1 0 0
    outer loop
      vertex 146.6 -6 58.6592
      vertex 146.6 -2 66.1648
      vertex 146.6 -2 58.6592
    endloop
  endfacet
  facet normal -1 -0 0
    outer loop
      vertex 146.6 -2 66.1648
      vertex 146.6 -6 58.6592
      vertex 146.6 -6 66.1648
    endloop
  endfacet
  facet normal 1 -0 0
    outer loop
      vertex 133.6 -6 66.1648
      vertex 133.6 -2 58.6592
      vertex 133.6 -2 66.1648
    endloop
  endfacet
  facet normal 1 0 0
    outer loop
      vertex 133.6 -2 58.6592
      vertex 133.6 -6 66.1648
      vertex 133.6 -6 58.6592
    endloop
  endfacet
  facet normal 0.500002 0 0.866024
    outer loop
      vertex 149.6 -2 58.6592
      vertex 156.1 -6 54.9064
      vertex 156.1 -2 54.9064
    endloop
  endfacet
  facet normal 0.500002 0 0.866024
    outer loop
      vertex 156.1 -6 54.9064
      vertex 149.6 -2 58.6592
      vertex 149.6 -6 58.6592
    endloop
  endfacet
  facet normal -0.500002 0 0.866024
    outer loop
      vertex 156.1 -2 54.9064
      vertex 162.6 -6 58.6592
      vertex 162.6 -2 58.6592
    endloop
  endfacet
  facet normal -0.500002 0 0.866024
    outer loop
      vertex 162.6 -6 58.6592
      vertex 156.1 -2 54.9064
      vertex 156.1 -6 54.9064
    endloop
  endfacet
  facet normal -1 0 0
    outer loop
      vertex 162.6 -6 58.6592
      vertex 162.6 -2 66.1648
      vertex 162.6 -2 58.6592
    endloop
  endfacet
  facet normal -1 -0 0
    outer loop
      vertex 162.6 -2 66.1648
      vertex 162.6 -6 58.6592
      vertex 162.6 -6 66.1648
    endloop
  endfacet
  facet normal 0.500002 0 -0.866024
    outer loop
      vertex 149.6 -6 66.1648
      vertex 156.1 -2 69.9176
      vertex 156.1 -6 69.9176
    endloop
  endfacet
  facet normal 0.500002 0 -0.866024
    outer loop
      vertex 156.1 -2 69.9176
      vertex 149.6 -6 66.1648
      vertex 149.6 -2 66.1648
    endloop
  endfacet
  facet normal -0.500002 0 -0.866024
    outer loop
      vertex 156.1 -6 69.9176
      vertex 162.6 -2 66.1648
      vertex 162.6 -6 66.1648
    endloop
  endfacet
  facet normal -0.500002 0 -0.866024
    outer loop
      vertex 162.6 -2 66.1648
      vertex 156.1 -6 69.9176
      vertex 156.1 -2 69.9176
    endloop
  endfacet
  facet normal 1 -0 0
    outer loop
      vertex 149.6 -6 66.1648
      vertex 149.6 -2 58.6592
      vertex 149.6 -2 66.1648
    endloop
  endfacet
  facet normal 1 0 0
    outer loop
      vertex 149.6 -2 58.6592
      vertex 149.6 -6 66.1648
      vertex 149.6 -6 58.6592
    endloop
  endfacet
  facet normal 0.500002 0 0.866024
    outer loop
      vertex 109.6 -2 72.5152
      vertex 116.1 -6 68.7624
      vertex 116.1 -2 68.7624
    endloop
  endfacet
  facet normal 0.500002 0 0.866024
    outer loop
      vertex 116.1 -6 68.7624
      vertex 109.6 -2 72.5152
      vertex 109.6 -6 72.5152
    endloop
  endfacet
  facet normal -0.500002 0 0.866024
    outer loop
      vertex 116.1 -2 68.7624
      vertex 122.6 -6 72.5152
      vertex 122.6 -2 72.5152
    endloop
  endfacet
  facet normal -0.500002 0 0.866024
    outer loop
      vertex 122.6 -6 72.5152
      vertex 116.1 -2 68.7624
      vertex 116.1 -6 68.7624
    endloop
  endfacet
  facet normal 1 -0 0
    outer loop
      vertex 109.6 -6 80.0208
      vertex 109.6 -2 72.5152
      vertex 109.6 -2 80.0208
    endloop
  endfacet
  facet normal 1 0 0
    outer loop
      vertex 109.6 -2 72.5152
      vertex 109.6 -6 80.0208
      vertex 109.6 -6 72.5152
    endloop
  endfacet
  facet normal -0.500002 0 -0.866024
    outer loop
      vertex 116.1 -6 83.7736
      vertex 122.6 -2 80.0208
      vertex 122.6 -6 80.0208
    endloop
  endfacet
  facet normal -0.500002 0 -0.866024
    outer loop
      vertex 122.6 -2 80.0208
      vertex 116.1 -6 83.7736
      vertex 116.1 -2 83.7736
    endloop
  endfacet
  facet normal -1 0 0
    outer loop
      vertex 122.6 -6 72.5152
      vertex 122.6 -2 80.0208
      vertex 122.6 -2 72.5152
    endloop
  endfacet
  facet normal -1 -0 0
    outer loop
      vertex 122.6 -2 80.0208
      vertex 122.6 -6 72.5152
      vertex 122.6 -6 80.0208
    endloop
  endfacet
  facet normal 0.500002 0 -0.866024
    outer loop
      vertex 109.6 -6 80.0208
      vertex 116.1 -2 83.7736
      vertex 116.1 -6 83.7736
    endloop
  endfacet
  facet normal 0.500002 0 -0.866024
    outer loop
      vertex 116.1 -2 83.7736
      vertex 109.6 -6 80.0208
      vertex 109.6 -2 80.0208
    endloop
  endfacet
  facet normal 0.500002 0 0.866024
    outer loop
      vertex 125.6 -2 72.5152
      vertex 132.1 -6 68.7624
      vertex 132.1 -2 68.7624
    endloop
  endfacet
  facet normal 0.500002 0 0.866024
    outer loop
      vertex 132.1 -6 68.7624
      vertex 125.6 -2 72.5152
      vertex 125.6 -6 72.5152
    endloop
  endfacet
  facet normal -0.500002 0 0.866024
    outer loop
      vertex 132.1 -2 68.7624
      vertex 138.6 -6 72.5152
      vertex 138.6 -2 72.5152
    endloop
  endfacet
  facet normal -0.500002 0 0.866024
    outer loop
      vertex 138.6 -6 72.5152
      vertex 132.1 -2 68.7624
      vertex 132.1 -6 68.7624
    endloop
  endfacet
  facet normal 1 -0 0
    outer loop
      vertex 125.6 -6 80.0208
      vertex 125.6 -2 72.5152
      vertex 125.6 -2 80.0208
    endloop
  endfacet
  facet normal 1 0 0
    outer loop
      vertex 125.6 -2 72.5152
      vertex 125.6 -6 80.0208
      vertex 125.6 -6 72.5152
    endloop
  endfacet
  facet normal -0.500002 0 -0.866024
    outer loop
      vertex 132.1 -6 83.7736
      vertex 138.6 -2 80.0208
      vertex 138.6 -6 80.0208
    endloop
  endfacet
  facet normal -0.500002 0 -0.866024
    outer loop
      vertex 138.6 -2 80.0208
      vertex 132.1 -6 83.7736
      vertex 132.1 -2 83.7736
    endloop
  endfacet
  facet normal -1 0 0
    outer loop
      vertex 138.6 -6 72.5152
      vertex 138.6 -2 80.0208
      vertex 138.6 -2 72.5152
    endloop
  endfacet
  facet normal -1 -0 0
    outer loop
      vertex 138.6 -2 80.0208
      vertex 138.6 -6 72.5152
      vertex 138.6 -6 80.0208
    endloop
  endfacet
  facet normal 0.500002 0 -0.866024
    outer loop
      vertex 125.6 -6 80.0208
      vertex 132.1 -2 83.7736
      vertex 132.1 -6 83.7736
    endloop
  endfacet
  facet normal 0.500002 0 -0.866024
    outer loop
      vertex 132.1 -2 83.7736
      vertex 125.6 -6 80.0208
      vertex 125.6 -2 80.0208
    endloop
  endfacet
  facet normal 0.500002 0 0.866024
    outer loop
      vertex 141.6 -2 72.5152
      vertex 148.1 -6 68.7624
      vertex 148.1 -2 68.7624
    endloop
  endfacet
  facet normal 0.500002 0 0.866024
    outer loop
      vertex 148.1 -6 68.7624
      vertex 141.6 -2 72.5152
      vertex 141.6 -6 72.5152
    endloop
  endfacet
  facet normal -0.500002 0 0.866024
    outer loop
      vertex 148.1 -2 68.7624
      vertex 154.6 -6 72.5152
      vertex 154.6 -2 72.5152
    endloop
  endfacet
  facet normal -0.500002 0 0.866024
    outer loop
      vertex 154.6 -6 72.5152
      vertex 148.1 -2 68.7624
      vertex 148.1 -6 68.7624
    endloop
  endfacet
  facet normal 1 -0 0
    outer loop
      vertex 141.6 -6 80.0208
      vertex 141.6 -2 72.5152
      vertex 141.6 -2 80.0208
    endloop
  endfacet
  facet normal 1 0 0
    outer loop
      vertex 141.6 -2 72.5152
      vertex 141.6 -6 80.0208
      vertex 141.6 -6 72.5152
    endloop
  endfacet
  facet normal -0.500002 0 -0.866024
    outer loop
      vertex 148.1 -6 83.7736
      vertex 154.6 -2 80.0208
      vertex 154.6 -6 80.0208
    endloop
  endfacet
  facet normal -0.500002 0 -0.866024
    outer loop
      vertex 154.6 -2 80.0208
      vertex 148.1 -6 83.7736
      vertex 148.1 -2 83.7736
    endloop
  endfacet
  facet normal -1 0 0
    outer loop
      vertex 154.6 -6 72.5152
      vertex 154.6 -2 80.0208
      vertex 154.6 -2 72.5152
    endloop
  endfacet
  facet normal -1 -0 0
    outer loop
      vertex 154.6 -2 80.0208
      vertex 154.6 -6 72.5152
      vertex 154.6 -6 80.0208
    endloop
  endfacet
  facet normal 0.500002 0 -0.866024
    outer loop
      vertex 141.6 -6 80.0208
      vertex 148.1 -2 83.7736
      vertex 148.1 -6 83.7736
    endloop
  endfacet
  facet normal 0.500002 0 -0.866024
    outer loop
      vertex 148.1 -2 83.7736
      vertex 141.6 -6 80.0208
      vertex 141.6 -2 80.0208
    endloop
  endfacet
  facet normal 0.500002 0 0.866024
    outer loop
      vertex 157.6 -2 72.5152
      vertex 164.1 -6 68.7624
      vertex 164.1 -2 68.7624
    endloop
  endfacet
  facet normal 0.500002 0 0.866024
    outer loop
      vertex 164.1 -6 68.7624
      vertex 157.6 -2 72.5152
      vertex 157.6 -6 72.5152
    endloop
  endfacet
  facet normal -0.500002 0 0.866024
    outer loop
      vertex 164.1 -2 68.7624
      vertex 170.6 -6 72.5152
      vertex 170.6 -2 72.5152
    endloop
  endfacet
  facet normal -0.500002 0 0.866024
    outer loop
      vertex 170.6 -6 72.5152
      vertex 164.1 -2 68.7624
      vertex 164.1 -6 68.7624
    endloop
  endfacet
  facet normal 1 -0 0
    outer loop
      vertex 157.6 -6 80.0208
      vertex 157.6 -2 72.5152
      vertex 157.6 -2 80.0208
    endloop
  endfacet
  facet normal 1 0 0
    outer loop
      vertex 157.6 -2 72.5152
      vertex 157.6 -6 80.0208
      vertex 157.6 -6 72.5152
    endloop
  endfacet
  facet normal -0.500002 0 -0.866024
    outer loop
      vertex 164.1 -6 83.7736
      vertex 170.6 -2 80.0208
      vertex 170.6 -6 80.0208
    endloop
  endfacet
  facet normal -0.500002 0 -0.866024
    outer loop
      vertex 170.6 -2 80.0208
      vertex 164.1 -6 83.7736
      vertex 164.1 -2 83.7736
    endloop
  endfacet
  facet normal -1 0 0
    outer loop
      vertex 170.6 -6 72.5152
      vertex 170.6 -2 80.0208
      vertex 170.6 -2 72.5152
    endloop
  endfacet
  facet normal -1 -0 0
    outer loop
      vertex 170.6 -2 80.0208
      vertex 170.6 -6 72.5152
      vertex 170.6 -6 80.0208
    endloop
  endfacet
  facet normal 0.500002 0 -0.866024
    outer loop
      vertex 157.6 -6 80.0208
      vertex 164.1 -2 83.7736
      vertex 164.1 -6 83.7736
    endloop
  endfacet
  facet normal 0.500002 0 -0.866024
    outer loop
      vertex 164.1 -2 83.7736
      vertex 157.6 -6 80.0208
      vertex 157.6 -2 80.0208
    endloop
  endfacet
  facet normal 0.500002 0 0.866024
    outer loop
      vertex 101.6 -2 86.3712
      vertex 108.1 -6 82.6184
      vertex 108.1 -2 82.6184
    endloop
  endfacet
  facet normal 0.500002 0 0.866024
    outer loop
      vertex 108.1 -6 82.6184
      vertex 101.6 -2 86.3712
      vertex 101.6 -6 86.3712
    endloop
  endfacet
  facet normal -0.500002 0 0.866024
    outer loop
      vertex 108.1 -2 82.6184
      vertex 114.6 -6 86.3712
      vertex 114.6 -2 86.3712
    endloop
  endfacet
  facet normal -0.500002 0 0.866024
    outer loop
      vertex 114.6 -6 86.3712
      vertex 108.1 -2 82.6184
      vertex 108.1 -6 82.6184
    endloop
  endfacet
  facet normal 1 -0 0
    outer loop
      vertex 101.6 -6 93.8768
      vertex 101.6 -2 86.3712
      vertex 101.6 -2 93.8768
    endloop
  endfacet
  facet normal 1 0 0
    outer loop
      vertex 101.6 -2 86.3712
      vertex 101.6 -6 93.8768
      vertex 101.6 -6 86.3712
    endloop
  endfacet
  facet normal -0.500002 0 -0.866024
    outer loop
      vertex 108.1 -6 97.6296
      vertex 114.6 -2 93.8768
      vertex 114.6 -6 93.8768
    endloop
  endfacet
  facet normal -0.500002 0 -0.866024
    outer loop
      vertex 114.6 -2 93.8768
      vertex 108.1 -6 97.6296
      vertex 108.1 -2 97.6296
    endloop
  endfacet
  facet normal -1 0 0
    outer loop
      vertex 114.6 -6 86.3712
      vertex 114.6 -2 93.8768
      vertex 114.6 -2 86.3712
    endloop
  endfacet
  facet normal -1 -0 0
    outer loop
      vertex 114.6 -2 93.8768
      vertex 114.6 -6 86.3712
      vertex 114.6 -6 93.8768
    endloop
  endfacet
  facet normal 0.500002 0 -0.866024
    outer loop
      vertex 101.6 -6 93.8768
      vertex 108.1 -2 97.6296
      vertex 108.1 -6 97.6296
    endloop
  endfacet
  facet normal 0.500002 0 -0.866024
    outer loop
      vertex 108.1 -2 97.6296
      vertex 101.6 -6 93.8768
      vertex 101.6 -2 93.8768
    endloop
  endfacet
  facet normal 0.500002 0 0.866024
    outer loop
      vertex 117.6 -2 86.3712
      vertex 124.1 -6 82.6184
      vertex 124.1 -2 82.6184
    endloop
  endfacet
  facet normal 0.500002 0 0.866024
    outer loop
      vertex 124.1 -6 82.6184
      vertex 117.6 -2 86.3712
      vertex 117.6 -6 86.3712
    endloop
  endfacet
  facet normal -0.500002 0 0.866024
    outer loop
      vertex 124.1 -2 82.6184
      vertex 130.6 -6 86.3712
      vertex 130.6 -2 86.3712
    endloop
  endfacet
  facet normal -0.500002 0 0.866024
    outer loop
      vertex 130.6 -6 86.3712
      vertex 124.1 -2 82.6184
      vertex 124.1 -6 82.6184
    endloop
  endfacet
  facet normal 1 -0 0
    outer loop
      vertex 117.6 -6 93.8768
      vertex 117.6 -2 86.3712
      vertex 117.6 -2 93.8768
    endloop
  endfacet
  facet normal 1 0 0
    outer loop
      vertex 117.6 -2 86.3712
      vertex 117.6 -6 93.8768
      vertex 117.6 -6 86.3712
    endloop
  endfacet
  facet normal -0.500002 0 -0.866024
    outer loop
      vertex 124.1 -6 97.6296
      vertex 130.6 -2 93.8768
      vertex 130.6 -6 93.8768
    endloop
  endfacet
  facet normal -0.500002 0 -0.866024
    outer loop
      vertex 130.6 -2 93.8768
      vertex 124.1 -6 97.6296
      vertex 124.1 -2 97.6296
    endloop
  endfacet
  facet normal -1 0 0
    outer loop
      vertex 130.6 -6 86.3712
      vertex 130.6 -2 93.8768
      vertex 130.6 -2 86.3712
    endloop
  endfacet
  facet normal -1 -0 0
    outer loop
      vertex 130.6 -2 93.8768
      vertex 130.6 -6 86.3712
      vertex 130.6 -6 93.8768
    endloop
  endfacet
  facet normal 0.500002 0 -0.866024
    outer loop
      vertex 117.6 -6 93.8768
      vertex 124.1 -2 97.6296
      vertex 124.1 -6 97.6296
    endloop
  endfacet
  facet normal 0.500002 0 -0.866024
    outer loop
      vertex 124.1 -2 97.6296
      vertex 117.6 -6 93.8768
      vertex 117.6 -2 93.8768
    endloop
  endfacet
  facet normal 0.500002 0 0.866024
    outer loop
      vertex 133.6 -2 86.3712
      vertex 140.1 -6 82.6184
      vertex 140.1 -2 82.6184
    endloop
  endfacet
  facet normal 0.500002 0 0.866024
    outer loop
      vertex 140.1 -6 82.6184
      vertex 133.6 -2 86.3712
      vertex 133.6 -6 86.3712
    endloop
  endfacet
  facet normal -0.500002 0 0.866024
    outer loop
      vertex 140.1 -2 82.6184
      vertex 146.6 -6 86.3712
      vertex 146.6 -2 86.3712
    endloop
  endfacet
  facet normal -0.500002 0 0.866024
    outer loop
      vertex 146.6 -6 86.3712
      vertex 140.1 -2 82.6184
      vertex 140.1 -6 82.6184
    endloop
  endfacet
  facet normal 1 -0 0
    outer loop
      vertex 133.6 -6 93.8768
      vertex 133.6 -2 86.3712
      vertex 133.6 -2 93.8768
    endloop
  endfacet
  facet normal 1 0 0
    outer loop
      vertex 133.6 -2 86.3712
      vertex 133.6 -6 93.8768
      vertex 133.6 -6 86.3712
    endloop
  endfacet
  facet normal -0.500002 0 -0.866024
    outer loop
      vertex 140.1 -6 97.6296
      vertex 146.6 -2 93.8768
      vertex 146.6 -6 93.8768
    endloop
  endfacet
  facet normal -0.500002 0 -0.866024
    outer loop
      vertex 146.6 -2 93.8768
      vertex 140.1 -6 97.6296
      vertex 140.1 -2 97.6296
    endloop
  endfacet
  facet normal -1 0 0
    outer loop
      vertex 146.6 -6 86.3712
      vertex 146.6 -2 93.8768
      vertex 146.6 -2 86.3712
    endloop
  endfacet
  facet normal -1 -0 0
    outer loop
      vertex 146.6 -2 93.8768
      vertex 146.6 -6 86.3712
      vertex 146.6 -6 93.8768
    endloop
  endfacet
  facet normal 0.500002 0 -0.866024
    outer loop
      vertex 133.6 -6 93.8768
      vertex 140.1 -2 97.6296
      vertex 140.1 -6 97.6296
    endloop
  endfacet
  facet normal 0.500002 0 -0.866024
    outer loop
      vertex 140.1 -2 97.6296
      vertex 133.6 -6 93.8768
      vertex 133.6 -2 93.8768
    endloop
  endfacet
  facet normal 0.500002 0 0.866024
    outer loop
      vertex 149.6 -2 86.3712
      vertex 156.1 -6 82.6184
      vertex 156.1 -2 82.6184
    endloop
  endfacet
  facet normal 0.500002 0 0.866024
    outer loop
      vertex 156.1 -6 82.6184
      vertex 149.6 -2 86.3712
      vertex 149.6 -6 86.3712
    endloop
  endfacet
  facet normal -0.500002 0 0.866024
    outer loop
      vertex 156.1 -2 82.6184
      vertex 162.6 -6 86.3712
      vertex 162.6 -2 86.3712
    endloop
  endfacet
  facet normal -0.500002 0 0.866024
    outer loop
      vertex 162.6 -6 86.3712
      vertex 156.1 -2 82.6184
      vertex 156.1 -6 82.6184
    endloop
  endfacet
  facet normal 1 -0 0
    outer loop
      vertex 149.6 -6 93.8768
      vertex 149.6 -2 86.3712
      vertex 149.6 -2 93.8768
    endloop
  endfacet
  facet normal 1 0 0
    outer loop
      vertex 149.6 -2 86.3712
      vertex 149.6 -6 93.8768
      vertex 149.6 -6 86.3712
    endloop
  endfacet
  facet normal -0.500002 0 -0.866024
    outer loop
      vertex 156.1 -6 97.6296
      vertex 162.6 -2 93.8768
      vertex 162.6 -6 93.8768
    endloop
  endfacet
  facet normal -0.500002 0 -0.866024
    outer loop
      vertex 162.6 -2 93.8768
      vertex 156.1 -6 97.6296
      vertex 156.1 -2 97.6296
    endloop
  endfacet
  facet normal -1 0 0
    outer loop
      vertex 162.6 -6 86.3712
      vertex 162.6 -2 93.8768
      vertex 162.6 -2 86.3712
    endloop
  endfacet
  facet normal -1 -0 0
    outer loop
      vertex 162.6 -2 93.8768
      vertex 162.6 -6 86.3712
      vertex 162.6 -6 93.8768
    endloop
  endfacet
  facet normal 0.500002 0 -0.866024
    outer loop
      vertex 149.6 -6 93.8768
      vertex 156.1 -2 97.6296
      vertex 156.1 -6 97.6296
    endloop
  endfacet
  facet normal 0.500002 0 -0.866024
    outer loop
      vertex 156.1 -2 97.6296
      vertex 149.6 -6 93.8768
      vertex 149.6 -2 93.8768
    endloop
  endfacet
  facet normal 0.499982 0 0.866036
    outer loop
      vertex 109.6 -2 100.227
      vertex 116.1 -6 96.4744
      vertex 116.1 -2 96.4744
    endloop
  endfacet
  facet normal 0.499982 0 0.866036
    outer loop
      vertex 116.1 -6 96.4744
      vertex 109.6 -2 100.227
      vertex 109.6 -6 100.227
    endloop
  endfacet
  facet normal -0.499982 0 0.866036
    outer loop
      vertex 116.1 -2 96.4744
      vertex 122.6 -6 100.227
      vertex 122.6 -2 100.227
    endloop
  endfacet
  facet normal -0.499982 0 0.866036
    outer loop
      vertex 122.6 -6 100.227
      vertex 116.1 -2 96.4744
      vertex 116.1 -6 96.4744
    endloop
  endfacet
  facet normal 1 -0 0
    outer loop
      vertex 109.6 -6 107.733
      vertex 109.6 -2 100.227
      vertex 109.6 -2 107.733
    endloop
  endfacet
  facet normal 1 0 0
    outer loop
      vertex 109.6 -2 100.227
      vertex 109.6 -6 107.733
      vertex 109.6 -6 100.227
    endloop
  endfacet
  facet normal -0.500022 0 -0.866013
    outer loop
      vertex 116.1 -6 111.486
      vertex 122.6 -2 107.733
      vertex 122.6 -6 107.733
    endloop
  endfacet
  facet normal -0.500022 0 -0.866013
    outer loop
      vertex 122.6 -2 107.733
      vertex 116.1 -6 111.486
      vertex 116.1 -2 111.486
    endloop
  endfacet
  facet normal -1 0 0
    outer loop
      vertex 122.6 -6 100.227
      vertex 122.6 -2 107.733
      vertex 122.6 -2 100.227
    endloop
  endfacet
  facet normal -1 -0 0
    outer loop
      vertex 122.6 -2 107.733
      vertex 122.6 -6 100.227
      vertex 122.6 -6 107.733
    endloop
  endfacet
  facet normal 0.500022 0 -0.866013
    outer loop
      vertex 109.6 -6 107.733
      vertex 116.1 -2 111.486
      vertex 116.1 -6 111.486
    endloop
  endfacet
  facet normal 0.500022 0 -0.866013
    outer loop
      vertex 116.1 -2 111.486
      vertex 109.6 -6 107.733
      vertex 109.6 -2 107.733
    endloop
  endfacet
  facet normal 0.499982 0 0.866036
    outer loop
      vertex 125.6 -2 100.227
      vertex 132.1 -6 96.4744
      vertex 132.1 -2 96.4744
    endloop
  endfacet
  facet normal 0.499982 0 0.866036
    outer loop
      vertex 132.1 -6 96.4744
      vertex 125.6 -2 100.227
      vertex 125.6 -6 100.227
    endloop
  endfacet
  facet normal -0.499982 0 0.866036
    outer loop
      vertex 132.1 -2 96.4744
      vertex 138.6 -6 100.227
      vertex 138.6 -2 100.227
    endloop
  endfacet
  facet normal -0.499982 0 0.866036
    outer loop
      vertex 138.6 -6 100.227
      vertex 132.1 -2 96.4744
      vertex 132.1 -6 96.4744
    endloop
  endfacet
  facet normal 1 -0 0
    outer loop
      vertex 125.6 -6 107.733
      vertex 125.6 -2 100.227
      vertex 125.6 -2 107.733
    endloop
  endfacet
  facet normal 1 0 0
    outer loop
      vertex 125.6 -2 100.227
      vertex 125.6 -6 107.733
      vertex 125.6 -6 100.227
    endloop
  endfacet
  facet normal -0.500022 0 -0.866013
    outer loop
      vertex 132.1 -6 111.486
      vertex 138.6 -2 107.733
      vertex 138.6 -6 107.733
    endloop
  endfacet
  facet normal -0.500022 0 -0.866013
    outer loop
      vertex 138.6 -2 107.733
      vertex 132.1 -6 111.486
      vertex 132.1 -2 111.486
    endloop
  endfacet
  facet normal -1 0 0
    outer loop
      vertex 138.6 -6 100.227
      vertex 138.6 -2 107.733
      vertex 138.6 -2 100.227
    endloop
  endfacet
  facet normal -1 -0 0
    outer loop
      vertex 138.6 -2 107.733
      vertex 138.6 -6 100.227
      vertex 138.6 -6 107.733
    endloop
  endfacet
  facet normal 0.500022 0 -0.866013
    outer loop
      vertex 125.6 -6 107.733
      vertex 132.1 -2 111.486
      vertex 132.1 -6 111.486
    endloop
  endfacet
  facet normal 0.500022 0 -0.866013
    outer loop
      vertex 132.1 -2 111.486
      vertex 125.6 -6 107.733
      vertex 125.6 -2 107.733
    endloop
  endfacet
  facet normal 0.499982 0 0.866036
    outer loop
      vertex 141.6 -2 100.227
      vertex 148.1 -6 96.4744
      vertex 148.1 -2 96.4744
    endloop
  endfacet
  facet normal 0.499982 0 0.866036
    outer loop
      vertex 148.1 -6 96.4744
      vertex 141.6 -2 100.227
      vertex 141.6 -6 100.227
    endloop
  endfacet
  facet normal -0.499982 0 0.866036
    outer loop
      vertex 148.1 -2 96.4744
      vertex 154.6 -6 100.227
      vertex 154.6 -2 100.227
    endloop
  endfacet
  facet normal -0.499982 0 0.866036
    outer loop
      vertex 154.6 -6 100.227
      vertex 148.1 -2 96.4744
      vertex 148.1 -6 96.4744
    endloop
  endfacet
  facet normal 1 -0 0
    outer loop
      vertex 141.6 -6 107.733
      vertex 141.6 -2 100.227
      vertex 141.6 -2 107.733
    endloop
  endfacet
  facet normal 1 0 0
    outer loop
      vertex 141.6 -2 100.227
      vertex 141.6 -6 107.733
      vertex 141.6 -6 100.227
    endloop
  endfacet
  facet normal -0.500022 0 -0.866013
    outer loop
      vertex 148.1 -6 111.486
      vertex 154.6 -2 107.733
      vertex 154.6 -6 107.733
    endloop
  endfacet
  facet normal -0.500022 0 -0.866013
    outer loop
      vertex 154.6 -2 107.733
      vertex 148.1 -6 111.486
      vertex 148.1 -2 111.486
    endloop
  endfacet
  facet normal -1 0 0
    outer loop
      vertex 154.6 -6 100.227
      vertex 154.6 -2 107.733
      vertex 154.6 -2 100.227
    endloop
  endfacet
  facet normal -1 -0 0
    outer loop
      vertex 154.6 -2 107.733
      vertex 154.6 -6 100.227
      vertex 154.6 -6 107.733
    endloop
  endfacet
  facet normal 0.500022 0 -0.866013
    outer loop
      vertex 141.6 -6 107.733
      vertex 148.1 -2 111.486
      vertex 148.1 -6 111.486
    endloop
  endfacet
  facet normal 0.500022 0 -0.866013
    outer loop
      vertex 148.1 -2 111.486
      vertex 141.6 -6 107.733
      vertex 141.6 -2 107.733
    endloop
  endfacet
  facet normal 0.499982 0 0.866036
    outer loop
      vertex 157.6 -2 100.227
      vertex 164.1 -6 96.4744
      vertex 164.1 -2 96.4744
    endloop
  endfacet
  facet normal 0.499982 0 0.866036
    outer loop
      vertex 164.1 -6 96.4744
      vertex 157.6 -2 100.227
      vertex 157.6 -6 100.227
    endloop
  endfacet
  facet normal -0.499982 0 0.866036
    outer loop
      vertex 164.1 -2 96.4744
      vertex 170.6 -6 100.227
      vertex 170.6 -2 100.227
    endloop
  endfacet
  facet normal -0.499982 0 0.866036
    outer loop
      vertex 170.6 -6 100.227
      vertex 164.1 -2 96.4744
      vertex 164.1 -6 96.4744
    endloop
  endfacet
  facet normal 1 -0 0
    outer loop
      vertex 157.6 -6 107.733
      vertex 157.6 -2 100.227
      vertex 157.6 -2 107.733
    endloop
  endfacet
  facet normal 1 0 0
    outer loop
      vertex 157.6 -2 100.227
      vertex 157.6 -6 107.733
      vertex 157.6 -6 100.227
    endloop
  endfacet
  facet normal -0.500022 0 -0.866013
    outer loop
      vertex 164.1 -6 111.486
      vertex 170.6 -2 107.733
      vertex 170.6 -6 107.733
    endloop
  endfacet
  facet normal -0.500022 0 -0.866013
    outer loop
      vertex 170.6 -2 107.733
      vertex 164.1 -6 111.486
      vertex 164.1 -2 111.486
    endloop
  endfacet
  facet normal -1 0 0
    outer loop
      vertex 170.6 -6 100.227
      vertex 170.6 -2 107.733
      vertex 170.6 -2 100.227
    endloop
  endfacet
  facet normal -1 -0 0
    outer loop
      vertex 170.6 -2 107.733
      vertex 170.6 -6 100.227
      vertex 170.6 -6 107.733
    endloop
  endfacet
  facet normal 0.500022 0 -0.866013
    outer loop
      vertex 157.6 -6 107.733
      vertex 164.1 -2 111.486
      vertex 164.1 -6 111.486
    endloop
  endfacet
  facet normal 0.500022 0 -0.866013
    outer loop
      vertex 164.1 -2 111.486
      vertex 157.6 -6 107.733
      vertex 157.6 -2 107.733
    endloop
  endfacet
  facet normal 0.500022 0 0.866013
    outer loop
      vertex 101.6 -2 114.083
      vertex 108.1 -6 110.33
      vertex 108.1 -2 110.33
    endloop
  endfacet
  facet normal 0.500022 0 0.866013
    outer loop
      vertex 108.1 -6 110.33
      vertex 101.6 -2 114.083
      vertex 101.6 -6 114.083
    endloop
  endfacet
  facet normal -0.500022 0 0.866013
    outer loop
      vertex 108.1 -2 110.33
      vertex 114.6 -6 114.083
      vertex 114.6 -2 114.083
    endloop
  endfacet
  facet normal -0.500022 0 0.866013
    outer loop
      vertex 114.6 -6 114.083
      vertex 108.1 -2 110.33
      vertex 108.1 -6 110.33
    endloop
  endfacet
  facet normal 1 -0 0
    outer loop
      vertex 101.6 -6 121.589
      vertex 101.6 -2 114.083
      vertex 101.6 -2 121.589
    endloop
  endfacet
  facet normal 1 0 0
    outer loop
      vertex 101.6 -2 114.083
      vertex 101.6 -6 121.589
      vertex 101.6 -6 114.083
    endloop
  endfacet
  facet normal -0.500022 0 -0.866013
    outer loop
      vertex 108.1 -6 125.342
      vertex 114.6 -2 121.589
      vertex 114.6 -6 121.589
    endloop
  endfacet
  facet normal -0.500022 0 -0.866013
    outer loop
      vertex 114.6 -2 121.589
      vertex 108.1 -6 125.342
      vertex 108.1 -2 125.342
    endloop
  endfacet
  facet normal -1 0 0
    outer loop
      vertex 114.6 -6 114.083
      vertex 114.6 -2 121.589
      vertex 114.6 -2 114.083
    endloop
  endfacet
  facet normal -1 -0 0
    outer loop
      vertex 114.6 -2 121.589
      vertex 114.6 -6 114.083
      vertex 114.6 -6 121.589
    endloop
  endfacet
  facet normal 0.500022 0 -0.866013
    outer loop
      vertex 101.6 -6 121.589
      vertex 108.1 -2 125.342
      vertex 108.1 -6 125.342
    endloop
  endfacet
  facet normal 0.500022 0 -0.866013
    outer loop
      vertex 108.1 -2 125.342
      vertex 101.6 -6 121.589
      vertex 101.6 -2 121.589
    endloop
  endfacet
  facet normal 0.500022 0 0.866013
    outer loop
      vertex 117.6 -2 114.083
      vertex 124.1 -6 110.33
      vertex 124.1 -2 110.33
    endloop
  endfacet
  facet normal 0.500022 0 0.866013
    outer loop
      vertex 124.1 -6 110.33
      vertex 117.6 -2 114.083
      vertex 117.6 -6 114.083
    endloop
  endfacet
  facet normal -0.500022 0 0.866013
    outer loop
      vertex 124.1 -2 110.33
      vertex 130.6 -6 114.083
      vertex 130.6 -2 114.083
    endloop
  endfacet
  facet normal -0.500022 0 0.866013
    outer loop
      vertex 130.6 -6 114.083
      vertex 124.1 -2 110.33
      vertex 124.1 -6 110.33
    endloop
  endfacet
  facet normal 1 -0 0
    outer loop
      vertex 117.6 -6 121.589
      vertex 117.6 -2 114.083
      vertex 117.6 -2 121.589
    endloop
  endfacet
  facet normal 1 0 0
    outer loop
      vertex 117.6 -2 114.083
      vertex 117.6 -6 121.589
      vertex 117.6 -6 114.083
    endloop
  endfacet
  facet normal -0.500022 0 -0.866013
    outer loop
      vertex 124.1 -6 125.342
      vertex 130.6 -2 121.589
      vertex 130.6 -6 121.589
    endloop
  endfacet
  facet normal -0.500022 0 -0.866013
    outer loop
      vertex 130.6 -2 121.589
      vertex 124.1 -6 125.342
      vertex 124.1 -2 125.342
    endloop
  endfacet
  facet normal -1 0 0
    outer loop
      vertex 130.6 -6 114.083
      vertex 130.6 -2 121.589
      vertex 130.6 -2 114.083
    endloop
  endfacet
  facet normal -1 -0 0
    outer loop
      vertex 130.6 -2 121.589
      vertex 130.6 -6 114.083
      vertex 130.6 -6 121.589
    endloop
  endfacet
  facet normal 0.500022 0 -0.866013
    outer loop
      vertex 117.6 -6 121.589
      vertex 124.1 -2 125.342
      vertex 124.1 -6 125.342
    endloop
  endfacet
  facet normal 0.500022 0 -0.866013
    outer loop
      vertex 124.1 -2 125.342
      vertex 117.6 -6 121.589
      vertex 117.6 -2 121.589
    endloop
  endfacet
  facet normal 0.500022 0 0.866013
    outer loop
      vertex 133.6 -2 114.083
      vertex 140.1 -6 110.33
      vertex 140.1 -2 110.33
    endloop
  endfacet
  facet normal 0.500022 0 0.866013
    outer loop
      vertex 140.1 -6 110.33
      vertex 133.6 -2 114.083
      vertex 133.6 -6 114.083
    endloop
  endfacet
  facet normal -0.500022 0 0.866013
    outer loop
      vertex 140.1 -2 110.33
      vertex 146.6 -6 114.083
      vertex 146.6 -2 114.083
    endloop
  endfacet
  facet normal -0.500022 0 0.866013
    outer loop
      vertex 146.6 -6 114.083
      vertex 140.1 -2 110.33
      vertex 140.1 -6 110.33
    endloop
  endfacet
  facet normal 1 -0 0
    outer loop
      vertex 133.6 -6 121.589
      vertex 133.6 -2 114.083
      vertex 133.6 -2 121.589
    endloop
  endfacet
  facet normal 1 0 0
    outer loop
      vertex 133.6 -2 114.083
      vertex 133.6 -6 121.589
      vertex 133.6 -6 114.083
    endloop
  endfacet
  facet normal -0.500022 0 -0.866013
    outer loop
      vertex 140.1 -6 125.342
      vertex 146.6 -2 121.589
      vertex 146.6 -6 121.589
    endloop
  endfacet
  facet normal -0.500022 0 -0.866013
    outer loop
      vertex 146.6 -2 121.589
      vertex 140.1 -6 125.342
      vertex 140.1 -2 125.342
    endloop
  endfacet
  facet normal -1 0 0
    outer loop
      vertex 146.6 -6 114.083
      vertex 146.6 -2 121.589
      vertex 146.6 -2 114.083
    endloop
  endfacet
  facet normal -1 -0 0
    outer loop
      vertex 146.6 -2 121.589
      vertex 146.6 -6 114.083
      vertex 146.6 -6 121.589
    endloop
  endfacet
  facet normal 0.500022 0 -0.866013
    outer loop
      vertex 133.6 -6 121.589
      vertex 140.1 -2 125.342
      vertex 140.1 -6 125.342
    endloop
  endfacet
  facet normal 0.500022 0 -0.866013
    outer loop
      vertex 140.1 -2 125.342
      vertex 133.6 -6 121.589
      vertex 133.6 -2 121.589
    endloop
  endfacet
  facet normal 0.500022 0 0.866013
    outer loop
      vertex 149.6 -2 114.083
      vertex 156.1 -6 110.33
      vertex 156.1 -2 110.33
    endloop
  endfacet
  facet normal 0.500022 0 0.866013
    outer loop
      vertex 156.1 -6 110.33
      vertex 149.6 -2 114.083
      vertex 149.6 -6 114.083
    endloop
  endfacet
  facet normal -0.500022 0 0.866013
    outer loop
      vertex 156.1 -2 110.33
      vertex 162.6 -6 114.083
      vertex 162.6 -2 114.083
    endloop
  endfacet
  facet normal -0.500022 0 0.866013
    outer loop
      vertex 162.6 -6 114.083
      vertex 156.1 -2 110.33
      vertex 156.1 -6 110.33
    endloop
  endfacet
  facet normal 1 -0 0
    outer loop
      vertex 149.6 -6 121.589
      vertex 149.6 -2 114.083
      vertex 149.6 -2 121.589
    endloop
  endfacet
  facet normal 1 0 0
    outer loop
      vertex 149.6 -2 114.083
      vertex 149.6 -6 121.589
      vertex 149.6 -6 114.083
    endloop
  endfacet
  facet normal -0.500022 0 -0.866013
    outer loop
      vertex 156.1 -6 125.342
      vertex 162.6 -2 121.589
      vertex 162.6 -6 121.589
    endloop
  endfacet
  facet normal -0.500022 0 -0.866013
    outer loop
      vertex 162.6 -2 121.589
      vertex 156.1 -6 125.342
      vertex 156.1 -2 125.342
    endloop
  endfacet
  facet normal -1 0 0
    outer loop
      vertex 162.6 -6 114.083
      vertex 162.6 -2 121.589
      vertex 162.6 -2 114.083
    endloop
  endfacet
  facet normal -1 -0 0
    outer loop
      vertex 162.6 -2 121.589
      vertex 162.6 -6 114.083
      vertex 162.6 -6 121.589
    endloop
  endfacet
  facet normal 0.500022 0 -0.866013
    outer loop
      vertex 149.6 -6 121.589
      vertex 156.1 -2 125.342
      vertex 156.1 -6 125.342
    endloop
  endfacet
  facet normal 0.500022 0 -0.866013
    outer loop
      vertex 156.1 -2 125.342
      vertex 149.6 -6 121.589
      vertex 149.6 -2 121.589
    endloop
  endfacet
  facet normal -1 0 0
    outer loop
      vertex 164.1 -6 147.7
      vertex 164.1 -2 150.7
      vertex 164.1 -2 147.7
    endloop
  endfacet
  facet normal -1 -0 0
    outer loop
      vertex 164.1 -2 150.7
      vertex 164.1 -6 147.7
      vertex 164.1 -6 150.7
    endloop
  endfacet
  facet normal 0 0 -1
    outer loop
      vertex 158.1 -6 150.7
      vertex 164.1 -2 150.7
      vertex 164.1 -6 150.7
    endloop
  endfacet
  facet normal -0 0 -1
    outer loop
      vertex 164.1 -2 150.7
      vertex 158.1 -6 150.7
      vertex 158.1 -2 150.7
    endloop
  endfacet
  facet normal -0 0 1
    outer loop
      vertex 158.1 -2 147.7
      vertex 164.1 -6 147.7
      vertex 164.1 -2 147.7
    endloop
  endfacet
  facet normal 0 0 1
    outer loop
      vertex 164.1 -6 147.7
      vertex 158.1 -2 147.7
      vertex 158.1 -6 147.7
    endloop
  endfacet
  facet normal 1 -0 0
    outer loop
      vertex 158.1 -6 150.7
      vertex 158.1 -2 147.7
      vertex 158.1 -2 150.7
    endloop
  endfacet
  facet normal 1 0 0
    outer loop
      vertex 158.1 -2 147.7
      vertex 158.1 -6 150.7
      vertex 158.1 -6 147.7
    endloop
  endfacet
  facet normal -1 0 0
    outer loop
      vertex 180.1 -6 147.7
      vertex 180.1 -2 150.7
      vertex 180.1 -2 147.7
    endloop
  endfacet
  facet normal -1 -0 0
    outer loop
      vertex 180.1 -2 150.7
      vertex 180.1 -6 147.7
      vertex 180.1 -6 150.7
    endloop
  endfacet
  facet normal 0 0 -1
    outer loop
      vertex 174.1 -6 150.7
      vertex 180.1 -2 150.7
      vertex 180.1 -6 150.7
    endloop
  endfacet
  facet normal -0 0 -1
    outer loop
      vertex 180.1 -2 150.7
      vertex 174.1 -6 150.7
      vertex 174.1 -2 150.7
    endloop
  endfacet
  facet normal -0 0 1
    outer loop
      vertex 174.1 -2 147.7
      vertex 180.1 -6 147.7
      vertex 180.1 -2 147.7
    endloop
  endfacet
  facet normal 0 0 1
    outer loop
      vertex 180.1 -6 147.7
      vertex 174.1 -2 147.7
      vertex 174.1 -6 147.7
    endloop
  endfacet
  facet normal 1 -0 0
    outer loop
      vertex 174.1 -6 150.7
      vertex 174.1 -2 147.7
      vertex 174.1 -2 150.7
    endloop
  endfacet
  facet normal 1 0 0
    outer loop
      vertex 174.1 -2 147.7
      vertex 174.1 -6 150.7
      vertex 174.1 -6 147.7
    endloop
  endfacet
  facet normal -4.16367e-18 -0.970939 -0.239327
    outer loop
      vertex 91.6 30.8 58.1431
      vertex 95.6 30.3418 60.002
      vertex 91.6 30.3418 60.002
    endloop
  endfacet
  facet normal -4.16367e-18 -0.970939 -0.239327
    outer loop
      vertex 95.6 30.3418 60.002
      vertex 91.6 30.8 58.1431
      vertex 95.6 30.8 58.1431
    endloop
  endfacet
  facet normal -4.16367e-18 -0.970939 -0.239327
    outer loop
      vertex 183.6 30.8 58.1431
      vertex 187.6 30.3418 60.002
      vertex 183.6 30.3418 60.002
    endloop
  endfacet
  facet normal -4.16367e-18 -0.970939 -0.239327
    outer loop
      vertex 187.6 30.3418 60.002
      vertex 183.6 30.8 58.1431
      vertex 187.6 30.8 58.1431
    endloop
  endfacet
  facet normal -0 0.0603815 0.998175
    outer loop
      vertex 91.6 17.121 21.9224
      vertex 95.6 15.21 22.038
      vertex 95.6 17.121 21.9224
    endloop
  endfacet
  facet normal 0 0.0603815 0.998175
    outer loop
      vertex 95.6 15.21 22.038
      vertex 91.6 17.121 21.9224
      vertex 91.6 15.21 22.038
    endloop
  endfacet
  facet normal -0 0.0603815 0.998175
    outer loop
      vertex 183.6 17.121 21.9224
      vertex 187.6 15.21 22.038
      vertex 187.6 17.121 21.9224
    endloop
  endfacet
  facet normal 0 0.0603815 0.998175
    outer loop
      vertex 187.6 15.21 22.038
      vertex 183.6 17.121 21.9224
      vertex 183.6 15.21 22.038
    endloop
  endfacet
  facet normal 0 0.464707 -0.885464
    outer loop
      vertex 91.6 13.5716 71.3716
      vertex 95.6 15.679 72.4776
      vertex 95.6 13.5716 71.3716
    endloop
  endfacet
  facet normal 0 0.464707 -0.885464
    outer loop
      vertex 95.6 15.679 72.4776
      vertex 91.6 13.5716 71.3716
      vertex 91.6 15.679 72.4776
    endloop
  endfacet
  facet normal 0 0.464707 -0.885464
    outer loop
      vertex 183.6 13.5716 71.3716
      vertex 187.6 15.679 72.4776
      vertex 187.6 13.5716 71.3716
    endloop
  endfacet
  facet normal 0 0.464707 -0.885464
    outer loop
      vertex 187.6 15.679 72.4776
      vertex 183.6 13.5716 71.3716
      vertex 183.6 15.679 72.4776
    endloop
  endfacet
  facet normal 0 1 -0
    outer loop
      vertex 95.6 2 36.2569
      vertex 91.6 2 58.1431
      vertex 95.6 2 58.1431
    endloop
  endfacet
  facet normal 0 1 0
    outer loop
      vertex 91.6 2 58.1431
      vertex 95.6 2 36.2569
      vertex 91.6 2 36.2569
    endloop
  endfacet
  facet normal 0 1 -0
    outer loop
      vertex 187.6 2 36.2569
      vertex 183.6 2 58.1431
      vertex 187.6 2 58.1431
    endloop
  endfacet
  facet normal 0 1 0
    outer loop
      vertex 183.6 2 58.1431
      vertex 187.6 2 36.2569
      vertex 183.6 2 36.2569
    endloop
  endfacet
  facet normal 0 -0.51732 -0.855792
    outer loop
      vertex 91.6 17.59 72.362
      vertex 95.6 19.2284 71.3716
      vertex 95.6 17.59 72.362
    endloop
  endfacet
  facet normal -0 -0.51732 -0.855792
    outer loop
      vertex 95.6 19.2284 71.3716
      vertex 91.6 17.59 72.362
      vertex 91.6 19.2284 71.3716
    endloop
  endfacet
  facet normal 0 -0.51732 -0.855792
    outer loop
      vertex 183.6 17.59 72.362
      vertex 187.6 19.2284 71.3716
      vertex 187.6 17.59 72.362
    endloop
  endfacet
  facet normal -0 -0.51732 -0.855792
    outer loop
      vertex 187.6 19.2284 71.3716
      vertex 183.6 17.59 72.362
      vertex 183.6 19.2284 71.3716
    endloop
  endfacet
  facet normal 1.5242e-18 -0.988619 0.15044
    outer loop
      vertex 91.6 30.6189 35.0668
      vertex 95.6 30.8 36.2569
      vertex 91.6 30.8 36.2569
    endloop
  endfacet
  facet normal 1.5242e-18 -0.988619 0.15044
    outer loop
      vertex 95.6 30.8 36.2569
      vertex 91.6 30.6189 35.0668
      vertex 95.6 30.6189 35.0668
    endloop
  endfacet
  facet normal 1.5242e-18 -0.988619 0.15044
    outer loop
      vertex 183.6 30.6189 35.0668
      vertex 187.6 30.8 36.2569
      vertex 183.6 30.8 36.2569
    endloop
  endfacet
  facet normal 1.5242e-18 -0.988619 0.15044
    outer loop
      vertex 187.6 30.8 36.2569
      vertex 183.6 30.6189 35.0668
      vertex 187.6 30.6189 35.0668
    endloop
  endfacet
  facet normal 4.32767e-18 0.970942 0.239317
    outer loop
      vertex 95.6 2.45818 34.398
      vertex 91.6 2 36.2569
      vertex 95.6 2 36.2569
    endloop
  endfacet
  facet normal 4.32767e-18 0.970942 0.239317
    outer loop
      vertex 91.6 2 36.2569
      vertex 95.6 2.45818 34.398
      vertex 91.6 2.45818 34.398
    endloop
  endfacet
  facet normal 4.32767e-18 0.970942 0.239317
    outer loop
      vertex 187.6 2.45818 34.398
      vertex 183.6 2 36.2569
      vertex 187.6 2 36.2569
    endloop
  endfacet
  facet normal 4.32767e-18 0.970942 0.239317
    outer loop
      vertex 183.6 2 36.2569
      vertex 187.6 2.45818 34.398
      vertex 183.6 2.45818 34.398
    endloop
  endfacet
  facet normal 8.69581e-17 0.707106 -0.707108
    outer loop
      vertex 95.6 3.17157 60.9716
      vertex 91.6 13.5716 71.3716
      vertex 95.6 13.5716 71.3716
    endloop
  endfacet
  facet normal 8.69581e-17 0.707106 -0.707108
    outer loop
      vertex 91.6 13.5716 71.3716
      vertex 95.6 3.17157 60.9716
      vertex 91.6 3.17157 60.9716
    endloop
  endfacet
  facet normal 8.69581e-17 0.707106 -0.707108
    outer loop
      vertex 187.6 3.17157 60.9716
      vertex 183.6 13.5716 71.3716
      vertex 187.6 13.5716 71.3716
    endloop
  endfacet
  facet normal 8.69581e-17 0.707106 -0.707108
    outer loop
      vertex 183.6 13.5716 71.3716
      vertex 187.6 3.17157 60.9716
      vertex 183.6 3.17157 60.9716
    endloop
  endfacet
  facet normal 0 -0.0603815 -0.998175
    outer loop
      vertex 91.6 15.679 72.4776
      vertex 95.6 17.59 72.362
      vertex 95.6 15.679 72.4776
    endloop
  endfacet
  facet normal -0 -0.0603815 -0.998175
    outer loop
      vertex 95.6 17.59 72.362
      vertex 91.6 15.679 72.4776
      vertex 91.6 17.59 72.362
    endloop
  endfacet
  facet normal 0 -0.0603815 -0.998175
    outer loop
      vertex 183.6 15.679 72.4776
      vertex 187.6 17.59 72.362
      vertex 187.6 15.679 72.4776
    endloop
  endfacet
  facet normal -0 -0.0603815 -0.998175
    outer loop
      vertex 187.6 17.59 72.362
      vertex 183.6 15.679 72.4776
      vertex 183.6 17.59 72.362
    endloop
  endfacet
  facet normal -3.86484e-17 -0.707107 -0.707107
    outer loop
      vertex 91.6 29.6284 60.9716
      vertex 95.6 19.2284 71.3716
      vertex 91.6 19.2284 71.3716
    endloop
  endfacet
  facet normal -3.86484e-17 -0.707107 -0.707107
    outer loop
      vertex 95.6 19.2284 71.3716
      vertex 91.6 29.6284 60.9716
      vertex 95.6 29.6284 60.9716
    endloop
  endfacet
  facet normal -3.86484e-17 -0.707107 -0.707107
    outer loop
      vertex 183.6 29.6284 60.9716
      vertex 187.6 19.2284 71.3716
      vertex 183.6 19.2284 71.3716
    endloop
  endfacet
  facet normal -3.86484e-17 -0.707107 -0.707107
    outer loop
      vertex 187.6 19.2284 71.3716
      vertex 183.6 29.6284 60.9716
      vertex 187.6 29.6284 60.9716
    endloop
  endfacet
  facet normal 1.0729e-17 0.805473 0.592632
    outer loop
      vertex 95.6 3.17157 33.4284
      vertex 91.6 2.45818 34.398
      vertex 95.6 2.45818 34.398
    endloop
  endfacet
  facet normal 1.0729e-17 0.805473 0.592632
    outer loop
      vertex 91.6 2.45818 34.398
      vertex 95.6 3.17157 33.4284
      vertex 91.6 3.17157 33.4284
    endloop
  endfacet
  facet normal 1.0729e-17 0.805473 0.592632
    outer loop
      vertex 187.6 3.17157 33.4284
      vertex 183.6 2.45818 34.398
      vertex 187.6 2.45818 34.398
    endloop
  endfacet
  facet normal 1.0729e-17 0.805473 0.592632
    outer loop
      vertex 183.6 2.45818 34.398
      vertex 187.6 3.17157 33.4284
      vertex 183.6 3.17157 33.4284
    endloop
  endfacet
  facet normal -2.73301e-18 -0.855769 0.517358
    outer loop
      vertex 91.6 29.6284 33.4284
      vertex 95.6 30.6189 35.0668
      vertex 91.6 30.6189 35.0668
    endloop
  endfacet
  facet normal -2.73301e-18 -0.855769 0.517358
    outer loop
      vertex 95.6 30.6189 35.0668
      vertex 91.6 29.6284 33.4284
      vertex 95.6 29.6284 33.4284
    endloop
  endfacet
  facet normal -2.73301e-18 -0.855769 0.517358
    outer loop
      vertex 183.6 29.6284 33.4284
      vertex 187.6 30.6189 35.0668
      vertex 183.6 30.6189 35.0668
    endloop
  endfacet
  facet normal -2.73301e-18 -0.855769 0.517358
    outer loop
      vertex 187.6 30.6189 35.0668
      vertex 183.6 29.6284 33.4284
      vertex 187.6 29.6284 33.4284
    endloop
  endfacet
  facet normal -0 0.51732 0.855792
    outer loop
      vertex 91.6 15.21 22.038
      vertex 95.6 13.5716 23.0284
      vertex 95.6 15.21 22.038
    endloop
  endfacet
  facet normal 0 0.51732 0.855792
    outer loop
      vertex 95.6 13.5716 23.0284
      vertex 91.6 15.21 22.038
      vertex 91.6 13.5716 23.0284
    endloop
  endfacet
  facet normal -0 0.51732 0.855792
    outer loop
      vertex 183.6 15.21 22.038
      vertex 187.6 13.5716 23.0284
      vertex 187.6 15.21 22.038
    endloop
  endfacet
  facet normal 0 0.51732 0.855792
    outer loop
      vertex 187.6 13.5716 23.0284
      vertex 183.6 15.21 22.038
      vertex 183.6 13.5716 23.0284
    endloop
  endfacet
  facet normal 0 -0.464707 0.885464
    outer loop
      vertex 91.6 19.2284 23.0284
      vertex 95.6 17.121 21.9224
      vertex 95.6 19.2284 23.0284
    endloop
  endfacet
  facet normal 0 -0.464707 0.885464
    outer loop
      vertex 95.6 17.121 21.9224
      vertex 91.6 19.2284 23.0284
      vertex 91.6 17.121 21.9224
    endloop
  endfacet
  facet normal 0 -0.464707 0.885464
    outer loop
      vertex 183.6 19.2284 23.0284
      vertex 187.6 17.121 21.9224
      vertex 187.6 19.2284 23.0284
    endloop
  endfacet
  facet normal 0 -0.464707 0.885464
    outer loop
      vertex 187.6 17.121 21.9224
      vertex 183.6 19.2284 23.0284
      vertex 183.6 17.121 21.9224
    endloop
  endfacet
  facet normal -1.73992e-18 -0.805469 -0.592638
    outer loop
      vertex 91.6 30.3418 60.002
      vertex 95.6 29.6284 60.9716
      vertex 91.6 29.6284 60.9716
    endloop
  endfacet
  facet normal -1.73992e-18 -0.805469 -0.592638
    outer loop
      vertex 95.6 29.6284 60.9716
      vertex 91.6 30.3418 60.002
      vertex 95.6 30.3418 60.002
    endloop
  endfacet
  facet normal -1.73992e-18 -0.805469 -0.592638
    outer loop
      vertex 183.6 30.3418 60.002
      vertex 187.6 29.6284 60.9716
      vertex 183.6 29.6284 60.9716
    endloop
  endfacet
  facet normal -1.73992e-18 -0.805469 -0.592638
    outer loop
      vertex 187.6 29.6284 60.9716
      vertex 183.6 30.3418 60.002
      vertex 187.6 30.3418 60.002
    endloop
  endfacet
  facet normal -7.53845e-18 0.855795 -0.517316
    outer loop
      vertex 95.6 2.18112 59.3331
      vertex 91.6 3.17157 60.9716
      vertex 95.6 3.17157 60.9716
    endloop
  endfacet
  facet normal -7.53845e-18 0.855795 -0.517316
    outer loop
      vertex 91.6 3.17157 60.9716
      vertex 95.6 2.18112 59.3331
      vertex 91.6 2.18112 59.3331
    endloop
  endfacet
  facet normal -7.53845e-18 0.855795 -0.517316
    outer loop
      vertex 187.6 2.18112 59.3331
      vertex 183.6 3.17157 60.9716
      vertex 187.6 3.17157 60.9716
    endloop
  endfacet
  facet normal -7.53845e-18 0.855795 -0.517316
    outer loop
      vertex 183.6 3.17157 60.9716
      vertex 187.6 2.18112 59.3331
      vertex 183.6 2.18112 59.3331
    endloop
  endfacet
  facet normal 2.35986e-18 0.988615 -0.150469
    outer loop
      vertex 95.6 2 58.1431
      vertex 91.6 2.18112 59.3331
      vertex 95.6 2.18112 59.3331
    endloop
  endfacet
  facet normal 2.35986e-18 0.988615 -0.150469
    outer loop
      vertex 91.6 2.18112 59.3331
      vertex 95.6 2 58.1431
      vertex 91.6 2 58.1431
    endloop
  endfacet
  facet normal 2.35986e-18 0.988615 -0.150469
    outer loop
      vertex 187.6 2 58.1431
      vertex 183.6 2.18112 59.3331
      vertex 187.6 2.18112 59.3331
    endloop
  endfacet
  facet normal 2.35986e-18 0.988615 -0.150469
    outer loop
      vertex 183.6 2.18112 59.3331
      vertex 187.6 2 58.1431
      vertex 183.6 2 58.1431
    endloop
  endfacet
  facet normal 9.66101e-18 0.707106 0.707108
    outer loop
      vertex 95.6 13.5716 23.0284
      vertex 91.6 3.17157 33.4284
      vertex 95.6 3.17157 33.4284
    endloop
  endfacet
  facet normal 9.66101e-18 0.707106 0.707108
    outer loop
      vertex 91.6 3.17157 33.4284
      vertex 95.6 13.5716 23.0284
      vertex 91.6 13.5716 23.0284
    endloop
  endfacet
  facet normal 9.66101e-18 0.707106 0.707108
    outer loop
      vertex 187.6 13.5716 23.0284
      vertex 183.6 3.17157 33.4284
      vertex 187.6 3.17157 33.4284
    endloop
  endfacet
  facet normal 9.66101e-18 0.707106 0.707108
    outer loop
      vertex 183.6 3.17157 33.4284
      vertex 187.6 13.5716 23.0284
      vertex 183.6 13.5716 23.0284
    endloop
  endfacet
  facet normal 0 -1 0
    outer loop
      vertex 91.6 30.8 36.2569
      vertex 95.6 30.8 58.1431
      vertex 91.6 30.8 58.1431
    endloop
  endfacet
  facet normal 0 -1 -0
    outer loop
      vertex 95.6 30.8 58.1431
      vertex 91.6 30.8 36.2569
      vertex 95.6 30.8 36.2569
    endloop
  endfacet
  facet normal 0 -1 0
    outer loop
      vertex 183.6 30.8 36.2569
      vertex 187.6 30.8 58.1431
      vertex 183.6 30.8 58.1431
    endloop
  endfacet
  facet normal 0 -1 -0
    outer loop
      vertex 187.6 30.8 58.1431
      vertex 183.6 30.8 36.2569
      vertex 187.6 30.8 36.2569
    endloop
  endfacet
  facet normal -5.79726e-17 -0.707107 0.707107
    outer loop
      vertex 91.6 19.2284 23.0284
      vertex 95.6 29.6284 33.4284
      vertex 91.6 29.6284 33.4284
    endloop
  endfacet
  facet normal -5.79726e-17 -0.707107 0.707107
    outer loop
      vertex 95.6 29.6284 33.4284
      vertex 91.6 19.2284 23.0284
      vertex 95.6 19.2284 23.0284
    endloop
  endfacet
  facet normal -5.79726e-17 -0.707107 0.707107
    outer loop
      vertex 183.6 19.2284 23.0284
      vertex 187.6 29.6284 33.4284
      vertex 183.6 29.6284 33.4284
    endloop
  endfacet
  facet normal -5.79726e-17 -0.707107 0.707107
    outer loop
      vertex 187.6 29.6284 33.4284
      vertex 183.6 19.2284 23.0284
      vertex 187.6 19.2284 23.0284
    endloop
  endfacet
  facet normal 6.20813e-18 -0.970942 -0.239315
    outer loop
      vertex 91.6 30.8 120.143
      vertex 95.6 30.3418 122.002
      vertex 91.6 30.3418 122.002
    endloop
  endfacet
  facet normal 6.20813e-18 -0.970942 -0.239315
    outer loop
      vertex 95.6 30.3418 122.002
      vertex 91.6 30.8 120.143
      vertex 95.6 30.8 120.143
    endloop
  endfacet
  facet normal 6.20813e-18 -0.970942 -0.239315
    outer loop
      vertex 183.6 30.8 120.143
      vertex 187.6 30.3418 122.002
      vertex 183.6 30.3418 122.002
    endloop
  endfacet
  facet normal 6.20813e-18 -0.970942 -0.239315
    outer loop
      vertex 187.6 30.3418 122.002
      vertex 183.6 30.8 120.143
      vertex 187.6 30.8 120.143
    endloop
  endfacet
  facet normal -0 0.0603815 0.998175
    outer loop
      vertex 91.6 17.121 83.9224
      vertex 95.6 15.21 84.038
      vertex 95.6 17.121 83.9224
    endloop
  endfacet
  facet normal 0 0.0603815 0.998175
    outer loop
      vertex 95.6 15.21 84.038
      vertex 91.6 17.121 83.9224
      vertex 91.6 15.21 84.038
    endloop
  endfacet
  facet normal -0 0.0603815 0.998175
    outer loop
      vertex 183.6 17.121 83.9224
      vertex 187.6 15.21 84.038
      vertex 187.6 17.121 83.9224
    endloop
  endfacet
  facet normal 0 0.0603815 0.998175
    outer loop
      vertex 187.6 15.21 84.038
      vertex 183.6 17.121 83.9224
      vertex 183.6 15.21 84.038
    endloop
  endfacet
  facet normal 0 0.464707 -0.885464
    outer loop
      vertex 91.6 13.5716 133.372
      vertex 95.6 15.679 134.478
      vertex 95.6 13.5716 133.372
    endloop
  endfacet
  facet normal 0 0.464707 -0.885464
    outer loop
      vertex 95.6 15.679 134.478
      vertex 91.6 13.5716 133.372
      vertex 91.6 15.679 134.478
    endloop
  endfacet
  facet normal 0 0.464707 -0.885464
    outer loop
      vertex 183.6 13.5716 133.372
      vertex 187.6 15.679 134.478
      vertex 187.6 13.5716 133.372
    endloop
  endfacet
  facet normal 0 0.464707 -0.885464
    outer loop
      vertex 187.6 15.679 134.478
      vertex 183.6 13.5716 133.372
      vertex 183.6 15.679 134.478
    endloop
  endfacet
  facet normal 0 1 -0
    outer loop
      vertex 95.6 2 98.2569
      vertex 91.6 2 120.143
      vertex 95.6 2 120.143
    endloop
  endfacet
  facet normal 0 1 0
    outer loop
      vertex 91.6 2 120.143
      vertex 95.6 2 98.2569
      vertex 91.6 2 98.2569
    endloop
  endfacet
  facet normal 0 1 -0
    outer loop
      vertex 187.6 2 98.2569
      vertex 183.6 2 120.143
      vertex 187.6 2 120.143
    endloop
  endfacet
  facet normal 0 1 0
    outer loop
      vertex 183.6 2 120.143
      vertex 187.6 2 98.2569
      vertex 183.6 2 98.2569
    endloop
  endfacet
  facet normal 0 -0.517167 -0.855885
    outer loop
      vertex 91.6 17.59 134.362
      vertex 95.6 19.2284 133.372
      vertex 95.6 17.59 134.362
    endloop
  endfacet
  facet normal -0 -0.517167 -0.855885
    outer loop
      vertex 95.6 19.2284 133.372
      vertex 91.6 17.59 134.362
      vertex 91.6 19.2284 133.372
    endloop
  endfacet
  facet normal 0 -0.517167 -0.855885
    outer loop
      vertex 183.6 17.59 134.362
      vertex 187.6 19.2284 133.372
      vertex 187.6 17.59 134.362
    endloop
  endfacet
  facet normal -0 -0.517167 -0.855885
    outer loop
      vertex 187.6 19.2284 133.372
      vertex 183.6 17.59 134.362
      vertex 183.6 19.2284 133.372
    endloop
  endfacet
  facet normal -3.62497e-19 0.970942 0.239317
    outer loop
      vertex 95.6 2.45818 96.398
      vertex 91.6 2 98.2569
      vertex 95.6 2 98.2569
    endloop
  endfacet
  facet normal -3.62497e-19 0.970942 0.239317
    outer loop
      vertex 91.6 2 98.2569
      vertex 95.6 2.45818 96.398
      vertex 91.6 2.45818 96.398
    endloop
  endfacet
  facet normal -3.62497e-19 0.970942 0.239317
    outer loop
      vertex 187.6 2.45818 96.398
      vertex 183.6 2 98.2569
      vertex 187.6 2 98.2569
    endloop
  endfacet
  facet normal -3.62497e-19 0.970942 0.239317
    outer loop
      vertex 183.6 2 98.2569
      vertex 187.6 2.45818 96.398
      vertex 183.6 2.45818 96.398
    endloop
  endfacet
  facet normal -9.65195e-18 0.707106 -0.707108
    outer loop
      vertex 95.6 3.17157 122.972
      vertex 91.6 13.5716 133.372
      vertex 95.6 13.5716 133.372
    endloop
  endfacet
  facet normal -9.65195e-18 0.707106 -0.707108
    outer loop
      vertex 91.6 13.5716 133.372
      vertex 95.6 3.17157 122.972
      vertex 91.6 3.17157 122.972
    endloop
  endfacet
  facet normal -9.65195e-18 0.707106 -0.707108
    outer loop
      vertex 187.6 3.17157 122.972
      vertex 183.6 13.5716 133.372
      vertex 187.6 13.5716 133.372
    endloop
  endfacet
  facet normal -9.65195e-18 0.707106 -0.707108
    outer loop
      vertex 183.6 13.5716 133.372
      vertex 187.6 3.17157 122.972
      vertex 183.6 3.17157 122.972
    endloop
  endfacet
  facet normal 0 -0.0605897 -0.998163
    outer loop
      vertex 91.6 15.679 134.478
      vertex 95.6 17.59 134.362
      vertex 95.6 15.679 134.478
    endloop
  endfacet
  facet normal -0 -0.0605897 -0.998163
    outer loop
      vertex 95.6 17.59 134.362
      vertex 91.6 15.679 134.478
      vertex 91.6 17.59 134.362
    endloop
  endfacet
  facet normal 0 -0.0605897 -0.998163
    outer loop
      vertex 183.6 15.679 134.478
      vertex 187.6 17.59 134.362
      vertex 187.6 15.679 134.478
    endloop
  endfacet
  facet normal -0 -0.0605897 -0.998163
    outer loop
      vertex 187.6 17.59 134.362
      vertex 183.6 15.679 134.478
      vertex 183.6 17.59 134.362
    endloop
  endfacet
  facet normal 5.79726e-17 -0.707107 -0.707107
    outer loop
      vertex 91.6 29.6284 122.972
      vertex 95.6 19.2284 133.372
      vertex 91.6 19.2284 133.372
    endloop
  endfacet
  facet normal 5.79726e-17 -0.707107 -0.707107
    outer loop
      vertex 95.6 19.2284 133.372
      vertex 91.6 29.6284 122.972
      vertex 95.6 29.6284 122.972
    endloop
  endfacet
  facet normal 5.79726e-17 -0.707107 -0.707107
    outer loop
      vertex 183.6 29.6284 122.972
      vertex 187.6 19.2284 133.372
      vertex 183.6 19.2284 133.372
    endloop
  endfacet
  facet normal 5.79726e-17 -0.707107 -0.707107
    outer loop
      vertex 187.6 19.2284 133.372
      vertex 183.6 29.6284 122.972
      vertex 187.6 29.6284 122.972
    endloop
  endfacet
  facet normal 1.0729e-17 0.805473 0.592632
    outer loop
      vertex 95.6 3.17157 95.4284
      vertex 91.6 2.45818 96.398
      vertex 95.6 2.45818 96.398
    endloop
  endfacet
  facet normal 1.0729e-17 0.805473 0.592632
    outer loop
      vertex 91.6 2.45818 96.398
      vertex 95.6 3.17157 95.4284
      vertex 91.6 3.17157 95.4284
    endloop
  endfacet
  facet normal 1.0729e-17 0.805473 0.592632
    outer loop
      vertex 187.6 3.17157 95.4284
      vertex 183.6 2.45818 96.398
      vertex 187.6 2.45818 96.398
    endloop
  endfacet
  facet normal 1.0729e-17 0.805473 0.592632
    outer loop
      vertex 183.6 2.45818 96.398
      vertex 187.6 3.17157 95.4284
      vertex 183.6 3.17157 95.4284
    endloop
  endfacet
  facet normal -1.15474e-17 -0.855769 0.517358
    outer loop
      vertex 91.6 29.6284 95.4284
      vertex 95.6 30.6189 97.0668
      vertex 91.6 30.6189 97.0668
    endloop
  endfacet
  facet normal -1.15474e-17 -0.855769 0.517358
    outer loop
      vertex 95.6 30.6189 97.0668
      vertex 91.6 29.6284 95.4284
      vertex 95.6 29.6284 95.4284
    endloop
  endfacet
  facet normal -1.15474e-17 -0.855769 0.517358
    outer loop
      vertex 183.6 29.6284 95.4284
      vertex 187.6 30.6189 97.0668
      vertex 183.6 30.6189 97.0668
    endloop
  endfacet
  facet normal -1.15474e-17 -0.855769 0.517358
    outer loop
      vertex 187.6 30.6189 97.0668
      vertex 183.6 29.6284 95.4284
      vertex 187.6 29.6284 95.4284
    endloop
  endfacet
  facet normal -0 0.51732 0.855792
    outer loop
      vertex 91.6 15.21 84.038
      vertex 95.6 13.5716 85.0284
      vertex 95.6 15.21 84.038
    endloop
  endfacet
  facet normal 0 0.51732 0.855792
    outer loop
      vertex 95.6 13.5716 85.0284
      vertex 91.6 15.21 84.038
      vertex 91.6 13.5716 85.0284
    endloop
  endfacet
  facet normal -0 0.51732 0.855792
    outer loop
      vertex 183.6 15.21 84.038
      vertex 187.6 13.5716 85.0284
      vertex 187.6 15.21 84.038
    endloop
  endfacet
  facet normal 0 0.51732 0.855792
    outer loop
      vertex 187.6 13.5716 85.0284
      vertex 183.6 15.21 84.038
      vertex 183.6 13.5716 85.0284
    endloop
  endfacet
  facet normal 0 -0.464707 0.885464
    outer loop
      vertex 91.6 19.2284 85.0284
      vertex 95.6 17.121 83.9224
      vertex 95.6 19.2284 85.0284
    endloop
  endfacet
  facet normal 0 -0.464707 0.885464
    outer loop
      vertex 95.6 17.121 83.9224
      vertex 91.6 19.2284 85.0284
      vertex 91.6 17.121 83.9224
    endloop
  endfacet
  facet normal 0 -0.464707 0.885464
    outer loop
      vertex 183.6 19.2284 85.0284
      vertex 187.6 17.121 83.9224
      vertex 187.6 19.2284 85.0284
    endloop
  endfacet
  facet normal 0 -0.464707 0.885464
    outer loop
      vertex 187.6 17.121 83.9224
      vertex 183.6 19.2284 85.0284
      vertex 183.6 17.121 83.9224
    endloop
  endfacet
  facet normal 5.81255e-19 -0.805586 -0.592479
    outer loop
      vertex 91.6 30.3418 122.002
      vertex 95.6 29.6284 122.972
      vertex 91.6 29.6284 122.972
    endloop
  endfacet
  facet normal 5.81255e-19 -0.805586 -0.592479
    outer loop
      vertex 95.6 29.6284 122.972
      vertex 91.6 30.3418 122.002
      vertex 95.6 30.3418 122.002
    endloop
  endfacet
  facet normal 5.81255e-19 -0.805586 -0.592479
    outer loop
      vertex 183.6 30.3418 122.002
      vertex 187.6 29.6284 122.972
      vertex 183.6 29.6284 122.972
    endloop
  endfacet
  facet normal 5.81255e-19 -0.805586 -0.592479
    outer loop
      vertex 187.6 29.6284 122.972
      vertex 183.6 30.3418 122.002
      vertex 187.6 30.3418 122.002
    endloop
  endfacet
  facet normal 7.21536e-18 0.855864 -0.5172
    outer loop
      vertex 95.6 2.18112 121.333
      vertex 91.6 3.17157 122.972
      vertex 95.6 3.17157 122.972
    endloop
  endfacet
  facet normal 7.21536e-18 0.855864 -0.5172
    outer loop
      vertex 91.6 3.17157 122.972
      vertex 95.6 2.18112 121.333
      vertex 91.6 2.18112 121.333
    endloop
  endfacet
  facet normal 7.21536e-18 0.855864 -0.5172
    outer loop
      vertex 187.6 2.18112 121.333
      vertex 183.6 3.17157 122.972
      vertex 187.6 3.17157 122.972
    endloop
  endfacet
  facet normal 7.21536e-18 0.855864 -0.5172
    outer loop
      vertex 183.6 3.17157 122.972
      vertex 187.6 2.18112 121.333
      vertex 183.6 2.18112 121.333
    endloop
  endfacet
  facet normal 2.45859e-19 0.988615 -0.150469
    outer loop
      vertex 95.6 2 120.143
      vertex 91.6 2.18112 121.333
      vertex 95.6 2.18112 121.333
    endloop
  endfacet
  facet normal 2.45859e-19 0.988615 -0.150469
    outer loop
      vertex 91.6 2.18112 121.333
      vertex 95.6 2 120.143
      vertex 91.6 2 120.143
    endloop
  endfacet
  facet normal 2.45859e-19 0.988615 -0.150469
    outer loop
      vertex 187.6 2 120.143
      vertex 183.6 2.18112 121.333
      vertex 187.6 2.18112 121.333
    endloop
  endfacet
  facet normal 2.45859e-19 0.988615 -0.150469
    outer loop
      vertex 183.6 2.18112 121.333
      vertex 187.6 2 120.143
      vertex 183.6 2 120.143
    endloop
  endfacet
  facet normal -3.8644e-17 0.707106 0.707108
    outer loop
      vertex 95.6 13.5716 85.0284
      vertex 91.6 3.17157 95.4284
      vertex 95.6 3.17157 95.4284
    endloop
  endfacet
  facet normal -3.8644e-17 0.707106 0.707108
    outer loop
      vertex 91.6 3.17157 95.4284
      vertex 95.6 13.5716 85.0284
      vertex 91.6 13.5716 85.0284
    endloop
  endfacet
  facet normal -3.8644e-17 0.707106 0.707108
    outer loop
      vertex 187.6 13.5716 85.0284
      vertex 183.6 3.17157 95.4284
      vertex 187.6 3.17157 95.4284
    endloop
  endfacet
  facet normal -3.8644e-17 0.707106 0.707108
    outer loop
      vertex 183.6 3.17157 95.4284
      vertex 187.6 13.5716 85.0284
      vertex 183.6 13.5716 85.0284
    endloop
  endfacet
  facet normal 1.5242e-18 -0.988619 0.15044
    outer loop
      vertex 91.6 30.6189 97.0668
      vertex 95.6 30.8 98.2569
      vertex 91.6 30.8 98.2569
    endloop
  endfacet
  facet normal 1.5242e-18 -0.988619 0.15044
    outer loop
      vertex 95.6 30.8 98.2569
      vertex 91.6 30.6189 97.0668
      vertex 95.6 30.6189 97.0668
    endloop
  endfacet
  facet normal 1.5242e-18 -0.988619 0.15044
    outer loop
      vertex 183.6 30.6189 97.0668
      vertex 187.6 30.8 98.2569
      vertex 183.6 30.8 98.2569
    endloop
  endfacet
  facet normal 1.5242e-18 -0.988619 0.15044
    outer loop
      vertex 187.6 30.8 98.2569
      vertex 183.6 30.6189 97.0668
      vertex 187.6 30.6189 97.0668
    endloop
  endfacet
  facet normal 0 -1 0
    outer loop
      vertex 91.6 30.8 98.2569
      vertex 95.6 30.8 120.143
      vertex 91.6 30.8 120.143
    endloop
  endfacet
  facet normal 0 -1 -0
    outer loop
      vertex 95.6 30.8 120.143
      vertex 91.6 30.8 98.2569
      vertex 95.6 30.8 98.2569
    endloop
  endfacet
  facet normal 0 -1 0
    outer loop
      vertex 183.6 30.8 98.2569
      vertex 187.6 30.8 120.143
      vertex 183.6 30.8 120.143
    endloop
  endfacet
  facet normal 0 -1 -0
    outer loop
      vertex 187.6 30.8 120.143
      vertex 183.6 30.8 98.2569
      vertex 187.6 30.8 98.2569
    endloop
  endfacet
  facet normal -9.66211e-18 -0.707107 0.707107
    outer loop
      vertex 91.6 19.2284 85.0284
      vertex 95.6 29.6284 95.4284
      vertex 91.6 29.6284 95.4284
    endloop
  endfacet
  facet normal -9.66211e-18 -0.707107 0.707107
    outer loop
      vertex 95.6 29.6284 95.4284
      vertex 91.6 19.2284 85.0284
      vertex 95.6 19.2284 85.0284
    endloop
  endfacet
  facet normal -9.66211e-18 -0.707107 0.707107
    outer loop
      vertex 183.6 19.2284 85.0284
      vertex 187.6 29.6284 95.4284
      vertex 183.6 29.6284 95.4284
    endloop
  endfacet
  facet normal -9.66211e-18 -0.707107 0.707107
    outer loop
      vertex 187.6 29.6284 95.4284
      vertex 183.6 19.2284 85.0284
      vertex 187.6 19.2284 85.0284
    endloop
  endfacet
  facet normal -0.954729 0.297478 -2.39321e-18
    outer loop
      vertex 117.092 3.72774 4
      vertex 117.8 6 20.2
      vertex 117.8 6 4
    endloop
  endfacet
  facet normal -0.954729 0.297478 -2.39321e-18
    outer loop
      vertex 117.8 6 20.2
      vertex 117.092 3.72774 4
      vertex 117.092 3.72774 20.2
    endloop
  endfacet
  facet normal 0.95473 -0.297473 2.78359e-18
    outer loop
      vertex 101.6 26.8 20.2
      vertex 102.308 29.0723 4
      vertex 102.308 29.0723 20.2
    endloop
  endfacet
  facet normal 0.95473 -0.297473 2.78359e-18
    outer loop
      vertex 102.308 29.0723 4
      vertex 101.6 26.8 20.2
      vertex 101.6 26.8 4
    endloop
  endfacet
  facet normal 0 1 -0
    outer loop
      vertex 113.8 2 4
      vertex 105.6 2 20.2
      vertex 113.8 2 20.2
    endloop
  endfacet
  facet normal 0 1 0
    outer loop
      vertex 105.6 2 20.2
      vertex 113.8 2 4
      vertex 105.6 2 4
    endloop
  endfacet
  facet normal -0.663132 0.748502 0
    outer loop
      vertex 117.092 3.72774 4
      vertex 115.659 2.45818 20.2
      vertex 117.092 3.72774 20.2
    endloop
  endfacet
  facet normal -0.663132 0.748502 0
    outer loop
      vertex 115.659 2.45818 20.2
      vertex 117.092 3.72774 4
      vertex 115.659 2.45818 4
    endloop
  endfacet
  facet normal 0.748397 0.663251 2.57747e-18
    outer loop
      vertex 103.328 2.70807 20.2
      vertex 102.058 4.14111 4
      vertex 102.058 4.14111 20.2
    endloop
  endfacet
  facet normal 0.748397 0.663251 2.57747e-18
    outer loop
      vertex 102.058 4.14111 4
      vertex 103.328 2.70807 20.2
      vertex 103.328 2.70807 4
    endloop
  endfacet
  facet normal -0.239305 0.970945 0
    outer loop
      vertex 115.659 2.45818 4
      vertex 113.8 2 20.2
      vertex 115.659 2.45818 20.2
    endloop
  endfacet
  facet normal -0.239305 0.970945 0
    outer loop
      vertex 113.8 2 20.2
      vertex 115.659 2.45818 4
      vertex 113.8 2 4
    endloop
  endfacet
  facet normal 0.970963 0.239229 -4.61324e-19
    outer loop
      vertex 102.058 4.14111 20.2
      vertex 101.6 6 4
      vertex 101.6 6 20.2
    endloop
  endfacet
  facet normal 0.970963 0.239229 -4.61324e-19
    outer loop
      vertex 101.6 6 4
      vertex 102.058 4.14111 20.2
      vertex 102.058 4.14111 4
    endloop
  endfacet
  facet normal -0.297548 -0.954707 0
    outer loop
      vertex 113.8 30.8 4
      vertex 116.072 30.0919 20.2
      vertex 113.8 30.8 20.2
    endloop
  endfacet
  facet normal -0.297548 -0.954707 -0
    outer loop
      vertex 116.072 30.0919 20.2
      vertex 113.8 30.8 4
      vertex 116.072 30.0919 4
    endloop
  endfacet
  facet normal -1 0 0
    outer loop
      vertex 117.8 6 4
      vertex 117.8 26.8 20.2
      vertex 117.8 26.8 4
    endloop
  endfacet
  facet normal -1 -0 0
    outer loop
      vertex 117.8 26.8 20.2
      vertex 117.8 6 4
      vertex 117.8 6 20.2
    endloop
  endfacet
  facet normal 1 -0 0
    outer loop
      vertex 101.6 6 20.2
      vertex 101.6 26.8 4
      vertex 101.6 26.8 20.2
    endloop
  endfacet
  facet normal 1 0 0
    outer loop
      vertex 101.6 26.8 4
      vertex 101.6 6 20.2
      vertex 101.6 6 4
    endloop
  endfacet
  facet normal -0.970963 -0.239228 1.14975e-18
    outer loop
      vertex 117.8 26.8 4
      vertex 117.342 28.6589 20.2
      vertex 117.342 28.6589 4
    endloop
  endfacet
  facet normal -0.970963 -0.239228 1.14975e-18
    outer loop
      vertex 117.342 28.6589 20.2
      vertex 117.8 26.8 4
      vertex 117.8 26.8 20.2
    endloop
  endfacet
  facet normal 0.297536 0.954711 -0
    outer loop
      vertex 105.6 2 4
      vertex 103.328 2.70807 20.2
      vertex 105.6 2 20.2
    endloop
  endfacet
  facet normal 0.297536 0.954711 0
    outer loop
      vertex 103.328 2.70807 20.2
      vertex 105.6 2 4
      vertex 103.328 2.70807 4
    endloop
  endfacet
  facet normal 0 -1 0
    outer loop
      vertex 105.6 30.8 4
      vertex 113.8 30.8 20.2
      vertex 105.6 30.8 20.2
    endloop
  endfacet
  facet normal 0 -1 -0
    outer loop
      vertex 113.8 30.8 20.2
      vertex 105.6 30.8 4
      vertex 113.8 30.8 4
    endloop
  endfacet
  facet normal -0.748388 -0.663261 1.99972e-18
    outer loop
      vertex 117.342 28.6589 4
      vertex 116.072 30.0919 20.2
      vertex 116.072 30.0919 4
    endloop
  endfacet
  facet normal -0.748388 -0.663261 1.99972e-18
    outer loop
      vertex 116.072 30.0919 20.2
      vertex 117.342 28.6589 4
      vertex 117.342 28.6589 20.2
    endloop
  endfacet
  facet normal 0 0 1
    outer loop
      vertex 113.8 30.8 4
      vertex 117.8 26.8 4
      vertex 117.342 28.6589 4
    endloop
  endfacet
  facet normal 0 0 1
    outer loop
      vertex 117.8 26.8 4
      vertex 101.6 26.8 4
      vertex 117.8 6 4
    endloop
  endfacet
  facet normal 0 0 1
    outer loop
      vertex 113.8 30.8 4
      vertex 117.342 28.6589 4
      vertex 116.072 30.0919 4
    endloop
  endfacet
  facet normal 0 0 1
    outer loop
      vertex 117.8 6 4
      vertex 101.6 26.8 4
      vertex 101.6 6 4
    endloop
  endfacet
  facet normal 0 0 1
    outer loop
      vertex 117.8 26.8 4
      vertex 113.8 30.8 4
      vertex 101.6 26.8 4
    endloop
  endfacet
  facet normal 0 -0 1
    outer loop
      vertex 113.8 2 4
      vertex 117.8 6 4
      vertex 101.6 6 4
    endloop
  endfacet
  facet normal 0 0 1
    outer loop
      vertex 101.6 26.8 4
      vertex 113.8 30.8 4
      vertex 105.6 30.8 4
    endloop
  endfacet
  facet normal 0 0 1
    outer loop
      vertex 117.8 6 4
      vertex 113.8 2 4
      vertex 117.092 3.72774 4
    endloop
  endfacet
  facet normal 0 0 1
    outer loop
      vertex 101.6 26.8 4
      vertex 105.6 30.8 4
      vertex 103.741 30.3418 4
    endloop
  endfacet
  facet normal 0 0 1
    outer loop
      vertex 117.092 3.72774 4
      vertex 113.8 2 4
      vertex 115.659 2.45818 4
    endloop
  endfacet
  facet normal 0 0 1
    outer loop
      vertex 101.6 26.8 4
      vertex 103.741 30.3418 4
      vertex 102.308 29.0723 4
    endloop
  endfacet
  facet normal 0 0 1
    outer loop
      vertex 113.8 2 4
      vertex 101.6 6 4
      vertex 105.6 2 4
    endloop
  endfacet
  facet normal 0 0 1
    outer loop
      vertex 105.6 2 4
      vertex 101.6 6 4
      vertex 103.328 2.70807 4
    endloop
  endfacet
  facet normal 0 0 1
    outer loop
      vertex 103.328 2.70807 4
      vertex 101.6 6 4
      vertex 102.058 4.14111 4
    endloop
  endfacet
  facet normal 0.239315 -0.970942 0
    outer loop
      vertex 103.741 30.3418 4
      vertex 105.6 30.8 20.2
      vertex 103.741 30.3418 20.2
    endloop
  endfacet
  facet normal 0.239315 -0.970942 0
    outer loop
      vertex 105.6 30.8 20.2
      vertex 103.741 30.3418 4
      vertex 105.6 30.8 4
    endloop
  endfacet
  facet normal 0.663115 -0.748518 0
    outer loop
      vertex 102.308 29.0723 4
      vertex 103.741 30.3418 20.2
      vertex 102.308 29.0723 20.2
    endloop
  endfacet
  facet normal 0.663115 -0.748518 0
    outer loop
      vertex 103.741 30.3418 20.2
      vertex 102.308 29.0723 4
      vertex 103.741 30.3418 4
    endloop
  endfacet
  facet normal 0.95473 -0.297473 3.23383e-19
    outer loop
      vertex 147.1 26.8 20.2
      vertex 147.808 29.0723 4
      vertex 147.808 29.0723 20.2
    endloop
  endfacet
  facet normal 0.95473 -0.297473 3.23383e-19
    outer loop
      vertex 147.808 29.0723 4
      vertex 147.1 26.8 20.2
      vertex 147.1 26.8 4
    endloop
  endfacet
  facet normal -0.954729 0.297478 -2.39321e-18
    outer loop
      vertex 176.892 3.72774 4
      vertex 177.6 6 20.2
      vertex 177.6 6 4
    endloop
  endfacet
  facet normal -0.954729 0.297478 -2.39321e-18
    outer loop
      vertex 177.6 6 20.2
      vertex 176.892 3.72774 4
      vertex 176.892 3.72774 20.2
    endloop
  endfacet
  facet normal -0.663132 0.748502 0
    outer loop
      vertex 176.892 3.72774 4
      vertex 175.459 2.45818 20.2
      vertex 176.892 3.72774 20.2
    endloop
  endfacet
  facet normal -0.663132 0.748502 0
    outer loop
      vertex 175.459 2.45818 20.2
      vertex 176.892 3.72774 4
      vertex 175.459 2.45818 4
    endloop
  endfacet
  facet normal -0.748388 -0.663261 -6.18471e-20
    outer loop
      vertex 177.142 28.6589 4
      vertex 175.872 30.0919 20.2
      vertex 175.872 30.0919 4
    endloop
  endfacet
  facet normal -0.748388 -0.663261 -6.18471e-20
    outer loop
      vertex 175.872 30.0919 20.2
      vertex 177.142 28.6589 4
      vertex 177.142 28.6589 20.2
    endloop
  endfacet
  facet normal -0.297548 -0.954707 0
    outer loop
      vertex 173.6 30.8 4
      vertex 175.872 30.0919 20.2
      vertex 173.6 30.8 20.2
    endloop
  endfacet
  facet normal -0.297548 -0.954707 -0
    outer loop
      vertex 175.872 30.0919 20.2
      vertex 173.6 30.8 4
      vertex 175.872 30.0919 4
    endloop
  endfacet
  facet normal 0.239315 -0.970942 0
    outer loop
      vertex 149.241 30.3418 4
      vertex 151.1 30.8 20.2
      vertex 149.241 30.3418 20.2
    endloop
  endfacet
  facet normal 0.239315 -0.970942 0
    outer loop
      vertex 151.1 30.8 20.2
      vertex 149.241 30.3418 4
      vertex 151.1 30.8 4
    endloop
  endfacet
  facet normal 0.748397 0.663251 -2.53743e-18
    outer loop
      vertex 148.828 2.70807 20.2
      vertex 147.558 4.14111 4
      vertex 147.558 4.14111 20.2
    endloop
  endfacet
  facet normal 0.748397 0.663251 -2.53743e-18
    outer loop
      vertex 147.558 4.14111 4
      vertex 148.828 2.70807 20.2
      vertex 148.828 2.70807 4
    endloop
  endfacet
  facet normal -0.239305 0.970945 0
    outer loop
      vertex 175.459 2.45818 4
      vertex 173.6 2 20.2
      vertex 175.459 2.45818 20.2
    endloop
  endfacet
  facet normal -0.239305 0.970945 0
    outer loop
      vertex 173.6 2 20.2
      vertex 175.459 2.45818 4
      vertex 173.6 2 4
    endloop
  endfacet
  facet normal 1 -0 0
    outer loop
      vertex 147.1 6 20.2
      vertex 147.1 26.8 4
      vertex 147.1 26.8 20.2
    endloop
  endfacet
  facet normal 1 0 0
    outer loop
      vertex 147.1 26.8 4
      vertex 147.1 6 20.2
      vertex 147.1 6 4
    endloop
  endfacet
  facet normal 0 1 -0
    outer loop
      vertex 173.6 2 4
      vertex 151.1 2 20.2
      vertex 173.6 2 20.2
    endloop
  endfacet
  facet normal 0 1 0
    outer loop
      vertex 151.1 2 20.2
      vertex 173.6 2 4
      vertex 151.1 2 4
    endloop
  endfacet
  facet normal 0.297536 0.954711 -0
    outer loop
      vertex 151.1 2 4
      vertex 148.828 2.70807 20.2
      vertex 151.1 2 20.2
    endloop
  endfacet
  facet normal 0.297536 0.954711 0
    outer loop
      vertex 148.828 2.70807 20.2
      vertex 151.1 2 4
      vertex 148.828 2.70807 4
    endloop
  endfacet
  facet normal -0.970963 -0.239228 1.14975e-18
    outer loop
      vertex 177.6 26.8 4
      vertex 177.142 28.6589 20.2
      vertex 177.142 28.6589 4
    endloop
  endfacet
  facet normal -0.970963 -0.239228 1.14975e-18
    outer loop
      vertex 177.142 28.6589 20.2
      vertex 177.6 26.8 4
      vertex 177.6 26.8 20.2
    endloop
  endfacet
  facet normal 0.663115 -0.748518 0
    outer loop
      vertex 147.808 29.0723 4
      vertex 149.241 30.3418 20.2
      vertex 147.808 29.0723 20.2
    endloop
  endfacet
  facet normal 0.663115 -0.748518 0
    outer loop
      vertex 149.241 30.3418 20.2
      vertex 147.808 29.0723 4
      vertex 149.241 30.3418 4
    endloop
  endfacet
  facet normal 0.970963 0.239229 -6.83551e-19
    outer loop
      vertex 147.558 4.14111 20.2
      vertex 147.1 6 4
      vertex 147.1 6 20.2
    endloop
  endfacet
  facet normal 0.970963 0.239229 -6.83551e-19
    outer loop
      vertex 147.1 6 4
      vertex 147.558 4.14111 20.2
      vertex 147.558 4.14111 4
    endloop
  endfacet
  facet normal 0 0 1
    outer loop
      vertex 173.6 30.8 4
      vertex 177.6 26.8 4
      vertex 177.142 28.6589 4
    endloop
  endfacet
  facet normal 0 0 1
    outer loop
      vertex 177.6 26.8 4
      vertex 173.6 30.8 4
      vertex 177.6 6 4
    endloop
  endfacet
  facet normal 0 0 1
    outer loop
      vertex 173.6 30.8 4
      vertex 177.142 28.6589 4
      vertex 175.872 30.0919 4
    endloop
  endfacet
  facet normal 0 0 1
    outer loop
      vertex 177.6 6 4
      vertex 173.6 30.8 4
      vertex 173.6 2 4
    endloop
  endfacet
  facet normal 0 0 1
    outer loop
      vertex 177.6 6 4
      vertex 173.6 2 4
      vertex 176.892 3.72774 4
    endloop
  endfacet
  facet normal 0 0 1
    outer loop
      vertex 176.892 3.72774 4
      vertex 173.6 2 4
      vertex 175.459 2.45818 4
    endloop
  endfacet
  facet normal -0 0 1
    outer loop
      vertex 151.1 30.8 4
      vertex 173.6 2 4
      vertex 173.6 30.8 4
    endloop
  endfacet
  facet normal 0 0 1
    outer loop
      vertex 151.1 30.8 4
      vertex 151.1 2 4
      vertex 173.6 2 4
    endloop
  endfacet
  facet normal 0 0 1
    outer loop
      vertex 147.1 26.8 4
      vertex 151.1 30.8 4
      vertex 149.241 30.3418 4
    endloop
  endfacet
  facet normal 0 0 1
    outer loop
      vertex 151.1 30.8 4
      vertex 147.1 26.8 4
      vertex 151.1 2 4
    endloop
  endfacet
  facet normal 0 0 1
    outer loop
      vertex 147.1 26.8 4
      vertex 149.241 30.3418 4
      vertex 147.808 29.0723 4
    endloop
  endfacet
  facet normal 0 0 1
    outer loop
      vertex 151.1 2 4
      vertex 147.1 26.8 4
      vertex 147.1 6 4
    endloop
  endfacet
  facet normal 0 0 1
    outer loop
      vertex 151.1 2 4
      vertex 147.1 6 4
      vertex 148.828 2.70807 4
    endloop
  endfacet
  facet normal 0 0 1
    outer loop
      vertex 148.828 2.70807 4
      vertex 147.1 6 4
      vertex 147.558 4.14111 4
    endloop
  endfacet
  facet normal -1 0 0
    outer loop
      vertex 177.6 6 4
      vertex 177.6 26.8 20.2
      vertex 177.6 26.8 4
    endloop
  endfacet
  facet normal -1 -0 0
    outer loop
      vertex 177.6 26.8 20.2
      vertex 177.6 6 4
      vertex 177.6 6 20.2
    endloop
  endfacet
  facet normal 0 -1 0
    outer loop
      vertex 151.1 30.8 4
      vertex 173.6 30.8 20.2
      vertex 151.1 30.8 20.2
    endloop
  endfacet
  facet normal 0 -1 -0
    outer loop
      vertex 173.6 30.8 20.2
      vertex 151.1 30.8 4
      vertex 173.6 30.8 4
    endloop
  endfacet
  facet normal 0.000565692 0.65929 0.751888
    outer loop
      vertex 98.6 37.4569 141.857
      vertex 98.4701 36.6701 142.547
      vertex 98.6 36.8 142.433
    endloop
  endfacet
  facet normal -0 0.659343 0.751842
    outer loop
      vertex 93.6 37.4569 141.857
      vertex 98.4701 36.6701 142.547
      vertex 98.6 37.4569 141.857
    endloop
  endfacet
  facet normal 0 0.659343 0.751842
    outer loop
      vertex 98.4701 36.6701 142.547
      vertex 93.6 37.4569 141.857
      vertex 93.6 36.6701 142.547
    endloop
  endfacet
  facet normal -1.50202e-17 0.659343 0.751842
    outer loop
      vertex 183.6 37.4569 141.857
      vertex 180.73 36.6701 142.547
      vertex 183.6 36.6701 142.547
    endloop
  endfacet
  facet normal -0 0.659343 0.751842
    outer loop
      vertex 180.6 37.4569 141.857
      vertex 180.73 36.6701 142.547
      vertex 183.6 37.4569 141.857
    endloop
  endfacet
  facet normal -0.000565257 0.65929 0.751888
    outer loop
      vertex 180.73 36.6701 142.547
      vertex 180.6 37.4569 141.857
      vertex 180.6 36.8 142.433
    endloop
  endfacet
  facet normal -0 0.659343 0.751842
    outer loop
      vertex 183.6 37.4569 141.857
      vertex 185.6 36.6701 142.547
      vertex 185.6 37.4569 141.857
    endloop
  endfacet
  facet normal 0 0.659343 0.751842
    outer loop
      vertex 185.6 36.6701 142.547
      vertex 183.6 37.4569 141.857
      vertex 183.6 36.6701 142.547
    endloop
  endfacet
  facet normal 3.52619e-18 0.896973 0.442086
    outer loop
      vertex 98.6 39.191 139.261
      vertex 93.6 38.7282 140.2
      vertex 98.6 38.7282 140.2
    endloop
  endfacet
  facet normal 3.52619e-18 0.896973 0.442086
    outer loop
      vertex 93.6 38.7282 140.2
      vertex 98.6 39.191 139.261
      vertex 93.6 39.191 139.261
    endloop
  endfacet
  facet normal 5.87699e-18 0.896973 0.442086
    outer loop
      vertex 183.6 39.191 139.261
      vertex 180.6 38.7282 140.2
      vertex 183.6 38.7282 140.2
    endloop
  endfacet
  facet normal 5.87699e-18 0.896973 0.442086
    outer loop
      vertex 180.6 38.7282 140.2
      vertex 183.6 39.191 139.261
      vertex 180.6 39.191 139.261
    endloop
  endfacet
  facet normal 8.81548e-18 0.896973 0.442086
    outer loop
      vertex 185.6 39.191 139.261
      vertex 183.6 38.7282 140.2
      vertex 185.6 38.7282 140.2
    endloop
  endfacet
  facet normal 8.81548e-18 0.896973 0.442086
    outer loop
      vertex 183.6 38.7282 140.2
      vertex 185.6 39.191 139.261
      vertex 183.6 39.191 139.261
    endloop
  endfacet
  facet normal -3.88215e-19 0.9808 0.195014
    outer loop
      vertex 98.6 39.7316 137.244
      vertex 93.6 39.5274 138.271
      vertex 98.6 39.5274 138.271
    endloop
  endfacet
  facet normal -3.88215e-19 0.9808 0.195014
    outer loop
      vertex 93.6 39.5274 138.271
      vertex 98.6 39.7316 137.244
      vertex 93.6 39.7316 137.244
    endloop
  endfacet
  facet normal -6.47025e-19 0.9808 0.195014
    outer loop
      vertex 183.6 39.7316 137.244
      vertex 180.6 39.5274 138.271
      vertex 183.6 39.5274 138.271
    endloop
  endfacet
  facet normal -6.47025e-19 0.9808 0.195014
    outer loop
      vertex 180.6 39.5274 138.271
      vertex 183.6 39.7316 137.244
      vertex 180.6 39.7316 137.244
    endloop
  endfacet
  facet normal -9.70538e-19 0.9808 0.195014
    outer loop
      vertex 185.6 39.7316 137.244
      vertex 183.6 39.5274 138.271
      vertex 185.6 39.5274 138.271
    endloop
  endfacet
  facet normal -9.70538e-19 0.9808 0.195014
    outer loop
      vertex 183.6 39.5274 138.271
      vertex 185.6 39.7316 137.244
      vertex 183.6 39.7316 137.244
    endloop
  endfacet
  facet normal 7.33911e-18 0.831432 0.555626
    outer loop
      vertex 98.6 38.7282 140.2
      vertex 93.6 38.1468 141.07
      vertex 98.6 38.1468 141.07
    endloop
  endfacet
  facet normal 7.33911e-18 0.831432 0.555626
    outer loop
      vertex 93.6 38.1468 141.07
      vertex 98.6 38.7282 140.2
      vertex 93.6 38.7282 140.2
    endloop
  endfacet
  facet normal 1.22318e-17 0.831432 0.555626
    outer loop
      vertex 183.6 38.7282 140.2
      vertex 180.6 38.1468 141.07
      vertex 183.6 38.1468 141.07
    endloop
  endfacet
  facet normal 1.22318e-17 0.831432 0.555626
    outer loop
      vertex 180.6 38.1468 141.07
      vertex 183.6 38.7282 140.2
      vertex 180.6 38.7282 140.2
    endloop
  endfacet
  facet normal 1.83478e-17 0.831432 0.555626
    outer loop
      vertex 185.6 38.7282 140.2
      vertex 183.6 38.1468 141.07
      vertex 185.6 38.1468 141.07
    endloop
  endfacet
  facet normal 1.83478e-17 0.831432 0.555626
    outer loop
      vertex 183.6 38.1468 141.07
      vertex 185.6 38.7282 140.2
      vertex 183.6 38.7282 140.2
    endloop
  endfacet
  facet normal -0 0.064984 0.997886
    outer loop
      vertex 93.6 31.8 144.2
      vertex 95.6 31.8 144.2
      vertex 95.6 32.8442 144.132
    endloop
  endfacet
  facet normal -9.78479e-19 0.064984 0.997886
    outer loop
      vertex 93.6 31.8 144.2
      vertex 95.6 32.8442 144.132
      vertex 93.6 32.8442 144.132
    endloop
  endfacet
  facet normal -0 0.064984 0.997886
    outer loop
      vertex 183.6 32.8442 144.132
      vertex 185.6 31.8 144.2
      vertex 185.6 32.8442 144.132
    endloop
  endfacet
  facet normal 0 0.064984 0.997886
    outer loop
      vertex 185.6 31.8 144.2
      vertex 183.6 32.8442 144.132
      vertex 183.6 31.8 144.2
    endloop
  endfacet
  facet normal -0 0.194513 0.9809
    outer loop
      vertex 93.6 33.8706 143.927
      vertex 95.6 33.8 143.941
      vertex 95.6706 33.8706 143.927
    endloop
  endfacet
  facet normal 4.93947e-05 0.195859 0.980632
    outer loop
      vertex 93.6 32.8442 144.132
      vertex 95.6 33.8 143.941
      vertex 93.6 33.8706 143.927
    endloop
  endfacet
  facet normal 2.26314e-18 0.195958 0.980612
    outer loop
      vertex 95.6 33.8 143.941
      vertex 93.6 32.8442 144.132
      vertex 95.6 32.8442 144.132
    endloop
  endfacet
  facet normal 0 0.194513 0.9809
    outer loop
      vertex 183.6 33.8706 143.927
      vertex 183.529 33.8706 143.927
      vertex 183.6 33.8 143.941
    endloop
  endfacet
  facet normal -0 0.195859 0.980632
    outer loop
      vertex 183.6 33.8706 143.927
      vertex 185.6 32.8442 144.132
      vertex 185.6 33.8706 143.927
    endloop
  endfacet
  facet normal 0 0.195859 0.980632
    outer loop
      vertex 185.6 32.8442 144.132
      vertex 183.6 33.8706 143.927
      vertex 183.6 32.8442 144.132
    endloop
  endfacet
  facet normal -0 0.442429 0.896803
    outer loop
      vertex 93.6 35.8 143.128
      vertex 96.6615 34.8615 143.591
      vertex 97.6 35.8 143.128
    endloop
  endfacet
  facet normal 0 0.442429 0.896803
    outer loop
      vertex 96.6615 34.8615 143.591
      vertex 93.6 35.8 143.128
      vertex 93.6 34.8615 143.591
    endloop
  endfacet
  facet normal -6.06981e-18 0.442429 0.896803
    outer loop
      vertex 183.6 35.8 143.128
      vertex 182.539 34.8615 143.591
      vertex 183.6 34.8615 143.591
    endloop
  endfacet
  facet normal -3.22003e-18 0.442429 0.896803
    outer loop
      vertex 182.539 34.8615 143.591
      vertex 183.6 35.8 143.128
      vertex 181.6 35.8 143.128
    endloop
  endfacet
  facet normal -0 0.442429 0.896803
    outer loop
      vertex 183.6 35.8 143.128
      vertex 185.6 34.8615 143.591
      vertex 185.6 35.8 143.128
    endloop
  endfacet
  facet normal 0 0.442429 0.896803
    outer loop
      vertex 185.6 34.8615 143.591
      vertex 183.6 35.8 143.128
      vertex 183.6 34.8615 143.591
    endloop
  endfacet
  facet normal -0 0.997861 0.0653771
    outer loop
      vertex 95.6 39.8 136.2
      vertex 98.6 39.7316 137.244
      vertex 98.6 39.8 136.2
    endloop
  endfacet
  facet normal 0 0.997861 0.0653771
    outer loop
      vertex 98.6 39.7316 137.244
      vertex 95.6 39.8 136.2
      vertex 93.6 39.7316 137.244
    endloop
  endfacet
  facet normal 0 0.997861 0.0653771
    outer loop
      vertex 95.6 39.8 136.2
      vertex 93.6 39.8 136.2
      vertex 93.6 39.7316 137.244
    endloop
  endfacet
  facet normal -1.63248e-19 0.997861 0.0653771
    outer loop
      vertex 185.6 39.8 136.2
      vertex 183.6 39.7316 137.244
      vertex 185.6 39.7316 137.244
    endloop
  endfacet
  facet normal -1.63248e-19 0.997861 0.0653771
    outer loop
      vertex 183.6 39.7316 137.244
      vertex 185.6 39.8 136.2
      vertex 183.6 39.8 136.2
    endloop
  endfacet
  facet normal -1.08832e-19 0.997861 0.0653771
    outer loop
      vertex 183.6 39.8 136.2
      vertex 180.6 39.7316 137.244
      vertex 183.6 39.7316 137.244
    endloop
  endfacet
  facet normal -1.08832e-19 0.997861 0.0653771
    outer loop
      vertex 180.6 39.7316 137.244
      vertex 183.6 39.8 136.2
      vertex 180.6 39.8 136.2
    endloop
  endfacet
  facet normal -1.65405e-18 0.946831 0.321731
    outer loop
      vertex 98.6 39.5274 138.271
      vertex 93.6 39.191 139.261
      vertex 98.6 39.191 139.261
    endloop
  endfacet
  facet normal -1.65405e-18 0.946831 0.321731
    outer loop
      vertex 93.6 39.191 139.261
      vertex 98.6 39.5274 138.271
      vertex 93.6 39.5274 138.271
    endloop
  endfacet
  facet normal -2.75675e-18 0.946831 0.321731
    outer loop
      vertex 183.6 39.5274 138.271
      vertex 180.6 39.191 139.261
      vertex 183.6 39.191 139.261
    endloop
  endfacet
  facet normal -2.75675e-18 0.946831 0.321731
    outer loop
      vertex 180.6 39.191 139.261
      vertex 183.6 39.5274 138.271
      vertex 180.6 39.5274 138.271
    endloop
  endfacet
  facet normal -4.13512e-18 0.946831 0.321731
    outer loop
      vertex 185.6 39.5274 138.271
      vertex 183.6 39.191 139.261
      vertex 185.6 39.191 139.261
    endloop
  endfacet
  facet normal -4.13512e-18 0.946831 0.321731
    outer loop
      vertex 183.6 39.191 139.261
      vertex 185.6 39.5274 138.271
      vertex 183.6 39.5274 138.271
    endloop
  endfacet
  facet normal 7.70762e-18 0.751973 0.659194
    outer loop
      vertex 98.6 38.1468 141.07
      vertex 93.6 37.4569 141.857
      vertex 98.6 37.4569 141.857
    endloop
  endfacet
  facet normal 7.70762e-18 0.751973 0.659194
    outer loop
      vertex 93.6 37.4569 141.857
      vertex 98.6 38.1468 141.07
      vertex 93.6 38.1468 141.07
    endloop
  endfacet
  facet normal 1.2846e-17 0.751973 0.659194
    outer loop
      vertex 183.6 38.1468 141.07
      vertex 180.6 37.4569 141.857
      vertex 183.6 37.4569 141.857
    endloop
  endfacet
  facet normal 1.2846e-17 0.751973 0.659194
    outer loop
      vertex 180.6 37.4569 141.857
      vertex 183.6 38.1468 141.07
      vertex 180.6 38.1468 141.07
    endloop
  endfacet
  facet normal 1.92691e-17 0.751973 0.659194
    outer loop
      vertex 185.6 38.1468 141.07
      vertex 183.6 37.4569 141.857
      vertex 185.6 37.4569 141.857
    endloop
  endfacet
  facet normal 1.92691e-17 0.751973 0.659194
    outer loop
      vertex 183.6 37.4569 141.857
      vertex 185.6 38.1468 141.07
      vertex 183.6 38.1468 141.07
    endloop
  endfacet
  facet normal -0 0.321126 0.947036
    outer loop
      vertex 93.6 34.8615 143.591
      vertex 95.6706 33.8706 143.927
      vertex 96.6615 34.8615 143.591
    endloop
  endfacet
  facet normal 0 0.321126 0.947036
    outer loop
      vertex 95.6706 33.8706 143.927
      vertex 93.6 34.8615 143.591
      vertex 93.6 33.8706 143.927
    endloop
  endfacet
  facet normal -2.2408e-16 0.321126 0.947036
    outer loop
      vertex 183.6 34.8615 143.591
      vertex 183.529 33.8706 143.927
      vertex 183.6 33.8706 143.927
    endloop
  endfacet
  facet normal -1.4995e-17 0.321126 0.947036
    outer loop
      vertex 183.529 33.8706 143.927
      vertex 183.6 34.8615 143.591
      vertex 182.539 34.8615 143.591
    endloop
  endfacet
  facet normal -0 0.321126 0.947036
    outer loop
      vertex 183.6 34.8615 143.591
      vertex 185.6 33.8706 143.927
      vertex 185.6 34.8615 143.591
    endloop
  endfacet
  facet normal 0 0.321126 0.947036
    outer loop
      vertex 185.6 33.8706 143.927
      vertex 183.6 34.8615 143.591
      vertex 183.6 33.8706 143.927
    endloop
  endfacet
  facet normal -0 0.555318 0.831638
    outer loop
      vertex 93.6 36.6701 142.547
      vertex 97.6 35.8 143.128
      vertex 98.4701 36.6701 142.547
    endloop
  endfacet
  facet normal 0 0.555318 0.831638
    outer loop
      vertex 97.6 35.8 143.128
      vertex 93.6 36.6701 142.547
      vertex 93.6 35.8 143.128
    endloop
  endfacet
  facet normal -1.84494e-17 0.555318 0.831638
    outer loop
      vertex 183.6 36.6701 142.547
      vertex 181.6 35.8 143.128
      vertex 183.6 35.8 143.128
    endloop
  endfacet
  facet normal -1.28567e-17 0.555318 0.831638
    outer loop
      vertex 181.6 35.8 143.128
      vertex 183.6 36.6701 142.547
      vertex 180.73 36.6701 142.547
    endloop
  endfacet
  facet normal -0 0.555318 0.831638
    outer loop
      vertex 183.6 36.6701 142.547
      vertex 185.6 35.8 143.128
      vertex 185.6 36.6701 142.547
    endloop
  endfacet
  facet normal 0 0.555318 0.831638
    outer loop
      vertex 185.6 35.8 143.128
      vertex 183.6 36.6701 142.547
      vertex 183.6 35.8 143.128
    endloop
  endfacet
  facet normal -0.382493 0.923958 0
    outer loop
      vertex 93.0824 39.7318 4
      vertex 92.6 39.5321 136.2
      vertex 93.0824 39.7318 136.2
    endloop
  endfacet
  facet normal -0.382493 0.923958 0
    outer loop
      vertex 92.6 39.5321 136.2
      vertex 93.0824 39.7318 4
      vertex 92.6 39.5321 4
    endloop
  endfacet
  facet normal -0.793431 0.60866 0
    outer loop
      vertex 92.1858 39.2142 4
      vertex 92.1746 39.1996 136.2
      vertex 92.1858 39.2142 136.2
    endloop
  endfacet
  facet normal -0.793303 0.608828 2.94406e-08
    outer loop
      vertex 92.1858 39.2142 4
      vertex 91.868 38.8001 136.2
      vertex 92.1746 39.1996 136.2
    endloop
  endfacet
  facet normal -0.793378 0.608729 -4.60461e-07
    outer loop
      vertex 91.868 38.8 4
      vertex 91.868 38.8001 136.2
      vertex 92.1858 39.2142 4
    endloop
  endfacet
  facet normal -1 -0 0
    outer loop
      vertex 91.868 38.8001 136.2
      vertex 91.868 38.8 4
      vertex 91.868 38.8 136.2
    endloop
  endfacet
  facet normal -0.60885 0.793286 0
    outer loop
      vertex 92.6 39.5321 4
      vertex 92.1858 39.2142 136.2
      vertex 92.6 39.5321 136.2
    endloop
  endfacet
  facet normal -0.60885 0.793286 0
    outer loop
      vertex 92.1858 39.2142 136.2
      vertex 92.6 39.5321 4
      vertex 92.1858 39.2142 4
    endloop
  endfacet
  facet normal -0.991439 0.130569 1.93318e-20
    outer loop
      vertex 91.6001 37.8005 136.201
      vertex 91.6682 38.3176 136.2
      vertex 91.6682 38.3176 4
    endloop
  endfacet
  facet normal -0.986627 0.129744 -0.0986627
    outer loop
      vertex 91.6682 38.3176 136.2
      vertex 91.6001 37.8005 136.201
      vertex 91.6681 38.3176 136.201
    endloop
  endfacet
  facet normal -0.991431 0.130633 2.55873e-07
    outer loop
      vertex 91.6 37.8 4
      vertex 91.6001 37.8005 136.201
      vertex 91.6682 38.3176 4
    endloop
  endfacet
  facet normal -0.980581 0.196116 1.54406e-23
    outer loop
      vertex 91.6001 37.8005 136.201
      vertex 91.6 37.8 4
      vertex 91.6 37.8 136.201
    endloop
  endfacet
  facet normal -0.923863 0.382724 3.59834e-20
    outer loop
      vertex 91.6682 38.3177 136.2
      vertex 91.868 38.8 136.2
      vertex 91.868 38.8 4
    endloop
  endfacet
  facet normal -0 0 -1
    outer loop
      vertex 91.868 38.8 136.2
      vertex 91.6682 38.3177 136.2
      vertex 91.8679 38.8 136.2
    endloop
  endfacet
  facet normal -0.923891 0.382656 -2.89453e-07
    outer loop
      vertex 91.6682 38.3176 4
      vertex 91.6682 38.3177 136.2
      vertex 91.868 38.8 4
    endloop
  endfacet
  facet normal -1 -0 0
    outer loop
      vertex 91.6682 38.3177 136.2
      vertex 91.6682 38.3176 4
      vertex 91.6682 38.3176 136.2
    endloop
  endfacet
  facet normal 0 0 -1
    outer loop
      vertex 93.6 39.8 136.2
      vertex 93.0824 39.7318 136.2
      vertex 93.5558 39.7942 136.2
    endloop
  endfacet
  facet normal -0.130633 0.991431 0
    outer loop
      vertex 93.6 39.8 4
      vertex 93.0824 39.7318 136.2
      vertex 93.6 39.8 136.2
    endloop
  endfacet
  facet normal -0.130633 0.991431 0
    outer loop
      vertex 93.0824 39.7318 136.2
      vertex 93.6 39.8 4
      vertex 93.0824 39.7318 4
    endloop
  endfacet
  facet normal -0 0 1
    outer loop
      vertex 91.8678 31.8005 143.2
      vertex 91.868 31.8003 143.2
      vertex 91.8679 31.8005 143.2
    endloop
  endfacet
  facet normal -0.678531 -0.678531 0.281408
    outer loop
      vertex 91.6682 31.8002 142.718
      vertex 91.868 31.8003 143.2
      vertex 91.8678 31.8005 143.2
    endloop
  endfacet
  facet normal -0.923778 0 0.382927
    outer loop
      vertex 91.6682 -2 142.718
      vertex 91.868 31.8003 143.2
      vertex 91.6682 31.8002 142.718
    endloop
  endfacet
  facet normal -0.923778 0 0.382927
    outer loop
      vertex 91.868 31.8003 143.2
      vertex 91.6682 -2 142.718
      vertex 91.868 -2 143.2
    endloop
  endfacet
  facet normal -0.793236 0 0.608914
    outer loop
      vertex 91.868 -2 143.2
      vertex 92.1858 31.8 143.614
      vertex 91.868 31.8003 143.2
    endloop
  endfacet
  facet normal -0.793236 0 0.608914
    outer loop
      vertex 92.1858 -2 143.614
      vertex 92.1858 31.8 143.614
      vertex 91.868 -2 143.2
    endloop
  endfacet
  facet normal -0.124803 0 0.992182
    outer loop
      vertex 93.6 31.8 144.2
      vertex 93.5523 31.8 144.194
      vertex 93.6 -2 144.2
    endloop
  endfacet
  facet normal -0.130809 -8.61409e-06 0.991408
    outer loop
      vertex 93.0824 31.8 144.132
      vertex 93.6 -2 144.2
      vertex 93.5523 31.8 144.194
    endloop
  endfacet
  facet normal -0.130256 1.33857e-19 0.99148
    outer loop
      vertex 93.6 -2 144.2
      vertex 93.0824 31.8 144.132
      vertex 93.0824 -2 144.132
    endloop
  endfacet
  facet normal -0.988652 -0.0752004 0.13005
    outer loop
      vertex 91.6682 31.8002 142.718
      vertex 91.668 31.8011 142.717
      vertex 91.6 31.801 142.2
    endloop
  endfacet
  facet normal -0.989011 -0.10989 0.0989011
    outer loop
      vertex 91.668 31.8011 142.717
      vertex 91.6682 31.8002 142.718
      vertex 91.6681 31.8011 142.718
    endloop
  endfacet
  facet normal -0.991444 0 0.130534
    outer loop
      vertex 91.6 -2 142.2
      vertex 91.6682 31.8002 142.718
      vertex 91.6 31.801 142.2
    endloop
  endfacet
  facet normal -0.991444 0 0.130534
    outer loop
      vertex 91.6682 31.8002 142.718
      vertex 91.6 -2 142.2
      vertex 91.6682 -2 142.718
    endloop
  endfacet
  facet normal -0.60897 4.76322e-19 0.793193
    outer loop
      vertex 92.1858 31.8 143.614
      vertex 92.6 -2 143.932
      vertex 92.6 31.8 143.932
    endloop
  endfacet
  facet normal -0.60897 4.76322e-19 0.793193
    outer loop
      vertex 92.6 -2 143.932
      vertex 92.1858 31.8 143.614
      vertex 92.1858 -2 143.614
    endloop
  endfacet
  facet normal -0.382983 -3.35629e-19 0.923755
    outer loop
      vertex 92.6 31.8 143.932
      vertex 93.0824 -2 144.132
      vertex 93.0824 31.8 144.132
    endloop
  endfacet
  facet normal -0.382983 -3.35629e-19 0.923755
    outer loop
      vertex 93.0824 -2 144.132
      vertex 92.6 31.8 143.932
      vertex 92.6 -2 143.932
    endloop
  endfacet
  facet normal 0.923755 0.382983 4.56073e-20
    outer loop
      vertex 187.532 38.3176 136.2
      vertex 187.332 38.8 4
      vertex 187.332 38.8 136.2
    endloop
  endfacet
  facet normal 0.923755 0.382983 4.56073e-20
    outer loop
      vertex 187.332 38.8 4
      vertex 187.532 38.3176 136.2
      vertex 187.532 38.3176 4
    endloop
  endfacet
  facet normal 0.99148 0.130256 3.97755e-20
    outer loop
      vertex 187.6 37.8 136.2
      vertex 187.532 38.3176 4
      vertex 187.532 38.3176 136.2
    endloop
  endfacet
  facet normal 0.99148 0.130256 3.97755e-20
    outer loop
      vertex 187.532 38.3176 4
      vertex 187.6 37.8 136.2
      vertex 187.6 37.8 4
    endloop
  endfacet
  facet normal 0.793193 0.60897 1.16235e-19
    outer loop
      vertex 187.332 38.8 136.2
      vertex 187.014 39.2142 4
      vertex 187.014 39.2142 136.2
    endloop
  endfacet
  facet normal 0.793193 0.60897 1.16235e-19
    outer loop
      vertex 187.014 39.2142 4
      vertex 187.332 38.8 136.2
      vertex 187.332 38.8 4
    endloop
  endfacet
  facet normal 0.609035 0.793144 -0
    outer loop
      vertex 187.014 39.2142 4
      vertex 186.6 39.5321 136.2
      vertex 187.014 39.2142 136.2
    endloop
  endfacet
  facet normal 0.609035 0.793144 0
    outer loop
      vertex 186.6 39.5321 136.2
      vertex 187.014 39.2142 4
      vertex 186.6 39.5321 4
    endloop
  endfacet
  facet normal 0.382764 0.923846 -0
    outer loop
      vertex 186.6 39.5321 4
      vertex 186.118 39.7318 136.2
      vertex 186.6 39.5321 136.2
    endloop
  endfacet
  facet normal 0.382764 0.923846 0
    outer loop
      vertex 186.118 39.7318 136.2
      vertex 186.6 39.5321 4
      vertex 186.118 39.7318 4
    endloop
  endfacet
  facet normal 0.130534 0.991444 -0
    outer loop
      vertex 186.118 39.7318 4
      vertex 185.6 39.8 136.2
      vertex 186.118 39.7318 136.2
    endloop
  endfacet
  facet normal 0.130534 0.991444 0
    outer loop
      vertex 185.6 39.8 136.2
      vertex 186.118 39.7318 4
      vertex 185.6 39.8 4
    endloop
  endfacet
  facet normal 0.923643 -0 0.383254
    outer loop
      vertex 187.332 -2 143.2
      vertex 187.532 31.8 142.718
      vertex 187.332 31.8 143.2
    endloop
  endfacet
  facet normal 0.923643 0 0.383254
    outer loop
      vertex 187.532 31.8 142.718
      vertex 187.332 -2 143.2
      vertex 187.532 -2 142.718
    endloop
  endfacet
  facet normal 0.130157 7.67535e-20 0.991493
    outer loop
      vertex 185.6 31.8 144.2
      vertex 186.118 -2 144.132
      vertex 186.118 31.8 144.132
    endloop
  endfacet
  facet normal 0.130157 7.67535e-20 0.991493
    outer loop
      vertex 186.118 -2 144.132
      vertex 185.6 31.8 144.2
      vertex 185.6 -2 144.2
    endloop
  endfacet
  facet normal 0.793051 -0 0.609155
    outer loop
      vertex 187.014 -2 143.614
      vertex 187.332 31.8 143.2
      vertex 187.014 31.8 143.614
    endloop
  endfacet
  facet normal 0.793051 0 0.609155
    outer loop
      vertex 187.332 31.8 143.2
      vertex 187.014 -2 143.614
      vertex 187.332 -2 143.2
    endloop
  endfacet
  facet normal 0.383254 -3.7892e-19 0.923643
    outer loop
      vertex 186.118 31.8 144.132
      vertex 186.6 -2 143.932
      vertex 186.6 31.8 143.932
    endloop
  endfacet
  facet normal 0.383254 -3.7892e-19 0.923643
    outer loop
      vertex 186.6 -2 143.932
      vertex 186.118 31.8 144.132
      vertex 186.118 -2 144.132
    endloop
  endfacet
  facet normal 0.609155 1.93695e-19 0.793051
    outer loop
      vertex 186.6 31.8 143.932
      vertex 187.014 -2 143.614
      vertex 187.014 31.8 143.614
    endloop
  endfacet
  facet normal 0.609155 1.93695e-19 0.793051
    outer loop
      vertex 187.014 -2 143.614
      vertex 186.6 31.8 143.932
      vertex 186.6 -2 143.932
    endloop
  endfacet
  facet normal 0.991493 -0 0.130157
    outer loop
      vertex 187.532 -2 142.718
      vertex 187.6 31.8 142.2
      vertex 187.532 31.8 142.718
    endloop
  endfacet
  facet normal 0.991493 0 0.130157
    outer loop
      vertex 187.6 31.8 142.2
      vertex 187.532 -2 142.718
      vertex 187.6 -2 142.2
    endloop
  endfacet
  facet normal -0 0 1
    outer loop
      vertex 92.6 39.5321 136.2
      vertex 92.6 39.532 136.2
      vertex 93.0824 39.7318 136.2
    endloop
  endfacet
  facet normal 0 0 1
    outer loop
      vertex 92.1858 39.2142 136.2
      vertex 92.6 39.532 136.2
      vertex 92.6 39.5321 136.2
    endloop
  endfacet
  facet normal -0.991428 0.130375 0.00854342
    outer loop
      vertex 91.6681 38.3176 136.201
      vertex 91.6001 37.8005 136.201
      vertex 91.6681 38.2619 137.051
    endloop
  endfacet
  facet normal -0.9805 0.1961 0.0128644
    outer loop
      vertex 91.6 37.7487 136.983
      vertex 91.6001 37.8005 136.201
      vertex 91.6 37.8 136.201
    endloop
  endfacet
  facet normal -0.991421 0.13043 0.00851298
    outer loop
      vertex 91.6001 37.8005 136.201
      vertex 91.6 37.7487 136.983
      vertex 91.6681 38.2619 137.051
    endloop
  endfacet
  facet normal -0.92364 0.38244 0.0250636
    outer loop
      vertex 91.8679 38.8 136.2
      vertex 91.6682 38.3177 136.2
      vertex 91.8679 38.7401 137.114
    endloop
  endfacet
  facet normal -0.995037 -2.07135e-17 -0.0995037
    outer loop
      vertex 91.6681 38.3176 136.201
      vertex 91.6682 38.3177 136.2
      vertex 91.6682 38.3176 136.2
    endloop
  endfacet
  facet normal -0.869443 0.492594 -0.0376849
    outer loop
      vertex 91.6682 38.3177 136.2
      vertex 91.6681 38.3176 136.201
      vertex 91.8679 38.7401 137.114
    endloop
  endfacet
  facet normal -0.92358 0.382584 0.0250705
    outer loop
      vertex 91.8679 38.7401 137.114
      vertex 91.6681 38.3176 136.201
      vertex 91.6681 38.2619 137.051
    endloop
  endfacet
  facet normal -0.792802 0.608177 0.0398331
    outer loop
      vertex 92.1746 39.1996 136.2
      vertex 92.1858 39.1508 137.168
      vertex 92.1858 39.2142 136.2
    endloop
  endfacet
  facet normal -0.792673 0.608344 0.03984
    outer loop
      vertex 92.1858 39.1508 137.168
      vertex 92.1746 39.1996 136.2
      vertex 91.868 38.8001 136.2
    endloop
  endfacet
  facet normal 0 0 -1
    outer loop
      vertex 91.8679 38.8 136.2
      vertex 91.868 38.8001 136.2
      vertex 91.868 38.8 136.2
    endloop
  endfacet
  facet normal -0.706903 0.706903 -0.0240259
    outer loop
      vertex 91.868 38.8001 136.2
      vertex 91.8679 38.8 136.2
      vertex 92.1858 39.1508 137.168
    endloop
  endfacet
  facet normal -0.792683 0.60833 0.0398676
    outer loop
      vertex 92.1858 39.1508 137.168
      vertex 91.8679 38.8 136.2
      vertex 91.8679 38.7401 137.114
    endloop
  endfacet
  facet normal -0.607909 0.792309 0.0519045
    outer loop
      vertex 92.6 39.532 136.2
      vertex 92.1858 39.2142 136.2
      vertex 92.6 39.4659 137.209
    endloop
  endfacet
  facet normal -0.607891 0.792323 0.0518939
    outer loop
      vertex 92.1858 39.2142 136.2
      vertex 92.1858 39.1508 137.168
      vertex 92.6 39.4659 137.209
    endloop
  endfacet
  facet normal -0.381957 0.922203 0.060411
    outer loop
      vertex 93.0824 39.7318 136.2
      vertex 92.6 39.532 136.2
      vertex 93.0824 39.664 137.235
    endloop
  endfacet
  facet normal -0.381963 0.922201 0.0604138
    outer loop
      vertex 92.6 39.532 136.2
      vertex 92.6 39.4659 137.209
      vertex 93.0824 39.664 137.235
    endloop
  endfacet
  facet normal -0.129833 0.989415 0.0648237
    outer loop
      vertex 93.5558 39.7942 136.2
      vertex 93.6 39.7316 137.244
      vertex 93.6 39.8 136.2
    endloop
  endfacet
  facet normal -0.130407 0.989338 0.0648434
    outer loop
      vertex 93.6 39.7316 137.244
      vertex 93.5558 39.7942 136.2
      vertex 93.0824 39.7318 136.2
    endloop
  endfacet
  facet normal -0.130339 0.989349 0.0648095
    outer loop
      vertex 93.0824 39.7318 136.2
      vertex 93.0824 39.664 137.235
      vertex 93.6 39.7316 137.244
    endloop
  endfacet
  facet normal -0.991423 0.128178 0.025513
    outer loop
      vertex 91.6681 38.2619 137.051
      vertex 91.6 37.7487 136.983
      vertex 91.6681 38.0955 137.887
    endloop
  endfacet
  facet normal -0.991417 0.128224 0.0254949
    outer loop
      vertex 91.6 37.7487 136.983
      vertex 91.6 37.5956 137.753
      vertex 91.6681 38.0955 137.887
    endloop
  endfacet
  facet normal -0.923582 0.376035 0.0747883
    outer loop
      vertex 91.8679 38.7401 137.114
      vertex 91.6681 38.2619 137.051
      vertex 91.8679 38.5615 138.012
    endloop
  endfacet
  facet normal -0.92362 0.375935 0.0748273
    outer loop
      vertex 91.6681 38.2619 137.051
      vertex 91.6681 38.0955 137.887
      vertex 91.8679 38.5615 138.012
    endloop
  endfacet
  facet normal -0.792676 0.597925 0.118956
    outer loop
      vertex 92.1858 39.1508 137.168
      vertex 91.8679 38.7401 137.114
      vertex 92.1858 38.9616 138.119
    endloop
  endfacet
  facet normal -0.792636 0.597984 0.118931
    outer loop
      vertex 91.8679 38.7401 137.114
      vertex 91.8679 38.5615 138.012
      vertex 92.1858 38.9616 138.119
    endloop
  endfacet
  facet normal -0.607817 0.778822 0.154901
    outer loop
      vertex 92.6 39.4659 137.209
      vertex 92.1858 39.1508 137.168
      vertex 92.6 39.2686 138.201
    endloop
  endfacet
  facet normal -0.607883 0.778764 0.154934
    outer loop
      vertex 92.1858 39.1508 137.168
      vertex 92.1858 38.9616 138.119
      vertex 92.6 39.2686 138.201
    endloop
  endfacet
  facet normal -0.381948 0.906442 0.18022
    outer loop
      vertex 93.0824 39.664 137.235
      vertex 92.6 39.4659 137.209
      vertex 93.0824 39.4616 138.253
    endloop
  endfacet
  facet normal -0.382061 0.906384 0.180272
    outer loop
      vertex 92.6 39.4659 137.209
      vertex 92.6 39.2686 138.201
      vertex 93.0824 39.4616 138.253
    endloop
  endfacet
  facet normal -0.130364 0.97243 0.19335
    outer loop
      vertex 93.6 39.7316 137.244
      vertex 93.0824 39.664 137.235
      vertex 93.6 39.5274 138.271
    endloop
  endfacet
  facet normal -0.130345 0.972435 0.193341
    outer loop
      vertex 93.0824 39.664 137.235
      vertex 93.0824 39.4616 138.253
      vertex 93.6 39.5274 138.271
    endloop
  endfacet
  facet normal -0.991418 0.123792 0.0420308
    outer loop
      vertex 91.6681 38.0955 137.887
      vertex 91.6 37.5956 137.753
      vertex 91.6681 37.8215 138.694
    endloop
  endfacet
  facet normal -0.991419 0.123783 0.0420329
    outer loop
      vertex 91.6 37.5956 137.753
      vertex 91.6 37.3433 138.496
      vertex 91.6681 37.8215 138.694
    endloop
  endfacet
  facet normal -0.923624 0.36296 0.123205
    outer loop
      vertex 91.8679 38.5615 138.012
      vertex 91.6681 38.0955 137.887
      vertex 91.8679 38.2672 138.879
    endloop
  endfacet
  facet normal -0.923642 0.362909 0.123218
    outer loop
      vertex 91.6681 38.0955 137.887
      vertex 91.6681 37.8215 138.694
      vertex 91.8679 38.2672 138.879
    endloop
  endfacet
  facet normal -0.792614 0.577331 0.196091
    outer loop
      vertex 92.1858 38.9616 138.119
      vertex 91.8679 38.5615 138.012
      vertex 92.1858 38.6498 139.037
    endloop
  endfacet
  facet normal -0.79249 0.577519 0.196037
    outer loop
      vertex 91.8679 38.5615 138.012
      vertex 91.8679 38.2672 138.879
      vertex 92.1858 38.6498 139.037
    endloop
  endfacet
  facet normal -0.607845 0.751939 0.255172
    outer loop
      vertex 92.6 39.2686 138.201
      vertex 92.1858 38.9616 138.119
      vertex 92.6 38.9435 139.159
    endloop
  endfacet
  facet normal -0.608165 0.751638 0.255295
    outer loop
      vertex 92.1858 38.9616 138.119
      vertex 92.1858 38.6498 139.037
      vertex 92.6 38.9435 139.159
    endloop
  endfacet
  facet normal -0.382117 0.875029 0.297171
    outer loop
      vertex 93.0824 39.4616 138.253
      vertex 92.6 39.2686 138.201
      vertex 93.0824 39.1281 139.235
    endloop
  endfacet
  facet normal -0.381726 0.875251 0.297019
    outer loop
      vertex 92.6 39.2686 138.201
      vertex 92.6 38.9435 139.159
      vertex 93.0824 39.1281 139.235
    endloop
  endfacet
  facet normal -0.130431 0.938743 0.318983
    outer loop
      vertex 93.6 39.5274 138.271
      vertex 93.0824 39.4616 138.253
      vertex 93.6 39.191 139.261
    endloop
  endfacet
  facet normal -0.130106 0.938836 0.318841
    outer loop
      vertex 93.0824 39.4616 138.253
      vertex 93.0824 39.1281 139.235
      vertex 93.6 39.191 139.261
    endloop
  endfacet
  facet normal -0.991418 0.117255 0.0577997
    outer loop
      vertex 91.6681 37.8215 138.694
      vertex 91.6 37.3433 138.496
      vertex 91.6681 37.4444 139.459
    endloop
  endfacet
  facet normal -0.991421 0.117236 0.0578019
    outer loop
      vertex 91.6 37.3433 138.496
      vertex 91.6 36.9962 139.2
      vertex 91.6681 37.4444 139.459
    endloop
  endfacet
  facet normal -0.923653 0.343686 0.169541
    outer loop
      vertex 91.8679 38.2672 138.879
      vertex 91.6681 37.8215 138.694
      vertex 91.8679 37.8622 139.7
    endloop
  endfacet
  facet normal -0.923581 0.343891 0.169518
    outer loop
      vertex 91.6681 37.8215 138.694
      vertex 91.6681 37.4444 139.459
      vertex 91.8679 37.8622 139.7
    endloop
  endfacet
  facet normal -0.792452 0.547068 0.269698
    outer loop
      vertex 92.1858 38.6498 139.037
      vertex 91.8679 38.2672 138.879
      vertex 92.1858 38.2209 139.907
    endloop
  endfacet
  facet normal -0.792621 0.546803 0.269738
    outer loop
      vertex 91.8679 38.2672 138.879
      vertex 91.8679 37.8622 139.7
      vertex 92.1858 38.2209 139.907
    endloop
  endfacet
  facet normal -0.608209 0.711881 0.351153
    outer loop
      vertex 92.6 38.9435 139.159
      vertex 92.1858 38.6498 139.037
      vertex 92.6 38.4961 140.066
    endloop
  endfacet
  facet normal -0.607933 0.712151 0.351082
    outer loop
      vertex 92.1858 38.6498 139.037
      vertex 92.1858 38.2209 139.907
      vertex 92.6 38.4961 140.066
    endloop
  endfacet
  facet normal -0.381641 0.829066 0.408656
    outer loop
      vertex 93.0824 39.1281 139.235
      vertex 92.6 38.9435 139.159
      vertex 93.0824 38.6692 140.166
    endloop
  endfacet
  facet normal -0.382131 0.828765 0.408809
    outer loop
      vertex 92.6 38.9435 139.159
      vertex 92.6 38.4961 140.066
      vertex 93.0824 38.6692 140.166
    endloop
  endfacet
  facet normal -0.130094 0.88935 0.438329
    outer loop
      vertex 93.6 39.191 139.261
      vertex 93.0824 39.1281 139.235
      vertex 93.6 38.7282 140.2
    endloop
  endfacet
  facet normal -0.130167 0.889325 0.438358
    outer loop
      vertex 93.0824 39.1281 139.235
      vertex 93.0824 38.6692 140.166
      vertex 93.6 38.7282 140.2
    endloop
  endfacet
  facet normal -0.967128 0 0.254291
    outer loop
      vertex 91.6 36.9961 139.2
      vertex 91.6681 37.4444 139.459
      vertex 91.6 36.9962 139.2
    endloop
  endfacet
  facet normal -0.991424 0.108668 0.0725881
    outer loop
      vertex 91.6681 37.4444 139.459
      vertex 91.6 36.9961 139.2
      vertex 91.6681 36.9708 140.168
    endloop
  endfacet
  facet normal -0.991416 0.108743 0.0725895
    outer loop
      vertex 91.6 36.9961 139.2
      vertex 91.6 36.5602 139.853
      vertex 91.6681 36.9708 140.168
    endloop
  endfacet
  facet normal -0.923574 0.31876 0.213079
    outer loop
      vertex 91.8679 37.8622 139.7
      vertex 91.6681 37.4444 139.459
      vertex 91.8679 37.3535 140.461
    endloop
  endfacet
  facet normal -0.923491 0.318996 0.213084
    outer loop
      vertex 91.6681 37.4444 139.459
      vertex 91.6681 36.9708 140.168
      vertex 91.8679 37.3535 140.461
    endloop
  endfacet
  facet normal -0.792606 0.506903 0.338858
    outer loop
      vertex 92.1858 38.2209 139.907
      vertex 91.8679 37.8622 139.7
      vertex 92.1858 37.6821 140.713
    endloop
  endfacet
  facet normal -0.792595 0.50692 0.338857
    outer loop
      vertex 91.8679 37.8622 139.7
      vertex 91.8679 37.3535 140.461
      vertex 92.1858 37.6821 140.713
    endloop
  endfacet
  facet normal -0.607953 0.660179 0.441087
    outer loop
      vertex 92.6 38.4961 140.066
      vertex 92.1858 38.2209 139.907
      vertex 92.6 37.9342 140.907
    endloop
  endfacet
  facet normal -0.608245 0.659885 0.441124
    outer loop
      vertex 92.1858 38.2209 139.907
      vertex 92.1858 37.6821 140.713
      vertex 92.6 37.9342 140.907
    endloop
  endfacet
  facet normal -0.382144 0.768461 0.513257
    outer loop
      vertex 93.0824 38.6692 140.166
      vertex 92.6 38.4961 140.066
      vertex 93.0824 38.0928 141.029
    endloop
  endfacet
  facet normal -0.382411 0.768288 0.513318
    outer loop
      vertex 92.6 38.4961 140.066
      vertex 92.6 37.9342 140.907
      vertex 93.0824 38.0928 141.029
    endloop
  endfacet
  facet normal -0.130154 0.82436 0.5509
    outer loop
      vertex 93.6 38.7282 140.2
      vertex 93.0824 38.6692 140.166
      vertex 93.6 38.1468 141.07
    endloop
  endfacet
  facet normal -0.129648 0.824557 0.550724
    outer loop
      vertex 93.0824 38.6692 140.166
      vertex 93.0824 38.0928 141.029
      vertex 93.6 38.1468 141.07
    endloop
  endfacet
  facet normal -0.977419 0 0.211309
    outer loop
      vertex 91.6 36.5601 139.853
      vertex 91.6681 36.9708 140.168
      vertex 91.6 36.5602 139.853
    endloop
  endfacet
  facet normal -0.991419 0.0982865 0.0861885
    outer loop
      vertex 91.6681 36.9708 140.168
      vertex 91.6 36.5601 139.853
      vertex 91.6681 36.4087 140.809
    endloop
  endfacet
  facet normal -0.991419 0.0982813 0.0861877
    outer loop
      vertex 91.6 36.5601 139.853
      vertex 91.6 36.0427 140.443
      vertex 91.6681 36.4087 140.809
    endloop
  endfacet
  facet normal -0.923477 0.288538 0.252858
    outer loop
      vertex 91.8679 37.3535 140.461
      vertex 91.6681 36.9708 140.168
      vertex 91.8679 36.7497 141.15
    endloop
  endfacet
  facet normal -0.923557 0.288311 0.252823
    outer loop
      vertex 91.6681 36.9708 140.168
      vertex 91.6681 36.4087 140.809
      vertex 91.8679 36.7497 141.15
    endloop
  endfacet
  facet normal -0.792591 0.458652 0.401792
    outer loop
      vertex 92.1858 37.6821 140.713
      vertex 91.8679 37.3535 140.461
      vertex 92.1858 37.0426 141.443
    endloop
  endfacet
  facet normal -0.792711 0.458464 0.401771
    outer loop
      vertex 91.8679 37.3535 140.461
      vertex 91.8679 36.7497 141.15
      vertex 92.1858 37.0426 141.443
    endloop
  endfacet
  facet normal -0.608304 0.596623 0.523458
    outer loop
      vertex 92.6 37.9342 140.907
      vertex 92.1858 37.6821 140.713
      vertex 92.6 37.2674 141.667
    endloop
  endfacet
  facet normal -0.607396 0.597542 0.523463
    outer loop
      vertex 92.1858 37.6821 140.713
      vertex 92.1858 37.0426 141.443
      vertex 92.6 37.2674 141.667
    endloop
  endfacet
  facet normal -0.382462 0.694652 0.609246
    outer loop
      vertex 93.0824 38.0928 141.029
      vertex 92.6 37.9342 140.907
      vertex 93.0824 37.4087 141.809
    endloop
  endfacet
  facet normal -0.382763 0.69445 0.609288
    outer loop
      vertex 92.6 37.9342 140.907
      vertex 92.6 37.2674 141.667
      vertex 93.0824 37.4087 141.809
    endloop
  endfacet
  facet normal -0.129566 0.745634 0.653638
    outer loop
      vertex 93.6 38.1468 141.07
      vertex 93.0824 38.0928 141.029
      vertex 93.6 37.4569 141.857
    endloop
  endfacet
  facet normal -0.130044 0.745428 0.653778
    outer loop
      vertex 93.0824 38.0928 141.029
      vertex 93.0824 37.4087 141.809
      vertex 93.6 37.4569 141.857
    endloop
  endfacet
  facet normal -0.983127 0 0.182926
    outer loop
      vertex 91.6 36.0426 140.443
      vertex 91.6681 36.4087 140.809
      vertex 91.6 36.0427 140.443
    endloop
  endfacet
  facet normal -0.991421 0.0861667 0.0982791
    outer loop
      vertex 91.6681 36.4087 140.809
      vertex 91.6 36.0426 140.443
      vertex 91.6681 35.7677 141.371
    endloop
  endfacet
  facet normal -0.991429 0.0861031 0.0982608
    outer loop
      vertex 91.6 36.0426 140.443
      vertex 91.6 35.4526 140.96
      vertex 91.6681 35.7677 141.371
    endloop
  endfacet
  facet normal -0.923552 0.252673 0.288458
    outer loop
      vertex 91.8679 36.7497 141.15
      vertex 91.6681 36.4087 140.809
      vertex 91.8679 36.0613 141.753
    endloop
  endfacet
  facet normal -0.923438 0.252987 0.288549
    outer loop
      vertex 91.6681 36.4087 140.809
      vertex 91.6681 35.7677 141.371
      vertex 91.8679 36.0613 141.753
    endloop
  endfacet
  facet normal -0.792719 0.401786 0.458438
    outer loop
      vertex 92.1858 37.0426 141.443
      vertex 91.8679 36.7497 141.15
      vertex 92.1858 36.3135 142.082
    endloop
  endfacet
  facet normal -0.792901 0.401506 0.458369
    outer loop
      vertex 91.8679 36.7497 141.15
      vertex 91.8679 36.0613 141.753
      vertex 92.1858 36.3135 142.082
    endloop
  endfacet
  facet normal -0.607322 0.523886 0.597246
    outer loop
      vertex 92.6 37.2674 141.667
      vertex 92.1858 37.0426 141.443
      vertex 92.6 36.507 142.334
    endloop
  endfacet
  facet normal -0.607828 0.523379 0.597176
    outer loop
      vertex 92.1858 37.0426 141.443
      vertex 92.1858 36.3135 142.082
      vertex 92.6 36.507 142.334
    endloop
  endfacet
  facet normal -0.382862 0.609042 0.694611
    outer loop
      vertex 93.0824 37.4087 141.809
      vertex 92.6 37.2674 141.667
      vertex 93.0824 36.6286 142.493
    endloop
  endfacet
  facet normal -0.382521 0.609276 0.694593
    outer loop
      vertex 92.6 37.2674 141.667
      vertex 92.6 36.507 142.334
      vertex 93.0824 36.6286 142.493
    endloop
  endfacet
  facet normal -0.130009 0.653747 0.745461
    outer loop
      vertex 93.6 37.4569 141.857
      vertex 93.0824 37.4087 141.809
      vertex 93.6 36.6701 142.547
    endloop
  endfacet
  facet normal -0.130186 0.653665 0.745503
    outer loop
      vertex 93.0824 37.4087 141.809
      vertex 93.0824 36.6286 142.493
      vertex 93.6 36.6701 142.547
    endloop
  endfacet
  facet normal -0.986549 0 0.163465
    outer loop
      vertex 91.6 35.4525 140.96
      vertex 91.6681 35.7677 141.371
      vertex 91.6 35.4526 140.96
    endloop
  endfacet
  facet normal -0.99143 0.0725064 0.108668
    outer loop
      vertex 91.6681 35.7677 141.371
      vertex 91.6 35.4525 140.96
      vertex 91.6681 35.0588 141.844
    endloop
  endfacet
  facet normal -0.991412 0.0726549 0.108732
    outer loop
      vertex 91.6 35.4525 140.96
      vertex 91.6 34.8 141.396
      vertex 91.6681 35.0588 141.844
    endloop
  endfacet
  facet normal -0.923425 0.213308 0.31904
    outer loop
      vertex 91.8679 36.0613 141.753
      vertex 91.6681 35.7677 141.371
      vertex 91.8679 35.3 142.262
    endloop
  endfacet
  facet normal -0.92366 0.212693 0.31877
    outer loop
      vertex 91.6681 35.7677 141.371
      vertex 91.6681 35.0588 141.844
      vertex 91.8679 35.3 142.262
    endloop
  endfacet
  facet normal -0.792911 0.338608 0.506593
    outer loop
      vertex 92.1858 36.3135 142.082
      vertex 91.8679 36.0613 141.753
      vertex 92.1858 35.5071 142.621
    endloop
  endfacet
  facet normal -0.792822 0.338739 0.506644
    outer loop
      vertex 91.8679 36.0613 141.753
      vertex 91.8679 35.3 142.262
      vertex 92.1858 35.5071 142.621
    endloop
  endfacet
  facet normal -0.607805 0.441204 0.660237
    outer loop
      vertex 92.6 36.507 142.334
      vertex 92.1858 36.3135 142.082
      vertex 92.6 35.666 142.896
    endloop
  endfacet
  facet normal -0.60768 0.441326 0.66027
    outer loop
      vertex 92.1858 36.3135 142.082
      vertex 92.1858 35.5071 142.621
      vertex 92.6 35.666 142.896
    endloop
  endfacet
  facet normal -0.382585 0.513033 0.768392
    outer loop
      vertex 93.0824 36.6286 142.493
      vertex 92.6 36.507 142.334
      vertex 93.0824 35.7659 143.069
    endloop
  endfacet
  facet normal -0.381912 0.513496 0.768417
    outer loop
      vertex 92.6 36.507 142.334
      vertex 92.6 35.666 142.896
      vertex 93.0824 35.7659 143.069
    endloop
  endfacet
  facet normal -0.13017 0.550593 0.824563
    outer loop
      vertex 93.6 36.6701 142.547
      vertex 93.0824 36.6286 142.493
      vertex 93.6 35.8 143.128
    endloop
  endfacet
  facet normal -0.130262 0.550547 0.824578
    outer loop
      vertex 93.0824 36.6286 142.493
      vertex 93.0824 35.7659 143.069
      vertex 93.6 35.8 143.128
    endloop
  endfacet
  facet normal -0.988643 0 0.150283
    outer loop
      vertex 91.6 34.7999 141.396
      vertex 91.6681 35.0588 141.844
      vertex 91.6 34.8 141.396
    endloop
  endfacet
  facet normal -0.991413 0.0578291 0.117284
    outer loop
      vertex 91.6681 35.0588 141.844
      vertex 91.6 34.7999 141.396
      vertex 91.6681 34.2942 142.221
    endloop
  endfacet
  facet normal -0.991414 0.057824 0.117281
    outer loop
      vertex 91.6 34.7999 141.396
      vertex 91.6 34.0961 141.743
      vertex 91.6681 34.2942 142.221
    endloop
  endfacet
  facet normal -0.923659 0.169502 0.343692
    outer loop
      vertex 91.8679 35.3 142.262
      vertex 91.6681 35.0588 141.844
      vertex 91.8679 34.4788 142.667
    endloop
  endfacet
  facet normal -0.923681 0.169447 0.343658
    outer loop
      vertex 91.6681 35.0588 141.844
      vertex 91.6681 34.2942 142.221
      vertex 91.8679 34.4788 142.667
    endloop
  endfacet
  facet normal -0.792843 0.269574 0.546562
    outer loop
      vertex 92.1858 35.5071 142.621
      vertex 91.8679 35.3 142.262
      vertex 92.1858 34.6373 143.05
    endloop
  endfacet
  facet normal -0.792862 0.269547 0.546548
    outer loop
      vertex 91.8679 35.3 142.262
      vertex 91.8679 34.4788 142.667
      vertex 92.1858 34.6373 143.05
    endloop
  endfacet
  facet normal -0.607659 0.351055 0.712398
    outer loop
      vertex 92.6 35.666 142.896
      vertex 92.1858 35.5071 142.621
      vertex 92.6 34.7589 143.343
    endloop
  endfacet
  facet normal -0.607237 0.351449 0.712564
    outer loop
      vertex 92.1858 35.5071 142.621
      vertex 92.1858 34.6373 143.05
      vertex 92.6 34.7589 143.343
    endloop
  endfacet
  facet normal -0.381912 0.408854 0.828843
    outer loop
      vertex 93.0824 35.7659 143.069
      vertex 92.6 35.666 142.896
      vertex 93.0824 34.8354 143.528
    endloop
  endfacet
  facet normal -0.382592 0.408394 0.828757
    outer loop
      vertex 92.6 35.666 142.896
      vertex 92.6 34.7589 143.343
      vertex 93.0824 34.8354 143.528
    endloop
  endfacet
  facet normal -0.130253 0.43866 0.889163
    outer loop
      vertex 93.6 35.8 143.128
      vertex 93.0824 35.7659 143.069
      vertex 93.6 34.8615 143.591
    endloop
  endfacet
  facet normal -0.130343 0.438614 0.889173
    outer loop
      vertex 93.0824 35.7659 143.069
      vertex 93.0824 34.8354 143.528
      vertex 93.6 34.8615 143.591
    endloop
  endfacet
  facet normal -0.990003 0 0.141044
    outer loop
      vertex 91.6 34.096 141.743
      vertex 91.6681 34.2942 142.221
      vertex 91.6 34.0961 141.743
    endloop
  endfacet
  facet normal -0.991416 0.0421593 0.123764
    outer loop
      vertex 91.6681 34.2942 142.221
      vertex 91.6 34.096 141.743
      vertex 91.6681 33.4869 142.496
    endloop
  endfacet
  facet normal -0.99142 0.0421295 0.123741
    outer loop
      vertex 91.6 34.096 141.743
      vertex 91.6 33.3529 141.996
      vertex 91.6681 33.4869 142.496
    endloop
  endfacet
  facet normal -0.923682 0.123035 0.362869
    outer loop
      vertex 91.8679 34.4788 142.667
      vertex 91.6681 34.2942 142.221
      vertex 91.8679 33.6117 142.961
    endloop
  endfacet
  facet normal -0.923328 0.123823 0.363501
    outer loop
      vertex 91.6681 34.2942 142.221
      vertex 91.6681 33.4869 142.496
      vertex 91.8679 33.6117 142.961
    endloop
  endfacet
  facet normal -0.79288 0.196016 0.576992
    outer loop
      vertex 92.1858 34.6373 143.05
      vertex 91.8679 34.4788 142.667
      vertex 92.1858 33.7189 143.362
    endloop
  endfacet
  facet normal -0.793276 0.195509 0.576618
    outer loop
      vertex 91.8679 34.4788 142.667
      vertex 91.8679 33.6117 142.961
      vertex 92.1858 33.7189 143.362
    endloop
  endfacet
  facet normal -0.607225 0.25603 0.752148
    outer loop
      vertex 92.6 34.7589 143.343
      vertex 92.1858 34.6373 143.05
      vertex 92.6 33.8012 143.669
    endloop
  endfacet
  facet normal -0.607953 0.255394 0.751776
    outer loop
      vertex 92.1858 34.6373 143.05
      vertex 92.1858 33.7189 143.362
      vertex 92.6 33.8012 143.669
    endloop
  endfacet
  facet normal -0.38262 0.297368 0.874742
    outer loop
      vertex 93.0824 34.8354 143.528
      vertex 92.6 34.7589 143.343
      vertex 93.0824 33.8529 143.862
    endloop
  endfacet
  facet normal -0.381944 0.297811 0.874887
    outer loop
      vertex 92.6 34.7589 143.343
      vertex 92.6 33.8012 143.669
      vertex 93.0824 33.8529 143.862
    endloop
  endfacet
  facet normal -0.13034 0.318387 0.938957
    outer loop
      vertex 93.6 34.8615 143.591
      vertex 93.0824 34.8354 143.528
      vertex 93.6 33.8706 143.927
    endloop
  endfacet
  facet normal -0.128821 0.319178 0.938899
    outer loop
      vertex 93.0824 34.8354 143.528
      vertex 93.0824 33.8529 143.862
      vertex 93.6 33.8706 143.927
    endloop
  endfacet
  facet normal -0.990852 0 0.134954
    outer loop
      vertex 91.6 33.3528 141.996
      vertex 91.6681 33.4869 142.496
      vertex 91.6 33.3529 141.996
    endloop
  endfacet
  facet normal -0.991421 0.025451 0.128206
    outer loop
      vertex 91.6681 33.4869 142.496
      vertex 91.6 33.3528 141.996
      vertex 91.6681 32.6507 142.662
    endloop
  endfacet
  facet normal -0.991414 0.0254974 0.128254
    outer loop
      vertex 91.6 33.3528 141.996
      vertex 91.6 32.5832 142.149
      vertex 91.6681 32.6507 142.662
    endloop
  endfacet
  facet normal -0.923334 0.0750662 0.376589
    outer loop
      vertex 91.8679 33.6117 142.961
      vertex 91.6681 33.4869 142.496
      vertex 91.8679 32.7137 143.14
    endloop
  endfacet
  facet normal -0.92353 0.0746792 0.376185
    outer loop
      vertex 91.6681 33.4869 142.496
      vertex 91.6681 32.6507 142.662
      vertex 91.8679 32.7137 143.14
    endloop
  endfacet
  facet normal -0.793288 0.118656 0.597173
    outer loop
      vertex 92.1858 33.7189 143.362
      vertex 91.8679 33.6117 142.961
      vertex 92.1858 32.7677 143.551
    endloop
  endfacet
  facet normal -0.792878 0.119125 0.597623
    outer loop
      vertex 91.8679 33.6117 142.961
      vertex 91.8679 32.7137 143.14
      vertex 92.1858 32.7677 143.551
    endloop
  endfacet
  facet normal -0.607945 0.154655 0.778771
    outer loop
      vertex 92.6 33.8012 143.669
      vertex 92.1858 33.7189 143.362
      vertex 92.6 32.8092 143.866
    endloop
  endfacet
  facet normal -0.607821 0.154754 0.778848
    outer loop
      vertex 92.1858 33.7189 143.362
      vertex 92.1858 32.7677 143.551
      vertex 92.6 32.8092 143.866
    endloop
  endfacet
  facet normal -0.381957 0.179944 0.906492
    outer loop
      vertex 93.0824 33.8529 143.862
      vertex 92.6 33.8012 143.669
      vertex 93.0824 32.8353 144.064
    endloop
  endfacet
  facet normal -0.381824 0.180027 0.906532
    outer loop
      vertex 92.6 33.8012 143.669
      vertex 92.6 32.8092 143.866
      vertex 93.0824 32.8353 144.064
    endloop
  endfacet
  facet normal -0.128764 0.194228 0.972469
    outer loop
      vertex 93.6 33.8706 143.927
      vertex 93.0824 33.8529 143.862
      vertex 93.6 32.8442 144.132
    endloop
  endfacet
  facet normal -0.131069 0.193027 0.9724
    outer loop
      vertex 93.0824 33.8529 143.862
      vertex 93.0824 32.8353 144.064
      vertex 93.6 32.8442 144.132
    endloop
  endfacet
  facet normal -0.991304 0 0.131594
    outer loop
      vertex 91.6 32.5831 142.149
      vertex 91.6681 32.6507 142.662
      vertex 91.6 32.5832 142.149
    endloop
  endfacet
  facet normal -0.991414 0.00856351 0.13048
    outer loop
      vertex 91.668 31.8011 142.717
      vertex 91.6681 32.6507 142.662
      vertex 91.6 32.5831 142.149
    endloop
  endfacet
  facet normal -0.995016 0.00655848 0.0995016
    outer loop
      vertex 91.6681 32.6507 142.662
      vertex 91.668 31.8011 142.717
      vertex 91.6681 31.8011 142.718
    endloop
  endfacet
  facet normal -0.991425 0.00850317 0.130399
    outer loop
      vertex 91.6 32.5831 142.149
      vertex 91.6 31.801 142.2
      vertex 91.668 31.8011 142.717
    endloop
  endfacet
  facet normal -0.923528 0.0252456 0.3827
    outer loop
      vertex 91.8678 31.8005 143.2
      vertex 91.8679 32.7137 143.14
      vertex 91.6681 32.6507 142.662
    endloop
  endfacet
  facet normal -5.86672e-15 0.0655617 0.997849
    outer loop
      vertex 91.8679 32.7137 143.14
      vertex 91.8678 31.8005 143.2
      vertex 91.8679 31.8005 143.2
    endloop
  endfacet
  facet normal -0.923541 0.025223 0.382669
    outer loop
      vertex 91.6681 31.8011 142.718
      vertex 91.8678 31.8005 143.2
      vertex 91.6681 32.6507 142.662
    endloop
  endfacet
  facet normal -0.919062 -0.102118 0.380654
    outer loop
      vertex 91.8678 31.8005 143.2
      vertex 91.6681 31.8011 142.718
      vertex 91.6682 31.8002 142.718
    endloop
  endfacet
  facet normal -0.792887 0.0395878 0.608081
    outer loop
      vertex 92.1858 32.7677 143.551
      vertex 91.8679 32.7137 143.14
      vertex 92.1858 31.8 143.614
    endloop
  endfacet
  facet normal -0.73747 -0.368735 0.565839
    outer loop
      vertex 92.1858 31.8 143.614
      vertex 91.8679 31.8005 143.2
      vertex 91.868 31.8003 143.2
    endloop
  endfacet
  facet normal -0.792486 0.0399854 0.608578
    outer loop
      vertex 91.8679 31.8005 143.2
      vertex 92.1858 31.8 143.614
      vertex 91.8679 32.7137 143.14
    endloop
  endfacet
  facet normal -0.607808 0.0518211 0.792392
    outer loop
      vertex 92.6 32.8092 143.866
      vertex 92.1858 32.7677 143.551
      vertex 92.6 31.8 143.932
    endloop
  endfacet
  facet normal -0.60816 0.0515704 0.792138
    outer loop
      vertex 92.1858 31.8 143.614
      vertex 92.6 31.8 143.932
      vertex 92.1858 32.7677 143.551
    endloop
  endfacet
  facet normal -0.381814 0.0605749 0.922252
    outer loop
      vertex 93.0824 32.8353 144.064
      vertex 92.6 32.8092 143.866
      vertex 93.0824 31.8 144.132
    endloop
  endfacet
  facet normal -0.382286 0.0603021 0.922074
    outer loop
      vertex 92.6 32.8092 143.866
      vertex 92.6 31.8 143.932
      vertex 93.0824 31.8 144.132
    endloop
  endfacet
  facet normal -0.131075 0.0644233 0.989277
    outer loop
      vertex 93.6 31.8 144.2
      vertex 93.6 32.8442 144.132
      vertex 93.0824 32.8353 144.064
    endloop
  endfacet
  facet normal -0.124516 0.0677842 0.9899
    outer loop
      vertex 93.0824 32.8353 144.064
      vertex 93.5523 31.8 144.194
      vertex 93.6 31.8 144.2
    endloop
  endfacet
  facet normal -0.130533 0.0649795 0.989312
    outer loop
      vertex 93.5523 31.8 144.194
      vertex 93.0824 32.8353 144.064
      vertex 93.0824 31.8 144.132
    endloop
  endfacet
  facet normal 0 0 1
    outer loop
      vertex 186.6 39.5321 136.2
      vertex 186.6 39.532 136.2
      vertex 187.014 39.2142 136.2
    endloop
  endfacet
  facet normal 0 0 1
    outer loop
      vertex 186.118 39.7318 136.2
      vertex 186.6 39.532 136.2
      vertex 186.6 39.5321 136.2
    endloop
  endfacet
  facet normal 0.130259 0.989359 0.0648102
    outer loop
      vertex 186.118 39.7318 136.2
      vertex 185.6 39.8 136.2
      vertex 186.118 39.664 137.235
    endloop
  endfacet
  facet normal 0.13024 0.989361 0.0648202
    outer loop
      vertex 185.6 39.8 136.2
      vertex 185.6 39.7316 137.244
      vertex 186.118 39.664 137.235
    endloop
  endfacet
  facet normal 0.382228 0.922092 0.0604066
    outer loop
      vertex 186.6 39.532 136.2
      vertex 186.118 39.7318 136.2
      vertex 186.6 39.4659 137.209
    endloop
  endfacet
  facet normal 0.382233 0.92209 0.0604035
    outer loop
      vertex 186.118 39.7318 136.2
      vertex 186.118 39.664 137.235
      vertex 186.6 39.4659 137.209
    endloop
  endfacet
  facet normal 0.608094 0.792168 0.0518837
    outer loop
      vertex 187.014 39.2142 136.2
      vertex 186.6 39.532 136.2
      vertex 187.014 39.1508 137.168
    endloop
  endfacet
  facet normal 0.608077 0.79218 0.0518961
    outer loop
      vertex 186.6 39.532 136.2
      vertex 186.6 39.4659 137.209
      vertex 187.014 39.1508 137.168
    endloop
  endfacet
  facet normal 0.792562 0.608486 0.0398778
    outer loop
      vertex 187.332 38.8 136.2
      vertex 187.014 39.2142 136.2
      vertex 187.332 38.7401 137.114
    endloop
  endfacet
  facet normal 0.792589 0.608452 0.0398511
    outer loop
      vertex 187.014 39.2142 136.2
      vertex 187.014 39.1508 137.168
      vertex 187.332 38.7401 137.114
    endloop
  endfacet
  facet normal 0.923465 0.382863 0.0250593
    outer loop
      vertex 187.532 38.3176 136.2
      vertex 187.332 38.8 136.2
      vertex 187.532 38.2619 137.051
    endloop
  endfacet
  facet normal 0.923444 0.382911 0.0250945
    outer loop
      vertex 187.332 38.8 136.2
      vertex 187.332 38.7401 137.114
      vertex 187.532 38.2619 137.051
    endloop
  endfacet
  facet normal 0.991444 0.130252 0.00853372
    outer loop
      vertex 187.6 37.8 136.2
      vertex 187.532 38.3176 136.2
      vertex 187.6 37.7487 136.983
    endloop
  endfacet
  facet normal 0.991446 0.130239 0.00852446
    outer loop
      vertex 187.532 38.3176 136.2
      vertex 187.532 38.2619 137.051
      vertex 187.6 37.7487 136.983
    endloop
  endfacet
  facet normal 0.130265 0.972445 0.193343
    outer loop
      vertex 186.118 39.664 137.235
      vertex 185.6 39.7316 137.244
      vertex 186.118 39.4616 138.253
    endloop
  endfacet
  facet normal 0.130246 0.972446 0.193353
    outer loop
      vertex 185.6 39.7316 137.244
      vertex 185.6 39.5274 138.271
      vertex 186.118 39.4616 138.253
    endloop
  endfacet
  facet normal 0.382217 0.90632 0.180259
    outer loop
      vertex 186.6 39.4659 137.209
      vertex 186.118 39.664 137.235
      vertex 186.6 39.2686 138.201
    endloop
  endfacet
  facet normal 0.38233 0.906287 0.180189
    outer loop
      vertex 186.118 39.664 137.235
      vertex 186.118 39.4616 138.253
      vertex 186.6 39.2686 138.201
    endloop
  endfacet
  facet normal 0.608001 0.778676 0.154916
    outer loop
      vertex 187.014 39.1508 137.168
      vertex 186.6 39.4659 137.209
      vertex 187.014 38.9616 138.119
    endloop
  endfacet
  facet normal 0.608067 0.778635 0.154864
    outer loop
      vertex 186.6 39.4659 137.209
      vertex 186.6 39.2686 138.201
      vertex 187.014 38.9616 138.119
    endloop
  endfacet
  facet normal 0.792584 0.598049 0.118944
    outer loop
      vertex 187.332 38.7401 137.114
      vertex 187.014 39.1508 137.168
      vertex 187.332 38.5615 138.012
    endloop
  endfacet
  facet normal 0.792544 0.598093 0.11899
    outer loop
      vertex 187.014 39.1508 137.168
      vertex 187.014 38.9616 138.119
      vertex 187.332 38.5615 138.012
    endloop
  endfacet
  facet normal 0.923445 0.376348 0.0749095
    outer loop
      vertex 187.532 38.2619 137.051
      vertex 187.332 38.7401 137.114
      vertex 187.532 38.0955 137.887
    endloop
  endfacet
  facet normal 0.923483 0.376271 0.0748351
    outer loop
      vertex 187.332 38.7401 137.114
      vertex 187.332 38.5615 138.012
      vertex 187.532 38.0955 137.887
    endloop
  endfacet
  facet normal 0.991448 0.127997 0.0254497
    outer loop
      vertex 187.6 37.7487 136.983
      vertex 187.532 38.2619 137.051
      vertex 187.6 37.5956 137.753
    endloop
  endfacet
  facet normal 0.991443 0.128032 0.0254839
    outer loop
      vertex 187.532 38.2619 137.051
      vertex 187.532 38.0955 137.887
      vertex 187.6 37.5956 137.753
    endloop
  endfacet
  facet normal 0.130333 0.938808 0.318831
    outer loop
      vertex 186.118 39.4616 138.253
      vertex 185.6 39.5274 138.271
      vertex 186.118 39.1281 139.235
    endloop
  endfacet
  facet normal 0.130008 0.938795 0.319001
    outer loop
      vertex 185.6 39.5274 138.271
      vertex 185.6 39.191 139.261
      vertex 186.118 39.1281 139.235
    endloop
  endfacet
  facet normal 0.382393 0.87499 0.29693
    outer loop
      vertex 186.6 39.2686 138.201
      vertex 186.118 39.4616 138.253
      vertex 186.6 38.9435 139.159
    endloop
  endfacet
  facet normal 0.382002 0.875074 0.297187
    outer loop
      vertex 186.118 39.4616 138.253
      vertex 186.118 39.1281 139.235
      vertex 186.6 38.9435 139.159
    endloop
  endfacet
  facet normal 0.608023 0.751741 0.25533
    outer loop
      vertex 187.014 38.9616 138.119
      vertex 186.6 39.2686 138.201
      vertex 187.014 38.6498 139.037
    endloop
  endfacet
  facet normal 0.608343 0.751577 0.25505
    outer loop
      vertex 186.6 39.2686 138.201
      vertex 186.6 38.9435 139.159
      vertex 187.014 38.6498 139.037
    endloop
  endfacet
  facet normal 0.792525 0.577477 0.196022
    outer loop
      vertex 187.332 38.5615 138.012
      vertex 187.014 38.9616 138.119
      vertex 187.332 38.2672 138.879
    endloop
  endfacet
  facet normal 0.792401 0.577593 0.19618
    outer loop
      vertex 187.014 38.9616 138.119
      vertex 187.014 38.6498 139.037
      vertex 187.332 38.2672 138.879
    endloop
  endfacet
  facet normal 0.923487 0.363262 0.123338
    outer loop
      vertex 187.532 38.0955 137.887
      vertex 187.332 38.5615 138.012
      vertex 187.532 37.8215 138.694
    endloop
  endfacet
  facet normal 0.923506 0.363229 0.123297
    outer loop
      vertex 187.332 38.5615 138.012
      vertex 187.332 38.2672 138.879
      vertex 187.532 37.8215 138.694
    endloop
  endfacet
  facet normal 0.991443 0.123612 0.0419747
    outer loop
      vertex 187.6 37.5956 137.753
      vertex 187.532 38.0955 137.887
      vertex 187.6 37.3433 138.496
    endloop
  endfacet
  facet normal 0.991443 0.123606 0.0419679
    outer loop
      vertex 187.532 38.0955 137.887
      vertex 187.532 37.8215 138.694
      vertex 187.6 37.3433 138.496
    endloop
  endfacet
  facet normal 0.129995 0.889345 0.438368
    outer loop
      vertex 186.118 39.1281 139.235
      vertex 185.6 39.191 139.261
      vertex 186.118 38.6692 140.166
    endloop
  endfacet
  facet normal 0.130068 0.889353 0.438331
    outer loop
      vertex 185.6 39.191 139.261
      vertex 185.6 38.7282 140.2
      vertex 186.118 38.6692 140.166
    endloop
  endfacet
  facet normal 0.381905 0.828849 0.40885
    outer loop
      vertex 186.6 38.9435 139.159
      vertex 186.118 39.1281 139.235
      vertex 186.6 38.4961 140.066
    endloop
  endfacet
  facet normal 0.382396 0.828786 0.408518
    outer loop
      vertex 186.118 39.1281 139.235
      vertex 186.118 38.6692 140.166
      vertex 186.6 38.4961 140.066
    endloop
  endfacet
  facet normal 0.608399 0.71183 0.350924
    outer loop
      vertex 187.014 38.6498 139.037
      vertex 186.6 38.9435 139.159
      vertex 187.014 38.2209 139.907
    endloop
  endfacet
  facet normal 0.608124 0.711939 0.351181
    outer loop
      vertex 186.6 38.9435 139.159
      vertex 186.6 38.4961 140.066
      vertex 187.014 38.2209 139.907
    endloop
  endfacet
  facet normal 0.792354 0.547114 0.269892
    outer loop
      vertex 187.332 38.2672 138.879
      vertex 187.014 38.6498 139.037
      vertex 187.332 37.8622 139.7
    endloop
  endfacet
  facet normal 0.792523 0.546985 0.269657
    outer loop
      vertex 187.014 38.6498 139.037
      vertex 187.014 38.2209 139.907
      vertex 187.332 37.8622 139.7
    endloop
  endfacet
  facet normal 0.92352 0.344023 0.169583
    outer loop
      vertex 187.532 37.8215 138.694
      vertex 187.332 38.2672 138.879
      vertex 187.532 37.4444 139.459
    endloop
  endfacet
  facet normal 0.923448 0.34413 0.16976
    outer loop
      vertex 187.332 38.2672 138.879
      vertex 187.332 37.8622 139.7
      vertex 187.532 37.4444 139.459
    endloop
  endfacet
  facet normal 0.991443 0.117082 0.0577259
    outer loop
      vertex 187.6 37.3433 138.496
      vertex 187.532 37.8215 138.694
      vertex 187.6 36.9962 139.2
    endloop
  endfacet
  facet normal 0.991445 0.117072 0.0577095
    outer loop
      vertex 187.532 37.8215 138.694
      vertex 187.532 37.4444 139.459
      vertex 187.6 36.9962 139.2
    endloop
  endfacet
  facet normal 0.130058 0.824513 0.550694
    outer loop
      vertex 186.118 38.6692 140.166
      vertex 185.6 38.7282 140.2
      vertex 186.118 38.0928 141.029
    endloop
  endfacet
  facet normal 0.129551 0.824426 0.550944
    outer loop
      vertex 185.6 38.7282 140.2
      vertex 185.6 38.1468 141.07
      vertex 186.118 38.0928 141.029
    endloop
  endfacet
  facet normal 0.382412 0.768287 0.513318
    outer loop
      vertex 186.6 38.4961 140.066
      vertex 186.118 38.6692 140.166
      vertex 186.6 37.9342 140.907
    endloop
  endfacet
  facet normal 0.382679 0.768277 0.513134
    outer loop
      vertex 186.118 38.6692 140.166
      vertex 186.118 38.0928 141.029
      vertex 186.6 37.9342 140.907
    endloop
  endfacet
  facet normal 0.608132 0.659957 0.441172
    outer loop
      vertex 187.014 38.2209 139.907
      vertex 186.6 38.4961 140.066
      vertex 187.014 37.6821 140.713
    endloop
  endfacet
  facet normal 0.608424 0.659878 0.440887
    outer loop
      vertex 186.6 38.4961 140.066
      vertex 186.6 37.9342 140.907
      vertex 187.014 37.6821 140.713
    endloop
  endfacet
  facet normal 0.792514 0.507008 0.338916
    outer loop
      vertex 187.332 37.8622 139.7
      vertex 187.014 38.2209 139.907
      vertex 187.332 37.3535 140.461
    endloop
  endfacet
  facet normal 0.792503 0.507015 0.338932
    outer loop
      vertex 187.014 38.2209 139.907
      vertex 187.014 37.6821 140.713
      vertex 187.332 37.3535 140.461
    endloop
  endfacet
  facet normal 0.923441 0.319097 0.213151
    outer loop
      vertex 187.532 37.4444 139.459
      vertex 187.332 37.8622 139.7
      vertex 187.532 36.9708 140.168
    endloop
  endfacet
  facet normal 0.923358 0.319192 0.213368
    outer loop
      vertex 187.332 37.8622 139.7
      vertex 187.332 37.3535 140.461
      vertex 187.532 36.9708 140.168
    endloop
  endfacet
  facet normal 0.991447 0.108534 0.0724837
    outer loop
      vertex 187.6 36.9962 139.2
      vertex 187.532 37.4444 139.459
      vertex 187.6 36.5601 139.853
    endloop
  endfacet
  facet normal 0.991444 0.108544 0.0725055
    outer loop
      vertex 187.532 37.4444 139.459
      vertex 187.532 36.9708 140.168
      vertex 187.6 36.5601 139.853
    endloop
  endfacet
  facet normal 0.129465 0.745485 0.653828
    outer loop
      vertex 186.118 38.0928 141.029
      vertex 185.6 38.1468 141.07
      vertex 186.118 37.4087 141.809
    endloop
  endfacet
  facet normal 0.129944 0.745597 0.653605
    outer loop
      vertex 185.6 38.1468 141.07
      vertex 185.6 37.4569 141.857
      vertex 186.118 37.4087 141.809
    endloop
  endfacet
  facet normal 0.38273 0.69446 0.609297
    outer loop
      vertex 186.6 37.9342 140.907
      vertex 186.118 38.0928 141.029
      vertex 186.6 37.2674 141.667
    endloop
  endfacet
  facet normal 0.38303 0.694476 0.609091
    outer loop
      vertex 186.118 38.0928 141.029
      vertex 186.118 37.4087 141.809
      vertex 186.6 37.2674 141.667
    endloop
  endfacet
  facet normal 0.608507 0.596902 0.522902
    outer loop
      vertex 187.014 37.6821 140.713
      vertex 186.6 37.9342 140.907
      vertex 187.014 37.0426 141.443
    endloop
  endfacet
  facet normal 0.607599 0.597028 0.523814
    outer loop
      vertex 186.6 37.9342 140.907
      vertex 186.6 37.2674 141.667
      vertex 187.014 37.0426 141.443
    endloop
  endfacet
  facet normal 0.792495 0.458675 0.401956
    outer loop
      vertex 187.332 37.3535 140.461
      vertex 187.014 37.6821 140.713
      vertex 187.332 36.7497 141.15
    endloop
  endfacet
  facet normal 0.792615 0.458629 0.401772
    outer loop
      vertex 187.014 37.6821 140.713
      vertex 187.014 37.0426 141.443
      vertex 187.332 36.7497 141.15
    endloop
  endfacet
  facet normal 0.923338 0.288708 0.253171
    outer loop
      vertex 187.532 36.9708 140.168
      vertex 187.332 37.3535 140.461
      vertex 187.532 36.4087 140.809
    endloop
  endfacet
  facet normal 0.923418 0.288644 0.252951
    outer loop
      vertex 187.332 37.3535 140.461
      vertex 187.332 36.7497 141.15
      vertex 187.532 36.4087 140.809
    endloop
  endfacet
  facet normal 0.991444 0.0981352 0.0860763
    outer loop
      vertex 187.6 36.5601 139.853
      vertex 187.532 36.9708 140.168
      vertex 187.6 36.0426 140.443
    endloop
  endfacet
  facet normal 0.991447 0.0981274 0.086049
    outer loop
      vertex 187.532 36.9708 140.168
      vertex 187.532 36.4087 140.809
      vertex 187.6 36.0426 140.443
    endloop
  endfacet
  facet normal 0.12991 0.653689 0.74553
    outer loop
      vertex 186.118 37.4087 141.809
      vertex 185.6 37.4569 141.857
      vertex 186.118 36.6286 142.493
    endloop
  endfacet
  facet normal 0.130086 0.65374 0.745454
    outer loop
      vertex 185.6 37.4569 141.857
      vertex 185.6 36.6701 142.547
      vertex 186.118 36.6286 142.493
    endloop
  endfacet
  facet normal 0.383137 0.609108 0.694401
    outer loop
      vertex 186.6 37.2674 141.667
      vertex 186.118 37.4087 141.809
      vertex 186.6 36.507 142.334
    endloop
  endfacet
  facet normal 0.382797 0.60906 0.694631
    outer loop
      vertex 186.118 37.4087 141.809
      vertex 186.118 36.6286 142.493
      vertex 186.6 36.507 142.334
    endloop
  endfacet
  facet normal 0.607496 0.523546 0.597367
    outer loop
      vertex 187.014 37.0426 141.443
      vertex 186.6 37.2674 141.667
      vertex 187.014 36.3135 142.082
    endloop
  endfacet
  facet normal 0.608002 0.523543 0.596855
    outer loop
      vertex 186.6 37.2674 141.667
      vertex 186.6 36.507 142.334
      vertex 187.014 36.3135 142.082
    endloop
  endfacet
  facet normal 0.792621 0.401745 0.458642
    outer loop
      vertex 187.332 36.7497 141.15
      vertex 187.014 37.0426 141.443
      vertex 187.332 36.0613 141.753
    endloop
  endfacet
  facet normal 0.792803 0.401714 0.458356
    outer loop
      vertex 187.014 37.0426 141.443
      vertex 187.014 36.3135 142.082
      vertex 187.332 36.0613 141.753
    endloop
  endfacet
  facet normal 0.92342 0.253015 0.288581
    outer loop
      vertex 187.532 36.4087 140.809
      vertex 187.332 36.7497 141.15
      vertex 187.532 35.7677 141.371
    endloop
  endfacet
  facet normal 0.923305 0.253064 0.288904
    outer loop
      vertex 187.332 36.7497 141.15
      vertex 187.332 36.0613 141.753
      vertex 187.532 35.7677 141.371
    endloop
  endfacet
  facet normal 0.991446 0.086017 0.0981626
    outer loop
      vertex 187.6 36.0426 140.443
      vertex 187.532 36.4087 140.809
      vertex 187.6 35.4526 140.96
    endloop
  endfacet
  facet normal 0.991453 0.0860072 0.0980972
    outer loop
      vertex 187.532 36.4087 140.809
      vertex 187.532 35.7677 141.371
      vertex 187.6 35.4526 140.96
    endloop
  endfacet
  facet normal 0.130071 0.550561 0.824599
    outer loop
      vertex 186.118 36.6286 142.493
      vertex 185.6 36.6701 142.547
      vertex 186.118 35.7659 143.069
    endloop
  endfacet
  facet normal 0.130163 0.550593 0.824563
    outer loop
      vertex 185.6 36.6701 142.547
      vertex 185.6 35.8 143.128
      vertex 186.118 35.7659 143.069
    endloop
  endfacet
  facet normal 0.382865 0.513277 0.768089
    outer loop
      vertex 186.6 36.507 142.334
      vertex 186.118 36.6286 142.493
      vertex 186.6 35.666 142.896
    endloop
  endfacet
  facet normal 0.382191 0.513124 0.768527
    outer loop
      vertex 186.118 36.6286 142.493
      vertex 186.118 35.7659 143.069
      vertex 186.6 35.666 142.896
    endloop
  endfacet
  facet normal 0.607992 0.441193 0.660071
    outer loop
      vertex 187.014 36.3135 142.082
      vertex 186.6 36.507 142.334
      vertex 187.014 35.5071 142.621
    endloop
  endfacet
  facet normal 0.607868 0.441178 0.660196
    outer loop
      vertex 186.6 36.507 142.334
      vertex 186.6 35.666 142.896
      vertex 187.014 35.5071 142.621
    endloop
  endfacet
  facet normal 0.792821 0.33874 0.506646
    outer loop
      vertex 187.332 36.0613 141.753
      vertex 187.014 36.3135 142.082
      vertex 187.332 35.3 142.262
    endloop
  endfacet
  facet normal 0.792732 0.338737 0.506786
    outer loop
      vertex 187.014 36.3135 142.082
      vertex 187.014 35.5071 142.621
      vertex 187.332 35.3 142.262
    endloop
  endfacet
  facet normal 0.92328 0.2132 0.31953
    outer loop
      vertex 187.532 35.7677 141.371
      vertex 187.332 36.0613 141.753
      vertex 187.532 35.0588 141.844
    endloop
  endfacet
  facet normal 0.923516 0.213186 0.318858
    outer loop
      vertex 187.332 36.0613 141.753
      vertex 187.332 35.3 142.262
      vertex 187.532 35.0588 141.844
    endloop
  endfacet
  facet normal 0.991454 0.0724716 0.108475
    outer loop
      vertex 187.6 35.4526 140.96
      vertex 187.532 35.7677 141.371
      vertex 187.6 34.8 141.396
    endloop
  endfacet
  facet normal 0.991438 0.0724742 0.108619
    outer loop
      vertex 187.532 35.7677 141.371
      vertex 187.532 35.0588 141.844
      vertex 187.6 34.8 141.396
    endloop
  endfacet
  facet normal 0.130154 0.438625 0.889195
    outer loop
      vertex 186.118 35.7659 143.069
      vertex 185.6 35.8 143.128
      vertex 186.118 34.8354 143.528
    endloop
  endfacet
  facet normal 0.130244 0.438661 0.889164
    outer loop
      vertex 185.6 35.8 143.128
      vertex 185.6 34.8615 143.591
      vertex 186.118 34.8354 143.528
    endloop
  endfacet
  facet normal 0.382174 0.40847 0.828912
    outer loop
      vertex 186.6 35.666 142.896
      vertex 186.118 35.7659 143.069
      vertex 186.6 34.7589 143.343
    endloop
  endfacet
  facet normal 0.382854 0.408682 0.828494
    outer loop
      vertex 186.118 35.7659 143.069
      vertex 186.118 34.8354 143.528
      vertex 186.6 34.7589 143.343
    endloop
  endfacet
  facet normal 0.607853 0.35124 0.712142
    outer loop
      vertex 187.014 35.5071 142.621
      vertex 186.6 35.666 142.896
      vertex 187.014 34.6373 143.05
    endloop
  endfacet
  facet normal 0.607431 0.351132 0.712555
    outer loop
      vertex 186.6 35.666 142.896
      vertex 186.6 34.7589 143.343
      vertex 187.014 34.6373 143.05
    endloop
  endfacet
  facet normal 0.792749 0.269612 0.546679
    outer loop
      vertex 187.332 35.3 142.262
      vertex 187.014 35.5071 142.621
      vertex 187.332 34.4788 142.667
    endloop
  endfacet
  facet normal 0.792769 0.269616 0.546648
    outer loop
      vertex 187.014 35.5071 142.621
      vertex 187.014 34.6373 143.05
      vertex 187.332 34.4788 142.667
    endloop
  endfacet
  facet normal 0.923522 0.169617 0.344002
    outer loop
      vertex 187.532 35.0588 141.844
      vertex 187.332 35.3 142.262
      vertex 187.532 34.2942 142.221
    endloop
  endfacet
  facet normal 0.923544 0.169624 0.343938
    outer loop
      vertex 187.332 35.3 142.262
      vertex 187.332 34.4788 142.667
      vertex 187.532 34.2942 142.221
    endloop
  endfacet
  facet normal 0.991437 0.0577413 0.11713
    outer loop
      vertex 187.6 34.8 141.396
      vertex 187.532 35.0588 141.844
      vertex 187.6 34.0961 141.743
    endloop
  endfacet
  facet normal 0.991439 0.0577435 0.117111
    outer loop
      vertex 187.532 35.0588 141.844
      vertex 187.532 34.2942 142.221
      vertex 187.6 34.0961 141.743
    endloop
  endfacet
  facet normal 0.130248 0.319118 0.938722
    outer loop
      vertex 186.118 34.8354 143.528
      vertex 185.6 34.8615 143.591
      vertex 186.118 33.8529 143.862
    endloop
  endfacet
  facet normal 0.128729 0.318455 0.939157
    outer loop
      vertex 185.6 34.8615 143.591
      vertex 185.6 33.8706 143.927
      vertex 186.118 33.8529 143.862
    endloop
  endfacet
  facet normal 0.3829 0.297683 0.874513
    outer loop
      vertex 186.6 34.7589 143.343
      vertex 186.118 34.8354 143.528
      vertex 186.6 33.8012 143.669
    endloop
  endfacet
  facet normal 0.382224 0.297421 0.874898
    outer loop
      vertex 186.118 34.8354 143.528
      vertex 186.118 33.8529 143.862
      vertex 186.6 33.8012 143.669
    endloop
  endfacet
  facet normal 0.607395 0.255532 0.75218
    outer loop
      vertex 187.014 34.6373 143.05
      vertex 186.6 34.7589 143.343
      vertex 187.014 33.7189 143.362
    endloop
  endfacet
  facet normal 0.608123 0.255809 0.751498
    outer loop
      vertex 186.6 34.7589 143.343
      vertex 186.6 33.8012 143.669
      vertex 187.014 33.7189 143.362
    endloop
  endfacet
  facet normal 0.792776 0.195718 0.577236
    outer loop
      vertex 187.332 34.4788 142.667
      vertex 187.014 34.6373 143.05
      vertex 187.332 33.6117 142.961
    endloop
  endfacet
  facet normal 0.793172 0.195894 0.576631
    outer loop
      vertex 187.014 34.6373 143.05
      vertex 187.014 33.7189 143.362
      vertex 187.332 33.6117 142.961
    endloop
  endfacet
  facet normal 0.923559 0.123645 0.362975
    outer loop
      vertex 187.532 34.2942 142.221
      vertex 187.332 34.4788 142.667
      vertex 187.532 33.4869 142.496
    endloop
  endfacet
  facet normal 0.923205 0.123404 0.363957
    outer loop
      vertex 187.332 34.4788 142.667
      vertex 187.332 33.6117 142.961
      vertex 187.532 33.4869 142.496
    endloop
  endfacet
  facet normal 0.991439 0.042077 0.123603
    outer loop
      vertex 187.6 34.0961 141.743
      vertex 187.532 34.2942 142.221
      vertex 187.6 33.3529 141.996
    endloop
  endfacet
  facet normal 0.991445 0.0420886 0.123557
    outer loop
      vertex 187.532 34.2942 142.221
      vertex 187.532 33.4869 142.496
      vertex 187.6 33.3529 141.996
    endloop
  endfacet
  facet normal 0.128656 0.193089 0.97271
    outer loop
      vertex 186.118 33.8529 143.862
      vertex 185.6 33.8706 143.927
      vertex 186.118 32.8353 144.064
    endloop
  endfacet
  facet normal 0.130959 0.194172 0.972187
    outer loop
      vertex 185.6 33.8706 143.927
      vertex 185.6 32.8442 144.132
      vertex 186.118 32.8353 144.064
    endloop
  endfacet
  facet normal 0.38223 0.179994 0.906368
    outer loop
      vertex 186.6 33.8012 143.669
      vertex 186.118 33.8529 143.862
      vertex 186.6 32.8092 143.866
    endloop
  endfacet
  facet normal 0.382097 0.179933 0.906436
    outer loop
      vertex 186.118 33.8529 143.862
      vertex 186.118 32.8353 144.064
      vertex 186.6 32.8092 143.866
    endloop
  endfacet
  facet normal 0.608133 0.154708 0.778614
    outer loop
      vertex 187.014 33.7189 143.362
      vertex 186.6 33.8012 143.669
      vertex 187.014 32.7677 143.551
    endloop
  endfacet
  facet normal 0.608009 0.154646 0.778723
    outer loop
      vertex 186.6 33.8012 143.669
      vertex 186.6 32.8092 143.866
      vertex 187.014 32.7677 143.551
    endloop
  endfacet
  facet normal 0.793207 0.119042 0.597203
    outer loop
      vertex 187.332 33.6117 142.961
      vertex 187.014 33.7189 143.362
      vertex 187.332 32.7137 143.14
    endloop
  endfacet
  facet normal 0.792797 0.118781 0.597799
    outer loop
      vertex 187.014 33.7189 143.362
      vertex 187.014 32.7677 143.551
      vertex 187.332 32.7137 143.14
    endloop
  endfacet
  facet normal 0.923191 0.0748381 0.376986
    outer loop
      vertex 187.532 33.4869 142.496
      vertex 187.332 33.6117 142.961
      vertex 187.532 32.6507 142.662
    endloop
  endfacet
  facet normal 0.923387 0.0750413 0.376464
    outer loop
      vertex 187.332 33.6117 142.961
      vertex 187.332 32.7137 143.14
      vertex 187.532 32.6507 142.662
    endloop
  endfacet
  facet normal 0.991445 0.025447 0.128017
    outer loop
      vertex 187.6 33.3529 141.996
      vertex 187.532 33.4869 142.496
      vertex 187.6 32.5832 142.149
    endloop
  endfacet
  facet normal 0.991439 0.0254248 0.128073
    outer loop
      vertex 187.532 33.4869 142.496
      vertex 187.532 32.6507 142.662
      vertex 187.6 32.5832 142.149
    endloop
  endfacet
  facet normal 0.13098 0.0649756 0.989253
    outer loop
      vertex 186.118 32.8353 144.064
      vertex 185.6 32.8442 144.132
      vertex 186.118 31.8 144.132
    endloop
  endfacet
  facet normal 0.129887 0.0644335 0.989433
    outer loop
      vertex 185.6 32.8442 144.132
      vertex 185.6 31.8 144.2
      vertex 186.118 31.8 144.132
    endloop
  endfacet
  facet normal 0.382078 0.0603077 0.92216
    outer loop
      vertex 186.6 32.8092 143.866
      vertex 186.118 32.8353 144.064
      vertex 186.6 31.8 143.932
    endloop
  endfacet
  facet normal 0.382551 0.0605549 0.921948
    outer loop
      vertex 186.118 32.8353 144.064
      vertex 186.118 31.8 144.132
      vertex 186.6 31.8 143.932
    endloop
  endfacet
  facet normal 0.607985 0.0515791 0.792271
    outer loop
      vertex 187.014 32.7677 143.551
      vertex 186.6 32.8092 143.866
      vertex 187.014 31.8 143.614
    endloop
  endfacet
  facet normal 0.608338 0.0517946 0.791987
    outer loop
      vertex 186.6 32.8092 143.866
      vertex 186.6 31.8 143.932
      vertex 187.014 31.8 143.614
    endloop
  endfacet
  facet normal 0.792806 0.0399364 0.608165
    outer loop
      vertex 187.332 32.7137 143.14
      vertex 187.014 32.7677 143.551
      vertex 187.332 31.8 143.2
    endloop
  endfacet
  facet normal 0.792428 0.0396266 0.608677
    outer loop
      vertex 187.014 32.7677 143.551
      vertex 187.014 31.8 143.614
      vertex 187.332 31.8 143.2
    endloop
  endfacet
  facet normal 0.923391 0.0252143 0.383033
    outer loop
      vertex 187.532 32.6507 142.662
      vertex 187.332 32.7137 143.14
      vertex 187.532 31.8 142.718
    endloop
  endfacet
  facet normal 0.92335 0.0251592 0.383133
    outer loop
      vertex 187.332 32.7137 143.14
      vertex 187.332 31.8 143.2
      vertex 187.532 31.8 142.718
    endloop
  endfacet
  facet normal 0.991438 0.00848495 0.130302
    outer loop
      vertex 187.6 32.5832 142.149
      vertex 187.532 32.6507 142.662
      vertex 187.6 31.8 142.2
    endloop
  endfacet
  facet normal 0.991457 0.00856771 0.130153
    outer loop
      vertex 187.532 32.6507 142.662
      vertex 187.532 31.8 142.718
      vertex 187.6 31.8 142.2
    endloop
  endfacet
  facet normal -3.12061e-19 0.980786 0.195087
    outer loop
      vertex 10 43.5987 58.7832
      vertex 0 43.4456 59.5529
      vertex 10 43.4456 59.5529
    endloop
  endfacet
  facet normal -3.12061e-19 0.980786 0.195087
    outer loop
      vertex 0 43.4456 59.5529
      vertex 10 43.5987 58.7832
      vertex 0 43.5987 58.7832
    endloop
  endfacet
  facet normal -3.07831e-18 0.751787 0.659406
    outer loop
      vertex 10 42.4101 61.6526
      vertex 0 41.8926 62.2426
      vertex 10 41.8926 62.2426
    endloop
  endfacet
  facet normal -3.07831e-18 0.751787 0.659406
    outer loop
      vertex 0 41.8926 62.2426
      vertex 10 42.4101 61.6526
      vertex 0 42.4101 61.6526
    endloop
  endfacet
  facet normal -0 0.0653605 0.997862
    outer loop
      vertex 0 38.4332 63.9487
      vertex 10 37.65 64
      vertex 10 38.4332 63.9487
    endloop
  endfacet
  facet normal 0 0.0653605 0.997862
    outer loop
      vertex 10 37.65 64
      vertex 0 38.4332 63.9487
      vertex 0 37.65 64
    endloop
  endfacet
  facet normal -1.75297e-18 0.831442 0.555611
    outer loop
      vertex 10 42.8462 61
      vertex 0 42.4101 61.6526
      vertex 10 42.4101 61.6526
    endloop
  endfacet
  facet normal -1.75297e-18 0.831442 0.555611
    outer loop
      vertex 0 42.4101 61.6526
      vertex 10 42.8462 61
      vertex 0 42.8462 61
    endloop
  endfacet
  facet normal -3.21109e-19 0.896885 0.442263
    outer loop
      vertex 10 43.1933 60.2961
      vertex 0 42.8462 61
      vertex 10 42.8462 61
    endloop
  endfacet
  facet normal -3.21109e-19 0.896885 0.442263
    outer loop
      vertex 0 42.8462 61
      vertex 10 43.1933 60.2961
      vertex 0 43.1933 60.2961
    endloop
  endfacet
  facet normal 6.34444e-20 0.946923 0.32146
    outer loop
      vertex 10 43.4456 59.5529
      vertex 0 43.1933 60.2961
      vertex 10 43.1933 60.2961
    endloop
  endfacet
  facet normal 6.34444e-20 0.946923 0.32146
    outer loop
      vertex 0 43.1933 60.2961
      vertex 10 43.4456 59.5529
      vertex 0 43.4456 59.5529
    endloop
  endfacet
  facet normal -0 0.32146 0.946923
    outer loop
      vertex 0 39.9461 63.5433
      vertex 10 39.2029 63.7956
      vertex 10 39.9461 63.5433
    endloop
  endfacet
  facet normal 0 0.32146 0.946923
    outer loop
      vertex 10 39.2029 63.7956
      vertex 0 39.9461 63.5433
      vertex 0 39.2029 63.7956
    endloop
  endfacet
  facet normal -3.44651e-19 0.997862 0.0653605
    outer loop
      vertex 10 43.65 58
      vertex 0 43.5987 58.7832
      vertex 10 43.5987 58.7832
    endloop
  endfacet
  facet normal -3.44651e-19 0.997862 0.0653605
    outer loop
      vertex 0 43.5987 58.7832
      vertex 10 43.65 58
      vertex 0 43.65 58
    endloop
  endfacet
  facet normal -0 0.442263 0.896885
    outer loop
      vertex 0 40.65 63.1962
      vertex 10 39.9461 63.5433
      vertex 10 40.65 63.1962
    endloop
  endfacet
  facet normal 0 0.442263 0.896885
    outer loop
      vertex 10 39.9461 63.5433
      vertex 0 40.65 63.1962
      vertex 0 39.9461 63.5433
    endloop
  endfacet
  facet normal -0 0.195087 0.980786
    outer loop
      vertex 0 39.2029 63.7956
      vertex 10 38.4332 63.9487
      vertex 10 39.2029 63.7956
    endloop
  endfacet
  facet normal 0 0.195087 0.980786
    outer loop
      vertex 10 38.4332 63.9487
      vertex 0 39.2029 63.7956
      vertex 0 38.4332 63.9487
    endloop
  endfacet
  facet normal -0 0.659406 0.751787
    outer loop
      vertex 0 41.8926 62.2426
      vertex 10 41.3026 62.7601
      vertex 10 41.8926 62.2426
    endloop
  endfacet
  facet normal 0 0.659406 0.751787
    outer loop
      vertex 10 41.3026 62.7601
      vertex 0 41.8926 62.2426
      vertex 0 41.3026 62.7601
    endloop
  endfacet
  facet normal -0 0.555611 0.831442
    outer loop
      vertex 0 41.3026 62.7601
      vertex 10 40.65 63.1962
      vertex 10 41.3026 62.7601
    endloop
  endfacet
  facet normal 0 0.555611 0.831442
    outer loop
      vertex 10 40.65 63.1962
      vertex 0 41.3026 62.7601
      vertex 0 40.65 63.1962
    endloop
  endfacet
  facet normal 6.3717e-19 -0.896873 0.442289
    outer loop
      vertex 0 0.456722 60.2961
      vertex 10 0.803847 61
      vertex 0 0.803847 61
    endloop
  endfacet
  facet normal 6.3717e-19 -0.896873 0.442289
    outer loop
      vertex 10 0.803847 61
      vertex 0 0.456722 60.2961
      vertex 10 0.456722 60.2961
    endloop
  endfacet
  facet normal 0 -0.321463 0.946922
    outer loop
      vertex 0 4.44709 63.7956
      vertex 10 3.7039 63.5433
      vertex 10 4.44709 63.7956
    endloop
  endfacet
  facet normal 0 -0.321463 0.946922
    outer loop
      vertex 10 3.7039 63.5433
      vertex 0 4.44709 63.7956
      vertex 0 3.7039 63.5433
    endloop
  endfacet
  facet normal -3.59898e-19 -0.831482 0.555552
    outer loop
      vertex 0 0.803847 61
      vertex 10 1.23988 61.6526
      vertex 0 1.23988 61.6526
    endloop
  endfacet
  facet normal -3.59898e-19 -0.831482 0.555552
    outer loop
      vertex 10 1.23988 61.6526
      vertex 0 0.803847 61
      vertex 10 0.803847 61
    endloop
  endfacet
  facet normal 0 -0.195075 0.980788
    outer loop
      vertex 0 5.21684 63.9487
      vertex 10 4.44709 63.7956
      vertex 10 5.21684 63.9487
    endloop
  endfacet
  facet normal 0 -0.195075 0.980788
    outer loop
      vertex 10 4.44709 63.7956
      vertex 0 5.21684 63.9487
      vertex 0 4.44709 63.7956
    endloop
  endfacet
  facet normal -4.11116e-20 -0.980782 0.195104
    outer loop
      vertex 0 0.0513306 58.7832
      vertex 10 0.204445 59.5529
      vertex 0 0.204445 59.5529
    endloop
  endfacet
  facet normal -4.11116e-20 -0.980782 0.195104
    outer loop
      vertex 10 0.204445 59.5529
      vertex 0 0.0513306 58.7832
      vertex 10 0.0513306 58.7832
    endloop
  endfacet
  facet normal 0 -0.659362 0.751826
    outer loop
      vertex 0 2.34743 62.7601
      vertex 10 1.75736 62.2426
      vertex 10 2.34743 62.7601
    endloop
  endfacet
  facet normal 0 -0.659362 0.751826
    outer loop
      vertex 10 1.75736 62.2426
      vertex 0 2.34743 62.7601
      vertex 0 1.75736 62.2426
    endloop
  endfacet
  facet normal 0 -0.442263 0.896885
    outer loop
      vertex 0 3.7039 63.5433
      vertex 10 3 63.1962
      vertex 10 3.7039 63.5433
    endloop
  endfacet
  facet normal 0 -0.442263 0.896885
    outer loop
      vertex 10 3 63.1962
      vertex 0 3.7039 63.5433
      vertex 0 3 63.1962
    endloop
  endfacet
  facet normal 2.40293e-19 -0.751799 0.659392
    outer loop
      vertex 0 1.23988 61.6526
      vertex 10 1.75736 62.2426
      vertex 0 1.75736 62.2426
    endloop
  endfacet
  facet normal 2.40293e-19 -0.751799 0.659392
    outer loop
      vertex 10 1.75736 62.2426
      vertex 0 1.23988 61.6526
      vertex 10 1.23988 61.6526
    endloop
  endfacet
  facet normal 0 -0.555629 0.83143
    outer loop
      vertex 0 3 63.1962
      vertex 10 2.34743 62.7601
      vertex 10 3 63.1962
    endloop
  endfacet
  facet normal 0 -0.555629 0.83143
    outer loop
      vertex 10 2.34743 62.7601
      vertex 0 3 63.1962
      vertex 0 2.34743 62.7601
    endloop
  endfacet
  facet normal -7.18943e-19 -0.946932 0.321433
    outer loop
      vertex 0 0.204445 59.5529
      vertex 10 0.456722 60.2961
      vertex 0 0.456722 60.2961
    endloop
  endfacet
  facet normal -7.18943e-19 -0.946932 0.321433
    outer loop
      vertex 10 0.456722 60.2961
      vertex 0 0.204445 59.5529
      vertex 10 0.204445 59.5529
    endloop
  endfacet
  facet normal 0 -0.0653638 0.997862
    outer loop
      vertex 0 6 64
      vertex 10 5.21684 63.9487
      vertex 10 6 64
    endloop
  endfacet
  facet normal 0 -0.0653638 0.997862
    outer loop
      vertex 10 5.21684 63.9487
      vertex 0 6 64
      vertex 0 5.21684 63.9487
    endloop
  endfacet
  facet normal -2.21633e-19 -0.997859 0.0653993
    outer loop
      vertex 0 0 58
      vertex 10 0.0513306 58.7832
      vertex 0 0.0513306 58.7832
    endloop
  endfacet
  facet normal -2.21633e-19 -0.997859 0.0653993
    outer loop
      vertex 10 0.0513306 58.7832
      vertex 0 0 58
      vertex 10 0 58
    endloop
  endfacet
  facet normal -1 0 0
    outer loop
      vertex 143.1 0 4
      vertex 143.1 2.3 2
      vertex 143.1 0 2
    endloop
  endfacet
  facet normal -1 0 0
    outer loop
      vertex 143.1 2.3 6
      vertex 143.1 7.7 20.2
      vertex 143.1 7.7 6
    endloop
  endfacet
  facet normal -1 0 0
    outer loop
      vertex 143.1 2.3 2
      vertex 143.1 0 4
      vertex 143.1 2.3 6
    endloop
  endfacet
  facet normal -1 0 0
    outer loop
      vertex 143.1 -2 4
      vertex 143.1 2.3 6
      vertex 143.1 0 4
    endloop
  endfacet
  facet normal -1 -0 0
    outer loop
      vertex 143.1 2.3 6
      vertex 143.1 -2 4
      vertex 143.1 -2 20.2
    endloop
  endfacet
  facet normal -1 0 0
    outer loop
      vertex 143.1 2.3 6
      vertex 143.1 -2 20.2
      vertex 143.1 7.7 20.2
    endloop
  endfacet
  facet normal -0 0 1
    outer loop
      vertex 121.8 7.7 6
      vertex 143.1 2.3 6
      vertex 143.1 7.7 6
    endloop
  endfacet
  facet normal 0 0 1
    outer loop
      vertex 143.1 2.3 6
      vertex 121.8 7.7 6
      vertex 121.8 2.3 6
    endloop
  endfacet
  facet normal -0 0 1
    outer loop
      vertex 121.8 2.3 2
      vertex 143.1 0 2
      vertex 143.1 2.3 2
    endloop
  endfacet
  facet normal 0 0 1
    outer loop
      vertex 143.1 0 2
      vertex 121.8 2.3 2
      vertex 121.8 0 2
    endloop
  endfacet
  facet normal 1 0 0
    outer loop
      vertex 121.8 7.7 20.2
      vertex 121.8 2.3 6
      vertex 121.8 7.7 6
    endloop
  endfacet
  facet normal 1 0 0
    outer loop
      vertex 121.8 2.3 6
      vertex 121.8 0 4
      vertex 121.8 2.3 2
    endloop
  endfacet
  facet normal 1 -0 0
    outer loop
      vertex 121.8 -2 20.2
      vertex 121.8 2.3 6
      vertex 121.8 7.7 20.2
    endloop
  endfacet
  facet normal 1 0 0
    outer loop
      vertex 121.8 -2 4
      vertex 121.8 2.3 6
      vertex 121.8 -2 20.2
    endloop
  endfacet
  facet normal 1 0 0
    outer loop
      vertex 121.8 2.3 6
      vertex 121.8 -2 4
      vertex 121.8 0 4
    endloop
  endfacet
  facet normal 1 0 0
    outer loop
      vertex 121.8 2.3 2
      vertex 121.8 0 4
      vertex 121.8 0 2
    endloop
  endfacet
  facet normal 0 -1 0
    outer loop
      vertex 121.8 2.3 2
      vertex 143.1 2.3 6
      vertex 121.8 2.3 6
    endloop
  endfacet
  facet normal 0 -1 -0
    outer loop
      vertex 143.1 2.3 6
      vertex 121.8 2.3 2
      vertex 143.1 2.3 2
    endloop
  endfacet
  facet normal 0 -1 0
    outer loop
      vertex 121.8 7.7 6
      vertex 143.1 7.7 20.2
      vertex 121.8 7.7 20.2
    endloop
  endfacet
  facet normal 0 -1 -0
    outer loop
      vertex 143.1 7.7 20.2
      vertex 121.8 7.7 6
      vertex 143.1 7.7 6
    endloop
  endfacet
  facet normal 1 -0 0
    outer loop
      vertex 52.5 12.175 8.09999
      vertex 52.5 31.975 8
      vertex 52.5 31.975 9.5
    endloop
  endfacet
  facet normal 1 0 0
    outer loop
      vertex 52.5 12.175 8.09999
      vertex 52.5 31.975 9.5
      vertex 52.5 12.175 9.5
    endloop
  endfacet
  facet normal 1 0 0
    outer loop
      vertex 52.5 31.975 8
      vertex 52.5 12.175 8.09999
      vertex 52.5 28.175 0
    endloop
  endfacet
  facet normal 1 0 0
    outer loop
      vertex 52.5 12.175 8.09999
      vertex 52.5 11.675 0
      vertex 52.5 28.175 0
    endloop
  endfacet
  facet normal 1 0 0
    outer loop
      vertex 52.5 9.67501 2
      vertex 52.5 12.175 8.09999
      vertex 52.5 9.67501 8.09999
    endloop
  endfacet
  facet normal 1 0 0
    outer loop
      vertex 52.5 12.175 8.09999
      vertex 52.5 9.67501 2
      vertex 52.5 11.675 0
    endloop
  endfacet
  facet normal 1 -0 0
    outer loop
      vertex 52.5 31.975 8
      vertex 52.5 33.975 4.87999
      vertex 52.5 33.975 8
    endloop
  endfacet
  facet normal 1 0 0
    outer loop
      vertex 52.5 33.975 4.87999
      vertex 52.5 31.975 8
      vertex 52.5 28.175 0
    endloop
  endfacet
  facet normal -1 0 0
    outer loop
      vertex 67.5 11.675 0
      vertex 67.5 12.175 8.09999
      vertex 67.5 28.175 0
    endloop
  endfacet
  facet normal -1 0 0
    outer loop
      vertex 67.5 9.67501 2
      vertex 67.5 12.175 8.09999
      vertex 67.5 11.675 0
    endloop
  endfacet
  facet normal -1 -0 0
    outer loop
      vertex 67.5 12.175 8.09999
      vertex 67.5 9.67501 2
      vertex 67.5 9.67501 8.09999
    endloop
  endfacet
  facet normal -1 0 0
    outer loop
      vertex 67.5 33.975 4.87999
      vertex 67.5 31.975 8
      vertex 67.5 33.975 8
    endloop
  endfacet
  facet normal -1 0 0
    outer loop
      vertex 67.5 28.175 0
      vertex 67.5 31.975 8
      vertex 67.5 33.975 4.87999
    endloop
  endfacet
  facet normal -1 0 0
    outer loop
      vertex 67.5 12.175 8.09999
      vertex 67.5 31.975 8
      vertex 67.5 28.175 0
    endloop
  endfacet
  facet normal -1 0 0
    outer loop
      vertex 67.5 31.975 8
      vertex 67.5 12.175 8.09999
      vertex 67.5 31.975 9.5
    endloop
  endfacet
  facet normal -1 -0 0
    outer loop
      vertex 67.5 31.975 9.5
      vertex 67.5 12.175 8.09999
      vertex 67.5 12.175 9.5
    endloop
  endfacet
  facet normal 0 -0.64381 0.765185
    outer loop
      vertex 52.5 33.975 4.87999
      vertex 67.5 28.175 0
      vertex 67.5 33.975 4.87999
    endloop
  endfacet
  facet normal 0 -0.64381 0.765185
    outer loop
      vertex 67.5 28.175 0
      vertex 52.5 33.975 4.87999
      vertex 52.5 28.175 0
    endloop
  endfacet
  facet normal 0 -1 0
    outer loop
      vertex 52.5 33.975 4.87999
      vertex 67.5 33.975 8
      vertex 52.5 33.975 8
    endloop
  endfacet
  facet normal 0 -1 -0
    outer loop
      vertex 67.5 33.975 8
      vertex 52.5 33.975 4.87999
      vertex 67.5 33.975 4.87999
    endloop
  endfacet
  facet normal 0 0 -1
    outer loop
      vertex 52.5 31.975 8
      vertex 67.5 33.975 8
      vertex 67.5 31.975 8
    endloop
  endfacet
  facet normal -0 0 -1
    outer loop
      vertex 67.5 33.975 8
      vertex 52.5 31.975 8
      vertex 52.5 33.975 8
    endloop
  endfacet
  facet normal 0 -1 0
    outer loop
      vertex 52.5 31.975 8
      vertex 67.5 31.975 9.5
      vertex 52.5 31.975 9.5
    endloop
  endfacet
  facet normal 0 -1 -0
    outer loop
      vertex 67.5 31.975 9.5
      vertex 52.5 31.975 8
      vertex 67.5 31.975 8
    endloop
  endfacet
  facet normal 0 1 -0
    outer loop
      vertex 67.5 12.175 8.09999
      vertex 52.5 12.175 9.5
      vertex 67.5 12.175 9.5
    endloop
  endfacet
  facet normal 0 1 0
    outer loop
      vertex 52.5 12.175 9.5
      vertex 67.5 12.175 8.09999
      vertex 52.5 12.175 8.09999
    endloop
  endfacet
  facet normal 0 0 -1
    outer loop
      vertex 52.5 9.67501 8.09999
      vertex 67.5 12.175 8.09999
      vertex 67.5 9.67501 8.09999
    endloop
  endfacet
  facet normal -0 0 -1
    outer loop
      vertex 67.5 12.175 8.09999
      vertex 52.5 9.67501 8.09999
      vertex 52.5 12.175 8.09999
    endloop
  endfacet
  facet normal 0 1 -0
    outer loop
      vertex 67.5 9.67501 2
      vertex 52.5 9.67501 8.09999
      vertex 67.5 9.67501 8.09999
    endloop
  endfacet
  facet normal 0 1 0
    outer loop
      vertex 52.5 9.67501 8.09999
      vertex 67.5 9.67501 2
      vertex 52.5 9.67501 2
    endloop
  endfacet
  facet normal 0 0.707109 0.707105
    outer loop
      vertex 67.5 11.675 0
      vertex 52.5 9.67501 2
      vertex 67.5 9.67501 2
    endloop
  endfacet
  facet normal 0 0.707109 0.707105
    outer loop
      vertex 52.5 9.67501 2
      vertex 67.5 11.675 0
      vertex 52.5 11.675 0
    endloop
  endfacet
endsolid OpenSCAD_Model
