solid OpenSCAD_Model
  facet normal 0 0 -1
    outer loop
      vertex 215.731 80.8441 0
      vertex 217.6 88.1 0
      vertex 215.731 7.25587 0
    endloop
  endfacet
  facet normal 0 0 -1
    outer loop
      vertex 217.6 88.1 0
      vertex 215.731 80.8441 0
      vertex 215.85 81.75 0
    endloop
  endfacet
  facet normal 0 0 -1
    outer loop
      vertex 215.381 8.1 0
      vertex 215.731 80.8441 0
      vertex 215.731 7.25587 0
    endloop
  endfacet
  facet normal 0 0 -1
    outer loop
      vertex 215.381 8.1 0
      vertex 215.381 80 0
      vertex 215.731 80.8441 0
    endloop
  endfacet
  facet normal 0 0 -1
    outer loop
      vertex 214.825 8.82487 0
      vertex 215.381 80 0
      vertex 215.381 8.1 0
    endloop
  endfacet
  facet normal 0 0 -1
    outer loop
      vertex 214.825 8.82487 0
      vertex 214.825 79.2751 0
      vertex 215.381 80 0
    endloop
  endfacet
  facet normal 0 0 -1
    outer loop
      vertex 214.1 9.38109 0
      vertex 214.825 79.2751 0
      vertex 214.825 8.82487 0
    endloop
  endfacet
  facet normal 0 0 -1
    outer loop
      vertex 214.1 9.38109 0
      vertex 214.1 78.7189 0
      vertex 214.825 79.2751 0
    endloop
  endfacet
  facet normal 0 0 -1
    outer loop
      vertex 213.256 9.73074 0
      vertex 214.1 78.7189 0
      vertex 214.1 9.38109 0
    endloop
  endfacet
  facet normal 0 0 -1
    outer loop
      vertex 213.256 9.73074 0
      vertex 213.256 78.3693 0
      vertex 214.1 78.7189 0
    endloop
  endfacet
  facet normal 0 0 -1
    outer loop
      vertex 212.35 9.85 0
      vertex 213.256 78.3693 0
      vertex 213.256 9.73074 0
    endloop
  endfacet
  facet normal 0 0 -1
    outer loop
      vertex 212.35 9.85 0
      vertex 212.35 78.25 0
      vertex 213.256 78.3693 0
    endloop
  endfacet
  facet normal 0 0 -1
    outer loop
      vertex 205.35 9.85 0
      vertex 212.35 78.25 0
      vertex 212.35 9.85 0
    endloop
  endfacet
  facet normal 0 0 -1
    outer loop
      vertex 205.35 9.85 0
      vertex 205.35 78.25 0
      vertex 212.35 78.25 0
    endloop
  endfacet
  facet normal 0 0 -1
    outer loop
      vertex 204.444 9.73074 0
      vertex 205.35 78.25 0
      vertex 205.35 9.85 0
    endloop
  endfacet
  facet normal 0 0 -1
    outer loop
      vertex 204.444 9.73074 0
      vertex 204.444 78.3693 0
      vertex 205.35 78.25 0
    endloop
  endfacet
  facet normal 0 0 -1
    outer loop
      vertex 203.6 9.38109 0
      vertex 204.444 78.3693 0
      vertex 204.444 9.73074 0
    endloop
  endfacet
  facet normal 0 0 -1
    outer loop
      vertex 203.6 9.38109 0
      vertex 203.6 78.7189 0
      vertex 204.444 78.3693 0
    endloop
  endfacet
  facet normal 0 0 -1
    outer loop
      vertex 202.875 8.82487 0
      vertex 203.6 78.7189 0
      vertex 203.6 9.38109 0
    endloop
  endfacet
  facet normal 0 0 -1
    outer loop
      vertex 202.875 8.82487 0
      vertex 202.875 79.2751 0
      vertex 203.6 78.7189 0
    endloop
  endfacet
  facet normal 0 0 -1
    outer loop
      vertex 202.319 8.1 0
      vertex 202.875 79.2751 0
      vertex 202.875 8.82487 0
    endloop
  endfacet
  facet normal 0 0 -1
    outer loop
      vertex 202.319 8.1 0
      vertex 202.319 80 0
      vertex 202.875 79.2751 0
    endloop
  endfacet
  facet normal 0 0 -1
    outer loop
      vertex 59.875 33.95 0
      vertex 202.319 8.1 0
      vertex 201.969 7.25587 0
    endloop
  endfacet
  facet normal 0 0 -1
    outer loop
      vertex 202.319 8.1 0
      vertex 59.875 33.95 0
      vertex 202.319 80 0
    endloop
  endfacet
  facet normal 0 0 -1
    outer loop
      vertex 59.875 33.95 0
      vertex 201.969 7.25587 0
      vertex 201.85 6.35 0
    endloop
  endfacet
  facet normal 0 0 -1
    outer loop
      vertex 59.875 54.15 0
      vertex 202.319 80 0
      vertex 59.875 33.95 0
    endloop
  endfacet
  facet normal 0 0 -1
    outer loop
      vertex 215.731 7.25587 0
      vertex 217.6 0 0
      vertex 215.85 6.35 0
    endloop
  endfacet
  facet normal 0 0 -1
    outer loop
      vertex 217.6 0 0
      vertex 215.731 5.44413 0
      vertex 215.85 6.35 0
    endloop
  endfacet
  facet normal 0 0 -1
    outer loop
      vertex 217.6 0 0
      vertex 215.381 4.6 0
      vertex 215.731 5.44413 0
    endloop
  endfacet
  facet normal 0 0 -1
    outer loop
      vertex 217.6 0 0
      vertex 214.825 3.87513 0
      vertex 215.381 4.6 0
    endloop
  endfacet
  facet normal 0 0 -1
    outer loop
      vertex 217.6 0 0
      vertex 214.1 3.31891 0
      vertex 214.825 3.87513 0
    endloop
  endfacet
  facet normal 0 0 -1
    outer loop
      vertex 217.6 0 0
      vertex 213.256 2.96926 0
      vertex 214.1 3.31891 0
    endloop
  endfacet
  facet normal 0 0 -1
    outer loop
      vertex 217.6 0 0
      vertex 212.35 2.85 0
      vertex 213.256 2.96926 0
    endloop
  endfacet
  facet normal 0 0 -1
    outer loop
      vertex 217.6 0 0
      vertex 205.35 2.85 0
      vertex 212.35 2.85 0
    endloop
  endfacet
  facet normal 0 0 -1
    outer loop
      vertex 217.6 0 0
      vertex 204.444 2.96926 0
      vertex 205.35 2.85 0
    endloop
  endfacet
  facet normal -0 0 -1
    outer loop
      vertex 202.319 80 0
      vertex 59.875 54.15 0
      vertex 201.969 80.8441 0
    endloop
  endfacet
  facet normal 0 0 -1
    outer loop
      vertex 201.969 5.44413 0
      vertex 59.875 33.95 0
      vertex 201.85 6.35 0
    endloop
  endfacet
  facet normal 0 0 -1
    outer loop
      vertex 202.319 4.6 0
      vertex 59.875 33.95 0
      vertex 201.969 5.44413 0
    endloop
  endfacet
  facet normal 0 0 -1
    outer loop
      vertex 202.875 3.87513 0
      vertex 59.875 33.95 0
      vertex 202.319 4.6 0
    endloop
  endfacet
  facet normal 0 0 -1
    outer loop
      vertex 0 0 0
      vertex 202.875 3.87513 0
      vertex 203.6 3.31891 0
    endloop
  endfacet
  facet normal 0 0 -1
    outer loop
      vertex 0 0 0
      vertex 203.6 3.31891 0
      vertex 204.444 2.96926 0
    endloop
  endfacet
  facet normal 0 0 -1
    outer loop
      vertex 0 0 0
      vertex 204.444 2.96926 0
      vertex 217.6 0 0
    endloop
  endfacet
  facet normal -0 0 -1
    outer loop
      vertex 202.875 3.87513 0
      vertex 0 0 0
      vertex 59.875 33.95 0
    endloop
  endfacet
  facet normal -0 0 -1
    outer loop
      vertex 44.125 33.95 0
      vertex 0 0 0
      vertex 44.125 54.15 0
    endloop
  endfacet
  facet normal -0 0 -1
    outer loop
      vertex 59.875 33.95 0
      vertex 0 0 0
      vertex 44.125 33.95 0
    endloop
  endfacet
  facet normal 0 0 -1
    outer loop
      vertex 217.6 0 0
      vertex 215.731 7.25587 0
      vertex 217.6 88.1 0
    endloop
  endfacet
  facet normal 0 0 -1
    outer loop
      vertex 215.731 82.6559 0
      vertex 217.6 88.1 0
      vertex 215.85 81.75 0
    endloop
  endfacet
  facet normal 0 0 -1
    outer loop
      vertex 215.381 83.5 0
      vertex 217.6 88.1 0
      vertex 215.731 82.6559 0
    endloop
  endfacet
  facet normal 0 0 -1
    outer loop
      vertex 214.825 84.2249 0
      vertex 217.6 88.1 0
      vertex 215.381 83.5 0
    endloop
  endfacet
  facet normal 0 0 -1
    outer loop
      vertex 214.1 84.7811 0
      vertex 217.6 88.1 0
      vertex 214.825 84.2249 0
    endloop
  endfacet
  facet normal 0 0 -1
    outer loop
      vertex 213.256 85.1307 0
      vertex 217.6 88.1 0
      vertex 214.1 84.7811 0
    endloop
  endfacet
  facet normal 0 0 -1
    outer loop
      vertex 212.35 85.25 0
      vertex 217.6 88.1 0
      vertex 213.256 85.1307 0
    endloop
  endfacet
  facet normal 0 0 -1
    outer loop
      vertex 205.35 85.25 0
      vertex 217.6 88.1 0
      vertex 212.35 85.25 0
    endloop
  endfacet
  facet normal 0 0 -1
    outer loop
      vertex 204.444 85.1307 0
      vertex 217.6 88.1 0
      vertex 205.35 85.25 0
    endloop
  endfacet
  facet normal -0 0 -1
    outer loop
      vertex 201.969 80.8441 0
      vertex 59.875 54.15 0
      vertex 201.85 81.75 0
    endloop
  endfacet
  facet normal -0 0 -1
    outer loop
      vertex 201.85 81.75 0
      vertex 59.875 54.15 0
      vertex 201.969 82.6559 0
    endloop
  endfacet
  facet normal -0 0 -1
    outer loop
      vertex 201.969 82.6559 0
      vertex 59.875 54.15 0
      vertex 202.319 83.5 0
    endloop
  endfacet
  facet normal -0 0 -1
    outer loop
      vertex 202.319 83.5 0
      vertex 59.875 54.15 0
      vertex 202.875 84.2249 0
    endloop
  endfacet
  facet normal 0 0 -1
    outer loop
      vertex 0 88.1 0
      vertex 202.875 84.2249 0
      vertex 59.875 54.15 0
    endloop
  endfacet
  facet normal 0 0 -1
    outer loop
      vertex 202.875 84.2249 0
      vertex 0 88.1 0
      vertex 203.6 84.7811 0
    endloop
  endfacet
  facet normal 0 0 -1
    outer loop
      vertex 203.6 84.7811 0
      vertex 0 88.1 0
      vertex 204.444 85.1307 0
    endloop
  endfacet
  facet normal 0 0 -1
    outer loop
      vertex 0 88.1 0
      vertex 59.875 54.15 0
      vertex 44.125 54.15 0
    endloop
  endfacet
  facet normal 0 0 -1
    outer loop
      vertex 204.444 85.1307 0
      vertex 0 88.1 0
      vertex 217.6 88.1 0
    endloop
  endfacet
  facet normal 0 0 -1
    outer loop
      vertex 0 88.1 0
      vertex 44.125 54.15 0
      vertex 0 0 0
    endloop
  endfacet
  facet normal -1 0 0
    outer loop
      vertex 0 46.345 21.325
      vertex 0 88.1 64
      vertex 0 46.6097 20.6859
    endloop
  endfacet
  facet normal -1 0 0
    outer loop
      vertex 0 88.1 64
      vertex 0 46.6097 47.3141
      vertex 0 46.7 48
    endloop
  endfacet
  facet normal -1 0 0
    outer loop
      vertex 0 46.345 46.675
      vertex 0 88.1 64
      vertex 0 46.345 21.325
    endloop
  endfacet
  facet normal -1 0 0
    outer loop
      vertex 0 88.1 64
      vertex 0 46.345 46.675
      vertex 0 46.6097 47.3141
    endloop
  endfacet
  facet normal -1 0 0
    outer loop
      vertex 0 45.9238 21.8738
      vertex 0 46.345 46.675
      vertex 0 46.345 21.325
    endloop
  endfacet
  facet normal -1 0 0
    outer loop
      vertex 0 45.9238 21.8738
      vertex 0 45.9238 46.1262
      vertex 0 46.345 46.675
    endloop
  endfacet
  facet normal -1 0 0
    outer loop
      vertex 0 45.375 22.295
      vertex 0 45.9238 46.1262
      vertex 0 45.9238 21.8738
    endloop
  endfacet
  facet normal -1 0 0
    outer loop
      vertex 0 45.375 22.295
      vertex 0 45.375 45.705
      vertex 0 45.9238 46.1262
    endloop
  endfacet
  facet normal -1 0 0
    outer loop
      vertex 0 44.7359 22.5597
      vertex 0 45.375 45.705
      vertex 0 45.375 22.295
    endloop
  endfacet
  facet normal -1 0 0
    outer loop
      vertex 0 44.7359 22.5597
      vertex 0 44.7359 45.4403
      vertex 0 45.375 45.705
    endloop
  endfacet
  facet normal -1 0 0
    outer loop
      vertex 0 44.05 22.65
      vertex 0 44.7359 45.4403
      vertex 0 44.7359 22.5597
    endloop
  endfacet
  facet normal -1 0 0
    outer loop
      vertex 0 44.05 22.65
      vertex 0 44.05 45.35
      vertex 0 44.7359 45.4403
    endloop
  endfacet
  facet normal -1 0 0
    outer loop
      vertex 0 43.3641 22.5597
      vertex 0 44.05 45.35
      vertex 0 44.05 22.65
    endloop
  endfacet
  facet normal -1 0 0
    outer loop
      vertex 0 43.3641 22.5597
      vertex 0 43.3641 45.4403
      vertex 0 44.05 45.35
    endloop
  endfacet
  facet normal -1 0 0
    outer loop
      vertex 0 42.725 22.295
      vertex 0 43.3641 45.4403
      vertex 0 43.3641 22.5597
    endloop
  endfacet
  facet normal -1 0 0
    outer loop
      vertex 0 42.725 22.295
      vertex 0 42.725 45.705
      vertex 0 43.3641 45.4403
    endloop
  endfacet
  facet normal -1 0 0
    outer loop
      vertex 0 42.1762 21.8738
      vertex 0 42.725 45.705
      vertex 0 42.725 22.295
    endloop
  endfacet
  facet normal -1 0 0
    outer loop
      vertex 0 42.1762 21.8738
      vertex 0 42.1762 46.1262
      vertex 0 42.725 45.705
    endloop
  endfacet
  facet normal -1 0 0
    outer loop
      vertex 0 41.755 21.325
      vertex 0 42.1762 46.1262
      vertex 0 42.1762 21.8738
    endloop
  endfacet
  facet normal -1 0 0
    outer loop
      vertex 0 41.755 21.325
      vertex 0 41.755 46.675
      vertex 0 42.1762 46.1262
    endloop
  endfacet
  facet normal -1 0 0
    outer loop
      vertex 0 0 64
      vertex 0 41.755 21.325
      vertex 0 41.4903 20.6859
    endloop
  endfacet
  facet normal -1 0 0
    outer loop
      vertex 0 41.755 21.325
      vertex 0 0 64
      vertex 0 41.755 46.675
    endloop
  endfacet
  facet normal -1 0 0
    outer loop
      vertex 0 0 0
      vertex 0 41.4903 20.6859
      vertex 0 41.4 20
    endloop
  endfacet
  facet normal -1 0 0
    outer loop
      vertex 0 41.755 46.675
      vertex 0 0 64
      vertex 0 41.4903 47.3141
    endloop
  endfacet
  facet normal -1 0 0
    outer loop
      vertex 0 46.6097 20.6859
      vertex 0 88.1 0
      vertex 0 46.7 20
    endloop
  endfacet
  facet normal -1 0 0
    outer loop
      vertex 0 88.1 0
      vertex 0 46.6097 19.3141
      vertex 0 46.7 20
    endloop
  endfacet
  facet normal -1 0 0
    outer loop
      vertex 0 88.1 0
      vertex 0 46.345 18.675
      vertex 0 46.6097 19.3141
    endloop
  endfacet
  facet normal -1 0 0
    outer loop
      vertex 0 88.1 0
      vertex 0 45.9238 18.1262
      vertex 0 46.345 18.675
    endloop
  endfacet
  facet normal -1 0 0
    outer loop
      vertex 0 88.1 0
      vertex 0 45.375 17.705
      vertex 0 45.9238 18.1262
    endloop
  endfacet
  facet normal -1 0 0
    outer loop
      vertex 0 88.1 0
      vertex 0 44.7359 17.4403
      vertex 0 45.375 17.705
    endloop
  endfacet
  facet normal -1 0 0
    outer loop
      vertex 0 88.1 0
      vertex 0 44.05 17.35
      vertex 0 44.7359 17.4403
    endloop
  endfacet
  facet normal -1 0 0
    outer loop
      vertex 0 0 0
      vertex 0 44.05 17.35
      vertex 0 88.1 0
    endloop
  endfacet
  facet normal -1 -0 0
    outer loop
      vertex 0 41.4903 20.6859
      vertex 0 0 0
      vertex 0 0 64
    endloop
  endfacet
  facet normal -1 -0 0
    outer loop
      vertex 0 41.4903 19.3141
      vertex 0 0 0
      vertex 0 41.4 20
    endloop
  endfacet
  facet normal -1 -0 0
    outer loop
      vertex 0 41.755 18.675
      vertex 0 0 0
      vertex 0 41.4903 19.3141
    endloop
  endfacet
  facet normal -1 -0 0
    outer loop
      vertex 0 42.1762 18.1262
      vertex 0 0 0
      vertex 0 41.755 18.675
    endloop
  endfacet
  facet normal -1 -0 0
    outer loop
      vertex 0 42.725 17.705
      vertex 0 0 0
      vertex 0 42.1762 18.1262
    endloop
  endfacet
  facet normal -1 -0 0
    outer loop
      vertex 0 43.3641 17.4403
      vertex 0 0 0
      vertex 0 42.725 17.705
    endloop
  endfacet
  facet normal -1 -0 0
    outer loop
      vertex 0 44.05 17.35
      vertex 0 0 0
      vertex 0 43.3641 17.4403
    endloop
  endfacet
  facet normal -1 0 0
    outer loop
      vertex 0 88.1 0
      vertex 0 46.6097 20.6859
      vertex 0 88.1 64
    endloop
  endfacet
  facet normal -1 0 0
    outer loop
      vertex 0 46.6097 48.6859
      vertex 0 88.1 64
      vertex 0 46.7 48
    endloop
  endfacet
  facet normal -1 0 0
    outer loop
      vertex 0 46.345 49.325
      vertex 0 88.1 64
      vertex 0 46.6097 48.6859
    endloop
  endfacet
  facet normal -1 0 0
    outer loop
      vertex 0 45.9238 49.8738
      vertex 0 88.1 64
      vertex 0 46.345 49.325
    endloop
  endfacet
  facet normal -1 0 0
    outer loop
      vertex 0 45.375 50.295
      vertex 0 88.1 64
      vertex 0 45.9238 49.8738
    endloop
  endfacet
  facet normal -1 0 0
    outer loop
      vertex 0 44.7359 50.5597
      vertex 0 88.1 64
      vertex 0 45.375 50.295
    endloop
  endfacet
  facet normal -1 0 0
    outer loop
      vertex 0 44.05 50.65
      vertex 0 88.1 64
      vertex 0 44.7359 50.5597
    endloop
  endfacet
  facet normal -1 0 0
    outer loop
      vertex 0 0 64
      vertex 0 44.05 50.65
      vertex 0 43.3641 50.5597
    endloop
  endfacet
  facet normal -1 0 0
    outer loop
      vertex 0 41.4903 47.3141
      vertex 0 0 64
      vertex 0 41.4 48
    endloop
  endfacet
  facet normal -1 0 0
    outer loop
      vertex 0 41.4 48
      vertex 0 0 64
      vertex 0 41.4903 48.6859
    endloop
  endfacet
  facet normal -1 0 0
    outer loop
      vertex 0 41.4903 48.6859
      vertex 0 0 64
      vertex 0 41.755 49.325
    endloop
  endfacet
  facet normal -1 0 0
    outer loop
      vertex 0 44.05 50.65
      vertex 0 0 64
      vertex 0 88.1 64
    endloop
  endfacet
  facet normal -1 0 0
    outer loop
      vertex 0 42.725 50.295
      vertex 0 0 64
      vertex 0 43.3641 50.5597
    endloop
  endfacet
  facet normal -1 0 0
    outer loop
      vertex 0 42.1762 49.8738
      vertex 0 0 64
      vertex 0 42.725 50.295
    endloop
  endfacet
  facet normal -1 0 0
    outer loop
      vertex 0 41.755 49.325
      vertex 0 0 64
      vertex 0 42.1762 49.8738
    endloop
  endfacet
  facet normal -0 0 1
    outer loop
      vertex 0 88.1 64
      vertex 10 82.1 64
      vertex 10 88.1 64
    endloop
  endfacet
  facet normal 0 0 1
    outer loop
      vertex 10 82.1 64
      vertex 0 88.1 64
      vertex 10 76.1 64
    endloop
  endfacet
  facet normal 0 0 1
    outer loop
      vertex 10 76.1 64
      vertex 0 88.1 64
      vertex 10 12 64
    endloop
  endfacet
  facet normal 0 0 1
    outer loop
      vertex 0 0 64
      vertex 10 12 64
      vertex 0 88.1 64
    endloop
  endfacet
  facet normal 0 0 1
    outer loop
      vertex 10 12 64
      vertex 0 0 64
      vertex 10 6 64
    endloop
  endfacet
  facet normal 0 0 1
    outer loop
      vertex 10 6 64
      vertex 0 0 64
      vertex 10 0 64
    endloop
  endfacet
  facet normal 0 -1 0
    outer loop
      vertex 10 6 64
      vertex 10 6 4
      vertex 70 6 4
    endloop
  endfacet
  facet normal 0 1 0
    outer loop
      vertex 70 12 4
      vertex 10 12 4
      vertex 10 12 64
    endloop
  endfacet
  facet normal 0.707107 -0 0.707107
    outer loop
      vertex 10 6 64
      vertex 70 12 4
      vertex 10 12 64
    endloop
  endfacet
  facet normal 0.707107 0 0.707107
    outer loop
      vertex 70 12 4
      vertex 10 6 64
      vertex 70 6 4
    endloop
  endfacet
  facet normal 0 -1 0
    outer loop
      vertex 10 76.1 64
      vertex 10 76.1 4
      vertex 70 76.1 4
    endloop
  endfacet
  facet normal 0 1 0
    outer loop
      vertex 70 82.1 4
      vertex 10 82.1 4
      vertex 10 82.1 64
    endloop
  endfacet
  facet normal 0.707107 -0 0.707107
    outer loop
      vertex 10 76.1 64
      vertex 70 82.1 4
      vertex 10 82.1 64
    endloop
  endfacet
  facet normal 0.707107 0 0.707107
    outer loop
      vertex 70 82.1 4
      vertex 10 76.1 64
      vertex 70 76.1 4
    endloop
  endfacet
  facet normal 1 -0 0
    outer loop
      vertex 217.6 0 4
      vertex 217.6 88.1 0
      vertex 217.6 88.1 4
    endloop
  endfacet
  facet normal 1 0 0
    outer loop
      vertex 217.6 88.1 0
      vertex 217.6 0 4
      vertex 217.6 0 0
    endloop
  endfacet
  facet normal 0 0 1
    outer loop
      vertex 67 27.05 4
      vertex 88.6 58 4
      vertex 67 61.05 4
    endloop
  endfacet
  facet normal 0 0 1
    outer loop
      vertex 70 76.1 4
      vertex 37 61.05 4
      vertex 67 61.05 4
    endloop
  endfacet
  facet normal 0 0 1
    outer loop
      vertex 37 61.05 4
      vertex 10 76.1 4
      vertex 37 27.05 4
    endloop
  endfacet
  facet normal -0 0 1
    outer loop
      vertex 10 76.1 4
      vertex 37 61.05 4
      vertex 70 76.1 4
    endloop
  endfacet
  facet normal -0 0 1
    outer loop
      vertex 215.731 7.25587 4
      vertex 217.6 0 4
      vertex 215.731 80.8441 4
    endloop
  endfacet
  facet normal 0 0 1
    outer loop
      vertex 217.6 0 4
      vertex 215.731 7.25587 4
      vertex 215.85 6.35 4
    endloop
  endfacet
  facet normal -0 0 1
    outer loop
      vertex 215.381 80 4
      vertex 215.731 7.25587 4
      vertex 215.731 80.8441 4
    endloop
  endfacet
  facet normal 0 0 1
    outer loop
      vertex 215.381 80 4
      vertex 215.381 8.1 4
      vertex 215.731 7.25587 4
    endloop
  endfacet
  facet normal -0 0 1
    outer loop
      vertex 214.825 79.2751 4
      vertex 215.381 8.1 4
      vertex 215.381 80 4
    endloop
  endfacet
  facet normal 0 0 1
    outer loop
      vertex 214.825 79.2751 4
      vertex 214.825 8.82487 4
      vertex 215.381 8.1 4
    endloop
  endfacet
  facet normal -0 0 1
    outer loop
      vertex 214.1 78.7189 4
      vertex 214.825 8.82487 4
      vertex 214.825 79.2751 4
    endloop
  endfacet
  facet normal 0 0 1
    outer loop
      vertex 214.1 78.7189 4
      vertex 214.1 9.38109 4
      vertex 214.825 8.82487 4
    endloop
  endfacet
  facet normal -0 0 1
    outer loop
      vertex 213.256 78.3693 4
      vertex 214.1 9.38109 4
      vertex 214.1 78.7189 4
    endloop
  endfacet
  facet normal 0 0 1
    outer loop
      vertex 213.256 78.3693 4
      vertex 213.256 9.73074 4
      vertex 214.1 9.38109 4
    endloop
  endfacet
  facet normal 0 0 1
    outer loop
      vertex 187.6 58 4
      vertex 213.256 78.3693 4
      vertex 212.35 78.25 4
    endloop
  endfacet
  facet normal 0 0 1
    outer loop
      vertex 213.256 78.3693 4
      vertex 187.6 58 4
      vertex 213.256 9.73074 4
    endloop
  endfacet
  facet normal 0 0 1
    outer loop
      vertex 187.6 58 4
      vertex 212.35 78.25 4
      vertex 205.35 78.25 4
    endloop
  endfacet
  facet normal 0 0 1
    outer loop
      vertex 213.256 9.73074 4
      vertex 187.6 58 4
      vertex 212.35 9.85 4
    endloop
  endfacet
  facet normal 0 0 1
    outer loop
      vertex 187.6 58 4
      vertex 205.35 78.25 4
      vertex 204.444 78.3693 4
    endloop
  endfacet
  facet normal 0 0 1
    outer loop
      vertex 212.35 9.85 4
      vertex 187.6 58 4
      vertex 205.35 9.85 4
    endloop
  endfacet
  facet normal 0 0 1
    outer loop
      vertex 187.6 58 4
      vertex 204.444 78.3693 4
      vertex 203.6 78.7189 4
    endloop
  endfacet
  facet normal 0 0 1
    outer loop
      vertex 205.35 9.85 4
      vertex 187.6 58 4
      vertex 204.444 9.73074 4
    endloop
  endfacet
  facet normal 0 0 1
    outer loop
      vertex 187.6 58 4
      vertex 203.6 78.7189 4
      vertex 202.875 79.2751 4
    endloop
  endfacet
  facet normal 0 0 1
    outer loop
      vertex 204.444 9.73074 4
      vertex 187.6 58 4
      vertex 203.6 9.38109 4
    endloop
  endfacet
  facet normal 0 0 1
    outer loop
      vertex 187.6 58 4
      vertex 202.875 79.2751 4
      vertex 202.319 80 4
    endloop
  endfacet
  facet normal 0 0 1
    outer loop
      vertex 203.6 9.38109 4
      vertex 187.6 58 4
      vertex 202.875 8.82487 4
    endloop
  endfacet
  facet normal 0 0 1
    outer loop
      vertex 187.6 58 4
      vertex 202.319 80 4
      vertex 201.969 80.8441 4
    endloop
  endfacet
  facet normal 0 0 1
    outer loop
      vertex 187.6 2 4
      vertex 202.875 8.82487 4
      vertex 187.6 58 4
    endloop
  endfacet
  facet normal 0 0 1
    outer loop
      vertex 187.6 58 4
      vertex 201.969 80.8441 4
      vertex 201.85 81.75 4
    endloop
  endfacet
  facet normal 0 0 1
    outer loop
      vertex 202.875 8.82487 4
      vertex 187.6 2 4
      vertex 202.319 8.1 4
    endloop
  endfacet
  facet normal 0 0 1
    outer loop
      vertex 215.731 80.8441 4
      vertex 217.6 88.1 4
      vertex 215.85 81.75 4
    endloop
  endfacet
  facet normal 0 0 1
    outer loop
      vertex 217.6 88.1 4
      vertex 215.731 82.6559 4
      vertex 215.85 81.75 4
    endloop
  endfacet
  facet normal 0 0 1
    outer loop
      vertex 217.6 88.1 4
      vertex 215.381 83.5 4
      vertex 215.731 82.6559 4
    endloop
  endfacet
  facet normal 0 0 1
    outer loop
      vertex 217.6 88.1 4
      vertex 214.825 84.2249 4
      vertex 215.381 83.5 4
    endloop
  endfacet
  facet normal 0 0 1
    outer loop
      vertex 217.6 88.1 4
      vertex 214.1 84.7811 4
      vertex 214.825 84.2249 4
    endloop
  endfacet
  facet normal 0 0 1
    outer loop
      vertex 217.6 88.1 4
      vertex 213.256 85.1307 4
      vertex 214.1 84.7811 4
    endloop
  endfacet
  facet normal 0 0 1
    outer loop
      vertex 217.6 88.1 4
      vertex 212.35 85.25 4
      vertex 213.256 85.1307 4
    endloop
  endfacet
  facet normal 0 0 1
    outer loop
      vertex 217.6 88.1 4
      vertex 205.35 85.25 4
      vertex 212.35 85.25 4
    endloop
  endfacet
  facet normal 0 0 1
    outer loop
      vertex 217.6 88.1 4
      vertex 204.444 85.1307 4
      vertex 205.35 85.25 4
    endloop
  endfacet
  facet normal 0 0 1
    outer loop
      vertex 202.319 8.1 4
      vertex 187.6 2 4
      vertex 201.969 7.25587 4
    endloop
  endfacet
  facet normal 0 0 1
    outer loop
      vertex 201.969 82.6559 4
      vertex 187.6 58 4
      vertex 201.85 81.75 4
    endloop
  endfacet
  facet normal 0 0 1
    outer loop
      vertex 88.6 58 4
      vertex 201.969 82.6559 4
      vertex 202.319 83.5 4
    endloop
  endfacet
  facet normal 0 0 1
    outer loop
      vertex 201.969 82.6559 4
      vertex 88.6 58 4
      vertex 187.6 58 4
    endloop
  endfacet
  facet normal 0 0 1
    outer loop
      vertex 70 82.1 4
      vertex 202.319 83.5 4
      vertex 202.875 84.2249 4
    endloop
  endfacet
  facet normal 0 0 1
    outer loop
      vertex 70 82.1 4
      vertex 202.875 84.2249 4
      vertex 203.6 84.7811 4
    endloop
  endfacet
  facet normal 0 0 1
    outer loop
      vertex 70 82.1 4
      vertex 203.6 84.7811 4
      vertex 204.444 85.1307 4
    endloop
  endfacet
  facet normal -0 0 1
    outer loop
      vertex 70 76.1 4
      vertex 88.6 58 4
      vertex 70 82.1 4
    endloop
  endfacet
  facet normal 0 0 1
    outer loop
      vertex 202.319 83.5 4
      vertex 70 82.1 4
      vertex 88.6 58 4
    endloop
  endfacet
  facet normal 0 0 1
    outer loop
      vertex 217.6 88.1 4
      vertex 70 82.1 4
      vertex 204.444 85.1307 4
    endloop
  endfacet
  facet normal -0 0 1
    outer loop
      vertex 10 88.1 4
      vertex 70 82.1 4
      vertex 217.6 88.1 4
    endloop
  endfacet
  facet normal 0 0 1
    outer loop
      vertex 70 82.1 4
      vertex 10 88.1 4
      vertex 10 82.1 4
    endloop
  endfacet
  facet normal 0 0 1
    outer loop
      vertex 217.6 88.1 4
      vertex 215.731 80.8441 4
      vertex 217.6 0 4
    endloop
  endfacet
  facet normal -0 0 1
    outer loop
      vertex 215.731 5.44413 4
      vertex 217.6 0 4
      vertex 215.85 6.35 4
    endloop
  endfacet
  facet normal -0 0 1
    outer loop
      vertex 215.381 4.6 4
      vertex 217.6 0 4
      vertex 215.731 5.44413 4
    endloop
  endfacet
  facet normal -0 0 1
    outer loop
      vertex 214.825 3.87513 4
      vertex 217.6 0 4
      vertex 215.381 4.6 4
    endloop
  endfacet
  facet normal -0 0 1
    outer loop
      vertex 214.1 3.31891 4
      vertex 217.6 0 4
      vertex 214.825 3.87513 4
    endloop
  endfacet
  facet normal -0 0 1
    outer loop
      vertex 213.256 2.96926 4
      vertex 217.6 0 4
      vertex 214.1 3.31891 4
    endloop
  endfacet
  facet normal -0 0 1
    outer loop
      vertex 212.35 2.85 4
      vertex 217.6 0 4
      vertex 213.256 2.96926 4
    endloop
  endfacet
  facet normal -0 0 1
    outer loop
      vertex 205.35 2.85 4
      vertex 217.6 0 4
      vertex 212.35 2.85 4
    endloop
  endfacet
  facet normal 0 0 1
    outer loop
      vertex 187.6 2 4
      vertex 205.35 2.85 4
      vertex 204.444 2.96926 4
    endloop
  endfacet
  facet normal 0 0 1
    outer loop
      vertex 201.969 7.25587 4
      vertex 187.6 2 4
      vertex 201.85 6.35 4
    endloop
  endfacet
  facet normal 0 0 1
    outer loop
      vertex 201.85 6.35 4
      vertex 187.6 2 4
      vertex 201.969 5.44413 4
    endloop
  endfacet
  facet normal 0 0 1
    outer loop
      vertex 187.6 2 4
      vertex 202.319 4.6 4
      vertex 201.969 5.44413 4
    endloop
  endfacet
  facet normal 0 0 1
    outer loop
      vertex 187.6 2 4
      vertex 202.875 3.87513 4
      vertex 202.319 4.6 4
    endloop
  endfacet
  facet normal 0 0 1
    outer loop
      vertex 187.6 2 4
      vertex 203.6 3.31891 4
      vertex 202.875 3.87513 4
    endloop
  endfacet
  facet normal 0 0 1
    outer loop
      vertex 187.6 2 4
      vertex 204.444 2.96926 4
      vertex 203.6 3.31891 4
    endloop
  endfacet
  facet normal 0 0 1
    outer loop
      vertex 205.35 2.85 4
      vertex 187.6 2 4
      vertex 217.6 0 4
    endloop
  endfacet
  facet normal -0 0 1
    outer loop
      vertex 88.6 2 4
      vertex 217.6 0 4
      vertex 187.6 2 4
    endloop
  endfacet
  facet normal -0 0 1
    outer loop
      vertex 67 61.05 4
      vertex 88.6 58 4
      vertex 70 76.1 4
    endloop
  endfacet
  facet normal 0 0 1
    outer loop
      vertex 88.6 58 4
      vertex 70 12 4
      vertex 88.6 2 4
    endloop
  endfacet
  facet normal -0 0 1
    outer loop
      vertex 70 6 4
      vertex 88.6 2 4
      vertex 70 12 4
    endloop
  endfacet
  facet normal 0 0 1
    outer loop
      vertex 10 0 4
      vertex 70 6 4
      vertex 10 6 4
    endloop
  endfacet
  facet normal 0 0 1
    outer loop
      vertex 88.6 2 4
      vertex 10 0 4
      vertex 217.6 0 4
    endloop
  endfacet
  facet normal 0 0 1
    outer loop
      vertex 70 6 4
      vertex 10 0 4
      vertex 88.6 2 4
    endloop
  endfacet
  facet normal 0 0 1
    outer loop
      vertex 88.6 58 4
      vertex 67 27.05 4
      vertex 70 12 4
    endloop
  endfacet
  facet normal -0 0 1
    outer loop
      vertex 37 27.05 4
      vertex 70 12 4
      vertex 67 27.05 4
    endloop
  endfacet
  facet normal 0 0 1
    outer loop
      vertex 37 27.05 4
      vertex 10 12 4
      vertex 70 12 4
    endloop
  endfacet
  facet normal 0 0 1
    outer loop
      vertex 10 12 4
      vertex 37 27.05 4
      vertex 10 76.1 4
    endloop
  endfacet
  facet normal 0 1 0
    outer loop
      vertex 217.6 88.1 4
      vertex 217.6 88.1 0
      vertex 10 88.1 4
    endloop
  endfacet
  facet normal 0 1 -0
    outer loop
      vertex 10 88.1 4
      vertex 0 88.1 64
      vertex 10 88.1 64
    endloop
  endfacet
  facet normal 0 1 0
    outer loop
      vertex 10 88.1 4
      vertex 0 88.1 0
      vertex 0 88.1 64
    endloop
  endfacet
  facet normal 0 1 0
    outer loop
      vertex 0 88.1 0
      vertex 10 88.1 4
      vertex 217.6 88.1 0
    endloop
  endfacet
  facet normal 0 -1 0
    outer loop
      vertex 0 0 64
      vertex 10 0 4
      vertex 10 0 64
    endloop
  endfacet
  facet normal 0 -1 0
    outer loop
      vertex 0 0 0
      vertex 10 0 4
      vertex 0 0 64
    endloop
  endfacet
  facet normal 0 -1 0
    outer loop
      vertex 217.6 0 0
      vertex 10 0 4
      vertex 0 0 0
    endloop
  endfacet
  facet normal 0 -1 0
    outer loop
      vertex 10 0 4
      vertex 217.6 0 0
      vertex 217.6 0 4
    endloop
  endfacet
  facet normal 1 -0 0
    outer loop
      vertex 10 82.1 64
      vertex 10 88.1 4
      vertex 10 88.1 64
    endloop
  endfacet
  facet normal 1 0 0
    outer loop
      vertex 10 88.1 4
      vertex 10 82.1 64
      vertex 10 82.1 4
    endloop
  endfacet
  facet normal 1 -0 0
    outer loop
      vertex 10 0 64
      vertex 10 6 4
      vertex 10 6 64
    endloop
  endfacet
  facet normal 1 0 0
    outer loop
      vertex 10 6 4
      vertex 10 0 64
      vertex 10 0 4
    endloop
  endfacet
  facet normal 1 -0 0
    outer loop
      vertex 10 44.05 43.2657
      vertex 10 48.15 22.3671
      vertex 10 48.15 45.6329
    endloop
  endfacet
  facet normal 1 0 0
    outer loop
      vertex 10 44.05 43.2657
      vertex 10 44.05 24.7343
      vertex 10 48.15 22.3671
    endloop
  endfacet
  facet normal 1 0 0
    outer loop
      vertex 10 39.95 45.6329
      vertex 10 44.05 24.7343
      vertex 10 44.05 43.2657
    endloop
  endfacet
  facet normal 1 0 0
    outer loop
      vertex 10 44.05 24.7343
      vertex 10 39.95 45.6329
      vertex 10 39.95 22.3671
    endloop
  endfacet
  facet normal 1 0 0
    outer loop
      vertex 10 48.15 45.6329
      vertex 10 76.1 64
      vertex 10 48.15 50.3671
    endloop
  endfacet
  facet normal 1 0 0
    outer loop
      vertex 10 76.1 64
      vertex 10 44.05 52.7343
      vertex 10 48.15 50.3671
    endloop
  endfacet
  facet normal 1 0 0
    outer loop
      vertex 10 12 64
      vertex 10 39.95 45.6329
      vertex 10 39.95 50.3671
    endloop
  endfacet
  facet normal 1 0 0
    outer loop
      vertex 10 39.95 45.6329
      vertex 10 12 64
      vertex 10 39.95 22.3671
    endloop
  endfacet
  facet normal 1 0 0
    outer loop
      vertex 10 12 4
      vertex 10 39.95 22.3671
      vertex 10 12 64
    endloop
  endfacet
  facet normal 1 0 0
    outer loop
      vertex 10 44.05 52.7343
      vertex 10 12 64
      vertex 10 39.95 50.3671
    endloop
  endfacet
  facet normal 1 -0 0
    outer loop
      vertex 10 12 64
      vertex 10 44.05 52.7343
      vertex 10 76.1 64
    endloop
  endfacet
  facet normal 1 0 0
    outer loop
      vertex 10 76.1 64
      vertex 10 48.15 45.6329
      vertex 10 76.1 4
    endloop
  endfacet
  facet normal 1 -0 0
    outer loop
      vertex 10 48.15 22.3671
      vertex 10 76.1 4
      vertex 10 48.15 45.6329
    endloop
  endfacet
  facet normal 1 -0 0
    outer loop
      vertex 10 48.15 17.6329
      vertex 10 76.1 4
      vertex 10 48.15 22.3671
    endloop
  endfacet
  facet normal 1 -0 0
    outer loop
      vertex 10 44.05 15.2657
      vertex 10 76.1 4
      vertex 10 48.15 17.6329
    endloop
  endfacet
  facet normal 1 0 0
    outer loop
      vertex 10 44.05 15.2657
      vertex 10 12 4
      vertex 10 76.1 4
    endloop
  endfacet
  facet normal 1 0 0
    outer loop
      vertex 10 39.95 17.6329
      vertex 10 12 4
      vertex 10 44.05 15.2657
    endloop
  endfacet
  facet normal 1 0 0
    outer loop
      vertex 10 39.95 22.3671
      vertex 10 12 4
      vertex 10 39.95 17.6329
    endloop
  endfacet
  facet normal 1 -0 0
    outer loop
      vertex 67 27.05 7
      vertex 67 61.05 4
      vertex 67 61.05 7
    endloop
  endfacet
  facet normal 1 0 0
    outer loop
      vertex 67 61.05 4
      vertex 67 27.05 7
      vertex 67 27.05 4
    endloop
  endfacet
  facet normal 0 0 1
    outer loop
      vertex 67 61.05 7
      vertex 59.525 52 7
      vertex 67 27.05 7
    endloop
  endfacet
  facet normal 0 0 1
    outer loop
      vertex 67 61.05 7
      vertex 44.475 52 7
      vertex 59.525 52 7
    endloop
  endfacet
  facet normal 0 0 1
    outer loop
      vertex 37 27.05 7
      vertex 44.475 52 7
      vertex 37 61.05 7
    endloop
  endfacet
  facet normal -0 0 1
    outer loop
      vertex 37 61.05 7
      vertex 44.475 52 7
      vertex 67 61.05 7
    endloop
  endfacet
  facet normal -0 0 1
    outer loop
      vertex 59.525 34.3 7
      vertex 67 27.05 7
      vertex 59.525 52 7
    endloop
  endfacet
  facet normal -0 0 1
    outer loop
      vertex 44.475 34.3 7
      vertex 67 27.05 7
      vertex 59.525 34.3 7
    endloop
  endfacet
  facet normal 0 0 1
    outer loop
      vertex 44.475 34.3 7
      vertex 37 27.05 7
      vertex 67 27.05 7
    endloop
  endfacet
  facet normal 0 0 1
    outer loop
      vertex 44.475 52 7
      vertex 37 27.05 7
      vertex 44.475 34.3 7
    endloop
  endfacet
  facet normal -1 0 0
    outer loop
      vertex 37 27.05 4
      vertex 37 61.05 7
      vertex 37 61.05 4
    endloop
  endfacet
  facet normal -1 -0 0
    outer loop
      vertex 37 61.05 7
      vertex 37 27.05 4
      vertex 37 27.05 7
    endloop
  endfacet
  facet normal 0 1 -0
    outer loop
      vertex 67 61.05 4
      vertex 37 61.05 7
      vertex 67 61.05 7
    endloop
  endfacet
  facet normal 0 1 0
    outer loop
      vertex 37 61.05 7
      vertex 67 61.05 4
      vertex 37 61.05 4
    endloop
  endfacet
  facet normal 0 -1 0
    outer loop
      vertex 37 27.05 4
      vertex 67 27.05 7
      vertex 37 27.05 7
    endloop
  endfacet
  facet normal 0 -1 -0
    outer loop
      vertex 67 27.05 7
      vertex 37 27.05 4
      vertex 67 27.05 4
    endloop
  endfacet
  facet normal 1 0 0
    outer loop
      vertex 187.6 6 152
      vertex 187.6 2 152
      vertex 187.6 6 140
    endloop
  endfacet
  facet normal 1 -0 0
    outer loop
      vertex 187.6 6 140
      vertex 187.6 58 4
      vertex 187.6 58 140
    endloop
  endfacet
  facet normal 1 0 0
    outer loop
      vertex 187.6 6 140
      vertex 187.6 2 4
      vertex 187.6 58 4
    endloop
  endfacet
  facet normal 1 0 0
    outer loop
      vertex 187.6 2 4
      vertex 187.6 6 140
      vertex 187.6 2 152
    endloop
  endfacet
  facet normal -0 0 1
    outer loop
      vertex 88.6 6 152
      vertex 187.6 2 152
      vertex 187.6 6 152
    endloop
  endfacet
  facet normal 0 0 1
    outer loop
      vertex 187.6 2 152
      vertex 88.6 6 152
      vertex 88.6 2 152
    endloop
  endfacet
  facet normal -1 0 0
    outer loop
      vertex 88.6 58 4
      vertex 88.6 6 140
      vertex 88.6 58 140
    endloop
  endfacet
  facet normal -1 0 0
    outer loop
      vertex 88.6 2 4
      vertex 88.6 6 140
      vertex 88.6 58 4
    endloop
  endfacet
  facet normal -1 0 0
    outer loop
      vertex 88.6 2 152
      vertex 88.6 6 140
      vertex 88.6 2 4
    endloop
  endfacet
  facet normal -1 0 0
    outer loop
      vertex 88.6 6 140
      vertex 88.6 2 152
      vertex 88.6 6 152
    endloop
  endfacet
  facet normal 0 1 0
    outer loop
      vertex 115.1 6 36.8504
      vertex 107.1 6 38.0056
      vertex 108.6 6 40.6032
    endloop
  endfacet
  facet normal 0 1 0
    outer loop
      vertex 113.6 6 34.2528
      vertex 115.1 6 36.8504
      vertex 116.6 6 34.2528
    endloop
  endfacet
  facet normal 0 1 0
    outer loop
      vertex 115.1 6 36.8504
      vertex 113.6 6 34.2528
      vertex 107.1 6 38.0056
    endloop
  endfacet
  facet normal 0 1 -0
    outer loop
      vertex 116.6 6 26.7472
      vertex 113.6 6 34.2528
      vertex 116.6 6 34.2528
    endloop
  endfacet
  facet normal 0 1 0
    outer loop
      vertex 116.6 6 26.7472
      vertex 113.6 6 26.7472
      vertex 113.6 6 34.2528
    endloop
  endfacet
  facet normal 0 1 0
    outer loop
      vertex 123.1 6 22.9944
      vertex 113.6 6 26.7472
      vertex 116.6 6 26.7472
    endloop
  endfacet
  facet normal 0 1 0
    outer loop
      vertex 113.6 6 26.7472
      vertex 123.1 6 22.9944
      vertex 107.1 6 22.9944
    endloop
  endfacet
  facet normal 0 1 0
    outer loop
      vertex 155.1 6 38.0056
      vertex 147.1 6 36.8504
      vertex 153.6 6 40.6032
    endloop
  endfacet
  facet normal -0 1 0
    outer loop
      vertex 147.1 6 36.8504
      vertex 155.1 6 38.0056
      vertex 148.6 6 34.2528
    endloop
  endfacet
  facet normal 0 1 0
    outer loop
      vertex 139.1 6 38.0056
      vertex 131.1 6 36.8504
      vertex 137.6 6 40.6032
    endloop
  endfacet
  facet normal -0 1 0
    outer loop
      vertex 131.1 6 36.8504
      vertex 139.1 6 38.0056
      vertex 132.6 6 34.2528
    endloop
  endfacet
  facet normal 0 1 0
    outer loop
      vertex 123.1 6 38.0056
      vertex 115.1 6 36.8504
      vertex 121.6 6 40.6032
    endloop
  endfacet
  facet normal -0 1 0
    outer loop
      vertex 115.1 6 36.8504
      vertex 123.1 6 38.0056
      vertex 116.6 6 34.2528
    endloop
  endfacet
  facet normal 0 1 0
    outer loop
      vertex 115.1 6 64.5624
      vertex 107.1 6 65.7176
      vertex 108.6 6 68.3152
    endloop
  endfacet
  facet normal 0 1 0
    outer loop
      vertex 113.6 6 61.9648
      vertex 115.1 6 64.5624
      vertex 116.6 6 61.9648
    endloop
  endfacet
  facet normal 0 1 0
    outer loop
      vertex 115.1 6 64.5624
      vertex 113.6 6 61.9648
      vertex 107.1 6 65.7176
    endloop
  endfacet
  facet normal 0 1 -0
    outer loop
      vertex 116.6 6 54.4592
      vertex 113.6 6 61.9648
      vertex 116.6 6 61.9648
    endloop
  endfacet
  facet normal 0 1 0
    outer loop
      vertex 116.6 6 54.4592
      vertex 113.6 6 54.4592
      vertex 113.6 6 61.9648
    endloop
  endfacet
  facet normal 0 1 0
    outer loop
      vertex 116.6 6 54.4592
      vertex 115.1 6 51.8616
      vertex 113.6 6 54.4592
    endloop
  endfacet
  facet normal 0 1 0
    outer loop
      vertex 123.1 6 50.7064
      vertex 115.1 6 51.8616
      vertex 116.6 6 54.4592
    endloop
  endfacet
  facet normal 0 1 0
    outer loop
      vertex 121.6 6 48.1088
      vertex 123.1 6 50.7064
      vertex 124.6 6 48.1088
    endloop
  endfacet
  facet normal 0 1 0
    outer loop
      vertex 123.1 6 50.7064
      vertex 121.6 6 48.1088
      vertex 115.1 6 51.8616
    endloop
  endfacet
  facet normal 0 1 -0
    outer loop
      vertex 124.6 6 40.6032
      vertex 121.6 6 48.1088
      vertex 124.6 6 48.1088
    endloop
  endfacet
  facet normal 0 1 0
    outer loop
      vertex 124.6 6 40.6032
      vertex 121.6 6 40.6032
      vertex 121.6 6 48.1088
    endloop
  endfacet
  facet normal 0 1 0
    outer loop
      vertex 124.6 6 40.6032
      vertex 123.1 6 38.0056
      vertex 121.6 6 40.6032
    endloop
  endfacet
  facet normal 0 1 0
    outer loop
      vertex 131.1 6 36.8504
      vertex 123.1 6 38.0056
      vertex 124.6 6 40.6032
    endloop
  endfacet
  facet normal 0 1 0
    outer loop
      vertex 129.6 6 34.2528
      vertex 131.1 6 36.8504
      vertex 132.6 6 34.2528
    endloop
  endfacet
  facet normal 0 1 0
    outer loop
      vertex 131.1 6 36.8504
      vertex 129.6 6 34.2528
      vertex 123.1 6 38.0056
    endloop
  endfacet
  facet normal 0 1 -0
    outer loop
      vertex 132.6 6 26.7472
      vertex 129.6 6 34.2528
      vertex 132.6 6 34.2528
    endloop
  endfacet
  facet normal 0 1 0
    outer loop
      vertex 132.6 6 26.7472
      vertex 129.6 6 26.7472
      vertex 129.6 6 34.2528
    endloop
  endfacet
  facet normal 0 1 0
    outer loop
      vertex 131.35 6 17
      vertex 132.6 6 26.7472
      vertex 139.1 6 22.9944
    endloop
  endfacet
  facet normal 0 1 0
    outer loop
      vertex 132.6 6 26.7472
      vertex 131.35 6 17
      vertex 129.6 6 26.7472
    endloop
  endfacet
  facet normal 0 1 0
    outer loop
      vertex 155.1 6 65.7176
      vertex 147.1 6 64.5624
      vertex 153.6 6 68.3152
    endloop
  endfacet
  facet normal -0 1 0
    outer loop
      vertex 147.1 6 64.5624
      vertex 155.1 6 65.7176
      vertex 148.6 6 61.9648
    endloop
  endfacet
  facet normal 0 1 0
    outer loop
      vertex 139.1 6 65.7176
      vertex 131.1 6 64.5624
      vertex 137.6 6 68.3152
    endloop
  endfacet
  facet normal -0 1 0
    outer loop
      vertex 131.1 6 64.5624
      vertex 139.1 6 65.7176
      vertex 132.6 6 61.9648
    endloop
  endfacet
  facet normal 0 1 0
    outer loop
      vertex 123.1 6 65.7176
      vertex 115.1 6 64.5624
      vertex 121.6 6 68.3152
    endloop
  endfacet
  facet normal -0 1 0
    outer loop
      vertex 115.1 6 64.5624
      vertex 123.1 6 65.7176
      vertex 116.6 6 61.9648
    endloop
  endfacet
  facet normal 0 1 0
    outer loop
      vertex 115.1 6 92.2744
      vertex 107.1 6 93.4296
      vertex 108.6 6 96.0272
    endloop
  endfacet
  facet normal 0 1 0
    outer loop
      vertex 113.6 6 89.6768
      vertex 115.1 6 92.2744
      vertex 116.6 6 89.6768
    endloop
  endfacet
  facet normal 0 1 0
    outer loop
      vertex 115.1 6 92.2744
      vertex 113.6 6 89.6768
      vertex 107.1 6 93.4296
    endloop
  endfacet
  facet normal 0 1 -0
    outer loop
      vertex 116.6 6 82.1712
      vertex 113.6 6 89.6768
      vertex 116.6 6 89.6768
    endloop
  endfacet
  facet normal 0 1 0
    outer loop
      vertex 116.6 6 82.1712
      vertex 113.6 6 82.1712
      vertex 113.6 6 89.6768
    endloop
  endfacet
  facet normal 0 1 0
    outer loop
      vertex 116.6 6 82.1712
      vertex 115.1 6 79.5736
      vertex 113.6 6 82.1712
    endloop
  endfacet
  facet normal 0 1 0
    outer loop
      vertex 123.1 6 78.4184
      vertex 115.1 6 79.5736
      vertex 116.6 6 82.1712
    endloop
  endfacet
  facet normal 0 1 0
    outer loop
      vertex 121.6 6 75.8208
      vertex 123.1 6 78.4184
      vertex 124.6 6 75.8208
    endloop
  endfacet
  facet normal 0 1 0
    outer loop
      vertex 123.1 6 78.4184
      vertex 121.6 6 75.8208
      vertex 115.1 6 79.5736
    endloop
  endfacet
  facet normal 0 1 -0
    outer loop
      vertex 124.6 6 68.3152
      vertex 121.6 6 75.8208
      vertex 124.6 6 75.8208
    endloop
  endfacet
  facet normal 0 1 0
    outer loop
      vertex 124.6 6 68.3152
      vertex 121.6 6 68.3152
      vertex 121.6 6 75.8208
    endloop
  endfacet
  facet normal 0 1 0
    outer loop
      vertex 124.6 6 68.3152
      vertex 123.1 6 65.7176
      vertex 121.6 6 68.3152
    endloop
  endfacet
  facet normal 0 1 0
    outer loop
      vertex 131.1 6 64.5624
      vertex 123.1 6 65.7176
      vertex 124.6 6 68.3152
    endloop
  endfacet
  facet normal 0 1 0
    outer loop
      vertex 129.6 6 61.9648
      vertex 131.1 6 64.5624
      vertex 132.6 6 61.9648
    endloop
  endfacet
  facet normal 0 1 0
    outer loop
      vertex 131.1 6 64.5624
      vertex 129.6 6 61.9648
      vertex 123.1 6 65.7176
    endloop
  endfacet
  facet normal 0 1 -0
    outer loop
      vertex 132.6 6 54.4592
      vertex 129.6 6 61.9648
      vertex 132.6 6 61.9648
    endloop
  endfacet
  facet normal 0 1 0
    outer loop
      vertex 132.6 6 54.4592
      vertex 129.6 6 54.4592
      vertex 129.6 6 61.9648
    endloop
  endfacet
  facet normal 0 1 0
    outer loop
      vertex 132.6 6 54.4592
      vertex 131.1 6 51.8616
      vertex 129.6 6 54.4592
    endloop
  endfacet
  facet normal 0 1 0
    outer loop
      vertex 139.1 6 50.7064
      vertex 131.1 6 51.8616
      vertex 132.6 6 54.4592
    endloop
  endfacet
  facet normal 0 1 0
    outer loop
      vertex 137.6 6 48.1088
      vertex 139.1 6 50.7064
      vertex 140.6 6 48.1088
    endloop
  endfacet
  facet normal 0 1 0
    outer loop
      vertex 139.1 6 50.7064
      vertex 137.6 6 48.1088
      vertex 131.1 6 51.8616
    endloop
  endfacet
  facet normal 0 1 -0
    outer loop
      vertex 140.6 6 40.6032
      vertex 137.6 6 48.1088
      vertex 140.6 6 48.1088
    endloop
  endfacet
  facet normal 0 1 0
    outer loop
      vertex 140.6 6 40.6032
      vertex 137.6 6 40.6032
      vertex 137.6 6 48.1088
    endloop
  endfacet
  facet normal 0 1 0
    outer loop
      vertex 140.6 6 40.6032
      vertex 139.1 6 38.0056
      vertex 137.6 6 40.6032
    endloop
  endfacet
  facet normal 0 1 0
    outer loop
      vertex 147.1 6 36.8504
      vertex 139.1 6 38.0056
      vertex 140.6 6 40.6032
    endloop
  endfacet
  facet normal 0 1 0
    outer loop
      vertex 145.6 6 34.2528
      vertex 147.1 6 36.8504
      vertex 148.6 6 34.2528
    endloop
  endfacet
  facet normal 0 1 0
    outer loop
      vertex 147.1 6 36.8504
      vertex 145.6 6 34.2528
      vertex 139.1 6 38.0056
    endloop
  endfacet
  facet normal 0 1 -0
    outer loop
      vertex 148.6 6 26.7472
      vertex 145.6 6 34.2528
      vertex 148.6 6 34.2528
    endloop
  endfacet
  facet normal 0 1 0
    outer loop
      vertex 148.6 6 26.7472
      vertex 145.6 6 26.7472
      vertex 145.6 6 34.2528
    endloop
  endfacet
  facet normal 0 1 0
    outer loop
      vertex 144.85 6 17
      vertex 148.6 6 26.7472
      vertex 155.1 6 22.9944
    endloop
  endfacet
  facet normal 0 1 0
    outer loop
      vertex 148.6 6 26.7472
      vertex 144.85 6 17
      vertex 145.6 6 26.7472
    endloop
  endfacet
  facet normal 0 1 0
    outer loop
      vertex 155.1 6 93.4296
      vertex 147.1 6 92.2744
      vertex 153.6 6 96.0272
    endloop
  endfacet
  facet normal -0 1 0
    outer loop
      vertex 147.1 6 92.2744
      vertex 155.1 6 93.4296
      vertex 148.6 6 89.6768
    endloop
  endfacet
  facet normal 0 1 0
    outer loop
      vertex 139.1 6 93.4296
      vertex 131.1 6 92.2744
      vertex 137.6 6 96.0272
    endloop
  endfacet
  facet normal -0 1 0
    outer loop
      vertex 131.1 6 92.2744
      vertex 139.1 6 93.4296
      vertex 132.6 6 89.6768
    endloop
  endfacet
  facet normal 0 1 0
    outer loop
      vertex 123.1 6 93.4296
      vertex 115.1 6 92.2744
      vertex 121.6 6 96.0272
    endloop
  endfacet
  facet normal -0 1 0
    outer loop
      vertex 115.1 6 92.2744
      vertex 123.1 6 93.4296
      vertex 116.6 6 89.6768
    endloop
  endfacet
  facet normal 0 1 0
    outer loop
      vertex 163.1 6 51.8616
      vertex 155.1 6 50.7064
      vertex 161.6 6 54.4592
    endloop
  endfacet
  facet normal -0 1 0
    outer loop
      vertex 155.1 6 50.7064
      vertex 163.1 6 51.8616
      vertex 156.6 6 48.1088
    endloop
  endfacet
  facet normal 0 1 0
    outer loop
      vertex 147.1 6 51.8616
      vertex 139.1 6 50.7064
      vertex 145.6 6 54.4592
    endloop
  endfacet
  facet normal -0 1 0
    outer loop
      vertex 139.1 6 50.7064
      vertex 147.1 6 51.8616
      vertex 140.6 6 48.1088
    endloop
  endfacet
  facet normal 0 1 0
    outer loop
      vertex 131.1 6 51.8616
      vertex 123.1 6 50.7064
      vertex 129.6 6 54.4592
    endloop
  endfacet
  facet normal -0 1 0
    outer loop
      vertex 123.1 6 50.7064
      vertex 131.1 6 51.8616
      vertex 124.6 6 48.1088
    endloop
  endfacet
  facet normal 0 1 0
    outer loop
      vertex 115.1 6 51.8616
      vertex 107.1 6 50.7064
      vertex 113.6 6 54.4592
    endloop
  endfacet
  facet normal -0 1 0
    outer loop
      vertex 107.1 6 50.7064
      vertex 115.1 6 51.8616
      vertex 108.6 6 48.1088
    endloop
  endfacet
  facet normal 0 1 0
    outer loop
      vertex 163.1 6 79.5736
      vertex 155.1 6 78.4184
      vertex 161.6 6 82.1712
    endloop
  endfacet
  facet normal -0 1 0
    outer loop
      vertex 155.1 6 78.4184
      vertex 163.1 6 79.5736
      vertex 156.6 6 75.8208
    endloop
  endfacet
  facet normal 0 1 0
    outer loop
      vertex 147.1 6 79.5736
      vertex 139.1 6 78.4184
      vertex 145.6 6 82.1712
    endloop
  endfacet
  facet normal -0 1 0
    outer loop
      vertex 139.1 6 78.4184
      vertex 147.1 6 79.5736
      vertex 140.6 6 75.8208
    endloop
  endfacet
  facet normal 0 1 0
    outer loop
      vertex 131.1 6 79.5736
      vertex 123.1 6 78.4184
      vertex 129.6 6 82.1712
    endloop
  endfacet
  facet normal -0 1 0
    outer loop
      vertex 123.1 6 78.4184
      vertex 131.1 6 79.5736
      vertex 124.6 6 75.8208
    endloop
  endfacet
  facet normal 0 1 0
    outer loop
      vertex 115.1 6 79.5736
      vertex 107.1 6 78.4184
      vertex 113.6 6 82.1712
    endloop
  endfacet
  facet normal -0 1 0
    outer loop
      vertex 107.1 6 78.4184
      vertex 115.1 6 79.5736
      vertex 108.6 6 75.8208
    endloop
  endfacet
  facet normal 0 1 -0
    outer loop
      vertex 116.6 6 117.389
      vertex 107.1 6 121.142
      vertex 123.1 6 121.142
    endloop
  endfacet
  facet normal 0 1 0
    outer loop
      vertex 116.6 6 117.389
      vertex 113.6 6 117.389
      vertex 107.1 6 121.142
    endloop
  endfacet
  facet normal 0 1 -0
    outer loop
      vertex 116.6 6 109.883
      vertex 113.6 6 117.389
      vertex 116.6 6 117.389
    endloop
  endfacet
  facet normal 0 1 0
    outer loop
      vertex 116.6 6 109.883
      vertex 113.6 6 109.883
      vertex 113.6 6 117.389
    endloop
  endfacet
  facet normal 0 1 0
    outer loop
      vertex 116.6 6 109.883
      vertex 115.1 6 107.286
      vertex 113.6 6 109.883
    endloop
  endfacet
  facet normal 0 1 0
    outer loop
      vertex 123.1 6 106.13
      vertex 115.1 6 107.286
      vertex 116.6 6 109.883
    endloop
  endfacet
  facet normal 0 1 0
    outer loop
      vertex 121.6 6 103.533
      vertex 123.1 6 106.13
      vertex 124.6 6 103.533
    endloop
  endfacet
  facet normal 0 1 0
    outer loop
      vertex 123.1 6 106.13
      vertex 121.6 6 103.533
      vertex 115.1 6 107.286
    endloop
  endfacet
  facet normal 0 1 -0
    outer loop
      vertex 124.6 6 96.0272
      vertex 121.6 6 103.533
      vertex 124.6 6 103.533
    endloop
  endfacet
  facet normal 0 1 0
    outer loop
      vertex 124.6 6 96.0272
      vertex 121.6 6 96.0272
      vertex 121.6 6 103.533
    endloop
  endfacet
  facet normal 0 1 0
    outer loop
      vertex 124.6 6 96.0272
      vertex 123.1 6 93.4296
      vertex 121.6 6 96.0272
    endloop
  endfacet
  facet normal 0 1 0
    outer loop
      vertex 131.1 6 92.2744
      vertex 123.1 6 93.4296
      vertex 124.6 6 96.0272
    endloop
  endfacet
  facet normal 0 1 0
    outer loop
      vertex 129.6 6 89.6768
      vertex 131.1 6 92.2744
      vertex 132.6 6 89.6768
    endloop
  endfacet
  facet normal 0 1 0
    outer loop
      vertex 131.1 6 92.2744
      vertex 129.6 6 89.6768
      vertex 123.1 6 93.4296
    endloop
  endfacet
  facet normal 0 1 -0
    outer loop
      vertex 132.6 6 82.1712
      vertex 129.6 6 89.6768
      vertex 132.6 6 89.6768
    endloop
  endfacet
  facet normal 0 1 0
    outer loop
      vertex 132.6 6 82.1712
      vertex 129.6 6 82.1712
      vertex 129.6 6 89.6768
    endloop
  endfacet
  facet normal 0 1 0
    outer loop
      vertex 132.6 6 82.1712
      vertex 131.1 6 79.5736
      vertex 129.6 6 82.1712
    endloop
  endfacet
  facet normal 0 1 0
    outer loop
      vertex 139.1 6 78.4184
      vertex 131.1 6 79.5736
      vertex 132.6 6 82.1712
    endloop
  endfacet
  facet normal 0 1 0
    outer loop
      vertex 137.6 6 75.8208
      vertex 139.1 6 78.4184
      vertex 140.6 6 75.8208
    endloop
  endfacet
  facet normal 0 1 0
    outer loop
      vertex 139.1 6 78.4184
      vertex 137.6 6 75.8208
      vertex 131.1 6 79.5736
    endloop
  endfacet
  facet normal 0 1 -0
    outer loop
      vertex 140.6 6 68.3152
      vertex 137.6 6 75.8208
      vertex 140.6 6 75.8208
    endloop
  endfacet
  facet normal 0 1 0
    outer loop
      vertex 140.6 6 68.3152
      vertex 137.6 6 68.3152
      vertex 137.6 6 75.8208
    endloop
  endfacet
  facet normal 0 1 0
    outer loop
      vertex 140.6 6 68.3152
      vertex 139.1 6 65.7176
      vertex 137.6 6 68.3152
    endloop
  endfacet
  facet normal 0 1 0
    outer loop
      vertex 147.1 6 64.5624
      vertex 139.1 6 65.7176
      vertex 140.6 6 68.3152
    endloop
  endfacet
  facet normal 0 1 0
    outer loop
      vertex 145.6 6 61.9648
      vertex 147.1 6 64.5624
      vertex 148.6 6 61.9648
    endloop
  endfacet
  facet normal 0 1 0
    outer loop
      vertex 147.1 6 64.5624
      vertex 145.6 6 61.9648
      vertex 139.1 6 65.7176
    endloop
  endfacet
  facet normal 0 1 -0
    outer loop
      vertex 148.6 6 54.4592
      vertex 145.6 6 61.9648
      vertex 148.6 6 61.9648
    endloop
  endfacet
  facet normal 0 1 0
    outer loop
      vertex 148.6 6 54.4592
      vertex 145.6 6 54.4592
      vertex 145.6 6 61.9648
    endloop
  endfacet
  facet normal 0 1 0
    outer loop
      vertex 148.6 6 54.4592
      vertex 147.1 6 51.8616
      vertex 145.6 6 54.4592
    endloop
  endfacet
  facet normal 0 1 0
    outer loop
      vertex 155.1 6 50.7064
      vertex 147.1 6 51.8616
      vertex 148.6 6 54.4592
    endloop
  endfacet
  facet normal 0 1 0
    outer loop
      vertex 153.6 6 48.1088
      vertex 155.1 6 50.7064
      vertex 156.6 6 48.1088
    endloop
  endfacet
  facet normal 0 1 0
    outer loop
      vertex 155.1 6 50.7064
      vertex 153.6 6 48.1088
      vertex 147.1 6 51.8616
    endloop
  endfacet
  facet normal 0 1 -0
    outer loop
      vertex 156.6 6 40.6032
      vertex 153.6 6 48.1088
      vertex 156.6 6 48.1088
    endloop
  endfacet
  facet normal 0 1 0
    outer loop
      vertex 156.6 6 40.6032
      vertex 153.6 6 40.6032
      vertex 153.6 6 48.1088
    endloop
  endfacet
  facet normal 0 1 0
    outer loop
      vertex 156.6 6 40.6032
      vertex 155.1 6 38.0056
      vertex 153.6 6 40.6032
    endloop
  endfacet
  facet normal 0 1 0
    outer loop
      vertex 163.1 6 36.8504
      vertex 155.1 6 38.0056
      vertex 156.6 6 40.6032
    endloop
  endfacet
  facet normal 0 1 0
    outer loop
      vertex 155.1 6 38.0056
      vertex 163.1 6 36.8504
      vertex 161.6 6 34.2528
    endloop
  endfacet
  facet normal 0 1 -0
    outer loop
      vertex 132.6 6 117.389
      vertex 123.1 6 121.142
      vertex 139.1 6 121.142
    endloop
  endfacet
  facet normal 0 1 0
    outer loop
      vertex 132.6 6 117.389
      vertex 129.6 6 117.389
      vertex 123.1 6 121.142
    endloop
  endfacet
  facet normal 0 1 -0
    outer loop
      vertex 132.6 6 109.883
      vertex 129.6 6 117.389
      vertex 132.6 6 117.389
    endloop
  endfacet
  facet normal 0 1 0
    outer loop
      vertex 132.6 6 109.883
      vertex 129.6 6 109.883
      vertex 129.6 6 117.389
    endloop
  endfacet
  facet normal 0 1 0
    outer loop
      vertex 132.6 6 109.883
      vertex 131.1 6 107.286
      vertex 129.6 6 109.883
    endloop
  endfacet
  facet normal 0 1 0
    outer loop
      vertex 139.1 6 106.13
      vertex 131.1 6 107.286
      vertex 132.6 6 109.883
    endloop
  endfacet
  facet normal 0 1 0
    outer loop
      vertex 137.6 6 103.533
      vertex 139.1 6 106.13
      vertex 140.6 6 103.533
    endloop
  endfacet
  facet normal 0 1 0
    outer loop
      vertex 139.1 6 106.13
      vertex 137.6 6 103.533
      vertex 131.1 6 107.286
    endloop
  endfacet
  facet normal 0 1 -0
    outer loop
      vertex 140.6 6 96.0272
      vertex 137.6 6 103.533
      vertex 140.6 6 103.533
    endloop
  endfacet
  facet normal 0 1 0
    outer loop
      vertex 140.6 6 96.0272
      vertex 137.6 6 96.0272
      vertex 137.6 6 103.533
    endloop
  endfacet
  facet normal 0 1 0
    outer loop
      vertex 140.6 6 96.0272
      vertex 139.1 6 93.4296
      vertex 137.6 6 96.0272
    endloop
  endfacet
  facet normal 0 1 0
    outer loop
      vertex 147.1 6 92.2744
      vertex 139.1 6 93.4296
      vertex 140.6 6 96.0272
    endloop
  endfacet
  facet normal 0 1 0
    outer loop
      vertex 145.6 6 89.6768
      vertex 147.1 6 92.2744
      vertex 148.6 6 89.6768
    endloop
  endfacet
  facet normal 0 1 0
    outer loop
      vertex 147.1 6 92.2744
      vertex 145.6 6 89.6768
      vertex 139.1 6 93.4296
    endloop
  endfacet
  facet normal 0 1 -0
    outer loop
      vertex 148.6 6 82.1712
      vertex 145.6 6 89.6768
      vertex 148.6 6 89.6768
    endloop
  endfacet
  facet normal 0 1 0
    outer loop
      vertex 148.6 6 82.1712
      vertex 145.6 6 82.1712
      vertex 145.6 6 89.6768
    endloop
  endfacet
  facet normal 0 1 0
    outer loop
      vertex 148.6 6 82.1712
      vertex 147.1 6 79.5736
      vertex 145.6 6 82.1712
    endloop
  endfacet
  facet normal 0 1 0
    outer loop
      vertex 155.1 6 78.4184
      vertex 147.1 6 79.5736
      vertex 148.6 6 82.1712
    endloop
  endfacet
  facet normal 0 1 0
    outer loop
      vertex 153.6 6 75.8208
      vertex 155.1 6 78.4184
      vertex 156.6 6 75.8208
    endloop
  endfacet
  facet normal 0 1 0
    outer loop
      vertex 155.1 6 78.4184
      vertex 153.6 6 75.8208
      vertex 147.1 6 79.5736
    endloop
  endfacet
  facet normal 0 1 -0
    outer loop
      vertex 156.6 6 68.3152
      vertex 153.6 6 75.8208
      vertex 156.6 6 75.8208
    endloop
  endfacet
  facet normal 0 1 0
    outer loop
      vertex 156.6 6 68.3152
      vertex 153.6 6 68.3152
      vertex 153.6 6 75.8208
    endloop
  endfacet
  facet normal 0 1 0
    outer loop
      vertex 156.6 6 68.3152
      vertex 155.1 6 65.7176
      vertex 153.6 6 68.3152
    endloop
  endfacet
  facet normal 0 1 0
    outer loop
      vertex 163.1 6 64.5624
      vertex 155.1 6 65.7176
      vertex 156.6 6 68.3152
    endloop
  endfacet
  facet normal 0 1 0
    outer loop
      vertex 155.1 6 65.7176
      vertex 163.1 6 64.5624
      vertex 161.6 6 61.9648
    endloop
  endfacet
  facet normal 0 1 -0
    outer loop
      vertex 148.6 6 117.389
      vertex 139.1 6 121.142
      vertex 155.1 6 121.142
    endloop
  endfacet
  facet normal 0 1 0
    outer loop
      vertex 148.6 6 117.389
      vertex 145.6 6 117.389
      vertex 139.1 6 121.142
    endloop
  endfacet
  facet normal 0 1 -0
    outer loop
      vertex 148.6 6 109.883
      vertex 145.6 6 117.389
      vertex 148.6 6 117.389
    endloop
  endfacet
  facet normal 0 1 0
    outer loop
      vertex 148.6 6 109.883
      vertex 145.6 6 109.883
      vertex 145.6 6 117.389
    endloop
  endfacet
  facet normal 0 1 0
    outer loop
      vertex 148.6 6 109.883
      vertex 147.1 6 107.286
      vertex 145.6 6 109.883
    endloop
  endfacet
  facet normal 0 1 0
    outer loop
      vertex 155.1 6 106.13
      vertex 147.1 6 107.286
      vertex 148.6 6 109.883
    endloop
  endfacet
  facet normal 0 1 0
    outer loop
      vertex 153.6 6 103.533
      vertex 155.1 6 106.13
      vertex 156.6 6 103.533
    endloop
  endfacet
  facet normal 0 1 0
    outer loop
      vertex 155.1 6 106.13
      vertex 153.6 6 103.533
      vertex 147.1 6 107.286
    endloop
  endfacet
  facet normal 0 1 -0
    outer loop
      vertex 156.6 6 96.0272
      vertex 153.6 6 103.533
      vertex 156.6 6 103.533
    endloop
  endfacet
  facet normal 0 1 0
    outer loop
      vertex 156.6 6 96.0272
      vertex 153.6 6 96.0272
      vertex 153.6 6 103.533
    endloop
  endfacet
  facet normal 0 1 0
    outer loop
      vertex 156.6 6 96.0272
      vertex 155.1 6 93.4296
      vertex 153.6 6 96.0272
    endloop
  endfacet
  facet normal 0 1 0
    outer loop
      vertex 163.1 6 92.2744
      vertex 155.1 6 93.4296
      vertex 156.6 6 96.0272
    endloop
  endfacet
  facet normal 0 1 0
    outer loop
      vertex 155.1 6 93.4296
      vertex 163.1 6 92.2744
      vertex 161.6 6 89.6768
    endloop
  endfacet
  facet normal 0 1 0
    outer loop
      vertex 139.1 6 121.142
      vertex 158.1 6 143.5
      vertex 155.1 6 121.142
    endloop
  endfacet
  facet normal 0 1 0
    outer loop
      vertex 174.1 6 143.5
      vertex 161.6 6 117.389
      vertex 155.1 6 121.142
    endloop
  endfacet
  facet normal 0 1 -0
    outer loop
      vertex 169.6 6 103.533
      vertex 161.6 6 117.389
      vertex 183.6 6 140
    endloop
  endfacet
  facet normal 0 1 0
    outer loop
      vertex 161.6 6 117.389
      vertex 169.6 6 103.533
      vertex 161.6 6 109.883
    endloop
  endfacet
  facet normal 0 1 0
    outer loop
      vertex 161.6 6 109.883
      vertex 169.6 6 103.533
      vertex 163.1 6 107.286
    endloop
  endfacet
  facet normal 0 1 0
    outer loop
      vertex 183.6 6 140
      vertex 169.6 6 96.0272
      vertex 169.6 6 103.533
    endloop
  endfacet
  facet normal 0 1 0
    outer loop
      vertex 169.6 6 96.0272
      vertex 161.6 6 89.6768
      vertex 163.1 6 92.2744
    endloop
  endfacet
  facet normal 0 1 0
    outer loop
      vertex 169.6 6 96.0272
      vertex 161.6 6 82.1712
      vertex 161.6 6 89.6768
    endloop
  endfacet
  facet normal 0 1 0
    outer loop
      vertex 169.6 6 96.0272
      vertex 163.1 6 79.5736
      vertex 161.6 6 82.1712
    endloop
  endfacet
  facet normal 0 1 0
    outer loop
      vertex 169.6 6 96.0272
      vertex 169.6 6 75.8208
      vertex 163.1 6 79.5736
    endloop
  endfacet
  facet normal 0 1 0
    outer loop
      vertex 183.6 6 140
      vertex 169.6 6 75.8208
      vertex 169.6 6 96.0272
    endloop
  endfacet
  facet normal 0 1 -0
    outer loop
      vertex 183.6 6 16
      vertex 169.6 6 75.8208
      vertex 183.6 6 140
    endloop
  endfacet
  facet normal 0 1 0
    outer loop
      vertex 169.6 6 68.3152
      vertex 161.6 6 61.9648
      vertex 163.1 6 64.5624
    endloop
  endfacet
  facet normal 0 1 0
    outer loop
      vertex 169.6 6 68.3152
      vertex 161.6 6 54.4592
      vertex 161.6 6 61.9648
    endloop
  endfacet
  facet normal 0 1 0
    outer loop
      vertex 169.6 6 68.3152
      vertex 163.1 6 51.8616
      vertex 161.6 6 54.4592
    endloop
  endfacet
  facet normal 0 1 0
    outer loop
      vertex 169.6 6 68.3152
      vertex 169.6 6 48.1088
      vertex 163.1 6 51.8616
    endloop
  endfacet
  facet normal 0 1 0
    outer loop
      vertex 169.6 6 75.8208
      vertex 183.6 6 16
      vertex 169.6 6 68.3152
    endloop
  endfacet
  facet normal 0 1 0
    outer loop
      vertex 169.6 6 68.3152
      vertex 183.6 6 16
      vertex 169.6 6 48.1088
    endloop
  endfacet
  facet normal 0 1 0
    outer loop
      vertex 169.6 6 40.6032
      vertex 161.6 6 34.2528
      vertex 163.1 6 36.8504
    endloop
  endfacet
  facet normal 0 1 0
    outer loop
      vertex 169.6 6 40.6032
      vertex 161.6 6 26.7472
      vertex 161.6 6 34.2528
    endloop
  endfacet
  facet normal 0 1 0
    outer loop
      vertex 145.6 6 26.7472
      vertex 144.85 6 17
      vertex 139.1 6 22.9944
    endloop
  endfacet
  facet normal 0 1 0
    outer loop
      vertex 131.35 6 17
      vertex 139.1 6 22.9944
      vertex 144.85 6 17
    endloop
  endfacet
  facet normal 0 1 0
    outer loop
      vertex 129.6 6 26.7472
      vertex 131.35 6 17
      vertex 123.1 6 22.9944
    endloop
  endfacet
  facet normal 0 1 0
    outer loop
      vertex 183.6 6 16
      vertex 155.1 6 22.9944
      vertex 161.6 6 26.7472
    endloop
  endfacet
  facet normal 0 1 0
    outer loop
      vertex 169.6 6 48.1088
      vertex 183.6 6 16
      vertex 169.6 6 40.6032
    endloop
  endfacet
  facet normal 0 1 0
    outer loop
      vertex 183.6 6 16
      vertex 161.6 6 26.7472
      vertex 169.6 6 40.6032
    endloop
  endfacet
  facet normal 0 1 0
    outer loop
      vertex 155.1 6 22.9944
      vertex 183.6 6 16
      vertex 144.85 6 16
    endloop
  endfacet
  facet normal 0 1 0
    outer loop
      vertex 155.1 6 22.9944
      vertex 144.85 6 16
      vertex 144.85 6 17
    endloop
  endfacet
  facet normal 0 1 0
    outer loop
      vertex 123.1 6 121.142
      vertex 158.1 6 143.5
      vertex 139.1 6 121.142
    endloop
  endfacet
  facet normal 0 1 0
    outer loop
      vertex 158.1 6 143.5
      vertex 123.1 6 121.142
      vertex 92.6 6 140
    endloop
  endfacet
  facet normal 0 1 -0
    outer loop
      vertex 107.1 6 121.142
      vertex 92.6 6 140
      vertex 123.1 6 121.142
    endloop
  endfacet
  facet normal 0 1 -0
    outer loop
      vertex 100.6 6 117.389
      vertex 92.6 6 140
      vertex 107.1 6 121.142
    endloop
  endfacet
  facet normal 0 1 -0
    outer loop
      vertex 100.6 6 109.883
      vertex 92.6 6 140
      vertex 100.6 6 117.389
    endloop
  endfacet
  facet normal 0 1 0
    outer loop
      vertex 108.6 6 103.533
      vertex 100.6 6 109.883
      vertex 107.1 6 106.13
    endloop
  endfacet
  facet normal 0 1 -0
    outer loop
      vertex 108.6 6 96.0272
      vertex 100.6 6 109.883
      vertex 108.6 6 103.533
    endloop
  endfacet
  facet normal 0 1 -0
    outer loop
      vertex 107.1 6 93.4296
      vertex 100.6 6 109.883
      vertex 108.6 6 96.0272
    endloop
  endfacet
  facet normal 0 1 0
    outer loop
      vertex 100.6 6 89.6768
      vertex 100.6 6 109.883
      vertex 107.1 6 93.4296
    endloop
  endfacet
  facet normal 0 1 -0
    outer loop
      vertex 100.6 6 89.6768
      vertex 92.6 6 140
      vertex 100.6 6 109.883
    endloop
  endfacet
  facet normal 0 1 -0
    outer loop
      vertex 100.6 6 82.1712
      vertex 92.6 6 140
      vertex 100.6 6 89.6768
    endloop
  endfacet
  facet normal 0 1 0
    outer loop
      vertex 108.6 6 75.8208
      vertex 100.6 6 82.1712
      vertex 107.1 6 78.4184
    endloop
  endfacet
  facet normal 0 1 -0
    outer loop
      vertex 108.6 6 68.3152
      vertex 100.6 6 82.1712
      vertex 108.6 6 75.8208
    endloop
  endfacet
  facet normal 0 1 -0
    outer loop
      vertex 107.1 6 65.7176
      vertex 100.6 6 82.1712
      vertex 108.6 6 68.3152
    endloop
  endfacet
  facet normal 0 1 0
    outer loop
      vertex 100.6 6 61.9648
      vertex 100.6 6 82.1712
      vertex 107.1 6 65.7176
    endloop
  endfacet
  facet normal 0 1 0
    outer loop
      vertex 92.6 6 16
      vertex 100.6 6 82.1712
      vertex 100.6 6 61.9648
    endloop
  endfacet
  facet normal 0 1 0
    outer loop
      vertex 92.6 6 16
      vertex 100.6 6 61.9648
      vertex 100.6 6 54.4592
    endloop
  endfacet
  facet normal 0 1 0
    outer loop
      vertex 108.6 6 48.1088
      vertex 100.6 6 54.4592
      vertex 107.1 6 50.7064
    endloop
  endfacet
  facet normal 0 1 -0
    outer loop
      vertex 108.6 6 40.6032
      vertex 100.6 6 54.4592
      vertex 108.6 6 48.1088
    endloop
  endfacet
  facet normal 0 1 -0
    outer loop
      vertex 107.1 6 38.0056
      vertex 100.6 6 54.4592
      vertex 108.6 6 40.6032
    endloop
  endfacet
  facet normal 0 1 0
    outer loop
      vertex 100.6 6 34.2528
      vertex 100.6 6 54.4592
      vertex 107.1 6 38.0056
    endloop
  endfacet
  facet normal 0 1 0
    outer loop
      vertex 92.6 6 16
      vertex 100.6 6 54.4592
      vertex 100.6 6 34.2528
    endloop
  endfacet
  facet normal 0 1 0
    outer loop
      vertex 92.6 6 16
      vertex 100.6 6 34.2528
      vertex 100.6 6 26.7472
    endloop
  endfacet
  facet normal 0 1 -0
    outer loop
      vertex 131.35 6 16
      vertex 123.1 6 22.9944
      vertex 131.35 6 17
    endloop
  endfacet
  facet normal 0 1 0
    outer loop
      vertex 123.1 6 22.9944
      vertex 131.35 6 16
      vertex 107.1 6 22.9944
    endloop
  endfacet
  facet normal 0 1 0
    outer loop
      vertex 100.6 6 82.1712
      vertex 92.6 6 16
      vertex 92.6 6 140
    endloop
  endfacet
  facet normal 0 1 0
    outer loop
      vertex 107.1 6 22.9944
      vertex 92.6 6 16
      vertex 100.6 6 26.7472
    endloop
  endfacet
  facet normal 0 1 0
    outer loop
      vertex 92.6 6 16
      vertex 107.1 6 22.9944
      vertex 131.35 6 16
    endloop
  endfacet
  facet normal 0 1 0
    outer loop
      vertex 163.1 6 107.286
      vertex 155.1 6 106.13
      vertex 161.6 6 109.883
    endloop
  endfacet
  facet normal -0 1 0
    outer loop
      vertex 155.1 6 106.13
      vertex 163.1 6 107.286
      vertex 156.6 6 103.533
    endloop
  endfacet
  facet normal 0 1 0
    outer loop
      vertex 147.1 6 107.286
      vertex 139.1 6 106.13
      vertex 145.6 6 109.883
    endloop
  endfacet
  facet normal -0 1 0
    outer loop
      vertex 139.1 6 106.13
      vertex 147.1 6 107.286
      vertex 140.6 6 103.533
    endloop
  endfacet
  facet normal 0 1 0
    outer loop
      vertex 131.1 6 107.286
      vertex 123.1 6 106.13
      vertex 129.6 6 109.883
    endloop
  endfacet
  facet normal -0 1 0
    outer loop
      vertex 123.1 6 106.13
      vertex 131.1 6 107.286
      vertex 124.6 6 103.533
    endloop
  endfacet
  facet normal 0 1 0
    outer loop
      vertex 115.1 6 107.286
      vertex 107.1 6 106.13
      vertex 113.6 6 109.883
    endloop
  endfacet
  facet normal -0 1 0
    outer loop
      vertex 107.1 6 106.13
      vertex 115.1 6 107.286
      vertex 108.6 6 103.533
    endloop
  endfacet
  facet normal 0 1 -0
    outer loop
      vertex 174.1 6 143.5
      vertex 164.1 6 146.5
      vertex 174.1 6 146.5
    endloop
  endfacet
  facet normal 0 1 0
    outer loop
      vertex 164.1 6 146.5
      vertex 174.1 6 143.5
      vertex 164.1 6 143.5
    endloop
  endfacet
  facet normal 0 1 0
    outer loop
      vertex 174.1 6 146.5
      vertex 187.6 6 152
      vertex 180.1 6 146.5
    endloop
  endfacet
  facet normal 0 1 -0
    outer loop
      vertex 187.6 6 140
      vertex 180.1 6 146.5
      vertex 187.6 6 152
    endloop
  endfacet
  facet normal 0 1 0
    outer loop
      vertex 183.6 6 140
      vertex 174.1 6 143.5
      vertex 180.1 6 143.5
    endloop
  endfacet
  facet normal 0 1 0
    outer loop
      vertex 161.6 6 117.389
      vertex 174.1 6 143.5
      vertex 183.6 6 140
    endloop
  endfacet
  facet normal 0 1 0
    outer loop
      vertex 180.1 6 146.5
      vertex 183.6 6 140
      vertex 180.1 6 143.5
    endloop
  endfacet
  facet normal 0 1 -0
    outer loop
      vertex 183.6 6 140
      vertex 180.1 6 146.5
      vertex 187.6 6 140
    endloop
  endfacet
  facet normal 0 1 0
    outer loop
      vertex 164.1 6 146.5
      vertex 187.6 6 152
      vertex 174.1 6 146.5
    endloop
  endfacet
  facet normal 0 1 0
    outer loop
      vertex 158.1 6 146.5
      vertex 187.6 6 152
      vertex 164.1 6 146.5
    endloop
  endfacet
  facet normal 0 1 0
    outer loop
      vertex 187.6 6 152
      vertex 158.1 6 146.5
      vertex 88.6 6 152
    endloop
  endfacet
  facet normal 0 1 0
    outer loop
      vertex 92.6 6 140
      vertex 158.1 6 146.5
      vertex 158.1 6 143.5
    endloop
  endfacet
  facet normal 0 1 0
    outer loop
      vertex 174.1 6 143.5
      vertex 155.1 6 121.142
      vertex 164.1 6 143.5
    endloop
  endfacet
  facet normal 0 1 0
    outer loop
      vertex 164.1 6 143.5
      vertex 155.1 6 121.142
      vertex 158.1 6 143.5
    endloop
  endfacet
  facet normal 0 1 0
    outer loop
      vertex 158.1 6 146.5
      vertex 92.6 6 140
      vertex 88.6 6 152
    endloop
  endfacet
  facet normal 0 1 0
    outer loop
      vertex 88.6 6 152
      vertex 92.6 6 140
      vertex 88.6 6 140
    endloop
  endfacet
  facet normal 0 1 -0
    outer loop
      vertex 144.85 6 16
      vertex 131.35 6 17
      vertex 144.85 6 17
    endloop
  endfacet
  facet normal 0 1 0
    outer loop
      vertex 144.85 6 16
      vertex 131.35 6 16
      vertex 131.35 6 17
    endloop
  endfacet
  facet normal 0 1 -0
    outer loop
      vertex 144.85 6 4
      vertex 131.35 6 16
      vertex 144.85 6 16
    endloop
  endfacet
  facet normal 0 1 0
    outer loop
      vertex 131.35 6 16
      vertex 144.85 6 4
      vertex 131.35 6 4
    endloop
  endfacet
  facet normal 0 -1 0
    outer loop
      vertex 107.1 2 38.0056
      vertex 115.1 2 36.8504
      vertex 108.6 2 40.6032
    endloop
  endfacet
  facet normal -0 -1 0
    outer loop
      vertex 115.1 2 36.8504
      vertex 107.1 2 38.0056
      vertex 113.6 2 34.2528
    endloop
  endfacet
  facet normal 0 -1 0
    outer loop
      vertex 123.1 2 38.0056
      vertex 131.1 2 36.8504
      vertex 124.6 2 40.6032
    endloop
  endfacet
  facet normal -0 -1 0
    outer loop
      vertex 131.1 2 36.8504
      vertex 123.1 2 38.0056
      vertex 129.6 2 34.2528
    endloop
  endfacet
  facet normal 0 -1 0
    outer loop
      vertex 139.1 2 38.0056
      vertex 147.1 2 36.8504
      vertex 140.6 2 40.6032
    endloop
  endfacet
  facet normal -0 -1 0
    outer loop
      vertex 147.1 2 36.8504
      vertex 139.1 2 38.0056
      vertex 145.6 2 34.2528
    endloop
  endfacet
  facet normal 0 -1 0
    outer loop
      vertex 155.1 2 38.0056
      vertex 163.1 2 36.8504
      vertex 156.6 2 40.6032
    endloop
  endfacet
  facet normal -0 -1 0
    outer loop
      vertex 163.1 2 36.8504
      vertex 155.1 2 38.0056
      vertex 161.6 2 34.2528
    endloop
  endfacet
  facet normal 0 -1 0
    outer loop
      vertex 107.1 2 65.7176
      vertex 115.1 2 64.5624
      vertex 108.6 2 68.3152
    endloop
  endfacet
  facet normal -0 -1 0
    outer loop
      vertex 115.1 2 64.5624
      vertex 107.1 2 65.7176
      vertex 113.6 2 61.9648
    endloop
  endfacet
  facet normal 0 -1 0
    outer loop
      vertex 123.1 2 65.7176
      vertex 131.1 2 64.5624
      vertex 124.6 2 68.3152
    endloop
  endfacet
  facet normal -0 -1 0
    outer loop
      vertex 131.1 2 64.5624
      vertex 123.1 2 65.7176
      vertex 129.6 2 61.9648
    endloop
  endfacet
  facet normal 0 -1 0
    outer loop
      vertex 139.1 2 65.7176
      vertex 147.1 2 64.5624
      vertex 140.6 2 68.3152
    endloop
  endfacet
  facet normal -0 -1 0
    outer loop
      vertex 147.1 2 64.5624
      vertex 139.1 2 65.7176
      vertex 145.6 2 61.9648
    endloop
  endfacet
  facet normal 0 -1 0
    outer loop
      vertex 155.1 2 65.7176
      vertex 163.1 2 64.5624
      vertex 156.6 2 68.3152
    endloop
  endfacet
  facet normal -0 -1 0
    outer loop
      vertex 163.1 2 64.5624
      vertex 155.1 2 65.7176
      vertex 161.6 2 61.9648
    endloop
  endfacet
  facet normal 0 -1 0
    outer loop
      vertex 107.1 2 93.4296
      vertex 115.1 2 92.2744
      vertex 108.6 2 96.0272
    endloop
  endfacet
  facet normal -0 -1 0
    outer loop
      vertex 115.1 2 92.2744
      vertex 107.1 2 93.4296
      vertex 113.6 2 89.6768
    endloop
  endfacet
  facet normal 0 -1 0
    outer loop
      vertex 123.1 2 93.4296
      vertex 131.1 2 92.2744
      vertex 124.6 2 96.0272
    endloop
  endfacet
  facet normal -0 -1 0
    outer loop
      vertex 131.1 2 92.2744
      vertex 123.1 2 93.4296
      vertex 129.6 2 89.6768
    endloop
  endfacet
  facet normal 0 -1 0
    outer loop
      vertex 139.1 2 93.4296
      vertex 147.1 2 92.2744
      vertex 140.6 2 96.0272
    endloop
  endfacet
  facet normal -0 -1 0
    outer loop
      vertex 147.1 2 92.2744
      vertex 139.1 2 93.4296
      vertex 145.6 2 89.6768
    endloop
  endfacet
  facet normal 0 -1 0
    outer loop
      vertex 155.1 2 93.4296
      vertex 163.1 2 92.2744
      vertex 156.6 2 96.0272
    endloop
  endfacet
  facet normal -0 -1 0
    outer loop
      vertex 163.1 2 92.2744
      vertex 155.1 2 93.4296
      vertex 161.6 2 89.6768
    endloop
  endfacet
  facet normal 0 -1 0
    outer loop
      vertex 155.1 2 50.7064
      vertex 163.1 2 51.8616
      vertex 161.6 2 54.4592
    endloop
  endfacet
  facet normal 0 -1 0
    outer loop
      vertex 156.6 2 48.1088
      vertex 155.1 2 50.7064
      vertex 153.6 2 48.1088
    endloop
  endfacet
  facet normal 0 -1 0
    outer loop
      vertex 155.1 2 50.7064
      vertex 156.6 2 48.1088
      vertex 163.1 2 51.8616
    endloop
  endfacet
  facet normal 0 -1 0
    outer loop
      vertex 153.6 2 40.6032
      vertex 156.6 2 48.1088
      vertex 153.6 2 48.1088
    endloop
  endfacet
  facet normal 0 -1 0
    outer loop
      vertex 153.6 2 40.6032
      vertex 156.6 2 40.6032
      vertex 156.6 2 48.1088
    endloop
  endfacet
  facet normal 0 -1 0
    outer loop
      vertex 153.6 2 40.6032
      vertex 155.1 2 38.0056
      vertex 156.6 2 40.6032
    endloop
  endfacet
  facet normal 0 -1 0
    outer loop
      vertex 147.1 2 36.8504
      vertex 155.1 2 38.0056
      vertex 153.6 2 40.6032
    endloop
  endfacet
  facet normal 0 -1 0
    outer loop
      vertex 148.6 2 34.2528
      vertex 147.1 2 36.8504
      vertex 145.6 2 34.2528
    endloop
  endfacet
  facet normal 0 -1 0
    outer loop
      vertex 147.1 2 36.8504
      vertex 148.6 2 34.2528
      vertex 155.1 2 38.0056
    endloop
  endfacet
  facet normal 0 -1 0
    outer loop
      vertex 145.6 2 26.7472
      vertex 148.6 2 34.2528
      vertex 145.6 2 34.2528
    endloop
  endfacet
  facet normal 0 -1 0
    outer loop
      vertex 145.6 2 26.7472
      vertex 148.6 2 26.7472
      vertex 148.6 2 34.2528
    endloop
  endfacet
  facet normal 0 -1 0
    outer loop
      vertex 139.1 2 22.9944
      vertex 148.6 2 26.7472
      vertex 145.6 2 26.7472
    endloop
  endfacet
  facet normal 0 -1 -0
    outer loop
      vertex 148.6 2 26.7472
      vertex 139.1 2 22.9944
      vertex 155.1 2 22.9944
    endloop
  endfacet
  facet normal 0 -1 0
    outer loop
      vertex 115.1 2 51.8616
      vertex 123.1 2 50.7064
      vertex 116.6 2 54.4592
    endloop
  endfacet
  facet normal -0 -1 0
    outer loop
      vertex 123.1 2 50.7064
      vertex 115.1 2 51.8616
      vertex 121.6 2 48.1088
    endloop
  endfacet
  facet normal 0 -1 0
    outer loop
      vertex 131.1 2 51.8616
      vertex 139.1 2 50.7064
      vertex 132.6 2 54.4592
    endloop
  endfacet
  facet normal -0 -1 0
    outer loop
      vertex 139.1 2 50.7064
      vertex 131.1 2 51.8616
      vertex 137.6 2 48.1088
    endloop
  endfacet
  facet normal 0 -1 0
    outer loop
      vertex 147.1 2 51.8616
      vertex 155.1 2 50.7064
      vertex 148.6 2 54.4592
    endloop
  endfacet
  facet normal -0 -1 0
    outer loop
      vertex 155.1 2 50.7064
      vertex 147.1 2 51.8616
      vertex 153.6 2 48.1088
    endloop
  endfacet
  facet normal 0 -1 0
    outer loop
      vertex 155.1 2 78.4184
      vertex 163.1 2 79.5736
      vertex 161.6 2 82.1712
    endloop
  endfacet
  facet normal 0 -1 0
    outer loop
      vertex 156.6 2 75.8208
      vertex 155.1 2 78.4184
      vertex 153.6 2 75.8208
    endloop
  endfacet
  facet normal 0 -1 0
    outer loop
      vertex 155.1 2 78.4184
      vertex 156.6 2 75.8208
      vertex 163.1 2 79.5736
    endloop
  endfacet
  facet normal 0 -1 0
    outer loop
      vertex 153.6 2 68.3152
      vertex 156.6 2 75.8208
      vertex 153.6 2 75.8208
    endloop
  endfacet
  facet normal 0 -1 0
    outer loop
      vertex 153.6 2 68.3152
      vertex 156.6 2 68.3152
      vertex 156.6 2 75.8208
    endloop
  endfacet
  facet normal 0 -1 0
    outer loop
      vertex 153.6 2 68.3152
      vertex 155.1 2 65.7176
      vertex 156.6 2 68.3152
    endloop
  endfacet
  facet normal 0 -1 0
    outer loop
      vertex 147.1 2 64.5624
      vertex 155.1 2 65.7176
      vertex 153.6 2 68.3152
    endloop
  endfacet
  facet normal 0 -1 0
    outer loop
      vertex 148.6 2 61.9648
      vertex 147.1 2 64.5624
      vertex 145.6 2 61.9648
    endloop
  endfacet
  facet normal 0 -1 0
    outer loop
      vertex 147.1 2 64.5624
      vertex 148.6 2 61.9648
      vertex 155.1 2 65.7176
    endloop
  endfacet
  facet normal 0 -1 0
    outer loop
      vertex 145.6 2 54.4592
      vertex 148.6 2 61.9648
      vertex 145.6 2 61.9648
    endloop
  endfacet
  facet normal 0 -1 0
    outer loop
      vertex 145.6 2 54.4592
      vertex 148.6 2 54.4592
      vertex 148.6 2 61.9648
    endloop
  endfacet
  facet normal 0 -1 0
    outer loop
      vertex 145.6 2 54.4592
      vertex 147.1 2 51.8616
      vertex 148.6 2 54.4592
    endloop
  endfacet
  facet normal 0 -1 0
    outer loop
      vertex 139.1 2 50.7064
      vertex 147.1 2 51.8616
      vertex 145.6 2 54.4592
    endloop
  endfacet
  facet normal 0 -1 0
    outer loop
      vertex 140.6 2 48.1088
      vertex 139.1 2 50.7064
      vertex 137.6 2 48.1088
    endloop
  endfacet
  facet normal 0 -1 0
    outer loop
      vertex 139.1 2 50.7064
      vertex 140.6 2 48.1088
      vertex 147.1 2 51.8616
    endloop
  endfacet
  facet normal 0 -1 0
    outer loop
      vertex 137.6 2 40.6032
      vertex 140.6 2 48.1088
      vertex 137.6 2 48.1088
    endloop
  endfacet
  facet normal 0 -1 0
    outer loop
      vertex 137.6 2 40.6032
      vertex 140.6 2 40.6032
      vertex 140.6 2 48.1088
    endloop
  endfacet
  facet normal 0 -1 0
    outer loop
      vertex 137.6 2 40.6032
      vertex 139.1 2 38.0056
      vertex 140.6 2 40.6032
    endloop
  endfacet
  facet normal 0 -1 0
    outer loop
      vertex 131.1 2 36.8504
      vertex 139.1 2 38.0056
      vertex 137.6 2 40.6032
    endloop
  endfacet
  facet normal 0 -1 0
    outer loop
      vertex 132.6 2 34.2528
      vertex 131.1 2 36.8504
      vertex 129.6 2 34.2528
    endloop
  endfacet
  facet normal 0 -1 0
    outer loop
      vertex 131.1 2 36.8504
      vertex 132.6 2 34.2528
      vertex 139.1 2 38.0056
    endloop
  endfacet
  facet normal 0 -1 0
    outer loop
      vertex 129.6 2 26.7472
      vertex 132.6 2 34.2528
      vertex 129.6 2 34.2528
    endloop
  endfacet
  facet normal 0 -1 0
    outer loop
      vertex 129.6 2 26.7472
      vertex 132.6 2 26.7472
      vertex 132.6 2 34.2528
    endloop
  endfacet
  facet normal 0 -1 0
    outer loop
      vertex 123.1 2 22.9944
      vertex 132.6 2 26.7472
      vertex 129.6 2 26.7472
    endloop
  endfacet
  facet normal 0 -1 -0
    outer loop
      vertex 132.6 2 26.7472
      vertex 123.1 2 22.9944
      vertex 139.1 2 22.9944
    endloop
  endfacet
  facet normal 0 -1 0
    outer loop
      vertex 115.1 2 79.5736
      vertex 123.1 2 78.4184
      vertex 116.6 2 82.1712
    endloop
  endfacet
  facet normal -0 -1 0
    outer loop
      vertex 123.1 2 78.4184
      vertex 115.1 2 79.5736
      vertex 121.6 2 75.8208
    endloop
  endfacet
  facet normal 0 -1 0
    outer loop
      vertex 131.1 2 79.5736
      vertex 139.1 2 78.4184
      vertex 132.6 2 82.1712
    endloop
  endfacet
  facet normal -0 -1 0
    outer loop
      vertex 139.1 2 78.4184
      vertex 131.1 2 79.5736
      vertex 137.6 2 75.8208
    endloop
  endfacet
  facet normal 0 -1 0
    outer loop
      vertex 147.1 2 79.5736
      vertex 155.1 2 78.4184
      vertex 148.6 2 82.1712
    endloop
  endfacet
  facet normal -0 -1 0
    outer loop
      vertex 155.1 2 78.4184
      vertex 147.1 2 79.5736
      vertex 153.6 2 75.8208
    endloop
  endfacet
  facet normal 0 -1 0
    outer loop
      vertex 155.1 2 106.13
      vertex 163.1 2 107.286
      vertex 161.6 2 109.883
    endloop
  endfacet
  facet normal 0 -1 0
    outer loop
      vertex 156.6 2 103.533
      vertex 155.1 2 106.13
      vertex 153.6 2 103.533
    endloop
  endfacet
  facet normal 0 -1 0
    outer loop
      vertex 155.1 2 106.13
      vertex 156.6 2 103.533
      vertex 163.1 2 107.286
    endloop
  endfacet
  facet normal 0 -1 0
    outer loop
      vertex 153.6 2 96.0272
      vertex 156.6 2 103.533
      vertex 153.6 2 103.533
    endloop
  endfacet
  facet normal 0 -1 0
    outer loop
      vertex 153.6 2 96.0272
      vertex 156.6 2 96.0272
      vertex 156.6 2 103.533
    endloop
  endfacet
  facet normal 0 -1 0
    outer loop
      vertex 153.6 2 96.0272
      vertex 155.1 2 93.4296
      vertex 156.6 2 96.0272
    endloop
  endfacet
  facet normal 0 -1 0
    outer loop
      vertex 147.1 2 92.2744
      vertex 155.1 2 93.4296
      vertex 153.6 2 96.0272
    endloop
  endfacet
  facet normal 0 -1 0
    outer loop
      vertex 148.6 2 89.6768
      vertex 147.1 2 92.2744
      vertex 145.6 2 89.6768
    endloop
  endfacet
  facet normal 0 -1 0
    outer loop
      vertex 147.1 2 92.2744
      vertex 148.6 2 89.6768
      vertex 155.1 2 93.4296
    endloop
  endfacet
  facet normal 0 -1 0
    outer loop
      vertex 145.6 2 82.1712
      vertex 148.6 2 89.6768
      vertex 145.6 2 89.6768
    endloop
  endfacet
  facet normal 0 -1 0
    outer loop
      vertex 145.6 2 82.1712
      vertex 148.6 2 82.1712
      vertex 148.6 2 89.6768
    endloop
  endfacet
  facet normal 0 -1 0
    outer loop
      vertex 145.6 2 82.1712
      vertex 147.1 2 79.5736
      vertex 148.6 2 82.1712
    endloop
  endfacet
  facet normal 0 -1 0
    outer loop
      vertex 139.1 2 78.4184
      vertex 147.1 2 79.5736
      vertex 145.6 2 82.1712
    endloop
  endfacet
  facet normal 0 -1 0
    outer loop
      vertex 140.6 2 75.8208
      vertex 139.1 2 78.4184
      vertex 137.6 2 75.8208
    endloop
  endfacet
  facet normal 0 -1 0
    outer loop
      vertex 139.1 2 78.4184
      vertex 140.6 2 75.8208
      vertex 147.1 2 79.5736
    endloop
  endfacet
  facet normal 0 -1 0
    outer loop
      vertex 137.6 2 68.3152
      vertex 140.6 2 75.8208
      vertex 137.6 2 75.8208
    endloop
  endfacet
  facet normal 0 -1 0
    outer loop
      vertex 137.6 2 68.3152
      vertex 140.6 2 68.3152
      vertex 140.6 2 75.8208
    endloop
  endfacet
  facet normal 0 -1 0
    outer loop
      vertex 137.6 2 68.3152
      vertex 139.1 2 65.7176
      vertex 140.6 2 68.3152
    endloop
  endfacet
  facet normal 0 -1 0
    outer loop
      vertex 131.1 2 64.5624
      vertex 139.1 2 65.7176
      vertex 137.6 2 68.3152
    endloop
  endfacet
  facet normal 0 -1 0
    outer loop
      vertex 132.6 2 61.9648
      vertex 131.1 2 64.5624
      vertex 129.6 2 61.9648
    endloop
  endfacet
  facet normal 0 -1 0
    outer loop
      vertex 131.1 2 64.5624
      vertex 132.6 2 61.9648
      vertex 139.1 2 65.7176
    endloop
  endfacet
  facet normal 0 -1 0
    outer loop
      vertex 129.6 2 54.4592
      vertex 132.6 2 61.9648
      vertex 129.6 2 61.9648
    endloop
  endfacet
  facet normal 0 -1 0
    outer loop
      vertex 129.6 2 54.4592
      vertex 132.6 2 54.4592
      vertex 132.6 2 61.9648
    endloop
  endfacet
  facet normal 0 -1 0
    outer loop
      vertex 129.6 2 54.4592
      vertex 131.1 2 51.8616
      vertex 132.6 2 54.4592
    endloop
  endfacet
  facet normal 0 -1 0
    outer loop
      vertex 123.1 2 50.7064
      vertex 131.1 2 51.8616
      vertex 129.6 2 54.4592
    endloop
  endfacet
  facet normal 0 -1 0
    outer loop
      vertex 124.6 2 48.1088
      vertex 123.1 2 50.7064
      vertex 121.6 2 48.1088
    endloop
  endfacet
  facet normal 0 -1 0
    outer loop
      vertex 123.1 2 50.7064
      vertex 124.6 2 48.1088
      vertex 131.1 2 51.8616
    endloop
  endfacet
  facet normal 0 -1 0
    outer loop
      vertex 121.6 2 40.6032
      vertex 124.6 2 48.1088
      vertex 121.6 2 48.1088
    endloop
  endfacet
  facet normal 0 -1 0
    outer loop
      vertex 121.6 2 40.6032
      vertex 124.6 2 40.6032
      vertex 124.6 2 48.1088
    endloop
  endfacet
  facet normal 0 -1 0
    outer loop
      vertex 121.6 2 40.6032
      vertex 123.1 2 38.0056
      vertex 124.6 2 40.6032
    endloop
  endfacet
  facet normal 0 -1 0
    outer loop
      vertex 115.1 2 36.8504
      vertex 123.1 2 38.0056
      vertex 121.6 2 40.6032
    endloop
  endfacet
  facet normal 0 -1 0
    outer loop
      vertex 116.6 2 34.2528
      vertex 115.1 2 36.8504
      vertex 113.6 2 34.2528
    endloop
  endfacet
  facet normal 0 -1 0
    outer loop
      vertex 115.1 2 36.8504
      vertex 116.6 2 34.2528
      vertex 123.1 2 38.0056
    endloop
  endfacet
  facet normal 0 -1 0
    outer loop
      vertex 113.6 2 26.7472
      vertex 116.6 2 34.2528
      vertex 113.6 2 34.2528
    endloop
  endfacet
  facet normal 0 -1 0
    outer loop
      vertex 113.6 2 26.7472
      vertex 116.6 2 26.7472
      vertex 116.6 2 34.2528
    endloop
  endfacet
  facet normal 0 -1 0
    outer loop
      vertex 107.1 2 22.9944
      vertex 116.6 2 26.7472
      vertex 113.6 2 26.7472
    endloop
  endfacet
  facet normal 0 -1 -0
    outer loop
      vertex 116.6 2 26.7472
      vertex 107.1 2 22.9944
      vertex 123.1 2 22.9944
    endloop
  endfacet
  facet normal 0 -1 0
    outer loop
      vertex 145.6 2 117.389
      vertex 155.1 2 121.142
      vertex 139.1 2 121.142
    endloop
  endfacet
  facet normal 0 -1 0
    outer loop
      vertex 145.6 2 117.389
      vertex 148.6 2 117.389
      vertex 155.1 2 121.142
    endloop
  endfacet
  facet normal 0 -1 0
    outer loop
      vertex 145.6 2 109.883
      vertex 148.6 2 117.389
      vertex 145.6 2 117.389
    endloop
  endfacet
  facet normal 0 -1 0
    outer loop
      vertex 145.6 2 109.883
      vertex 148.6 2 109.883
      vertex 148.6 2 117.389
    endloop
  endfacet
  facet normal 0 -1 0
    outer loop
      vertex 145.6 2 109.883
      vertex 147.1 2 107.286
      vertex 148.6 2 109.883
    endloop
  endfacet
  facet normal 0 -1 0
    outer loop
      vertex 139.1 2 106.13
      vertex 147.1 2 107.286
      vertex 145.6 2 109.883
    endloop
  endfacet
  facet normal 0 -1 0
    outer loop
      vertex 140.6 2 103.533
      vertex 139.1 2 106.13
      vertex 137.6 2 103.533
    endloop
  endfacet
  facet normal 0 -1 0
    outer loop
      vertex 139.1 2 106.13
      vertex 140.6 2 103.533
      vertex 147.1 2 107.286
    endloop
  endfacet
  facet normal 0 -1 0
    outer loop
      vertex 137.6 2 96.0272
      vertex 140.6 2 103.533
      vertex 137.6 2 103.533
    endloop
  endfacet
  facet normal 0 -1 0
    outer loop
      vertex 137.6 2 96.0272
      vertex 140.6 2 96.0272
      vertex 140.6 2 103.533
    endloop
  endfacet
  facet normal 0 -1 0
    outer loop
      vertex 137.6 2 96.0272
      vertex 139.1 2 93.4296
      vertex 140.6 2 96.0272
    endloop
  endfacet
  facet normal 0 -1 0
    outer loop
      vertex 131.1 2 92.2744
      vertex 139.1 2 93.4296
      vertex 137.6 2 96.0272
    endloop
  endfacet
  facet normal 0 -1 0
    outer loop
      vertex 132.6 2 89.6768
      vertex 131.1 2 92.2744
      vertex 129.6 2 89.6768
    endloop
  endfacet
  facet normal 0 -1 0
    outer loop
      vertex 131.1 2 92.2744
      vertex 132.6 2 89.6768
      vertex 139.1 2 93.4296
    endloop
  endfacet
  facet normal 0 -1 0
    outer loop
      vertex 129.6 2 82.1712
      vertex 132.6 2 89.6768
      vertex 129.6 2 89.6768
    endloop
  endfacet
  facet normal 0 -1 0
    outer loop
      vertex 129.6 2 82.1712
      vertex 132.6 2 82.1712
      vertex 132.6 2 89.6768
    endloop
  endfacet
  facet normal 0 -1 0
    outer loop
      vertex 129.6 2 82.1712
      vertex 131.1 2 79.5736
      vertex 132.6 2 82.1712
    endloop
  endfacet
  facet normal 0 -1 0
    outer loop
      vertex 123.1 2 78.4184
      vertex 131.1 2 79.5736
      vertex 129.6 2 82.1712
    endloop
  endfacet
  facet normal 0 -1 0
    outer loop
      vertex 124.6 2 75.8208
      vertex 123.1 2 78.4184
      vertex 121.6 2 75.8208
    endloop
  endfacet
  facet normal 0 -1 0
    outer loop
      vertex 123.1 2 78.4184
      vertex 124.6 2 75.8208
      vertex 131.1 2 79.5736
    endloop
  endfacet
  facet normal 0 -1 0
    outer loop
      vertex 121.6 2 68.3152
      vertex 124.6 2 75.8208
      vertex 121.6 2 75.8208
    endloop
  endfacet
  facet normal 0 -1 0
    outer loop
      vertex 121.6 2 68.3152
      vertex 124.6 2 68.3152
      vertex 124.6 2 75.8208
    endloop
  endfacet
  facet normal 0 -1 0
    outer loop
      vertex 121.6 2 68.3152
      vertex 123.1 2 65.7176
      vertex 124.6 2 68.3152
    endloop
  endfacet
  facet normal 0 -1 0
    outer loop
      vertex 115.1 2 64.5624
      vertex 123.1 2 65.7176
      vertex 121.6 2 68.3152
    endloop
  endfacet
  facet normal 0 -1 0
    outer loop
      vertex 116.6 2 61.9648
      vertex 115.1 2 64.5624
      vertex 113.6 2 61.9648
    endloop
  endfacet
  facet normal 0 -1 0
    outer loop
      vertex 115.1 2 64.5624
      vertex 116.6 2 61.9648
      vertex 123.1 2 65.7176
    endloop
  endfacet
  facet normal 0 -1 0
    outer loop
      vertex 113.6 2 54.4592
      vertex 116.6 2 61.9648
      vertex 113.6 2 61.9648
    endloop
  endfacet
  facet normal 0 -1 0
    outer loop
      vertex 113.6 2 54.4592
      vertex 116.6 2 54.4592
      vertex 116.6 2 61.9648
    endloop
  endfacet
  facet normal 0 -1 0
    outer loop
      vertex 113.6 2 54.4592
      vertex 115.1 2 51.8616
      vertex 116.6 2 54.4592
    endloop
  endfacet
  facet normal 0 -1 0
    outer loop
      vertex 107.1 2 50.7064
      vertex 115.1 2 51.8616
      vertex 113.6 2 54.4592
    endloop
  endfacet
  facet normal 0 -1 0
    outer loop
      vertex 115.1 2 51.8616
      vertex 107.1 2 50.7064
      vertex 108.6 2 48.1088
    endloop
  endfacet
  facet normal 0 -1 0
    outer loop
      vertex 129.6 2 117.389
      vertex 139.1 2 121.142
      vertex 123.1 2 121.142
    endloop
  endfacet
  facet normal 0 -1 0
    outer loop
      vertex 129.6 2 117.389
      vertex 132.6 2 117.389
      vertex 139.1 2 121.142
    endloop
  endfacet
  facet normal 0 -1 0
    outer loop
      vertex 129.6 2 109.883
      vertex 132.6 2 117.389
      vertex 129.6 2 117.389
    endloop
  endfacet
  facet normal 0 -1 0
    outer loop
      vertex 129.6 2 109.883
      vertex 132.6 2 109.883
      vertex 132.6 2 117.389
    endloop
  endfacet
  facet normal 0 -1 0
    outer loop
      vertex 129.6 2 109.883
      vertex 131.1 2 107.286
      vertex 132.6 2 109.883
    endloop
  endfacet
  facet normal 0 -1 0
    outer loop
      vertex 123.1 2 106.13
      vertex 131.1 2 107.286
      vertex 129.6 2 109.883
    endloop
  endfacet
  facet normal 0 -1 0
    outer loop
      vertex 124.6 2 103.533
      vertex 123.1 2 106.13
      vertex 121.6 2 103.533
    endloop
  endfacet
  facet normal 0 -1 0
    outer loop
      vertex 123.1 2 106.13
      vertex 124.6 2 103.533
      vertex 131.1 2 107.286
    endloop
  endfacet
  facet normal 0 -1 0
    outer loop
      vertex 121.6 2 96.0272
      vertex 124.6 2 103.533
      vertex 121.6 2 103.533
    endloop
  endfacet
  facet normal 0 -1 0
    outer loop
      vertex 121.6 2 96.0272
      vertex 124.6 2 96.0272
      vertex 124.6 2 103.533
    endloop
  endfacet
  facet normal 0 -1 0
    outer loop
      vertex 121.6 2 96.0272
      vertex 123.1 2 93.4296
      vertex 124.6 2 96.0272
    endloop
  endfacet
  facet normal 0 -1 0
    outer loop
      vertex 115.1 2 92.2744
      vertex 123.1 2 93.4296
      vertex 121.6 2 96.0272
    endloop
  endfacet
  facet normal 0 -1 0
    outer loop
      vertex 116.6 2 89.6768
      vertex 115.1 2 92.2744
      vertex 113.6 2 89.6768
    endloop
  endfacet
  facet normal 0 -1 0
    outer loop
      vertex 115.1 2 92.2744
      vertex 116.6 2 89.6768
      vertex 123.1 2 93.4296
    endloop
  endfacet
  facet normal 0 -1 0
    outer loop
      vertex 113.6 2 82.1712
      vertex 116.6 2 89.6768
      vertex 113.6 2 89.6768
    endloop
  endfacet
  facet normal 0 -1 0
    outer loop
      vertex 113.6 2 82.1712
      vertex 116.6 2 82.1712
      vertex 116.6 2 89.6768
    endloop
  endfacet
  facet normal 0 -1 0
    outer loop
      vertex 113.6 2 82.1712
      vertex 115.1 2 79.5736
      vertex 116.6 2 82.1712
    endloop
  endfacet
  facet normal 0 -1 0
    outer loop
      vertex 107.1 2 78.4184
      vertex 115.1 2 79.5736
      vertex 113.6 2 82.1712
    endloop
  endfacet
  facet normal 0 -1 0
    outer loop
      vertex 115.1 2 79.5736
      vertex 107.1 2 78.4184
      vertex 108.6 2 75.8208
    endloop
  endfacet
  facet normal 0 -1 0
    outer loop
      vertex 113.6 2 117.389
      vertex 123.1 2 121.142
      vertex 107.1 2 121.142
    endloop
  endfacet
  facet normal 0 -1 0
    outer loop
      vertex 113.6 2 117.389
      vertex 116.6 2 117.389
      vertex 123.1 2 121.142
    endloop
  endfacet
  facet normal 0 -1 0
    outer loop
      vertex 113.6 2 109.883
      vertex 116.6 2 117.389
      vertex 113.6 2 117.389
    endloop
  endfacet
  facet normal 0 -1 0
    outer loop
      vertex 113.6 2 109.883
      vertex 116.6 2 109.883
      vertex 116.6 2 117.389
    endloop
  endfacet
  facet normal 0 -1 0
    outer loop
      vertex 113.6 2 109.883
      vertex 115.1 2 107.286
      vertex 116.6 2 109.883
    endloop
  endfacet
  facet normal 0 -1 0
    outer loop
      vertex 107.1 2 106.13
      vertex 115.1 2 107.286
      vertex 113.6 2 109.883
    endloop
  endfacet
  facet normal 0 -1 0
    outer loop
      vertex 115.1 2 107.286
      vertex 107.1 2 106.13
      vertex 108.6 2 103.533
    endloop
  endfacet
  facet normal 0 -1 0
    outer loop
      vertex 164.1 2 143.5
      vertex 174.1 2 146.5
      vertex 164.1 2 146.5
    endloop
  endfacet
  facet normal 0 -1 -0
    outer loop
      vertex 174.1 2 146.5
      vertex 164.1 2 143.5
      vertex 174.1 2 143.5
    endloop
  endfacet
  facet normal 0 -1 0
    outer loop
      vertex 88.6 2 152
      vertex 158.1 2 146.5
      vertex 187.6 2 152
    endloop
  endfacet
  facet normal 0 -1 0
    outer loop
      vertex 123.1 2 121.142
      vertex 158.1 2 146.5
      vertex 88.6 2 152
    endloop
  endfacet
  facet normal 0 -1 0
    outer loop
      vertex 155.1 2 121.142
      vertex 164.1 2 143.5
      vertex 158.1 2 143.5
    endloop
  endfacet
  facet normal 0 -1 -0
    outer loop
      vertex 164.1 2 143.5
      vertex 161.6 2 117.389
      vertex 174.1 2 143.5
    endloop
  endfacet
  facet normal 0 -1 0
    outer loop
      vertex 139.1 2 121.142
      vertex 158.1 2 146.5
      vertex 123.1 2 121.142
    endloop
  endfacet
  facet normal 0 -1 0
    outer loop
      vertex 123.1 2 121.142
      vertex 88.6 2 152
      vertex 107.1 2 121.142
    endloop
  endfacet
  facet normal 0 -1 0
    outer loop
      vertex 88.6 2 152
      vertex 100.6 2 117.389
      vertex 107.1 2 121.142
    endloop
  endfacet
  facet normal 0 -1 0
    outer loop
      vertex 88.6 2 152
      vertex 100.6 2 109.883
      vertex 100.6 2 117.389
    endloop
  endfacet
  facet normal 0 -1 0
    outer loop
      vertex 100.6 2 109.883
      vertex 108.6 2 103.533
      vertex 107.1 2 106.13
    endloop
  endfacet
  facet normal 0 -1 0
    outer loop
      vertex 100.6 2 109.883
      vertex 108.6 2 96.0272
      vertex 108.6 2 103.533
    endloop
  endfacet
  facet normal 0 -1 0
    outer loop
      vertex 100.6 2 109.883
      vertex 107.1 2 93.4296
      vertex 108.6 2 96.0272
    endloop
  endfacet
  facet normal 0 -1 0
    outer loop
      vertex 100.6 2 109.883
      vertex 100.6 2 89.6768
      vertex 107.1 2 93.4296
    endloop
  endfacet
  facet normal 0 -1 0
    outer loop
      vertex 88.6 2 152
      vertex 100.6 2 89.6768
      vertex 100.6 2 109.883
    endloop
  endfacet
  facet normal 0 -1 0
    outer loop
      vertex 88.6 2 152
      vertex 100.6 2 82.1712
      vertex 100.6 2 89.6768
    endloop
  endfacet
  facet normal 0 -1 0
    outer loop
      vertex 100.6 2 82.1712
      vertex 108.6 2 75.8208
      vertex 107.1 2 78.4184
    endloop
  endfacet
  facet normal 0 -1 0
    outer loop
      vertex 100.6 2 82.1712
      vertex 108.6 2 68.3152
      vertex 108.6 2 75.8208
    endloop
  endfacet
  facet normal 0 -1 0
    outer loop
      vertex 100.6 2 82.1712
      vertex 107.1 2 65.7176
      vertex 108.6 2 68.3152
    endloop
  endfacet
  facet normal 0 -1 0
    outer loop
      vertex 100.6 2 82.1712
      vertex 100.6 2 61.9648
      vertex 107.1 2 65.7176
    endloop
  endfacet
  facet normal 0 -1 0
    outer loop
      vertex 88.6 2 4
      vertex 100.6 2 82.1712
      vertex 88.6 2 152
    endloop
  endfacet
  facet normal 0 -1 -0
    outer loop
      vertex 100.6 2 82.1712
      vertex 88.6 2 4
      vertex 100.6 2 61.9648
    endloop
  endfacet
  facet normal 0 -1 0
    outer loop
      vertex 100.6 2 54.4592
      vertex 108.6 2 48.1088
      vertex 107.1 2 50.7064
    endloop
  endfacet
  facet normal 0 -1 0
    outer loop
      vertex 100.6 2 54.4592
      vertex 108.6 2 40.6032
      vertex 108.6 2 48.1088
    endloop
  endfacet
  facet normal 0 -1 0
    outer loop
      vertex 100.6 2 54.4592
      vertex 107.1 2 38.0056
      vertex 108.6 2 40.6032
    endloop
  endfacet
  facet normal 0 -1 0
    outer loop
      vertex 100.6 2 54.4592
      vertex 100.6 2 34.2528
      vertex 107.1 2 38.0056
    endloop
  endfacet
  facet normal 0 -1 -0
    outer loop
      vertex 100.6 2 61.9648
      vertex 88.6 2 4
      vertex 100.6 2 54.4592
    endloop
  endfacet
  facet normal 0 -1 -0
    outer loop
      vertex 100.6 2 54.4592
      vertex 88.6 2 4
      vertex 100.6 2 34.2528
    endloop
  endfacet
  facet normal 0 -1 0
    outer loop
      vertex 88.6 2 4
      vertex 123.1 2 22.9944
      vertex 107.1 2 22.9944
    endloop
  endfacet
  facet normal 0 -1 -0
    outer loop
      vertex 123.1 2 22.9944
      vertex 88.6 2 4
      vertex 139.1 2 22.9944
    endloop
  endfacet
  facet normal 0 -1 0
    outer loop
      vertex 187.6 2 4
      vertex 139.1 2 22.9944
      vertex 88.6 2 4
    endloop
  endfacet
  facet normal 0 -1 -0
    outer loop
      vertex 100.6 2 26.7472
      vertex 88.6 2 4
      vertex 107.1 2 22.9944
    endloop
  endfacet
  facet normal 0 -1 -0
    outer loop
      vertex 100.6 2 34.2528
      vertex 88.6 2 4
      vertex 100.6 2 26.7472
    endloop
  endfacet
  facet normal 0 -1 0
    outer loop
      vertex 164.1 2 146.5
      vertex 187.6 2 152
      vertex 158.1 2 146.5
    endloop
  endfacet
  facet normal 0 -1 0
    outer loop
      vertex 174.1 2 146.5
      vertex 187.6 2 152
      vertex 164.1 2 146.5
    endloop
  endfacet
  facet normal 0 -1 0
    outer loop
      vertex 180.1 2 146.5
      vertex 187.6 2 152
      vertex 174.1 2 146.5
    endloop
  endfacet
  facet normal 0 -1 0
    outer loop
      vertex 180.1 2 143.5
      vertex 187.6 2 152
      vertex 180.1 2 146.5
    endloop
  endfacet
  facet normal 0 -1 -0
    outer loop
      vertex 158.1 2 146.5
      vertex 139.1 2 121.142
      vertex 158.1 2 143.5
    endloop
  endfacet
  facet normal 0 -1 0
    outer loop
      vertex 155.1 2 121.142
      vertex 158.1 2 143.5
      vertex 139.1 2 121.142
    endloop
  endfacet
  facet normal 0 -1 0
    outer loop
      vertex 164.1 2 143.5
      vertex 155.1 2 121.142
      vertex 161.6 2 117.389
    endloop
  endfacet
  facet normal 0 -1 -0
    outer loop
      vertex 174.1 2 143.5
      vertex 161.6 2 117.389
      vertex 180.1 2 143.5
    endloop
  endfacet
  facet normal 0 -1 0
    outer loop
      vertex 169.6 2 103.533
      vertex 180.1 2 143.5
      vertex 161.6 2 117.389
    endloop
  endfacet
  facet normal 0 -1 0
    outer loop
      vertex 169.6 2 103.533
      vertex 161.6 2 117.389
      vertex 161.6 2 109.883
    endloop
  endfacet
  facet normal 0 -1 0
    outer loop
      vertex 169.6 2 103.533
      vertex 161.6 2 109.883
      vertex 163.1 2 107.286
    endloop
  endfacet
  facet normal 0 -1 -0
    outer loop
      vertex 180.1 2 143.5
      vertex 169.6 2 103.533
      vertex 187.6 2 152
    endloop
  endfacet
  facet normal 0 -1 0
    outer loop
      vertex 169.6 2 96.0272
      vertex 187.6 2 152
      vertex 169.6 2 103.533
    endloop
  endfacet
  facet normal 0 -1 0
    outer loop
      vertex 161.6 2 89.6768
      vertex 169.6 2 96.0272
      vertex 163.1 2 92.2744
    endloop
  endfacet
  facet normal 0 -1 0
    outer loop
      vertex 161.6 2 82.1712
      vertex 169.6 2 96.0272
      vertex 161.6 2 89.6768
    endloop
  endfacet
  facet normal 0 -1 0
    outer loop
      vertex 163.1 2 79.5736
      vertex 169.6 2 96.0272
      vertex 161.6 2 82.1712
    endloop
  endfacet
  facet normal 0 -1 0
    outer loop
      vertex 169.6 2 75.8208
      vertex 169.6 2 96.0272
      vertex 163.1 2 79.5736
    endloop
  endfacet
  facet normal 0 -1 0
    outer loop
      vertex 169.6 2 75.8208
      vertex 187.6 2 152
      vertex 169.6 2 96.0272
    endloop
  endfacet
  facet normal 0 -1 0
    outer loop
      vertex 187.6 2 4
      vertex 169.6 2 75.8208
      vertex 169.6 2 68.3152
    endloop
  endfacet
  facet normal 0 -1 0
    outer loop
      vertex 161.6 2 61.9648
      vertex 169.6 2 68.3152
      vertex 163.1 2 64.5624
    endloop
  endfacet
  facet normal 0 -1 0
    outer loop
      vertex 161.6 2 54.4592
      vertex 169.6 2 68.3152
      vertex 161.6 2 61.9648
    endloop
  endfacet
  facet normal 0 -1 0
    outer loop
      vertex 163.1 2 51.8616
      vertex 169.6 2 68.3152
      vertex 161.6 2 54.4592
    endloop
  endfacet
  facet normal 0 -1 0
    outer loop
      vertex 169.6 2 48.1088
      vertex 169.6 2 68.3152
      vertex 163.1 2 51.8616
    endloop
  endfacet
  facet normal 0 -1 0
    outer loop
      vertex 187.6 2 4
      vertex 169.6 2 68.3152
      vertex 169.6 2 48.1088
    endloop
  endfacet
  facet normal 0 -1 0
    outer loop
      vertex 187.6 2 4
      vertex 169.6 2 48.1088
      vertex 169.6 2 40.6032
    endloop
  endfacet
  facet normal 0 -1 0
    outer loop
      vertex 161.6 2 34.2528
      vertex 169.6 2 40.6032
      vertex 163.1 2 36.8504
    endloop
  endfacet
  facet normal 0 -1 0
    outer loop
      vertex 161.6 2 26.7472
      vertex 169.6 2 40.6032
      vertex 161.6 2 34.2528
    endloop
  endfacet
  facet normal 0 -1 0
    outer loop
      vertex 169.6 2 75.8208
      vertex 187.6 2 4
      vertex 187.6 2 152
    endloop
  endfacet
  facet normal 0 -1 0
    outer loop
      vertex 161.6 2 26.7472
      vertex 187.6 2 4
      vertex 169.6 2 40.6032
    endloop
  endfacet
  facet normal 0 -1 0
    outer loop
      vertex 155.1 2 22.9944
      vertex 187.6 2 4
      vertex 161.6 2 26.7472
    endloop
  endfacet
  facet normal 0 -1 0
    outer loop
      vertex 139.1 2 22.9944
      vertex 187.6 2 4
      vertex 155.1 2 22.9944
    endloop
  endfacet
  facet normal 0 -1 0
    outer loop
      vertex 115.1 2 107.286
      vertex 123.1 2 106.13
      vertex 116.6 2 109.883
    endloop
  endfacet
  facet normal -0 -1 0
    outer loop
      vertex 123.1 2 106.13
      vertex 115.1 2 107.286
      vertex 121.6 2 103.533
    endloop
  endfacet
  facet normal 0 -1 0
    outer loop
      vertex 131.1 2 107.286
      vertex 139.1 2 106.13
      vertex 132.6 2 109.883
    endloop
  endfacet
  facet normal -0 -1 0
    outer loop
      vertex 139.1 2 106.13
      vertex 131.1 2 107.286
      vertex 137.6 2 103.533
    endloop
  endfacet
  facet normal 0 -1 0
    outer loop
      vertex 147.1 2 107.286
      vertex 155.1 2 106.13
      vertex 148.6 2 109.883
    endloop
  endfacet
  facet normal -0 -1 0
    outer loop
      vertex 155.1 2 106.13
      vertex 147.1 2 107.286
      vertex 153.6 2 103.533
    endloop
  endfacet
  facet normal 1 -0 0
    outer loop
      vertex 92.6 6 140
      vertex 92.6 42.6 16
      vertex 92.6 42.6 140
    endloop
  endfacet
  facet normal 1 0 0
    outer loop
      vertex 92.6 6 16
      vertex 92.6 42.6 16
      vertex 92.6 6 140
    endloop
  endfacet
  facet normal -0 0 1
    outer loop
      vertex 88.6 58 140
      vertex 95.6 45.6 140
      vertex 95.6 58 140
    endloop
  endfacet
  facet normal 0 0 1
    outer loop
      vertex 95.6 45.6 140
      vertex 88.6 58 140
      vertex 92.6 42.6 140
    endloop
  endfacet
  facet normal 0 0 1
    outer loop
      vertex 88.6 6 140
      vertex 92.6 42.6 140
      vertex 88.6 58 140
    endloop
  endfacet
  facet normal 0 0 1
    outer loop
      vertex 92.6 42.6 140
      vertex 88.6 6 140
      vertex 92.6 6 140
    endloop
  endfacet
  facet normal 0 1 0
    outer loop
      vertex 187.6 58 140
      vertex 183.6 58 23
      vertex 183.6 58 140
    endloop
  endfacet
  facet normal 0 1 0
    outer loop
      vertex 183.6 58 23
      vertex 187.6 58 4
      vertex 180.6 58 23
    endloop
  endfacet
  facet normal 0 1 0
    outer loop
      vertex 180.6 58 23
      vertex 187.6 58 4
      vertex 95.6 58 23
    endloop
  endfacet
  facet normal 0 1 -0
    outer loop
      vertex 187.6 58 4
      vertex 183.6 58 23
      vertex 187.6 58 140
    endloop
  endfacet
  facet normal 0 1 -0
    outer loop
      vertex 183.6 58 23
      vertex 180.6 58 140
      vertex 183.6 58 140
    endloop
  endfacet
  facet normal 0 1 0
    outer loop
      vertex 180.6 58 140
      vertex 183.6 58 23
      vertex 180.6 58 23
    endloop
  endfacet
  facet normal 0 1 -0
    outer loop
      vertex 95.6 58 23
      vertex 88.6 58 140
      vertex 95.6 58 140
    endloop
  endfacet
  facet normal 0 1 0
    outer loop
      vertex 95.6 58 23
      vertex 88.6 58 4
      vertex 88.6 58 140
    endloop
  endfacet
  facet normal 0 1 0
    outer loop
      vertex 88.6 58 4
      vertex 95.6 58 23
      vertex 187.6 58 4
    endloop
  endfacet
  facet normal -0 0 1
    outer loop
      vertex 183.6 58 140
      vertex 187.6 6 140
      vertex 187.6 58 140
    endloop
  endfacet
  facet normal 0 0 1
    outer loop
      vertex 187.6 6 140
      vertex 183.6 58 140
      vertex 183.6 6 140
    endloop
  endfacet
  facet normal -1 0 0
    outer loop
      vertex 183.6 49.6 23
      vertex 183.6 58 140
      vertex 183.6 58 23
    endloop
  endfacet
  facet normal -1 0 0
    outer loop
      vertex 183.6 6 16
      vertex 183.6 49.6 23
      vertex 183.6 42.6 16
    endloop
  endfacet
  facet normal -1 -0 0
    outer loop
      vertex 183.6 49.6 23
      vertex 183.6 6 16
      vertex 183.6 6 140
    endloop
  endfacet
  facet normal -1 0 0
    outer loop
      vertex 183.6 49.6 23
      vertex 183.6 6 140
      vertex 183.6 58 140
    endloop
  endfacet
  facet normal -0 0 1
    outer loop
      vertex 95.6 58 23
      vertex 180.6 49.6 23
      vertex 180.6 58 23
    endloop
  endfacet
  facet normal 0 0 1
    outer loop
      vertex 180.6 49.6 23
      vertex 95.6 58 23
      vertex 95.6 49.6 23
    endloop
  endfacet
  facet normal 0 -0.707107 0.707107
    outer loop
      vertex 95.6 45.6 19
      vertex 180.6 49.6 23
      vertex 95.6 49.6 23
    endloop
  endfacet
  facet normal 0 -0.707107 0.707107
    outer loop
      vertex 95.6 45.6 19
      vertex 180.6 45.6 19
      vertex 180.6 49.6 23
    endloop
  endfacet
  facet normal 0 -0.707107 0.707107
    outer loop
      vertex 95.6 45.6 19
      vertex 92.6 42.6 16
      vertex 180.6 45.6 19
    endloop
  endfacet
  facet normal 0 -0.707107 0.707107
    outer loop
      vertex 180.6 45.6 19
      vertex 92.6 42.6 16
      vertex 183.6 42.6 16
    endloop
  endfacet
  facet normal 0 0 1
    outer loop
      vertex 183.6 42.6 16
      vertex 131.35 15.7 16
      vertex 144.85 15.7 16
    endloop
  endfacet
  facet normal -0 0 1
    outer loop
      vertex 92.6 42.6 16
      vertex 131.35 15.7 16
      vertex 183.6 42.6 16
    endloop
  endfacet
  facet normal 0 0 1
    outer loop
      vertex 92.6 6 16
      vertex 131.35 15.7 16
      vertex 92.6 42.6 16
    endloop
  endfacet
  facet normal 0 0 1
    outer loop
      vertex 131.35 15.7 16
      vertex 92.6 6 16
      vertex 131.35 6 16
    endloop
  endfacet
  facet normal -0 0 1
    outer loop
      vertex 144.85 15.7 16
      vertex 183.6 6 16
      vertex 183.6 42.6 16
    endloop
  endfacet
  facet normal 0 0 1
    outer loop
      vertex 183.6 6 16
      vertex 144.85 15.7 16
      vertex 144.85 6 16
    endloop
  endfacet
  facet normal -1 0 0
    outer loop
      vertex 59.525 34.3 1.3
      vertex 59.525 31.8 3.6
      vertex 59.525 34.3 6.09999
    endloop
  endfacet
  facet normal -1 0 0
    outer loop
      vertex 59.525 31.8 1.3
      vertex 59.525 31.8 3.6
      vertex 59.525 34.3 1.3
    endloop
  endfacet
  facet normal -1 0 0
    outer loop
      vertex 59.525 34.3 1.3
      vertex 59.525 53.8 1.3
      vertex 59.525 53.8 0.599999
    endloop
  endfacet
  facet normal -1 0 0
    outer loop
      vertex 59.525 34.3 1.3
      vertex 59.525 53.8 0.599999
      vertex 59.525 34.3 0.599999
    endloop
  endfacet
  facet normal -1 0 0
    outer loop
      vertex 59.525 53.8 1.3
      vertex 59.525 34.3 1.3
      vertex 59.525 52 7
    endloop
  endfacet
  facet normal -1 0 0
    outer loop
      vertex 59.525 34.3 6.09999
      vertex 59.525 52 7
      vertex 59.525 34.3 1.3
    endloop
  endfacet
  facet normal -1 -0 0
    outer loop
      vertex 59.525 52 7
      vertex 59.525 34.3 6.09999
      vertex 59.525 34.3 7
    endloop
  endfacet
  facet normal -1 0 0
    outer loop
      vertex 59.525 53.8 1.3
      vertex 59.525 55.85 2.91061
      vertex 59.525 55.85 1.3
    endloop
  endfacet
  facet normal -1 -0 0
    outer loop
      vertex 59.525 55.85 2.91061
      vertex 59.525 53.8 1.3
      vertex 59.525 52 7
    endloop
  endfacet
  facet normal 1 -0 0
    outer loop
      vertex 44.475 31.8 3.6
      vertex 44.475 34.3 1.3
      vertex 44.475 34.3 6.09999
    endloop
  endfacet
  facet normal 1 0 0
    outer loop
      vertex 44.475 31.8 3.6
      vertex 44.475 31.8 1.3
      vertex 44.475 34.3 1.3
    endloop
  endfacet
  facet normal 1 0 0
    outer loop
      vertex 44.475 55.85 2.91061
      vertex 44.475 53.8 1.3
      vertex 44.475 55.85 1.3
    endloop
  endfacet
  facet normal 1 0 0
    outer loop
      vertex 44.475 52 7
      vertex 44.475 53.8 1.3
      vertex 44.475 55.85 2.91061
    endloop
  endfacet
  facet normal 1 0 0
    outer loop
      vertex 44.475 34.3 1.3
      vertex 44.475 53.8 1.3
      vertex 44.475 52 7
    endloop
  endfacet
  facet normal 1 0 0
    outer loop
      vertex 44.475 34.3 6.09999
      vertex 44.475 52 7
      vertex 44.475 34.3 7
    endloop
  endfacet
  facet normal 1 0 0
    outer loop
      vertex 44.475 34.3 1.3
      vertex 44.475 52 7
      vertex 44.475 34.3 6.09999
    endloop
  endfacet
  facet normal 1 0 0
    outer loop
      vertex 44.475 53.8 1.3
      vertex 44.475 34.3 1.3
      vertex 44.475 53.8 0.599999
    endloop
  endfacet
  facet normal 1 0 0
    outer loop
      vertex 44.475 53.8 0.599999
      vertex 44.475 34.3 1.3
      vertex 44.475 34.3 0.599999
    endloop
  endfacet
  facet normal 0 -1 0
    outer loop
      vertex 44.475 53.8 0.599999
      vertex 59.525 53.8 1.3
      vertex 44.475 53.8 1.3
    endloop
  endfacet
  facet normal 0 -1 -0
    outer loop
      vertex 59.525 53.8 1.3
      vertex 44.475 53.8 0.599999
      vertex 59.525 53.8 0.599999
    endloop
  endfacet
  facet normal 0 1 -0
    outer loop
      vertex 59.525 34.3 0.599999
      vertex 44.475 34.3 1.3
      vertex 59.525 34.3 1.3
    endloop
  endfacet
  facet normal 0 1 0
    outer loop
      vertex 44.475 34.3 1.3
      vertex 59.525 34.3 0.599999
      vertex 44.475 34.3 0.599999
    endloop
  endfacet
  facet normal 0 1 -0
    outer loop
      vertex 59.525 34.3 6.09999
      vertex 44.475 34.3 7
      vertex 59.525 34.3 7
    endloop
  endfacet
  facet normal 0 1 0
    outer loop
      vertex 44.475 34.3 7
      vertex 59.525 34.3 6.09999
      vertex 44.475 34.3 6.09999
    endloop
  endfacet
  facet normal -1 0 0
    outer loop
      vertex 59.875 33.95 0
      vertex 59.875 54.15 0.000999451
      vertex 59.875 54.15 0
    endloop
  endfacet
  facet normal -1 -0 0
    outer loop
      vertex 59.875 54.15 0.000999451
      vertex 59.875 33.95 0
      vertex 59.875 33.95 0.000999451
    endloop
  endfacet
  facet normal 1 -0 0
    outer loop
      vertex 44.125 33.95 0.000999451
      vertex 44.125 54.15 0
      vertex 44.125 54.15 0.000999451
    endloop
  endfacet
  facet normal 1 0 0
    outer loop
      vertex 44.125 54.15 0
      vertex 44.125 33.95 0.000999451
      vertex 44.125 33.95 0
    endloop
  endfacet
  facet normal 0.863413 0 -0.504499
    outer loop
      vertex 44.475 34.3 0.599999
      vertex 44.125 54.15 0.000999451
      vertex 44.475 53.8 0.599999
    endloop
  endfacet
  facet normal 0.863413 0 -0.504499
    outer loop
      vertex 44.125 54.15 0.000999451
      vertex 44.475 34.3 0.599999
      vertex 44.125 33.95 0.000999451
    endloop
  endfacet
  facet normal 0 -1 0
    outer loop
      vertex 44.125 54.15 0
      vertex 59.875 54.15 0.000999451
      vertex 44.125 54.15 0.000999451
    endloop
  endfacet
  facet normal 0 -1 -0
    outer loop
      vertex 59.875 54.15 0.000999451
      vertex 44.125 54.15 0
      vertex 59.875 54.15 0
    endloop
  endfacet
  facet normal 8.63665e-19 0.863413 -0.504499
    outer loop
      vertex 59.875 33.95 0.000999451
      vertex 44.475 34.3 0.599999
      vertex 59.525 34.3 0.599999
    endloop
  endfacet
  facet normal 8.25279e-19 0.863413 -0.504499
    outer loop
      vertex 44.475 34.3 0.599999
      vertex 59.875 33.95 0.000999451
      vertex 44.125 33.95 0.000999451
    endloop
  endfacet
  facet normal 0 1 -0
    outer loop
      vertex 59.875 33.95 0
      vertex 44.125 33.95 0.000999451
      vertex 59.875 33.95 0.000999451
    endloop
  endfacet
  facet normal 0 1 0
    outer loop
      vertex 44.125 33.95 0.000999451
      vertex 59.875 33.95 0
      vertex 44.125 33.95 0
    endloop
  endfacet
  facet normal 8.80494e-19 -0.863413 -0.504499
    outer loop
      vertex 44.125 54.15 0.000999451
      vertex 59.525 53.8 0.599999
      vertex 44.475 53.8 0.599999
    endloop
  endfacet
  facet normal 8.41361e-19 -0.863413 -0.504499
    outer loop
      vertex 59.525 53.8 0.599999
      vertex 44.125 54.15 0.000999451
      vertex 59.875 54.15 0.000999451
    endloop
  endfacet
  facet normal -0.863413 6.7956e-19 -0.504499
    outer loop
      vertex 59.875 54.15 0.000999451
      vertex 59.525 34.3 0.599999
      vertex 59.525 53.8 0.599999
    endloop
  endfacet
  facet normal -0.863413 6.56011e-19 -0.504499
    outer loop
      vertex 59.525 34.3 0.599999
      vertex 59.875 54.15 0.000999451
      vertex 59.875 33.95 0.000999451
    endloop
  endfacet
  facet normal -0 0 1
    outer loop
      vertex 44.475 34.3 1.3
      vertex 59.525 31.8 1.3
      vertex 59.525 34.3 1.3
    endloop
  endfacet
  facet normal 0 0 1
    outer loop
      vertex 59.525 31.8 1.3
      vertex 44.475 34.3 1.3
      vertex 44.475 31.8 1.3
    endloop
  endfacet
  facet normal 0 1 -0
    outer loop
      vertex 59.525 31.8 1.3
      vertex 44.475 31.8 3.6
      vertex 59.525 31.8 3.6
    endloop
  endfacet
  facet normal 0 1 0
    outer loop
      vertex 44.475 31.8 3.6
      vertex 59.525 31.8 1.3
      vertex 44.475 31.8 1.3
    endloop
  endfacet
  facet normal -4.17234e-18 0.707105 -0.707108
    outer loop
      vertex 59.525 31.8 3.6
      vertex 44.475 34.3 6.09999
      vertex 59.525 34.3 6.09999
    endloop
  endfacet
  facet normal -4.17234e-18 0.707105 -0.707108
    outer loop
      vertex 44.475 34.3 6.09999
      vertex 59.525 31.8 3.6
      vertex 44.475 31.8 3.6
    endloop
  endfacet
  facet normal -0 0 1
    outer loop
      vertex 44.475 55.85 1.3
      vertex 59.525 53.8 1.3
      vertex 59.525 55.85 1.3
    endloop
  endfacet
  facet normal 0 0 1
    outer loop
      vertex 59.525 53.8 1.3
      vertex 44.475 55.85 1.3
      vertex 44.475 53.8 1.3
    endloop
  endfacet
  facet normal 0 -1 0
    outer loop
      vertex 44.475 55.85 1.3
      vertex 59.525 55.85 2.91061
      vertex 44.475 55.85 2.91061
    endloop
  endfacet
  facet normal 0 -1 -0
    outer loop
      vertex 59.525 55.85 2.91061
      vertex 44.475 55.85 1.3
      vertex 59.525 55.85 1.3
    endloop
  endfacet
  facet normal -8.85797e-18 -0.728097 -0.685474
    outer loop
      vertex 44.475 55.85 2.91061
      vertex 59.525 52 7
      vertex 44.475 52 7
    endloop
  endfacet
  facet normal -8.85797e-18 -0.728097 -0.685474
    outer loop
      vertex 59.525 52 7
      vertex 44.475 55.85 2.91061
      vertex 59.525 55.85 2.91061
    endloop
  endfacet
  facet normal -0.923744 -0.38301 5.90944e-19
    outer loop
      vertex 215.731 7.25587 0
      vertex 215.381 8.1 4
      vertex 215.381 8.1 0
    endloop
  endfacet
  facet normal -0.923744 -0.38301 5.90944e-19
    outer loop
      vertex 215.381 8.1 4
      vertex 215.731 7.25587 0
      vertex 215.731 7.25587 4
    endloop
  endfacet
  facet normal 0.130508 -0.991447 0
    outer loop
      vertex 204.444 9.73074 0
      vertex 205.35 9.85 4
      vertex 204.444 9.73074 4
    endloop
  endfacet
  facet normal 0.130508 -0.991447 0
    outer loop
      vertex 205.35 9.85 4
      vertex 204.444 9.73074 0
      vertex 205.35 9.85 0
    endloop
  endfacet
  facet normal 0.991482 -0.130246 1.54258e-18
    outer loop
      vertex 201.85 6.35 4
      vertex 201.969 7.25587 0
      vertex 201.969 7.25587 4
    endloop
  endfacet
  facet normal 0.991482 -0.130246 1.54258e-18
    outer loop
      vertex 201.969 7.25587 0
      vertex 201.85 6.35 4
      vertex 201.85 6.35 0
    endloop
  endfacet
  facet normal -0.793466 0.608615 -5.73548e-18
    outer loop
      vertex 214.825 3.87513 0
      vertex 215.381 4.6 4
      vertex 215.381 4.6 0
    endloop
  endfacet
  facet normal -0.793466 0.608615 -5.73548e-18
    outer loop
      vertex 215.381 4.6 4
      vertex 214.825 3.87513 0
      vertex 214.825 3.87513 4
    endloop
  endfacet
  facet normal 0.382734 -0.923859 0
    outer loop
      vertex 203.6 9.38109 0
      vertex 204.444 9.73074 4
      vertex 203.6 9.38109 4
    endloop
  endfacet
  facet normal 0.382734 -0.923859 0
    outer loop
      vertex 204.444 9.73074 4
      vertex 203.6 9.38109 0
      vertex 204.444 9.73074 0
    endloop
  endfacet
  facet normal 0.382734 0.923859 -0
    outer loop
      vertex 204.444 2.96926 0
      vertex 203.6 3.31891 4
      vertex 204.444 2.96926 4
    endloop
  endfacet
  facet normal 0.382734 0.923859 0
    outer loop
      vertex 203.6 3.31891 4
      vertex 204.444 2.96926 0
      vertex 203.6 3.31891 0
    endloop
  endfacet
  facet normal -0.608698 -0.793402 0
    outer loop
      vertex 214.1 9.38109 0
      vertex 214.825 8.82487 4
      vertex 214.1 9.38109 4
    endloop
  endfacet
  facet normal -0.608698 -0.793402 -0
    outer loop
      vertex 214.825 8.82487 4
      vertex 214.1 9.38109 0
      vertex 214.825 8.82487 0
    endloop
  endfacet
  facet normal 0.793466 0.608615 5.73548e-18
    outer loop
      vertex 202.875 3.87513 4
      vertex 202.319 4.6 0
      vertex 202.319 4.6 4
    endloop
  endfacet
  facet normal 0.793466 0.608615 5.73548e-18
    outer loop
      vertex 202.319 4.6 0
      vertex 202.875 3.87513 4
      vertex 202.875 3.87513 0
    endloop
  endfacet
  facet normal 0.608698 -0.793402 0
    outer loop
      vertex 202.875 8.82487 0
      vertex 203.6 9.38109 4
      vertex 202.875 8.82487 4
    endloop
  endfacet
  facet normal 0.608698 -0.793402 0
    outer loop
      vertex 203.6 9.38109 4
      vertex 202.875 8.82487 0
      vertex 203.6 9.38109 0
    endloop
  endfacet
  facet normal 0.608698 0.793402 -0
    outer loop
      vertex 203.6 3.31891 0
      vertex 202.875 3.87513 4
      vertex 203.6 3.31891 4
    endloop
  endfacet
  facet normal 0.608698 0.793402 0
    outer loop
      vertex 202.875 3.87513 4
      vertex 203.6 3.31891 0
      vertex 202.875 3.87513 0
    endloop
  endfacet
  facet normal -0.382734 0.923859 0
    outer loop
      vertex 214.1 3.31891 0
      vertex 213.256 2.96926 4
      vertex 214.1 3.31891 4
    endloop
  endfacet
  facet normal -0.382734 0.923859 0
    outer loop
      vertex 213.256 2.96926 4
      vertex 214.1 3.31891 0
      vertex 213.256 2.96926 0
    endloop
  endfacet
  facet normal 0.923744 0.38301 6.66561e-18
    outer loop
      vertex 202.319 4.6 4
      vertex 201.969 5.44413 0
      vertex 201.969 5.44413 4
    endloop
  endfacet
  facet normal 0.923744 0.38301 6.66561e-18
    outer loop
      vertex 201.969 5.44413 0
      vertex 202.319 4.6 4
      vertex 202.319 4.6 0
    endloop
  endfacet
  facet normal 0.991482 0.130246 7.96583e-19
    outer loop
      vertex 201.969 5.44413 4
      vertex 201.85 6.35 0
      vertex 201.85 6.35 4
    endloop
  endfacet
  facet normal 0.991482 0.130246 7.96583e-19
    outer loop
      vertex 201.85 6.35 0
      vertex 201.969 5.44413 4
      vertex 201.969 5.44413 0
    endloop
  endfacet
  facet normal -0.130508 0.991447 0
    outer loop
      vertex 213.256 2.96926 0
      vertex 212.35 2.85 4
      vertex 213.256 2.96926 4
    endloop
  endfacet
  facet normal -0.130508 0.991447 0
    outer loop
      vertex 212.35 2.85 4
      vertex 213.256 2.96926 0
      vertex 212.35 2.85 0
    endloop
  endfacet
  facet normal -0.923744 0.38301 -6.66561e-18
    outer loop
      vertex 215.381 4.6 0
      vertex 215.731 5.44413 4
      vertex 215.731 5.44413 0
    endloop
  endfacet
  facet normal -0.923744 0.38301 -6.66561e-18
    outer loop
      vertex 215.731 5.44413 4
      vertex 215.381 4.6 0
      vertex 215.381 4.6 4
    endloop
  endfacet
  facet normal -0.991482 -0.130246 -1.54258e-18
    outer loop
      vertex 215.85 6.35 0
      vertex 215.731 7.25587 4
      vertex 215.731 7.25587 0
    endloop
  endfacet
  facet normal -0.991482 -0.130246 -1.54258e-18
    outer loop
      vertex 215.731 7.25587 4
      vertex 215.85 6.35 0
      vertex 215.85 6.35 4
    endloop
  endfacet
  facet normal 0.923744 -0.38301 -5.90944e-19
    outer loop
      vertex 201.969 7.25587 4
      vertex 202.319 8.1 0
      vertex 202.319 8.1 4
    endloop
  endfacet
  facet normal 0.923744 -0.38301 -5.90944e-19
    outer loop
      vertex 202.319 8.1 0
      vertex 201.969 7.25587 4
      vertex 201.969 7.25587 0
    endloop
  endfacet
  facet normal -0.793466 -0.608615 5.09759e-19
    outer loop
      vertex 215.381 8.1 0
      vertex 214.825 8.82487 4
      vertex 214.825 8.82487 0
    endloop
  endfacet
  facet normal -0.793466 -0.608615 5.09759e-19
    outer loop
      vertex 214.825 8.82487 4
      vertex 215.381 8.1 0
      vertex 215.381 8.1 4
    endloop
  endfacet
  facet normal 0.130508 0.991447 -0
    outer loop
      vertex 205.35 2.85 0
      vertex 204.444 2.96926 4
      vertex 205.35 2.85 4
    endloop
  endfacet
  facet normal 0.130508 0.991447 0
    outer loop
      vertex 204.444 2.96926 4
      vertex 205.35 2.85 0
      vertex 204.444 2.96926 0
    endloop
  endfacet
  facet normal 0 1 -0
    outer loop
      vertex 212.35 2.85 0
      vertex 205.35 2.85 4
      vertex 212.35 2.85 4
    endloop
  endfacet
  facet normal 0 1 0
    outer loop
      vertex 205.35 2.85 4
      vertex 212.35 2.85 0
      vertex 205.35 2.85 0
    endloop
  endfacet
  facet normal -0.608698 0.793402 0
    outer loop
      vertex 214.825 3.87513 0
      vertex 214.1 3.31891 4
      vertex 214.825 3.87513 4
    endloop
  endfacet
  facet normal -0.608698 0.793402 0
    outer loop
      vertex 214.1 3.31891 4
      vertex 214.825 3.87513 0
      vertex 214.1 3.31891 0
    endloop
  endfacet
  facet normal -0.130508 -0.991447 0
    outer loop
      vertex 212.35 9.85 0
      vertex 213.256 9.73074 4
      vertex 212.35 9.85 4
    endloop
  endfacet
  facet normal -0.130508 -0.991447 -0
    outer loop
      vertex 213.256 9.73074 4
      vertex 212.35 9.85 0
      vertex 213.256 9.73074 0
    endloop
  endfacet
  facet normal 0.793466 -0.608615 -5.09759e-19
    outer loop
      vertex 202.319 8.1 4
      vertex 202.875 8.82487 0
      vertex 202.875 8.82487 4
    endloop
  endfacet
  facet normal 0.793466 -0.608615 -5.09759e-19
    outer loop
      vertex 202.875 8.82487 0
      vertex 202.319 8.1 4
      vertex 202.319 8.1 0
    endloop
  endfacet
  facet normal -0.382734 -0.923859 0
    outer loop
      vertex 213.256 9.73074 0
      vertex 214.1 9.38109 4
      vertex 213.256 9.73074 4
    endloop
  endfacet
  facet normal -0.382734 -0.923859 -0
    outer loop
      vertex 214.1 9.38109 4
      vertex 213.256 9.73074 0
      vertex 214.1 9.38109 0
    endloop
  endfacet
  facet normal -0.991482 0.130246 -7.96583e-19
    outer loop
      vertex 215.731 5.44413 0
      vertex 215.85 6.35 4
      vertex 215.85 6.35 0
    endloop
  endfacet
  facet normal -0.991482 0.130246 -7.96583e-19
    outer loop
      vertex 215.85 6.35 4
      vertex 215.731 5.44413 0
      vertex 215.731 5.44413 4
    endloop
  endfacet
  facet normal 0 -1 0
    outer loop
      vertex 205.35 9.85 0
      vertex 212.35 9.85 4
      vertex 205.35 9.85 4
    endloop
  endfacet
  facet normal 0 -1 -0
    outer loop
      vertex 212.35 9.85 4
      vertex 205.35 9.85 0
      vertex 212.35 9.85 0
    endloop
  endfacet
  facet normal -0.991482 0.130242 -1.77051e-18
    outer loop
      vertex 215.731 80.8441 0
      vertex 215.85 81.75 4
      vertex 215.85 81.75 0
    endloop
  endfacet
  facet normal -0.991482 0.130242 -1.77051e-18
    outer loop
      vertex 215.85 81.75 4
      vertex 215.731 80.8441 0
      vertex 215.731 80.8441 4
    endloop
  endfacet
  facet normal 0.923739 0.383022 -2.49312e-18
    outer loop
      vertex 202.319 80 4
      vertex 201.969 80.8441 0
      vertex 201.969 80.8441 4
    endloop
  endfacet
  facet normal 0.923739 0.383022 -2.49312e-18
    outer loop
      vertex 201.969 80.8441 0
      vertex 202.319 80 4
      vertex 202.319 80 0
    endloop
  endfacet
  facet normal 0.991482 0.130242 1.77051e-18
    outer loop
      vertex 201.969 80.8441 4
      vertex 201.85 81.75 0
      vertex 201.85 81.75 4
    endloop
  endfacet
  facet normal 0.991482 0.130242 1.77051e-18
    outer loop
      vertex 201.85 81.75 0
      vertex 201.969 80.8441 4
      vertex 201.969 80.8441 0
    endloop
  endfacet
  facet normal 0.793478 0.608599 -2.01596e-18
    outer loop
      vertex 202.875 79.2751 4
      vertex 202.319 80 0
      vertex 202.319 80 4
    endloop
  endfacet
  facet normal 0.793478 0.608599 -2.01596e-18
    outer loop
      vertex 202.319 80 0
      vertex 202.875 79.2751 4
      vertex 202.875 79.2751 0
    endloop
  endfacet
  facet normal 0 1 -0
    outer loop
      vertex 212.35 78.25 0
      vertex 205.35 78.25 4
      vertex 212.35 78.25 4
    endloop
  endfacet
  facet normal 0 1 0
    outer loop
      vertex 205.35 78.25 4
      vertex 212.35 78.25 0
      vertex 205.35 78.25 0
    endloop
  endfacet
  facet normal 0.608684 -0.793413 0
    outer loop
      vertex 202.875 84.2249 0
      vertex 203.6 84.7811 4
      vertex 202.875 84.2249 4
    endloop
  endfacet
  facet normal 0.608684 -0.793413 0
    outer loop
      vertex 203.6 84.7811 4
      vertex 202.875 84.2249 0
      vertex 203.6 84.7811 0
    endloop
  endfacet
  facet normal 0.991482 -0.130242 -1.77051e-18
    outer loop
      vertex 201.85 81.75 4
      vertex 201.969 82.6559 0
      vertex 201.969 82.6559 4
    endloop
  endfacet
  facet normal 0.991482 -0.130242 -1.77051e-18
    outer loop
      vertex 201.969 82.6559 0
      vertex 201.85 81.75 4
      vertex 201.85 81.75 0
    endloop
  endfacet
  facet normal -0.130551 0.991442 0
    outer loop
      vertex 213.256 78.3693 0
      vertex 212.35 78.25 4
      vertex 213.256 78.3693 4
    endloop
  endfacet
  facet normal -0.130551 0.991442 0
    outer loop
      vertex 212.35 78.25 4
      vertex 213.256 78.3693 0
      vertex 212.35 78.25 0
    endloop
  endfacet
  facet normal -0.923739 0.383022 2.49312e-18
    outer loop
      vertex 215.381 80 0
      vertex 215.731 80.8441 4
      vertex 215.731 80.8441 0
    endloop
  endfacet
  facet normal -0.923739 0.383022 2.49312e-18
    outer loop
      vertex 215.731 80.8441 4
      vertex 215.381 80 0
      vertex 215.381 80 4
    endloop
  endfacet
  facet normal -0.793478 -0.608599 -2.01596e-18
    outer loop
      vertex 215.381 83.5 0
      vertex 214.825 84.2249 4
      vertex 214.825 84.2249 0
    endloop
  endfacet
  facet normal -0.793478 -0.608599 -2.01596e-18
    outer loop
      vertex 214.825 84.2249 4
      vertex 215.381 83.5 0
      vertex 215.381 83.5 4
    endloop
  endfacet
  facet normal 0.130551 -0.991442 0
    outer loop
      vertex 204.444 85.1307 0
      vertex 205.35 85.25 4
      vertex 204.444 85.1307 4
    endloop
  endfacet
  facet normal 0.130551 -0.991442 0
    outer loop
      vertex 205.35 85.25 4
      vertex 204.444 85.1307 0
      vertex 205.35 85.25 0
    endloop
  endfacet
  facet normal 0.923739 -0.383022 2.49312e-18
    outer loop
      vertex 201.969 82.6559 4
      vertex 202.319 83.5 0
      vertex 202.319 83.5 4
    endloop
  endfacet
  facet normal 0.923739 -0.383022 2.49312e-18
    outer loop
      vertex 202.319 83.5 0
      vertex 201.969 82.6559 4
      vertex 201.969 82.6559 0
    endloop
  endfacet
  facet normal 0.382687 -0.923878 0
    outer loop
      vertex 203.6 84.7811 0
      vertex 204.444 85.1307 4
      vertex 203.6 84.7811 4
    endloop
  endfacet
  facet normal 0.382687 -0.923878 0
    outer loop
      vertex 204.444 85.1307 4
      vertex 203.6 84.7811 0
      vertex 204.444 85.1307 0
    endloop
  endfacet
  facet normal -0.608684 0.793413 0
    outer loop
      vertex 214.825 79.2751 0
      vertex 214.1 78.7189 4
      vertex 214.825 79.2751 4
    endloop
  endfacet
  facet normal -0.608684 0.793413 0
    outer loop
      vertex 214.1 78.7189 4
      vertex 214.825 79.2751 0
      vertex 214.1 78.7189 0
    endloop
  endfacet
  facet normal 0.130551 0.991442 -0
    outer loop
      vertex 205.35 78.25 0
      vertex 204.444 78.3693 4
      vertex 205.35 78.25 4
    endloop
  endfacet
  facet normal 0.130551 0.991442 0
    outer loop
      vertex 204.444 78.3693 4
      vertex 205.35 78.25 0
      vertex 204.444 78.3693 0
    endloop
  endfacet
  facet normal 0.382687 0.923878 -0
    outer loop
      vertex 204.444 78.3693 0
      vertex 203.6 78.7189 4
      vertex 204.444 78.3693 4
    endloop
  endfacet
  facet normal 0.382687 0.923878 0
    outer loop
      vertex 203.6 78.7189 4
      vertex 204.444 78.3693 0
      vertex 203.6 78.7189 0
    endloop
  endfacet
  facet normal 0.608684 0.793413 -0
    outer loop
      vertex 203.6 78.7189 0
      vertex 202.875 79.2751 4
      vertex 203.6 78.7189 4
    endloop
  endfacet
  facet normal 0.608684 0.793413 0
    outer loop
      vertex 202.875 79.2751 4
      vertex 203.6 78.7189 0
      vertex 202.875 79.2751 0
    endloop
  endfacet
  facet normal -0.382687 0.923878 0
    outer loop
      vertex 214.1 78.7189 0
      vertex 213.256 78.3693 4
      vertex 214.1 78.7189 4
    endloop
  endfacet
  facet normal -0.382687 0.923878 0
    outer loop
      vertex 213.256 78.3693 4
      vertex 214.1 78.7189 0
      vertex 213.256 78.3693 0
    endloop
  endfacet
  facet normal 0.793478 -0.608599 2.01596e-18
    outer loop
      vertex 202.319 83.5 4
      vertex 202.875 84.2249 0
      vertex 202.875 84.2249 4
    endloop
  endfacet
  facet normal 0.793478 -0.608599 2.01596e-18
    outer loop
      vertex 202.875 84.2249 0
      vertex 202.319 83.5 4
      vertex 202.319 83.5 0
    endloop
  endfacet
  facet normal -0.991482 -0.130242 1.77051e-18
    outer loop
      vertex 215.85 81.75 0
      vertex 215.731 82.6559 4
      vertex 215.731 82.6559 0
    endloop
  endfacet
  facet normal -0.991482 -0.130242 1.77051e-18
    outer loop
      vertex 215.731 82.6559 4
      vertex 215.85 81.75 0
      vertex 215.85 81.75 4
    endloop
  endfacet
  facet normal -0.923739 -0.383022 -2.49312e-18
    outer loop
      vertex 215.731 82.6559 0
      vertex 215.381 83.5 4
      vertex 215.381 83.5 0
    endloop
  endfacet
  facet normal -0.923739 -0.383022 -2.49312e-18
    outer loop
      vertex 215.381 83.5 4
      vertex 215.731 82.6559 0
      vertex 215.731 82.6559 4
    endloop
  endfacet
  facet normal 0 -1 0
    outer loop
      vertex 205.35 85.25 0
      vertex 212.35 85.25 4
      vertex 205.35 85.25 4
    endloop
  endfacet
  facet normal 0 -1 -0
    outer loop
      vertex 212.35 85.25 4
      vertex 205.35 85.25 0
      vertex 212.35 85.25 0
    endloop
  endfacet
  facet normal -0.130551 -0.991442 0
    outer loop
      vertex 212.35 85.25 0
      vertex 213.256 85.1307 4
      vertex 212.35 85.25 4
    endloop
  endfacet
  facet normal -0.130551 -0.991442 -0
    outer loop
      vertex 213.256 85.1307 4
      vertex 212.35 85.25 0
      vertex 213.256 85.1307 0
    endloop
  endfacet
  facet normal -0.793478 0.608599 2.01596e-18
    outer loop
      vertex 214.825 79.2751 0
      vertex 215.381 80 4
      vertex 215.381 80 0
    endloop
  endfacet
  facet normal -0.793478 0.608599 2.01596e-18
    outer loop
      vertex 215.381 80 4
      vertex 214.825 79.2751 0
      vertex 214.825 79.2751 4
    endloop
  endfacet
  facet normal -0.382687 -0.923878 0
    outer loop
      vertex 213.256 85.1307 0
      vertex 214.1 84.7811 4
      vertex 213.256 85.1307 4
    endloop
  endfacet
  facet normal -0.382687 -0.923878 -0
    outer loop
      vertex 214.1 84.7811 4
      vertex 213.256 85.1307 0
      vertex 214.1 84.7811 0
    endloop
  endfacet
  facet normal -0.608684 -0.793413 0
    outer loop
      vertex 214.1 84.7811 0
      vertex 214.825 84.2249 4
      vertex 214.1 84.7811 4
    endloop
  endfacet
  facet normal -0.608684 -0.793413 -0
    outer loop
      vertex 214.825 84.2249 4
      vertex 214.1 84.7811 0
      vertex 214.825 84.2249 0
    endloop
  endfacet
  facet normal 0 -0.130526 -0.991445
    outer loop
      vertex 0 44.05 22.65
      vertex 4 44.7359 22.5597
      vertex 4 44.05 22.65
    endloop
  endfacet
  facet normal -0 -0.130526 -0.991445
    outer loop
      vertex 4 44.7359 22.5597
      vertex 0 44.05 22.65
      vertex 0 44.7359 22.5597
    endloop
  endfacet
  facet normal 0 -0.382654 0.923892
    outer loop
      vertex 0 45.375 17.705
      vertex 4 44.7359 17.4403
      vertex 4 45.375 17.705
    endloop
  endfacet
  facet normal 0 -0.382654 0.923892
    outer loop
      vertex 4 44.7359 17.4403
      vertex 0 45.375 17.705
      vertex 0 44.7359 17.4403
    endloop
  endfacet
  facet normal 0 -0.608844 0.79329
    outer loop
      vertex 0 45.9238 18.1262
      vertex 4 45.375 17.705
      vertex 4 45.9238 18.1262
    endloop
  endfacet
  facet normal 0 -0.608844 0.79329
    outer loop
      vertex 4 45.375 17.705
      vertex 0 45.9238 18.1262
      vertex 0 45.375 17.705
    endloop
  endfacet
  facet normal -0 0.130526 0.991445
    outer loop
      vertex 0 44.05 17.35
      vertex 4 43.3641 17.4403
      vertex 4 44.05 17.35
    endloop
  endfacet
  facet normal 0 0.130526 0.991445
    outer loop
      vertex 4 43.3641 17.4403
      vertex 0 44.05 17.35
      vertex 0 43.3641 17.4403
    endloop
  endfacet
  facet normal 4.243e-19 0.991445 0.130526
    outer loop
      vertex 4 41.4903 19.3141
      vertex 0 41.4 20
      vertex 4 41.4 20
    endloop
  endfacet
  facet normal 4.243e-19 0.991445 0.130526
    outer loop
      vertex 0 41.4 20
      vertex 4 41.4903 19.3141
      vertex 0 41.4903 19.3141
    endloop
  endfacet
  facet normal 0 -0.382654 -0.923892
    outer loop
      vertex 0 44.7359 22.5597
      vertex 4 45.375 22.295
      vertex 4 44.7359 22.5597
    endloop
  endfacet
  facet normal -0 -0.382654 -0.923892
    outer loop
      vertex 4 45.375 22.295
      vertex 0 44.7359 22.5597
      vertex 0 45.375 22.295
    endloop
  endfacet
  facet normal 3.12491e-19 -0.923892 0.382654
    outer loop
      vertex 0 46.345 18.675
      vertex 4 46.6097 19.3141
      vertex 0 46.6097 19.3141
    endloop
  endfacet
  facet normal 3.12491e-19 -0.923892 0.382654
    outer loop
      vertex 4 46.6097 19.3141
      vertex 0 46.345 18.675
      vertex 4 46.345 18.675
    endloop
  endfacet
  facet normal 0 -0.130526 0.991445
    outer loop
      vertex 0 44.7359 17.4403
      vertex 4 44.05 17.35
      vertex 4 44.7359 17.4403
    endloop
  endfacet
  facet normal 0 -0.130526 0.991445
    outer loop
      vertex 4 44.05 17.35
      vertex 0 44.7359 17.4403
      vertex 0 44.05 17.35
    endloop
  endfacet
  facet normal -4.1034e-18 0.79329 0.608844
    outer loop
      vertex 4 42.1762 18.1262
      vertex 0 41.755 18.675
      vertex 4 41.755 18.675
    endloop
  endfacet
  facet normal -4.1034e-18 0.79329 0.608844
    outer loop
      vertex 0 41.755 18.675
      vertex 4 42.1762 18.1262
      vertex 0 42.1762 18.1262
    endloop
  endfacet
  facet normal 4.82406e-19 -0.991445 0.130526
    outer loop
      vertex 0 46.6097 19.3141
      vertex 4 46.7 20
      vertex 0 46.7 20
    endloop
  endfacet
  facet normal 4.82406e-19 -0.991445 0.130526
    outer loop
      vertex 4 46.7 20
      vertex 0 46.6097 19.3141
      vertex 4 46.6097 19.3141
    endloop
  endfacet
  facet normal 0 0.382654 -0.923892
    outer loop
      vertex 0 42.725 22.295
      vertex 4 43.3641 22.5597
      vertex 4 42.725 22.295
    endloop
  endfacet
  facet normal 0 0.382654 -0.923892
    outer loop
      vertex 4 43.3641 22.5597
      vertex 0 42.725 22.295
      vertex 0 43.3641 22.5597
    endloop
  endfacet
  facet normal 0 -0.608844 -0.79329
    outer loop
      vertex 0 45.375 22.295
      vertex 4 45.9238 21.8738
      vertex 4 45.375 22.295
    endloop
  endfacet
  facet normal -0 -0.608844 -0.79329
    outer loop
      vertex 4 45.9238 21.8738
      vertex 0 45.375 22.295
      vertex 0 45.9238 21.8738
    endloop
  endfacet
  facet normal 0 0.608844 -0.79329
    outer loop
      vertex 0 42.1762 21.8738
      vertex 4 42.725 22.295
      vertex 4 42.1762 21.8738
    endloop
  endfacet
  facet normal 0 0.608844 -0.79329
    outer loop
      vertex 4 42.725 22.295
      vertex 0 42.1762 21.8738
      vertex 0 42.725 22.295
    endloop
  endfacet
  facet normal -3.12491e-19 -0.923892 -0.382654
    outer loop
      vertex 0 46.6097 20.6859
      vertex 4 46.345 21.325
      vertex 0 46.345 21.325
    endloop
  endfacet
  facet normal -3.12491e-19 -0.923892 -0.382654
    outer loop
      vertex 4 46.345 21.325
      vertex 0 46.6097 20.6859
      vertex 4 46.6097 20.6859
    endloop
  endfacet
  facet normal -4.82406e-19 -0.991445 -0.130526
    outer loop
      vertex 0 46.7 20
      vertex 4 46.6097 20.6859
      vertex 0 46.6097 20.6859
    endloop
  endfacet
  facet normal -4.82406e-19 -0.991445 -0.130526
    outer loop
      vertex 4 46.6097 20.6859
      vertex 0 46.7 20
      vertex 4 46.7 20
    endloop
  endfacet
  facet normal 4.1034e-18 0.79329 -0.608844
    outer loop
      vertex 4 41.755 21.325
      vertex 0 42.1762 21.8738
      vertex 4 42.1762 21.8738
    endloop
  endfacet
  facet normal 4.1034e-18 0.79329 -0.608844
    outer loop
      vertex 0 42.1762 21.8738
      vertex 4 41.755 21.325
      vertex 0 41.755 21.325
    endloop
  endfacet
  facet normal -4.1034e-18 -0.79329 -0.608844
    outer loop
      vertex 0 46.345 21.325
      vertex 4 45.9238 21.8738
      vertex 0 45.9238 21.8738
    endloop
  endfacet
  facet normal -4.1034e-18 -0.79329 -0.608844
    outer loop
      vertex 4 45.9238 21.8738
      vertex 0 46.345 21.325
      vertex 4 46.345 21.325
    endloop
  endfacet
  facet normal -0 0.382654 0.923892
    outer loop
      vertex 0 43.3641 17.4403
      vertex 4 42.725 17.705
      vertex 4 43.3641 17.4403
    endloop
  endfacet
  facet normal 0 0.382654 0.923892
    outer loop
      vertex 4 42.725 17.705
      vertex 0 43.3641 17.4403
      vertex 0 42.725 17.705
    endloop
  endfacet
  facet normal -0 0.608844 0.79329
    outer loop
      vertex 0 42.725 17.705
      vertex 4 42.1762 18.1262
      vertex 4 42.725 17.705
    endloop
  endfacet
  facet normal 0 0.608844 0.79329
    outer loop
      vertex 4 42.1762 18.1262
      vertex 0 42.725 17.705
      vertex 0 42.1762 18.1262
    endloop
  endfacet
  facet normal 4.1034e-18 -0.79329 0.608844
    outer loop
      vertex 0 45.9238 18.1262
      vertex 4 46.345 18.675
      vertex 0 46.345 18.675
    endloop
  endfacet
  facet normal 4.1034e-18 -0.79329 0.608844
    outer loop
      vertex 4 46.345 18.675
      vertex 0 45.9238 18.1262
      vertex 4 45.9238 18.1262
    endloop
  endfacet
  facet normal 0 0.130526 -0.991445
    outer loop
      vertex 0 43.3641 22.5597
      vertex 4 44.05 22.65
      vertex 4 43.3641 22.5597
    endloop
  endfacet
  facet normal 0 0.130526 -0.991445
    outer loop
      vertex 4 44.05 22.65
      vertex 0 43.3641 22.5597
      vertex 0 44.05 22.65
    endloop
  endfacet
  facet normal 3.6036e-18 0.923892 0.382654
    outer loop
      vertex 4 41.755 18.675
      vertex 0 41.4903 19.3141
      vertex 4 41.4903 19.3141
    endloop
  endfacet
  facet normal 3.6036e-18 0.923892 0.382654
    outer loop
      vertex 0 41.4903 19.3141
      vertex 4 41.755 18.675
      vertex 0 41.755 18.675
    endloop
  endfacet
  facet normal -3.6036e-18 0.923892 -0.382654
    outer loop
      vertex 4 41.4903 20.6859
      vertex 0 41.755 21.325
      vertex 4 41.755 21.325
    endloop
  endfacet
  facet normal -3.6036e-18 0.923892 -0.382654
    outer loop
      vertex 0 41.755 21.325
      vertex 4 41.4903 20.6859
      vertex 0 41.4903 20.6859
    endloop
  endfacet
  facet normal -4.243e-19 0.991445 -0.130526
    outer loop
      vertex 4 41.4 20
      vertex 0 41.4903 20.6859
      vertex 4 41.4903 20.6859
    endloop
  endfacet
  facet normal -4.243e-19 0.991445 -0.130526
    outer loop
      vertex 0 41.4903 20.6859
      vertex 4 41.4 20
      vertex 0 41.4 20
    endloop
  endfacet
  facet normal -0 0.50001 0.86602
    outer loop
      vertex 4 44.05 15.2657
      vertex 10 39.95 17.6329
      vertex 10 44.05 15.2657
    endloop
  endfacet
  facet normal 0 0.50001 0.86602
    outer loop
      vertex 10 39.95 17.6329
      vertex 4 44.05 15.2657
      vertex 4 39.95 17.6329
    endloop
  endfacet
  facet normal 0 -0.50001 -0.86602
    outer loop
      vertex 4 44.05 24.7343
      vertex 10 48.15 22.3671
      vertex 10 44.05 24.7343
    endloop
  endfacet
  facet normal -0 -0.50001 -0.86602
    outer loop
      vertex 10 48.15 22.3671
      vertex 4 44.05 24.7343
      vertex 4 48.15 22.3671
    endloop
  endfacet
  facet normal 1 0 0
    outer loop
      vertex 4 48.15 22.3671
      vertex 4 46.7 20
      vertex 4 48.15 17.6329
    endloop
  endfacet
  facet normal 1 0 0
    outer loop
      vertex 4 48.15 22.3671
      vertex 4 46.6097 20.6859
      vertex 4 46.7 20
    endloop
  endfacet
  facet normal 1 0 0
    outer loop
      vertex 4 48.15 22.3671
      vertex 4 46.345 21.325
      vertex 4 46.6097 20.6859
    endloop
  endfacet
  facet normal 1 0 0
    outer loop
      vertex 4 48.15 22.3671
      vertex 4 45.9238 21.8738
      vertex 4 46.345 21.325
    endloop
  endfacet
  facet normal 1 0 0
    outer loop
      vertex 4 48.15 22.3671
      vertex 4 45.375 22.295
      vertex 4 45.9238 21.8738
    endloop
  endfacet
  facet normal 1 0 0
    outer loop
      vertex 4 44.05 24.7343
      vertex 4 45.375 22.295
      vertex 4 48.15 22.3671
    endloop
  endfacet
  facet normal 1 0 0
    outer loop
      vertex 4 45.375 22.295
      vertex 4 44.05 24.7343
      vertex 4 44.7359 22.5597
    endloop
  endfacet
  facet normal 1 0 0
    outer loop
      vertex 4 44.05 24.7343
      vertex 4 44.05 22.65
      vertex 4 44.7359 22.5597
    endloop
  endfacet
  facet normal 1 0 0
    outer loop
      vertex 4 44.05 24.7343
      vertex 4 43.3641 22.5597
      vertex 4 44.05 22.65
    endloop
  endfacet
  facet normal 1 0 0
    outer loop
      vertex 4 44.05 24.7343
      vertex 4 42.725 22.295
      vertex 4 43.3641 22.5597
    endloop
  endfacet
  facet normal 1 -0 0
    outer loop
      vertex 4 39.95 22.3671
      vertex 4 42.725 22.295
      vertex 4 44.05 24.7343
    endloop
  endfacet
  facet normal 1 0 0
    outer loop
      vertex 4 42.725 22.295
      vertex 4 39.95 22.3671
      vertex 4 42.1762 21.8738
    endloop
  endfacet
  facet normal 1 0 0
    outer loop
      vertex 4 41.4903 20.6859
      vertex 4 39.95 22.3671
      vertex 4 41.4 20
    endloop
  endfacet
  facet normal 1 0 0
    outer loop
      vertex 4 41.755 21.325
      vertex 4 39.95 22.3671
      vertex 4 41.4903 20.6859
    endloop
  endfacet
  facet normal 1 0 0
    outer loop
      vertex 4 42.1762 21.8738
      vertex 4 39.95 22.3671
      vertex 4 41.755 21.325
    endloop
  endfacet
  facet normal 1 -0 0
    outer loop
      vertex 4 46.6097 19.3141
      vertex 4 48.15 17.6329
      vertex 4 46.7 20
    endloop
  endfacet
  facet normal 1 -0 0
    outer loop
      vertex 4 46.345 18.675
      vertex 4 48.15 17.6329
      vertex 4 46.6097 19.3141
    endloop
  endfacet
  facet normal 1 -0 0
    outer loop
      vertex 4 45.9238 18.1262
      vertex 4 48.15 17.6329
      vertex 4 46.345 18.675
    endloop
  endfacet
  facet normal 1 -0 0
    outer loop
      vertex 4 45.375 17.705
      vertex 4 48.15 17.6329
      vertex 4 45.9238 18.1262
    endloop
  endfacet
  facet normal 1 0 0
    outer loop
      vertex 4 44.05 15.2657
      vertex 4 45.375 17.705
      vertex 4 44.7359 17.4403
    endloop
  endfacet
  facet normal 1 0 0
    outer loop
      vertex 4 44.05 15.2657
      vertex 4 44.7359 17.4403
      vertex 4 44.05 17.35
    endloop
  endfacet
  facet normal 1 0 0
    outer loop
      vertex 4 45.375 17.705
      vertex 4 44.05 15.2657
      vertex 4 48.15 17.6329
    endloop
  endfacet
  facet normal 1 0 0
    outer loop
      vertex 4 43.3641 17.4403
      vertex 4 44.05 15.2657
      vertex 4 44.05 17.35
    endloop
  endfacet
  facet normal 1 0 0
    outer loop
      vertex 4 42.725 17.705
      vertex 4 44.05 15.2657
      vertex 4 43.3641 17.4403
    endloop
  endfacet
  facet normal 1 0 0
    outer loop
      vertex 4 39.95 17.6329
      vertex 4 42.725 17.705
      vertex 4 42.1762 18.1262
    endloop
  endfacet
  facet normal 1 0 0
    outer loop
      vertex 4 39.95 17.6329
      vertex 4 42.1762 18.1262
      vertex 4 41.755 18.675
    endloop
  endfacet
  facet normal 1 0 0
    outer loop
      vertex 4 39.95 17.6329
      vertex 4 41.4 20
      vertex 4 39.95 22.3671
    endloop
  endfacet
  facet normal 1 0 0
    outer loop
      vertex 4 41.4 20
      vertex 4 39.95 17.6329
      vertex 4 41.4903 19.3141
    endloop
  endfacet
  facet normal 1 0 0
    outer loop
      vertex 4 42.725 17.705
      vertex 4 39.95 17.6329
      vertex 4 44.05 15.2657
    endloop
  endfacet
  facet normal 1 0 0
    outer loop
      vertex 4 41.4903 19.3141
      vertex 4 39.95 17.6329
      vertex 4 41.755 18.675
    endloop
  endfacet
  facet normal 0 1 -0
    outer loop
      vertex 10 39.95 17.6329
      vertex 4 39.95 22.3671
      vertex 10 39.95 22.3671
    endloop
  endfacet
  facet normal 0 1 0
    outer loop
      vertex 4 39.95 22.3671
      vertex 10 39.95 17.6329
      vertex 4 39.95 17.6329
    endloop
  endfacet
  facet normal 0 -0.50001 0.86602
    outer loop
      vertex 4 48.15 17.6329
      vertex 10 44.05 15.2657
      vertex 10 48.15 17.6329
    endloop
  endfacet
  facet normal 0 -0.50001 0.86602
    outer loop
      vertex 10 44.05 15.2657
      vertex 4 48.15 17.6329
      vertex 4 44.05 15.2657
    endloop
  endfacet
  facet normal 0 -1 0
    outer loop
      vertex 4 48.15 17.6329
      vertex 10 48.15 22.3671
      vertex 4 48.15 22.3671
    endloop
  endfacet
  facet normal 0 -1 -0
    outer loop
      vertex 10 48.15 22.3671
      vertex 4 48.15 17.6329
      vertex 10 48.15 17.6329
    endloop
  endfacet
  facet normal 0 0.50001 -0.86602
    outer loop
      vertex 4 39.95 22.3671
      vertex 10 44.05 24.7343
      vertex 10 39.95 22.3671
    endloop
  endfacet
  facet normal 0 0.50001 -0.86602
    outer loop
      vertex 10 44.05 24.7343
      vertex 4 39.95 22.3671
      vertex 4 44.05 24.7343
    endloop
  endfacet
  facet normal 0 -0.130526 -0.991445
    outer loop
      vertex 0 44.05 50.65
      vertex 4 44.7359 50.5597
      vertex 4 44.05 50.65
    endloop
  endfacet
  facet normal -0 -0.130526 -0.991445
    outer loop
      vertex 4 44.7359 50.5597
      vertex 0 44.05 50.65
      vertex 0 44.7359 50.5597
    endloop
  endfacet
  facet normal 0 -0.608844 0.79329
    outer loop
      vertex 0 45.9238 46.1262
      vertex 4 45.375 45.705
      vertex 4 45.9238 46.1262
    endloop
  endfacet
  facet normal 0 -0.608844 0.79329
    outer loop
      vertex 4 45.375 45.705
      vertex 0 45.9238 46.1262
      vertex 0 45.375 45.705
    endloop
  endfacet
  facet normal -0 0.130526 0.991445
    outer loop
      vertex 0 44.05 45.35
      vertex 4 43.3641 45.4403
      vertex 4 44.05 45.35
    endloop
  endfacet
  facet normal 0 0.130526 0.991445
    outer loop
      vertex 4 43.3641 45.4403
      vertex 0 44.05 45.35
      vertex 0 43.3641 45.4403
    endloop
  endfacet
  facet normal 1.01005e-18 0.991445 0.130526
    outer loop
      vertex 4 41.4903 47.3141
      vertex 0 41.4 48
      vertex 4 41.4 48
    endloop
  endfacet
  facet normal 1.01005e-18 0.991445 0.130526
    outer loop
      vertex 0 41.4 48
      vertex 4 41.4903 47.3141
      vertex 0 41.4903 47.3141
    endloop
  endfacet
  facet normal 0 -0.382654 -0.923892
    outer loop
      vertex 0 44.7359 50.5597
      vertex 4 45.375 50.295
      vertex 4 44.7359 50.5597
    endloop
  endfacet
  facet normal -0 -0.382654 -0.923892
    outer loop
      vertex 4 45.375 50.295
      vertex 0 44.7359 50.5597
      vertex 0 45.375 50.295
    endloop
  endfacet
  facet normal -2.06284e-18 -0.923892 0.382654
    outer loop
      vertex 0 46.345 46.675
      vertex 4 46.6097 47.3141
      vertex 0 46.6097 47.3141
    endloop
  endfacet
  facet normal -2.06284e-18 -0.923892 0.382654
    outer loop
      vertex 4 46.6097 47.3141
      vertex 0 46.345 46.675
      vertex 4 46.345 46.675
    endloop
  endfacet
  facet normal 0 -0.130526 0.991445
    outer loop
      vertex 0 44.7359 45.4403
      vertex 4 44.05 45.35
      vertex 4 44.7359 45.4403
    endloop
  endfacet
  facet normal 0 -0.130526 0.991445
    outer loop
      vertex 4 44.05 45.35
      vertex 0 44.7359 45.4403
      vertex 0 44.05 45.35
    endloop
  endfacet
  facet normal -4.1034e-18 0.79329 0.608844
    outer loop
      vertex 4 42.1762 46.1262
      vertex 0 41.755 46.675
      vertex 4 41.755 46.675
    endloop
  endfacet
  facet normal -4.1034e-18 0.79329 0.608844
    outer loop
      vertex 0 41.755 46.675
      vertex 4 42.1762 46.1262
      vertex 0 42.1762 46.1262
    endloop
  endfacet
  facet normal -1.03342e-19 -0.991445 0.130526
    outer loop
      vertex 0 46.6097 47.3141
      vertex 4 46.7 48
      vertex 0 46.7 48
    endloop
  endfacet
  facet normal -1.03342e-19 -0.991445 0.130526
    outer loop
      vertex 4 46.7 48
      vertex 0 46.6097 47.3141
      vertex 4 46.6097 47.3141
    endloop
  endfacet
  facet normal 0 0.382654 -0.923892
    outer loop
      vertex 0 42.725 50.295
      vertex 4 43.3641 50.5597
      vertex 4 42.725 50.295
    endloop
  endfacet
  facet normal 0 0.382654 -0.923892
    outer loop
      vertex 4 43.3641 50.5597
      vertex 0 42.725 50.295
      vertex 0 43.3641 50.5597
    endloop
  endfacet
  facet normal 0 -0.382654 0.923892
    outer loop
      vertex 0 45.375 45.705
      vertex 4 44.7359 45.4403
      vertex 4 45.375 45.705
    endloop
  endfacet
  facet normal 0 -0.382654 0.923892
    outer loop
      vertex 4 44.7359 45.4403
      vertex 0 45.375 45.705
      vertex 0 44.7359 45.4403
    endloop
  endfacet
  facet normal 0 -0.608844 -0.79329
    outer loop
      vertex 0 45.375 50.295
      vertex 4 45.9238 49.8738
      vertex 4 45.375 50.295
    endloop
  endfacet
  facet normal -0 -0.608844 -0.79329
    outer loop
      vertex 4 45.9238 49.8738
      vertex 0 45.375 50.295
      vertex 0 45.9238 49.8738
    endloop
  endfacet
  facet normal 0 0.608844 -0.79329
    outer loop
      vertex 0 42.1762 49.8738
      vertex 4 42.725 50.295
      vertex 4 42.1762 49.8738
    endloop
  endfacet
  facet normal 0 0.608844 -0.79329
    outer loop
      vertex 4 42.725 50.295
      vertex 0 42.1762 49.8738
      vertex 0 42.725 50.295
    endloop
  endfacet
  facet normal 2.06284e-18 -0.923892 -0.382654
    outer loop
      vertex 0 46.6097 48.6859
      vertex 4 46.345 49.325
      vertex 0 46.345 49.325
    endloop
  endfacet
  facet normal 2.06284e-18 -0.923892 -0.382654
    outer loop
      vertex 4 46.345 49.325
      vertex 0 46.6097 48.6859
      vertex 4 46.6097 48.6859
    endloop
  endfacet
  facet normal 1.03342e-19 -0.991445 -0.130526
    outer loop
      vertex 0 46.7 48
      vertex 4 46.6097 48.6859
      vertex 0 46.6097 48.6859
    endloop
  endfacet
  facet normal 1.03342e-19 -0.991445 -0.130526
    outer loop
      vertex 4 46.6097 48.6859
      vertex 0 46.7 48
      vertex 4 46.7 48
    endloop
  endfacet
  facet normal 4.1034e-18 0.79329 -0.608844
    outer loop
      vertex 4 41.755 49.325
      vertex 0 42.1762 49.8738
      vertex 4 42.1762 49.8738
    endloop
  endfacet
  facet normal 4.1034e-18 0.79329 -0.608844
    outer loop
      vertex 0 42.1762 49.8738
      vertex 4 41.755 49.325
      vertex 0 41.755 49.325
    endloop
  endfacet
  facet normal -4.1034e-18 -0.79329 -0.608844
    outer loop
      vertex 0 46.345 49.325
      vertex 4 45.9238 49.8738
      vertex 0 45.9238 49.8738
    endloop
  endfacet
  facet normal -4.1034e-18 -0.79329 -0.608844
    outer loop
      vertex 4 45.9238 49.8738
      vertex 0 46.345 49.325
      vertex 4 46.345 49.325
    endloop
  endfacet
  facet normal -0 0.382654 0.923892
    outer loop
      vertex 0 43.3641 45.4403
      vertex 4 42.725 45.705
      vertex 4 43.3641 45.4403
    endloop
  endfacet
  facet normal 0 0.382654 0.923892
    outer loop
      vertex 4 42.725 45.705
      vertex 0 43.3641 45.4403
      vertex 0 42.725 45.705
    endloop
  endfacet
  facet normal -0 0.608844 0.79329
    outer loop
      vertex 0 42.725 45.705
      vertex 4 42.1762 46.1262
      vertex 4 42.725 45.705
    endloop
  endfacet
  facet normal 0 0.608844 0.79329
    outer loop
      vertex 4 42.1762 46.1262
      vertex 0 42.725 45.705
      vertex 0 42.1762 46.1262
    endloop
  endfacet
  facet normal 4.1034e-18 -0.79329 0.608844
    outer loop
      vertex 0 45.9238 46.1262
      vertex 4 46.345 46.675
      vertex 0 46.345 46.675
    endloop
  endfacet
  facet normal 4.1034e-18 -0.79329 0.608844
    outer loop
      vertex 4 46.345 46.675
      vertex 0 45.9238 46.1262
      vertex 4 45.9238 46.1262
    endloop
  endfacet
  facet normal 0 0.130526 -0.991445
    outer loop
      vertex 0 43.3641 50.5597
      vertex 4 44.05 50.65
      vertex 4 43.3641 50.5597
    endloop
  endfacet
  facet normal 0 0.130526 -0.991445
    outer loop
      vertex 4 44.05 50.65
      vertex 0 43.3641 50.5597
      vertex 0 44.05 50.65
    endloop
  endfacet
  facet normal -4.05203e-18 0.923892 0.382654
    outer loop
      vertex 4 41.755 46.675
      vertex 0 41.4903 47.3141
      vertex 4 41.4903 47.3141
    endloop
  endfacet
  facet normal -4.05203e-18 0.923892 0.382654
    outer loop
      vertex 0 41.4903 47.3141
      vertex 4 41.755 46.675
      vertex 0 41.755 46.675
    endloop
  endfacet
  facet normal 4.05203e-18 0.923892 -0.382654
    outer loop
      vertex 4 41.4903 48.6859
      vertex 0 41.755 49.325
      vertex 4 41.755 49.325
    endloop
  endfacet
  facet normal 4.05203e-18 0.923892 -0.382654
    outer loop
      vertex 0 41.755 49.325
      vertex 4 41.4903 48.6859
      vertex 0 41.4903 48.6859
    endloop
  endfacet
  facet normal -1.01005e-18 0.991445 -0.130526
    outer loop
      vertex 4 41.4 48
      vertex 0 41.4903 48.6859
      vertex 4 41.4903 48.6859
    endloop
  endfacet
  facet normal -1.01005e-18 0.991445 -0.130526
    outer loop
      vertex 0 41.4903 48.6859
      vertex 4 41.4 48
      vertex 0 41.4 48
    endloop
  endfacet
  facet normal -0 0.50001 0.86602
    outer loop
      vertex 4 44.05 43.2657
      vertex 10 39.95 45.6329
      vertex 10 44.05 43.2657
    endloop
  endfacet
  facet normal 0 0.50001 0.86602
    outer loop
      vertex 10 39.95 45.6329
      vertex 4 44.05 43.2657
      vertex 4 39.95 45.6329
    endloop
  endfacet
  facet normal 0 -0.50001 -0.86602
    outer loop
      vertex 4 44.05 52.7343
      vertex 10 48.15 50.3671
      vertex 10 44.05 52.7343
    endloop
  endfacet
  facet normal -0 -0.50001 -0.86602
    outer loop
      vertex 10 48.15 50.3671
      vertex 4 44.05 52.7343
      vertex 4 48.15 50.3671
    endloop
  endfacet
  facet normal 1 0 0
    outer loop
      vertex 4 48.15 50.3671
      vertex 4 46.7 48
      vertex 4 48.15 45.6329
    endloop
  endfacet
  facet normal 1 0 0
    outer loop
      vertex 4 48.15 50.3671
      vertex 4 46.6097 48.6859
      vertex 4 46.7 48
    endloop
  endfacet
  facet normal 1 0 0
    outer loop
      vertex 4 48.15 50.3671
      vertex 4 46.345 49.325
      vertex 4 46.6097 48.6859
    endloop
  endfacet
  facet normal 1 0 0
    outer loop
      vertex 4 48.15 50.3671
      vertex 4 45.9238 49.8738
      vertex 4 46.345 49.325
    endloop
  endfacet
  facet normal 1 0 0
    outer loop
      vertex 4 48.15 50.3671
      vertex 4 45.375 50.295
      vertex 4 45.9238 49.8738
    endloop
  endfacet
  facet normal 1 0 0
    outer loop
      vertex 4 44.05 52.7343
      vertex 4 45.375 50.295
      vertex 4 48.15 50.3671
    endloop
  endfacet
  facet normal 1 0 0
    outer loop
      vertex 4 45.375 50.295
      vertex 4 44.05 52.7343
      vertex 4 44.7359 50.5597
    endloop
  endfacet
  facet normal 1 0 0
    outer loop
      vertex 4 44.05 52.7343
      vertex 4 44.05 50.65
      vertex 4 44.7359 50.5597
    endloop
  endfacet
  facet normal 1 0 0
    outer loop
      vertex 4 44.05 52.7343
      vertex 4 43.3641 50.5597
      vertex 4 44.05 50.65
    endloop
  endfacet
  facet normal 1 0 0
    outer loop
      vertex 4 44.05 52.7343
      vertex 4 42.725 50.295
      vertex 4 43.3641 50.5597
    endloop
  endfacet
  facet normal 1 -0 0
    outer loop
      vertex 4 39.95 50.3671
      vertex 4 42.725 50.295
      vertex 4 44.05 52.7343
    endloop
  endfacet
  facet normal 1 0 0
    outer loop
      vertex 4 42.725 50.295
      vertex 4 39.95 50.3671
      vertex 4 42.1762 49.8738
    endloop
  endfacet
  facet normal 1 0 0
    outer loop
      vertex 4 41.4903 48.6859
      vertex 4 39.95 50.3671
      vertex 4 41.4 48
    endloop
  endfacet
  facet normal 1 0 0
    outer loop
      vertex 4 41.755 49.325
      vertex 4 39.95 50.3671
      vertex 4 41.4903 48.6859
    endloop
  endfacet
  facet normal 1 0 0
    outer loop
      vertex 4 42.1762 49.8738
      vertex 4 39.95 50.3671
      vertex 4 41.755 49.325
    endloop
  endfacet
  facet normal 1 -0 0
    outer loop
      vertex 4 46.6097 47.3141
      vertex 4 48.15 45.6329
      vertex 4 46.7 48
    endloop
  endfacet
  facet normal 1 -0 0
    outer loop
      vertex 4 46.345 46.675
      vertex 4 48.15 45.6329
      vertex 4 46.6097 47.3141
    endloop
  endfacet
  facet normal 1 -0 0
    outer loop
      vertex 4 45.9238 46.1262
      vertex 4 48.15 45.6329
      vertex 4 46.345 46.675
    endloop
  endfacet
  facet normal 1 -0 0
    outer loop
      vertex 4 45.375 45.705
      vertex 4 48.15 45.6329
      vertex 4 45.9238 46.1262
    endloop
  endfacet
  facet normal 1 0 0
    outer loop
      vertex 4 44.05 43.2657
      vertex 4 45.375 45.705
      vertex 4 44.7359 45.4403
    endloop
  endfacet
  facet normal 1 0 0
    outer loop
      vertex 4 44.05 43.2657
      vertex 4 44.7359 45.4403
      vertex 4 44.05 45.35
    endloop
  endfacet
  facet normal 1 0 0
    outer loop
      vertex 4 45.375 45.705
      vertex 4 44.05 43.2657
      vertex 4 48.15 45.6329
    endloop
  endfacet
  facet normal 1 0 0
    outer loop
      vertex 4 43.3641 45.4403
      vertex 4 44.05 43.2657
      vertex 4 44.05 45.35
    endloop
  endfacet
  facet normal 1 0 0
    outer loop
      vertex 4 42.725 45.705
      vertex 4 44.05 43.2657
      vertex 4 43.3641 45.4403
    endloop
  endfacet
  facet normal 1 0 0
    outer loop
      vertex 4 39.95 45.6329
      vertex 4 42.725 45.705
      vertex 4 42.1762 46.1262
    endloop
  endfacet
  facet normal 1 0 0
    outer loop
      vertex 4 39.95 45.6329
      vertex 4 42.1762 46.1262
      vertex 4 41.755 46.675
    endloop
  endfacet
  facet normal 1 0 0
    outer loop
      vertex 4 39.95 45.6329
      vertex 4 41.4 48
      vertex 4 39.95 50.3671
    endloop
  endfacet
  facet normal 1 0 0
    outer loop
      vertex 4 41.4 48
      vertex 4 39.95 45.6329
      vertex 4 41.4903 47.3141
    endloop
  endfacet
  facet normal 1 0 0
    outer loop
      vertex 4 42.725 45.705
      vertex 4 39.95 45.6329
      vertex 4 44.05 43.2657
    endloop
  endfacet
  facet normal 1 0 0
    outer loop
      vertex 4 41.4903 47.3141
      vertex 4 39.95 45.6329
      vertex 4 41.755 46.675
    endloop
  endfacet
  facet normal 0 1 -0
    outer loop
      vertex 10 39.95 45.6329
      vertex 4 39.95 50.3671
      vertex 10 39.95 50.3671
    endloop
  endfacet
  facet normal 0 1 0
    outer loop
      vertex 4 39.95 50.3671
      vertex 10 39.95 45.6329
      vertex 4 39.95 45.6329
    endloop
  endfacet
  facet normal 0 -0.50001 0.86602
    outer loop
      vertex 4 48.15 45.6329
      vertex 10 44.05 43.2657
      vertex 10 48.15 45.6329
    endloop
  endfacet
  facet normal 0 -0.50001 0.86602
    outer loop
      vertex 10 44.05 43.2657
      vertex 4 48.15 45.6329
      vertex 4 44.05 43.2657
    endloop
  endfacet
  facet normal 0 -1 0
    outer loop
      vertex 4 48.15 45.6329
      vertex 10 48.15 50.3671
      vertex 4 48.15 50.3671
    endloop
  endfacet
  facet normal 0 -1 -0
    outer loop
      vertex 10 48.15 50.3671
      vertex 4 48.15 45.6329
      vertex 10 48.15 45.6329
    endloop
  endfacet
  facet normal 0 0.50001 -0.86602
    outer loop
      vertex 4 39.95 50.3671
      vertex 10 44.05 52.7343
      vertex 10 39.95 50.3671
    endloop
  endfacet
  facet normal 0 0.50001 -0.86602
    outer loop
      vertex 10 44.05 52.7343
      vertex 4 39.95 50.3671
      vertex 4 44.05 52.7343
    endloop
  endfacet
  facet normal -0.500002 0 -0.866024
    outer loop
      vertex 107.1 2 38.0056
      vertex 113.6 6 34.2528
      vertex 113.6 2 34.2528
    endloop
  endfacet
  facet normal -0.500002 0 -0.866024
    outer loop
      vertex 113.6 6 34.2528
      vertex 107.1 2 38.0056
      vertex 107.1 6 38.0056
    endloop
  endfacet
  facet normal -1 0 0
    outer loop
      vertex 113.6 2 26.7472
      vertex 113.6 6 34.2528
      vertex 113.6 6 26.7472
    endloop
  endfacet
  facet normal -1 -0 0
    outer loop
      vertex 113.6 6 34.2528
      vertex 113.6 2 26.7472
      vertex 113.6 2 34.2528
    endloop
  endfacet
  facet normal 0.500002 0 0.866024
    outer loop
      vertex 100.6 6 26.7472
      vertex 107.1 2 22.9944
      vertex 107.1 6 22.9944
    endloop
  endfacet
  facet normal 0.500002 0 0.866024
    outer loop
      vertex 107.1 2 22.9944
      vertex 100.6 6 26.7472
      vertex 100.6 2 26.7472
    endloop
  endfacet
  facet normal -0.500002 0 0.866024
    outer loop
      vertex 107.1 6 22.9944
      vertex 113.6 2 26.7472
      vertex 113.6 6 26.7472
    endloop
  endfacet
  facet normal -0.500002 0 0.866024
    outer loop
      vertex 113.6 2 26.7472
      vertex 107.1 6 22.9944
      vertex 107.1 2 22.9944
    endloop
  endfacet
  facet normal 1 -0 0
    outer loop
      vertex 100.6 2 34.2528
      vertex 100.6 6 26.7472
      vertex 100.6 6 34.2528
    endloop
  endfacet
  facet normal 1 0 0
    outer loop
      vertex 100.6 6 26.7472
      vertex 100.6 2 34.2528
      vertex 100.6 2 26.7472
    endloop
  endfacet
  facet normal 0.500002 0 -0.866024
    outer loop
      vertex 100.6 2 34.2528
      vertex 107.1 6 38.0056
      vertex 107.1 2 38.0056
    endloop
  endfacet
  facet normal 0.500002 0 -0.866024
    outer loop
      vertex 107.1 6 38.0056
      vertex 100.6 2 34.2528
      vertex 100.6 6 34.2528
    endloop
  endfacet
  facet normal -0.500002 0 -0.866024
    outer loop
      vertex 123.1 2 38.0056
      vertex 129.6 6 34.2528
      vertex 129.6 2 34.2528
    endloop
  endfacet
  facet normal -0.500002 0 -0.866024
    outer loop
      vertex 129.6 6 34.2528
      vertex 123.1 2 38.0056
      vertex 123.1 6 38.0056
    endloop
  endfacet
  facet normal -1 0 0
    outer loop
      vertex 129.6 2 26.7472
      vertex 129.6 6 34.2528
      vertex 129.6 6 26.7472
    endloop
  endfacet
  facet normal -1 -0 0
    outer loop
      vertex 129.6 6 34.2528
      vertex 129.6 2 26.7472
      vertex 129.6 2 34.2528
    endloop
  endfacet
  facet normal 0.500002 0 0.866024
    outer loop
      vertex 116.6 6 26.7472
      vertex 123.1 2 22.9944
      vertex 123.1 6 22.9944
    endloop
  endfacet
  facet normal 0.500002 0 0.866024
    outer loop
      vertex 123.1 2 22.9944
      vertex 116.6 6 26.7472
      vertex 116.6 2 26.7472
    endloop
  endfacet
  facet normal -0.500002 0 0.866024
    outer loop
      vertex 123.1 6 22.9944
      vertex 129.6 2 26.7472
      vertex 129.6 6 26.7472
    endloop
  endfacet
  facet normal -0.500002 0 0.866024
    outer loop
      vertex 129.6 2 26.7472
      vertex 123.1 6 22.9944
      vertex 123.1 2 22.9944
    endloop
  endfacet
  facet normal 1 -0 0
    outer loop
      vertex 116.6 2 34.2528
      vertex 116.6 6 26.7472
      vertex 116.6 6 34.2528
    endloop
  endfacet
  facet normal 1 0 0
    outer loop
      vertex 116.6 6 26.7472
      vertex 116.6 2 34.2528
      vertex 116.6 2 26.7472
    endloop
  endfacet
  facet normal 0.500002 0 -0.866024
    outer loop
      vertex 116.6 2 34.2528
      vertex 123.1 6 38.0056
      vertex 123.1 2 38.0056
    endloop
  endfacet
  facet normal 0.500002 0 -0.866024
    outer loop
      vertex 123.1 6 38.0056
      vertex 116.6 2 34.2528
      vertex 116.6 6 34.2528
    endloop
  endfacet
  facet normal -0.500002 0 -0.866024
    outer loop
      vertex 139.1 2 38.0056
      vertex 145.6 6 34.2528
      vertex 145.6 2 34.2528
    endloop
  endfacet
  facet normal -0.500002 0 -0.866024
    outer loop
      vertex 145.6 6 34.2528
      vertex 139.1 2 38.0056
      vertex 139.1 6 38.0056
    endloop
  endfacet
  facet normal 0.500002 0 0.866024
    outer loop
      vertex 132.6 6 26.7472
      vertex 139.1 2 22.9944
      vertex 139.1 6 22.9944
    endloop
  endfacet
  facet normal 0.500002 0 0.866024
    outer loop
      vertex 139.1 2 22.9944
      vertex 132.6 6 26.7472
      vertex 132.6 2 26.7472
    endloop
  endfacet
  facet normal -0.500002 0 0.866024
    outer loop
      vertex 139.1 6 22.9944
      vertex 145.6 2 26.7472
      vertex 145.6 6 26.7472
    endloop
  endfacet
  facet normal -0.500002 0 0.866024
    outer loop
      vertex 145.6 2 26.7472
      vertex 139.1 6 22.9944
      vertex 139.1 2 22.9944
    endloop
  endfacet
  facet normal 1 -0 0
    outer loop
      vertex 132.6 2 34.2528
      vertex 132.6 6 26.7472
      vertex 132.6 6 34.2528
    endloop
  endfacet
  facet normal 1 0 0
    outer loop
      vertex 132.6 6 26.7472
      vertex 132.6 2 34.2528
      vertex 132.6 2 26.7472
    endloop
  endfacet
  facet normal 0.500002 0 -0.866024
    outer loop
      vertex 132.6 2 34.2528
      vertex 139.1 6 38.0056
      vertex 139.1 2 38.0056
    endloop
  endfacet
  facet normal 0.500002 0 -0.866024
    outer loop
      vertex 139.1 6 38.0056
      vertex 132.6 2 34.2528
      vertex 132.6 6 34.2528
    endloop
  endfacet
  facet normal -1 0 0
    outer loop
      vertex 145.6 2 26.7472
      vertex 145.6 6 34.2528
      vertex 145.6 6 26.7472
    endloop
  endfacet
  facet normal -1 -0 0
    outer loop
      vertex 145.6 6 34.2528
      vertex 145.6 2 26.7472
      vertex 145.6 2 34.2528
    endloop
  endfacet
  facet normal -0.500002 0 -0.866024
    outer loop
      vertex 155.1 2 38.0056
      vertex 161.6 6 34.2528
      vertex 161.6 2 34.2528
    endloop
  endfacet
  facet normal -0.500002 0 -0.866024
    outer loop
      vertex 161.6 6 34.2528
      vertex 155.1 2 38.0056
      vertex 155.1 6 38.0056
    endloop
  endfacet
  facet normal 0.500002 0 0.866024
    outer loop
      vertex 148.6 6 26.7472
      vertex 155.1 2 22.9944
      vertex 155.1 6 22.9944
    endloop
  endfacet
  facet normal 0.500002 0 0.866024
    outer loop
      vertex 155.1 2 22.9944
      vertex 148.6 6 26.7472
      vertex 148.6 2 26.7472
    endloop
  endfacet
  facet normal -0.500002 0 0.866024
    outer loop
      vertex 155.1 6 22.9944
      vertex 161.6 2 26.7472
      vertex 161.6 6 26.7472
    endloop
  endfacet
  facet normal -0.500002 0 0.866024
    outer loop
      vertex 161.6 2 26.7472
      vertex 155.1 6 22.9944
      vertex 155.1 2 22.9944
    endloop
  endfacet
  facet normal 1 -0 0
    outer loop
      vertex 148.6 2 34.2528
      vertex 148.6 6 26.7472
      vertex 148.6 6 34.2528
    endloop
  endfacet
  facet normal 1 0 0
    outer loop
      vertex 148.6 6 26.7472
      vertex 148.6 2 34.2528
      vertex 148.6 2 26.7472
    endloop
  endfacet
  facet normal 0.500002 0 -0.866024
    outer loop
      vertex 148.6 2 34.2528
      vertex 155.1 6 38.0056
      vertex 155.1 2 38.0056
    endloop
  endfacet
  facet normal 0.500002 0 -0.866024
    outer loop
      vertex 155.1 6 38.0056
      vertex 148.6 2 34.2528
      vertex 148.6 6 34.2528
    endloop
  endfacet
  facet normal -1 0 0
    outer loop
      vertex 161.6 2 26.7472
      vertex 161.6 6 34.2528
      vertex 161.6 6 26.7472
    endloop
  endfacet
  facet normal -1 -0 0
    outer loop
      vertex 161.6 6 34.2528
      vertex 161.6 2 26.7472
      vertex 161.6 2 34.2528
    endloop
  endfacet
  facet normal -0.500002 0 -0.866024
    outer loop
      vertex 115.1 2 51.8616
      vertex 121.6 6 48.1088
      vertex 121.6 2 48.1088
    endloop
  endfacet
  facet normal -0.500002 0 -0.866024
    outer loop
      vertex 121.6 6 48.1088
      vertex 115.1 2 51.8616
      vertex 115.1 6 51.8616
    endloop
  endfacet
  facet normal 0.500002 0 0.866024
    outer loop
      vertex 108.6 6 40.6032
      vertex 115.1 2 36.8504
      vertex 115.1 6 36.8504
    endloop
  endfacet
  facet normal 0.500002 0 0.866024
    outer loop
      vertex 115.1 2 36.8504
      vertex 108.6 6 40.6032
      vertex 108.6 2 40.6032
    endloop
  endfacet
  facet normal -0.500002 0 0.866024
    outer loop
      vertex 115.1 6 36.8504
      vertex 121.6 2 40.6032
      vertex 121.6 6 40.6032
    endloop
  endfacet
  facet normal -0.500002 0 0.866024
    outer loop
      vertex 121.6 2 40.6032
      vertex 115.1 6 36.8504
      vertex 115.1 2 36.8504
    endloop
  endfacet
  facet normal 1 -0 0
    outer loop
      vertex 108.6 2 48.1088
      vertex 108.6 6 40.6032
      vertex 108.6 6 48.1088
    endloop
  endfacet
  facet normal 1 0 0
    outer loop
      vertex 108.6 6 40.6032
      vertex 108.6 2 48.1088
      vertex 108.6 2 40.6032
    endloop
  endfacet
  facet normal 0.500002 0 -0.866024
    outer loop
      vertex 108.6 2 48.1088
      vertex 115.1 6 51.8616
      vertex 115.1 2 51.8616
    endloop
  endfacet
  facet normal 0.500002 0 -0.866024
    outer loop
      vertex 115.1 6 51.8616
      vertex 108.6 2 48.1088
      vertex 108.6 6 48.1088
    endloop
  endfacet
  facet normal -1 0 0
    outer loop
      vertex 121.6 2 40.6032
      vertex 121.6 6 48.1088
      vertex 121.6 6 40.6032
    endloop
  endfacet
  facet normal -1 -0 0
    outer loop
      vertex 121.6 6 48.1088
      vertex 121.6 2 40.6032
      vertex 121.6 2 48.1088
    endloop
  endfacet
  facet normal -0.500002 0 -0.866024
    outer loop
      vertex 131.1 2 51.8616
      vertex 137.6 6 48.1088
      vertex 137.6 2 48.1088
    endloop
  endfacet
  facet normal -0.500002 0 -0.866024
    outer loop
      vertex 137.6 6 48.1088
      vertex 131.1 2 51.8616
      vertex 131.1 6 51.8616
    endloop
  endfacet
  facet normal -1 0 0
    outer loop
      vertex 137.6 2 40.6032
      vertex 137.6 6 48.1088
      vertex 137.6 6 40.6032
    endloop
  endfacet
  facet normal -1 -0 0
    outer loop
      vertex 137.6 6 48.1088
      vertex 137.6 2 40.6032
      vertex 137.6 2 48.1088
    endloop
  endfacet
  facet normal 0.500002 0 0.866024
    outer loop
      vertex 124.6 6 40.6032
      vertex 131.1 2 36.8504
      vertex 131.1 6 36.8504
    endloop
  endfacet
  facet normal 0.500002 0 0.866024
    outer loop
      vertex 131.1 2 36.8504
      vertex 124.6 6 40.6032
      vertex 124.6 2 40.6032
    endloop
  endfacet
  facet normal -0.500002 0 0.866024
    outer loop
      vertex 131.1 6 36.8504
      vertex 137.6 2 40.6032
      vertex 137.6 6 40.6032
    endloop
  endfacet
  facet normal -0.500002 0 0.866024
    outer loop
      vertex 137.6 2 40.6032
      vertex 131.1 6 36.8504
      vertex 131.1 2 36.8504
    endloop
  endfacet
  facet normal 1 -0 0
    outer loop
      vertex 124.6 2 48.1088
      vertex 124.6 6 40.6032
      vertex 124.6 6 48.1088
    endloop
  endfacet
  facet normal 1 0 0
    outer loop
      vertex 124.6 6 40.6032
      vertex 124.6 2 48.1088
      vertex 124.6 2 40.6032
    endloop
  endfacet
  facet normal 0.500002 0 -0.866024
    outer loop
      vertex 124.6 2 48.1088
      vertex 131.1 6 51.8616
      vertex 131.1 2 51.8616
    endloop
  endfacet
  facet normal 0.500002 0 -0.866024
    outer loop
      vertex 131.1 6 51.8616
      vertex 124.6 2 48.1088
      vertex 124.6 6 48.1088
    endloop
  endfacet
  facet normal -0.500002 0 -0.866024
    outer loop
      vertex 147.1 2 51.8616
      vertex 153.6 6 48.1088
      vertex 153.6 2 48.1088
    endloop
  endfacet
  facet normal -0.500002 0 -0.866024
    outer loop
      vertex 153.6 6 48.1088
      vertex 147.1 2 51.8616
      vertex 147.1 6 51.8616
    endloop
  endfacet
  facet normal -1 0 0
    outer loop
      vertex 153.6 2 40.6032
      vertex 153.6 6 48.1088
      vertex 153.6 6 40.6032
    endloop
  endfacet
  facet normal -1 -0 0
    outer loop
      vertex 153.6 6 48.1088
      vertex 153.6 2 40.6032
      vertex 153.6 2 48.1088
    endloop
  endfacet
  facet normal 0.500002 0 0.866024
    outer loop
      vertex 140.6 6 40.6032
      vertex 147.1 2 36.8504
      vertex 147.1 6 36.8504
    endloop
  endfacet
  facet normal 0.500002 0 0.866024
    outer loop
      vertex 147.1 2 36.8504
      vertex 140.6 6 40.6032
      vertex 140.6 2 40.6032
    endloop
  endfacet
  facet normal -0.500002 0 0.866024
    outer loop
      vertex 147.1 6 36.8504
      vertex 153.6 2 40.6032
      vertex 153.6 6 40.6032
    endloop
  endfacet
  facet normal -0.500002 0 0.866024
    outer loop
      vertex 153.6 2 40.6032
      vertex 147.1 6 36.8504
      vertex 147.1 2 36.8504
    endloop
  endfacet
  facet normal 1 -0 0
    outer loop
      vertex 140.6 2 48.1088
      vertex 140.6 6 40.6032
      vertex 140.6 6 48.1088
    endloop
  endfacet
  facet normal 1 0 0
    outer loop
      vertex 140.6 6 40.6032
      vertex 140.6 2 48.1088
      vertex 140.6 2 40.6032
    endloop
  endfacet
  facet normal 0.500002 0 -0.866024
    outer loop
      vertex 140.6 2 48.1088
      vertex 147.1 6 51.8616
      vertex 147.1 2 51.8616
    endloop
  endfacet
  facet normal 0.500002 0 -0.866024
    outer loop
      vertex 147.1 6 51.8616
      vertex 140.6 2 48.1088
      vertex 140.6 6 48.1088
    endloop
  endfacet
  facet normal -0.500002 0 -0.866024
    outer loop
      vertex 163.1 2 51.8616
      vertex 169.6 6 48.1088
      vertex 169.6 2 48.1088
    endloop
  endfacet
  facet normal -0.500002 0 -0.866024
    outer loop
      vertex 169.6 6 48.1088
      vertex 163.1 2 51.8616
      vertex 163.1 6 51.8616
    endloop
  endfacet
  facet normal -1 0 0
    outer loop
      vertex 169.6 2 40.6032
      vertex 169.6 6 48.1088
      vertex 169.6 6 40.6032
    endloop
  endfacet
  facet normal -1 -0 0
    outer loop
      vertex 169.6 6 48.1088
      vertex 169.6 2 40.6032
      vertex 169.6 2 48.1088
    endloop
  endfacet
  facet normal 0.500002 0 0.866024
    outer loop
      vertex 156.6 6 40.6032
      vertex 163.1 2 36.8504
      vertex 163.1 6 36.8504
    endloop
  endfacet
  facet normal 0.500002 0 0.866024
    outer loop
      vertex 163.1 2 36.8504
      vertex 156.6 6 40.6032
      vertex 156.6 2 40.6032
    endloop
  endfacet
  facet normal -0.500002 0 0.866024
    outer loop
      vertex 163.1 6 36.8504
      vertex 169.6 2 40.6032
      vertex 169.6 6 40.6032
    endloop
  endfacet
  facet normal -0.500002 0 0.866024
    outer loop
      vertex 169.6 2 40.6032
      vertex 163.1 6 36.8504
      vertex 163.1 2 36.8504
    endloop
  endfacet
  facet normal 1 -0 0
    outer loop
      vertex 156.6 2 48.1088
      vertex 156.6 6 40.6032
      vertex 156.6 6 48.1088
    endloop
  endfacet
  facet normal 1 0 0
    outer loop
      vertex 156.6 6 40.6032
      vertex 156.6 2 48.1088
      vertex 156.6 2 40.6032
    endloop
  endfacet
  facet normal 0.500002 0 -0.866024
    outer loop
      vertex 156.6 2 48.1088
      vertex 163.1 6 51.8616
      vertex 163.1 2 51.8616
    endloop
  endfacet
  facet normal 0.500002 0 -0.866024
    outer loop
      vertex 163.1 6 51.8616
      vertex 156.6 2 48.1088
      vertex 156.6 6 48.1088
    endloop
  endfacet
  facet normal -0.500002 0 -0.866024
    outer loop
      vertex 107.1 2 65.7176
      vertex 113.6 6 61.9648
      vertex 113.6 2 61.9648
    endloop
  endfacet
  facet normal -0.500002 0 -0.866024
    outer loop
      vertex 113.6 6 61.9648
      vertex 107.1 2 65.7176
      vertex 107.1 6 65.7176
    endloop
  endfacet
  facet normal -1 0 0
    outer loop
      vertex 113.6 2 54.4592
      vertex 113.6 6 61.9648
      vertex 113.6 6 54.4592
    endloop
  endfacet
  facet normal -1 -0 0
    outer loop
      vertex 113.6 6 61.9648
      vertex 113.6 2 54.4592
      vertex 113.6 2 61.9648
    endloop
  endfacet
  facet normal 0.500002 0 0.866024
    outer loop
      vertex 100.6 6 54.4592
      vertex 107.1 2 50.7064
      vertex 107.1 6 50.7064
    endloop
  endfacet
  facet normal 0.500002 0 0.866024
    outer loop
      vertex 107.1 2 50.7064
      vertex 100.6 6 54.4592
      vertex 100.6 2 54.4592
    endloop
  endfacet
  facet normal -0.500002 0 0.866024
    outer loop
      vertex 107.1 6 50.7064
      vertex 113.6 2 54.4592
      vertex 113.6 6 54.4592
    endloop
  endfacet
  facet normal -0.500002 0 0.866024
    outer loop
      vertex 113.6 2 54.4592
      vertex 107.1 6 50.7064
      vertex 107.1 2 50.7064
    endloop
  endfacet
  facet normal 1 -0 0
    outer loop
      vertex 100.6 2 61.9648
      vertex 100.6 6 54.4592
      vertex 100.6 6 61.9648
    endloop
  endfacet
  facet normal 1 0 0
    outer loop
      vertex 100.6 6 54.4592
      vertex 100.6 2 61.9648
      vertex 100.6 2 54.4592
    endloop
  endfacet
  facet normal 0.500002 0 -0.866024
    outer loop
      vertex 100.6 2 61.9648
      vertex 107.1 6 65.7176
      vertex 107.1 2 65.7176
    endloop
  endfacet
  facet normal 0.500002 0 -0.866024
    outer loop
      vertex 107.1 6 65.7176
      vertex 100.6 2 61.9648
      vertex 100.6 6 61.9648
    endloop
  endfacet
  facet normal -0.500002 0 -0.866024
    outer loop
      vertex 123.1 2 65.7176
      vertex 129.6 6 61.9648
      vertex 129.6 2 61.9648
    endloop
  endfacet
  facet normal -0.500002 0 -0.866024
    outer loop
      vertex 129.6 6 61.9648
      vertex 123.1 2 65.7176
      vertex 123.1 6 65.7176
    endloop
  endfacet
  facet normal -1 0 0
    outer loop
      vertex 129.6 2 54.4592
      vertex 129.6 6 61.9648
      vertex 129.6 6 54.4592
    endloop
  endfacet
  facet normal -1 -0 0
    outer loop
      vertex 129.6 6 61.9648
      vertex 129.6 2 54.4592
      vertex 129.6 2 61.9648
    endloop
  endfacet
  facet normal 0.500002 0 0.866024
    outer loop
      vertex 116.6 6 54.4592
      vertex 123.1 2 50.7064
      vertex 123.1 6 50.7064
    endloop
  endfacet
  facet normal 0.500002 0 0.866024
    outer loop
      vertex 123.1 2 50.7064
      vertex 116.6 6 54.4592
      vertex 116.6 2 54.4592
    endloop
  endfacet
  facet normal -0.500002 0 0.866024
    outer loop
      vertex 123.1 6 50.7064
      vertex 129.6 2 54.4592
      vertex 129.6 6 54.4592
    endloop
  endfacet
  facet normal -0.500002 0 0.866024
    outer loop
      vertex 129.6 2 54.4592
      vertex 123.1 6 50.7064
      vertex 123.1 2 50.7064
    endloop
  endfacet
  facet normal 1 -0 0
    outer loop
      vertex 116.6 2 61.9648
      vertex 116.6 6 54.4592
      vertex 116.6 6 61.9648
    endloop
  endfacet
  facet normal 1 0 0
    outer loop
      vertex 116.6 6 54.4592
      vertex 116.6 2 61.9648
      vertex 116.6 2 54.4592
    endloop
  endfacet
  facet normal 0.500002 0 -0.866024
    outer loop
      vertex 116.6 2 61.9648
      vertex 123.1 6 65.7176
      vertex 123.1 2 65.7176
    endloop
  endfacet
  facet normal 0.500002 0 -0.866024
    outer loop
      vertex 123.1 6 65.7176
      vertex 116.6 2 61.9648
      vertex 116.6 6 61.9648
    endloop
  endfacet
  facet normal -0.500002 0 -0.866024
    outer loop
      vertex 139.1 2 65.7176
      vertex 145.6 6 61.9648
      vertex 145.6 2 61.9648
    endloop
  endfacet
  facet normal -0.500002 0 -0.866024
    outer loop
      vertex 145.6 6 61.9648
      vertex 139.1 2 65.7176
      vertex 139.1 6 65.7176
    endloop
  endfacet
  facet normal 0.500002 0 0.866024
    outer loop
      vertex 132.6 6 54.4592
      vertex 139.1 2 50.7064
      vertex 139.1 6 50.7064
    endloop
  endfacet
  facet normal 0.500002 0 0.866024
    outer loop
      vertex 139.1 2 50.7064
      vertex 132.6 6 54.4592
      vertex 132.6 2 54.4592
    endloop
  endfacet
  facet normal -0.500002 0 0.866024
    outer loop
      vertex 139.1 6 50.7064
      vertex 145.6 2 54.4592
      vertex 145.6 6 54.4592
    endloop
  endfacet
  facet normal -0.500002 0 0.866024
    outer loop
      vertex 145.6 2 54.4592
      vertex 139.1 6 50.7064
      vertex 139.1 2 50.7064
    endloop
  endfacet
  facet normal 1 -0 0
    outer loop
      vertex 132.6 2 61.9648
      vertex 132.6 6 54.4592
      vertex 132.6 6 61.9648
    endloop
  endfacet
  facet normal 1 0 0
    outer loop
      vertex 132.6 6 54.4592
      vertex 132.6 2 61.9648
      vertex 132.6 2 54.4592
    endloop
  endfacet
  facet normal 0.500002 0 -0.866024
    outer loop
      vertex 132.6 2 61.9648
      vertex 139.1 6 65.7176
      vertex 139.1 2 65.7176
    endloop
  endfacet
  facet normal 0.500002 0 -0.866024
    outer loop
      vertex 139.1 6 65.7176
      vertex 132.6 2 61.9648
      vertex 132.6 6 61.9648
    endloop
  endfacet
  facet normal -1 0 0
    outer loop
      vertex 145.6 2 54.4592
      vertex 145.6 6 61.9648
      vertex 145.6 6 54.4592
    endloop
  endfacet
  facet normal -1 -0 0
    outer loop
      vertex 145.6 6 61.9648
      vertex 145.6 2 54.4592
      vertex 145.6 2 61.9648
    endloop
  endfacet
  facet normal -0.500002 0 -0.866024
    outer loop
      vertex 155.1 2 65.7176
      vertex 161.6 6 61.9648
      vertex 161.6 2 61.9648
    endloop
  endfacet
  facet normal -0.500002 0 -0.866024
    outer loop
      vertex 161.6 6 61.9648
      vertex 155.1 2 65.7176
      vertex 155.1 6 65.7176
    endloop
  endfacet
  facet normal 0.500002 0 0.866024
    outer loop
      vertex 148.6 6 54.4592
      vertex 155.1 2 50.7064
      vertex 155.1 6 50.7064
    endloop
  endfacet
  facet normal 0.500002 0 0.866024
    outer loop
      vertex 155.1 2 50.7064
      vertex 148.6 6 54.4592
      vertex 148.6 2 54.4592
    endloop
  endfacet
  facet normal -0.500002 0 0.866024
    outer loop
      vertex 155.1 6 50.7064
      vertex 161.6 2 54.4592
      vertex 161.6 6 54.4592
    endloop
  endfacet
  facet normal -0.500002 0 0.866024
    outer loop
      vertex 161.6 2 54.4592
      vertex 155.1 6 50.7064
      vertex 155.1 2 50.7064
    endloop
  endfacet
  facet normal 1 -0 0
    outer loop
      vertex 148.6 2 61.9648
      vertex 148.6 6 54.4592
      vertex 148.6 6 61.9648
    endloop
  endfacet
  facet normal 1 0 0
    outer loop
      vertex 148.6 6 54.4592
      vertex 148.6 2 61.9648
      vertex 148.6 2 54.4592
    endloop
  endfacet
  facet normal 0.500002 0 -0.866024
    outer loop
      vertex 148.6 2 61.9648
      vertex 155.1 6 65.7176
      vertex 155.1 2 65.7176
    endloop
  endfacet
  facet normal 0.500002 0 -0.866024
    outer loop
      vertex 155.1 6 65.7176
      vertex 148.6 2 61.9648
      vertex 148.6 6 61.9648
    endloop
  endfacet
  facet normal -1 0 0
    outer loop
      vertex 161.6 2 54.4592
      vertex 161.6 6 61.9648
      vertex 161.6 6 54.4592
    endloop
  endfacet
  facet normal -1 -0 0
    outer loop
      vertex 161.6 6 61.9648
      vertex 161.6 2 54.4592
      vertex 161.6 2 61.9648
    endloop
  endfacet
  facet normal -0.500002 0 -0.866024
    outer loop
      vertex 115.1 2 79.5736
      vertex 121.6 6 75.8208
      vertex 121.6 2 75.8208
    endloop
  endfacet
  facet normal -0.500002 0 -0.866024
    outer loop
      vertex 121.6 6 75.8208
      vertex 115.1 2 79.5736
      vertex 115.1 6 79.5736
    endloop
  endfacet
  facet normal 0.500002 0 0.866024
    outer loop
      vertex 108.6 6 68.3152
      vertex 115.1 2 64.5624
      vertex 115.1 6 64.5624
    endloop
  endfacet
  facet normal 0.500002 0 0.866024
    outer loop
      vertex 115.1 2 64.5624
      vertex 108.6 6 68.3152
      vertex 108.6 2 68.3152
    endloop
  endfacet
  facet normal -0.500002 0 0.866024
    outer loop
      vertex 115.1 6 64.5624
      vertex 121.6 2 68.3152
      vertex 121.6 6 68.3152
    endloop
  endfacet
  facet normal -0.500002 0 0.866024
    outer loop
      vertex 121.6 2 68.3152
      vertex 115.1 6 64.5624
      vertex 115.1 2 64.5624
    endloop
  endfacet
  facet normal 1 -0 0
    outer loop
      vertex 108.6 2 75.8208
      vertex 108.6 6 68.3152
      vertex 108.6 6 75.8208
    endloop
  endfacet
  facet normal 1 0 0
    outer loop
      vertex 108.6 6 68.3152
      vertex 108.6 2 75.8208
      vertex 108.6 2 68.3152
    endloop
  endfacet
  facet normal 0.500002 0 -0.866024
    outer loop
      vertex 108.6 2 75.8208
      vertex 115.1 6 79.5736
      vertex 115.1 2 79.5736
    endloop
  endfacet
  facet normal 0.500002 0 -0.866024
    outer loop
      vertex 115.1 6 79.5736
      vertex 108.6 2 75.8208
      vertex 108.6 6 75.8208
    endloop
  endfacet
  facet normal -1 0 0
    outer loop
      vertex 121.6 2 68.3152
      vertex 121.6 6 75.8208
      vertex 121.6 6 68.3152
    endloop
  endfacet
  facet normal -1 -0 0
    outer loop
      vertex 121.6 6 75.8208
      vertex 121.6 2 68.3152
      vertex 121.6 2 75.8208
    endloop
  endfacet
  facet normal -0.500002 0 -0.866024
    outer loop
      vertex 131.1 2 79.5736
      vertex 137.6 6 75.8208
      vertex 137.6 2 75.8208
    endloop
  endfacet
  facet normal -0.500002 0 -0.866024
    outer loop
      vertex 137.6 6 75.8208
      vertex 131.1 2 79.5736
      vertex 131.1 6 79.5736
    endloop
  endfacet
  facet normal 0.500002 0 0.866024
    outer loop
      vertex 124.6 6 68.3152
      vertex 131.1 2 64.5624
      vertex 131.1 6 64.5624
    endloop
  endfacet
  facet normal 0.500002 0 0.866024
    outer loop
      vertex 131.1 2 64.5624
      vertex 124.6 6 68.3152
      vertex 124.6 2 68.3152
    endloop
  endfacet
  facet normal -0.500002 0 0.866024
    outer loop
      vertex 131.1 6 64.5624
      vertex 137.6 2 68.3152
      vertex 137.6 6 68.3152
    endloop
  endfacet
  facet normal -0.500002 0 0.866024
    outer loop
      vertex 137.6 2 68.3152
      vertex 131.1 6 64.5624
      vertex 131.1 2 64.5624
    endloop
  endfacet
  facet normal 1 -0 0
    outer loop
      vertex 124.6 2 75.8208
      vertex 124.6 6 68.3152
      vertex 124.6 6 75.8208
    endloop
  endfacet
  facet normal 1 0 0
    outer loop
      vertex 124.6 6 68.3152
      vertex 124.6 2 75.8208
      vertex 124.6 2 68.3152
    endloop
  endfacet
  facet normal 0.500002 0 -0.866024
    outer loop
      vertex 124.6 2 75.8208
      vertex 131.1 6 79.5736
      vertex 131.1 2 79.5736
    endloop
  endfacet
  facet normal 0.500002 0 -0.866024
    outer loop
      vertex 131.1 6 79.5736
      vertex 124.6 2 75.8208
      vertex 124.6 6 75.8208
    endloop
  endfacet
  facet normal -1 0 0
    outer loop
      vertex 137.6 2 68.3152
      vertex 137.6 6 75.8208
      vertex 137.6 6 68.3152
    endloop
  endfacet
  facet normal -1 -0 0
    outer loop
      vertex 137.6 6 75.8208
      vertex 137.6 2 68.3152
      vertex 137.6 2 75.8208
    endloop
  endfacet
  facet normal -0.500002 0 -0.866024
    outer loop
      vertex 147.1 2 79.5736
      vertex 153.6 6 75.8208
      vertex 153.6 2 75.8208
    endloop
  endfacet
  facet normal -0.500002 0 -0.866024
    outer loop
      vertex 153.6 6 75.8208
      vertex 147.1 2 79.5736
      vertex 147.1 6 79.5736
    endloop
  endfacet
  facet normal -1 0 0
    outer loop
      vertex 153.6 2 68.3152
      vertex 153.6 6 75.8208
      vertex 153.6 6 68.3152
    endloop
  endfacet
  facet normal -1 -0 0
    outer loop
      vertex 153.6 6 75.8208
      vertex 153.6 2 68.3152
      vertex 153.6 2 75.8208
    endloop
  endfacet
  facet normal 0.500002 0 0.866024
    outer loop
      vertex 140.6 6 68.3152
      vertex 147.1 2 64.5624
      vertex 147.1 6 64.5624
    endloop
  endfacet
  facet normal 0.500002 0 0.866024
    outer loop
      vertex 147.1 2 64.5624
      vertex 140.6 6 68.3152
      vertex 140.6 2 68.3152
    endloop
  endfacet
  facet normal -0.500002 0 0.866024
    outer loop
      vertex 147.1 6 64.5624
      vertex 153.6 2 68.3152
      vertex 153.6 6 68.3152
    endloop
  endfacet
  facet normal -0.500002 0 0.866024
    outer loop
      vertex 153.6 2 68.3152
      vertex 147.1 6 64.5624
      vertex 147.1 2 64.5624
    endloop
  endfacet
  facet normal 1 -0 0
    outer loop
      vertex 140.6 2 75.8208
      vertex 140.6 6 68.3152
      vertex 140.6 6 75.8208
    endloop
  endfacet
  facet normal 1 0 0
    outer loop
      vertex 140.6 6 68.3152
      vertex 140.6 2 75.8208
      vertex 140.6 2 68.3152
    endloop
  endfacet
  facet normal 0.500002 0 -0.866024
    outer loop
      vertex 140.6 2 75.8208
      vertex 147.1 6 79.5736
      vertex 147.1 2 79.5736
    endloop
  endfacet
  facet normal 0.500002 0 -0.866024
    outer loop
      vertex 147.1 6 79.5736
      vertex 140.6 2 75.8208
      vertex 140.6 6 75.8208
    endloop
  endfacet
  facet normal -0.500002 0 -0.866024
    outer loop
      vertex 163.1 2 79.5736
      vertex 169.6 6 75.8208
      vertex 169.6 2 75.8208
    endloop
  endfacet
  facet normal -0.500002 0 -0.866024
    outer loop
      vertex 169.6 6 75.8208
      vertex 163.1 2 79.5736
      vertex 163.1 6 79.5736
    endloop
  endfacet
  facet normal 0.500002 0 0.866024
    outer loop
      vertex 156.6 6 68.3152
      vertex 163.1 2 64.5624
      vertex 163.1 6 64.5624
    endloop
  endfacet
  facet normal 0.500002 0 0.866024
    outer loop
      vertex 163.1 2 64.5624
      vertex 156.6 6 68.3152
      vertex 156.6 2 68.3152
    endloop
  endfacet
  facet normal -0.500002 0 0.866024
    outer loop
      vertex 163.1 6 64.5624
      vertex 169.6 2 68.3152
      vertex 169.6 6 68.3152
    endloop
  endfacet
  facet normal -0.500002 0 0.866024
    outer loop
      vertex 169.6 2 68.3152
      vertex 163.1 6 64.5624
      vertex 163.1 2 64.5624
    endloop
  endfacet
  facet normal 1 -0 0
    outer loop
      vertex 156.6 2 75.8208
      vertex 156.6 6 68.3152
      vertex 156.6 6 75.8208
    endloop
  endfacet
  facet normal 1 0 0
    outer loop
      vertex 156.6 6 68.3152
      vertex 156.6 2 75.8208
      vertex 156.6 2 68.3152
    endloop
  endfacet
  facet normal 0.500002 0 -0.866024
    outer loop
      vertex 156.6 2 75.8208
      vertex 163.1 6 79.5736
      vertex 163.1 2 79.5736
    endloop
  endfacet
  facet normal 0.500002 0 -0.866024
    outer loop
      vertex 163.1 6 79.5736
      vertex 156.6 2 75.8208
      vertex 156.6 6 75.8208
    endloop
  endfacet
  facet normal -1 0 0
    outer loop
      vertex 169.6 2 68.3152
      vertex 169.6 6 75.8208
      vertex 169.6 6 68.3152
    endloop
  endfacet
  facet normal -1 -0 0
    outer loop
      vertex 169.6 6 75.8208
      vertex 169.6 2 68.3152
      vertex 169.6 2 75.8208
    endloop
  endfacet
  facet normal -0.500002 0 -0.866024
    outer loop
      vertex 107.1 2 93.4296
      vertex 113.6 6 89.6768
      vertex 113.6 2 89.6768
    endloop
  endfacet
  facet normal -0.500002 0 -0.866024
    outer loop
      vertex 113.6 6 89.6768
      vertex 107.1 2 93.4296
      vertex 107.1 6 93.4296
    endloop
  endfacet
  facet normal -1 0 0
    outer loop
      vertex 113.6 2 82.1712
      vertex 113.6 6 89.6768
      vertex 113.6 6 82.1712
    endloop
  endfacet
  facet normal -1 -0 0
    outer loop
      vertex 113.6 6 89.6768
      vertex 113.6 2 82.1712
      vertex 113.6 2 89.6768
    endloop
  endfacet
  facet normal 0.500002 0 0.866024
    outer loop
      vertex 100.6 6 82.1712
      vertex 107.1 2 78.4184
      vertex 107.1 6 78.4184
    endloop
  endfacet
  facet normal 0.500002 0 0.866024
    outer loop
      vertex 107.1 2 78.4184
      vertex 100.6 6 82.1712
      vertex 100.6 2 82.1712
    endloop
  endfacet
  facet normal -0.500002 0 0.866024
    outer loop
      vertex 107.1 6 78.4184
      vertex 113.6 2 82.1712
      vertex 113.6 6 82.1712
    endloop
  endfacet
  facet normal -0.500002 0 0.866024
    outer loop
      vertex 113.6 2 82.1712
      vertex 107.1 6 78.4184
      vertex 107.1 2 78.4184
    endloop
  endfacet
  facet normal 1 -0 0
    outer loop
      vertex 100.6 2 89.6768
      vertex 100.6 6 82.1712
      vertex 100.6 6 89.6768
    endloop
  endfacet
  facet normal 1 0 0
    outer loop
      vertex 100.6 6 82.1712
      vertex 100.6 2 89.6768
      vertex 100.6 2 82.1712
    endloop
  endfacet
  facet normal 0.500002 0 -0.866024
    outer loop
      vertex 100.6 2 89.6768
      vertex 107.1 6 93.4296
      vertex 107.1 2 93.4296
    endloop
  endfacet
  facet normal 0.500002 0 -0.866024
    outer loop
      vertex 107.1 6 93.4296
      vertex 100.6 2 89.6768
      vertex 100.6 6 89.6768
    endloop
  endfacet
  facet normal -0.500002 0 -0.866024
    outer loop
      vertex 123.1 2 93.4296
      vertex 129.6 6 89.6768
      vertex 129.6 2 89.6768
    endloop
  endfacet
  facet normal -0.500002 0 -0.866024
    outer loop
      vertex 129.6 6 89.6768
      vertex 123.1 2 93.4296
      vertex 123.1 6 93.4296
    endloop
  endfacet
  facet normal -1 0 0
    outer loop
      vertex 129.6 2 82.1712
      vertex 129.6 6 89.6768
      vertex 129.6 6 82.1712
    endloop
  endfacet
  facet normal -1 -0 0
    outer loop
      vertex 129.6 6 89.6768
      vertex 129.6 2 82.1712
      vertex 129.6 2 89.6768
    endloop
  endfacet
  facet normal 0.500002 0 0.866024
    outer loop
      vertex 116.6 6 82.1712
      vertex 123.1 2 78.4184
      vertex 123.1 6 78.4184
    endloop
  endfacet
  facet normal 0.500002 0 0.866024
    outer loop
      vertex 123.1 2 78.4184
      vertex 116.6 6 82.1712
      vertex 116.6 2 82.1712
    endloop
  endfacet
  facet normal -0.500002 0 0.866024
    outer loop
      vertex 123.1 6 78.4184
      vertex 129.6 2 82.1712
      vertex 129.6 6 82.1712
    endloop
  endfacet
  facet normal -0.500002 0 0.866024
    outer loop
      vertex 129.6 2 82.1712
      vertex 123.1 6 78.4184
      vertex 123.1 2 78.4184
    endloop
  endfacet
  facet normal 1 -0 0
    outer loop
      vertex 116.6 2 89.6768
      vertex 116.6 6 82.1712
      vertex 116.6 6 89.6768
    endloop
  endfacet
  facet normal 1 0 0
    outer loop
      vertex 116.6 6 82.1712
      vertex 116.6 2 89.6768
      vertex 116.6 2 82.1712
    endloop
  endfacet
  facet normal 0.500002 0 -0.866024
    outer loop
      vertex 116.6 2 89.6768
      vertex 123.1 6 93.4296
      vertex 123.1 2 93.4296
    endloop
  endfacet
  facet normal 0.500002 0 -0.866024
    outer loop
      vertex 123.1 6 93.4296
      vertex 116.6 2 89.6768
      vertex 116.6 6 89.6768
    endloop
  endfacet
  facet normal -0.500002 0 -0.866024
    outer loop
      vertex 139.1 2 93.4296
      vertex 145.6 6 89.6768
      vertex 145.6 2 89.6768
    endloop
  endfacet
  facet normal -0.500002 0 -0.866024
    outer loop
      vertex 145.6 6 89.6768
      vertex 139.1 2 93.4296
      vertex 139.1 6 93.4296
    endloop
  endfacet
  facet normal 0.500002 0 0.866024
    outer loop
      vertex 132.6 6 82.1712
      vertex 139.1 2 78.4184
      vertex 139.1 6 78.4184
    endloop
  endfacet
  facet normal 0.500002 0 0.866024
    outer loop
      vertex 139.1 2 78.4184
      vertex 132.6 6 82.1712
      vertex 132.6 2 82.1712
    endloop
  endfacet
  facet normal -0.500002 0 0.866024
    outer loop
      vertex 139.1 6 78.4184
      vertex 145.6 2 82.1712
      vertex 145.6 6 82.1712
    endloop
  endfacet
  facet normal -0.500002 0 0.866024
    outer loop
      vertex 145.6 2 82.1712
      vertex 139.1 6 78.4184
      vertex 139.1 2 78.4184
    endloop
  endfacet
  facet normal 1 -0 0
    outer loop
      vertex 132.6 2 89.6768
      vertex 132.6 6 82.1712
      vertex 132.6 6 89.6768
    endloop
  endfacet
  facet normal 1 0 0
    outer loop
      vertex 132.6 6 82.1712
      vertex 132.6 2 89.6768
      vertex 132.6 2 82.1712
    endloop
  endfacet
  facet normal 0.500002 0 -0.866024
    outer loop
      vertex 132.6 2 89.6768
      vertex 139.1 6 93.4296
      vertex 139.1 2 93.4296
    endloop
  endfacet
  facet normal 0.500002 0 -0.866024
    outer loop
      vertex 139.1 6 93.4296
      vertex 132.6 2 89.6768
      vertex 132.6 6 89.6768
    endloop
  endfacet
  facet normal -1 0 0
    outer loop
      vertex 145.6 2 82.1712
      vertex 145.6 6 89.6768
      vertex 145.6 6 82.1712
    endloop
  endfacet
  facet normal -1 -0 0
    outer loop
      vertex 145.6 6 89.6768
      vertex 145.6 2 82.1712
      vertex 145.6 2 89.6768
    endloop
  endfacet
  facet normal -0.500002 0 -0.866024
    outer loop
      vertex 155.1 2 93.4296
      vertex 161.6 6 89.6768
      vertex 161.6 2 89.6768
    endloop
  endfacet
  facet normal -0.500002 0 -0.866024
    outer loop
      vertex 161.6 6 89.6768
      vertex 155.1 2 93.4296
      vertex 155.1 6 93.4296
    endloop
  endfacet
  facet normal -1 0 0
    outer loop
      vertex 161.6 2 82.1712
      vertex 161.6 6 89.6768
      vertex 161.6 6 82.1712
    endloop
  endfacet
  facet normal -1 -0 0
    outer loop
      vertex 161.6 6 89.6768
      vertex 161.6 2 82.1712
      vertex 161.6 2 89.6768
    endloop
  endfacet
  facet normal 0.500002 0 0.866024
    outer loop
      vertex 148.6 6 82.1712
      vertex 155.1 2 78.4184
      vertex 155.1 6 78.4184
    endloop
  endfacet
  facet normal 0.500002 0 0.866024
    outer loop
      vertex 155.1 2 78.4184
      vertex 148.6 6 82.1712
      vertex 148.6 2 82.1712
    endloop
  endfacet
  facet normal -0.500002 0 0.866024
    outer loop
      vertex 155.1 6 78.4184
      vertex 161.6 2 82.1712
      vertex 161.6 6 82.1712
    endloop
  endfacet
  facet normal -0.500002 0 0.866024
    outer loop
      vertex 161.6 2 82.1712
      vertex 155.1 6 78.4184
      vertex 155.1 2 78.4184
    endloop
  endfacet
  facet normal 1 -0 0
    outer loop
      vertex 148.6 2 89.6768
      vertex 148.6 6 82.1712
      vertex 148.6 6 89.6768
    endloop
  endfacet
  facet normal 1 0 0
    outer loop
      vertex 148.6 6 82.1712
      vertex 148.6 2 89.6768
      vertex 148.6 2 82.1712
    endloop
  endfacet
  facet normal 0.500002 0 -0.866024
    outer loop
      vertex 148.6 2 89.6768
      vertex 155.1 6 93.4296
      vertex 155.1 2 93.4296
    endloop
  endfacet
  facet normal 0.500002 0 -0.866024
    outer loop
      vertex 155.1 6 93.4296
      vertex 148.6 2 89.6768
      vertex 148.6 6 89.6768
    endloop
  endfacet
  facet normal 0.500002 0 0.866024
    outer loop
      vertex 108.6 6 96.0272
      vertex 115.1 2 92.2744
      vertex 115.1 6 92.2744
    endloop
  endfacet
  facet normal 0.500002 0 0.866024
    outer loop
      vertex 115.1 2 92.2744
      vertex 108.6 6 96.0272
      vertex 108.6 2 96.0272
    endloop
  endfacet
  facet normal -0.500002 0 0.866024
    outer loop
      vertex 115.1 6 92.2744
      vertex 121.6 2 96.0272
      vertex 121.6 6 96.0272
    endloop
  endfacet
  facet normal -0.500002 0 0.866024
    outer loop
      vertex 121.6 2 96.0272
      vertex 115.1 6 92.2744
      vertex 115.1 2 92.2744
    endloop
  endfacet
  facet normal 0.500022 0 -0.866013
    outer loop
      vertex 108.6 2 103.533
      vertex 115.1 6 107.286
      vertex 115.1 2 107.286
    endloop
  endfacet
  facet normal 0.500022 0 -0.866013
    outer loop
      vertex 115.1 6 107.286
      vertex 108.6 2 103.533
      vertex 108.6 6 103.533
    endloop
  endfacet
  facet normal -0.500022 0 -0.866013
    outer loop
      vertex 115.1 2 107.286
      vertex 121.6 6 103.533
      vertex 121.6 2 103.533
    endloop
  endfacet
  facet normal -0.500022 0 -0.866013
    outer loop
      vertex 121.6 6 103.533
      vertex 115.1 2 107.286
      vertex 115.1 6 107.286
    endloop
  endfacet
  facet normal -1 0 0
    outer loop
      vertex 121.6 2 96.0272
      vertex 121.6 6 103.533
      vertex 121.6 6 96.0272
    endloop
  endfacet
  facet normal -1 -0 0
    outer loop
      vertex 121.6 6 103.533
      vertex 121.6 2 96.0272
      vertex 121.6 2 103.533
    endloop
  endfacet
  facet normal 1 -0 0
    outer loop
      vertex 108.6 2 103.533
      vertex 108.6 6 96.0272
      vertex 108.6 6 103.533
    endloop
  endfacet
  facet normal 1 0 0
    outer loop
      vertex 108.6 6 96.0272
      vertex 108.6 2 103.533
      vertex 108.6 2 96.0272
    endloop
  endfacet
  facet normal 0.500002 0 0.866024
    outer loop
      vertex 124.6 6 96.0272
      vertex 131.1 2 92.2744
      vertex 131.1 6 92.2744
    endloop
  endfacet
  facet normal 0.500002 0 0.866024
    outer loop
      vertex 131.1 2 92.2744
      vertex 124.6 6 96.0272
      vertex 124.6 2 96.0272
    endloop
  endfacet
  facet normal -0.500002 0 0.866024
    outer loop
      vertex 131.1 6 92.2744
      vertex 137.6 2 96.0272
      vertex 137.6 6 96.0272
    endloop
  endfacet
  facet normal -0.500002 0 0.866024
    outer loop
      vertex 137.6 2 96.0272
      vertex 131.1 6 92.2744
      vertex 131.1 2 92.2744
    endloop
  endfacet
  facet normal -1 0 0
    outer loop
      vertex 137.6 2 96.0272
      vertex 137.6 6 103.533
      vertex 137.6 6 96.0272
    endloop
  endfacet
  facet normal -1 -0 0
    outer loop
      vertex 137.6 6 103.533
      vertex 137.6 2 96.0272
      vertex 137.6 2 103.533
    endloop
  endfacet
  facet normal 0.500022 0 -0.866013
    outer loop
      vertex 124.6 2 103.533
      vertex 131.1 6 107.286
      vertex 131.1 2 107.286
    endloop
  endfacet
  facet normal 0.500022 0 -0.866013
    outer loop
      vertex 131.1 6 107.286
      vertex 124.6 2 103.533
      vertex 124.6 6 103.533
    endloop
  endfacet
  facet normal -0.500022 0 -0.866013
    outer loop
      vertex 131.1 2 107.286
      vertex 137.6 6 103.533
      vertex 137.6 2 103.533
    endloop
  endfacet
  facet normal -0.500022 0 -0.866013
    outer loop
      vertex 137.6 6 103.533
      vertex 131.1 2 107.286
      vertex 131.1 6 107.286
    endloop
  endfacet
  facet normal 1 -0 0
    outer loop
      vertex 124.6 2 103.533
      vertex 124.6 6 96.0272
      vertex 124.6 6 103.533
    endloop
  endfacet
  facet normal 1 0 0
    outer loop
      vertex 124.6 6 96.0272
      vertex 124.6 2 103.533
      vertex 124.6 2 96.0272
    endloop
  endfacet
  facet normal 0.500002 0 0.866024
    outer loop
      vertex 140.6 6 96.0272
      vertex 147.1 2 92.2744
      vertex 147.1 6 92.2744
    endloop
  endfacet
  facet normal 0.500002 0 0.866024
    outer loop
      vertex 147.1 2 92.2744
      vertex 140.6 6 96.0272
      vertex 140.6 2 96.0272
    endloop
  endfacet
  facet normal -0.500002 0 0.866024
    outer loop
      vertex 147.1 6 92.2744
      vertex 153.6 2 96.0272
      vertex 153.6 6 96.0272
    endloop
  endfacet
  facet normal -0.500002 0 0.866024
    outer loop
      vertex 153.6 2 96.0272
      vertex 147.1 6 92.2744
      vertex 147.1 2 92.2744
    endloop
  endfacet
  facet normal -1 0 0
    outer loop
      vertex 153.6 2 96.0272
      vertex 153.6 6 103.533
      vertex 153.6 6 96.0272
    endloop
  endfacet
  facet normal -1 -0 0
    outer loop
      vertex 153.6 6 103.533
      vertex 153.6 2 96.0272
      vertex 153.6 2 103.533
    endloop
  endfacet
  facet normal 0.500022 0 -0.866013
    outer loop
      vertex 140.6 2 103.533
      vertex 147.1 6 107.286
      vertex 147.1 2 107.286
    endloop
  endfacet
  facet normal 0.500022 0 -0.866013
    outer loop
      vertex 147.1 6 107.286
      vertex 140.6 2 103.533
      vertex 140.6 6 103.533
    endloop
  endfacet
  facet normal -0.500022 0 -0.866013
    outer loop
      vertex 147.1 2 107.286
      vertex 153.6 6 103.533
      vertex 153.6 2 103.533
    endloop
  endfacet
  facet normal -0.500022 0 -0.866013
    outer loop
      vertex 153.6 6 103.533
      vertex 147.1 2 107.286
      vertex 147.1 6 107.286
    endloop
  endfacet
  facet normal 1 -0 0
    outer loop
      vertex 140.6 2 103.533
      vertex 140.6 6 96.0272
      vertex 140.6 6 103.533
    endloop
  endfacet
  facet normal 1 0 0
    outer loop
      vertex 140.6 6 96.0272
      vertex 140.6 2 103.533
      vertex 140.6 2 96.0272
    endloop
  endfacet
  facet normal 0.500002 0 0.866024
    outer loop
      vertex 156.6 6 96.0272
      vertex 163.1 2 92.2744
      vertex 163.1 6 92.2744
    endloop
  endfacet
  facet normal 0.500002 0 0.866024
    outer loop
      vertex 163.1 2 92.2744
      vertex 156.6 6 96.0272
      vertex 156.6 2 96.0272
    endloop
  endfacet
  facet normal -0.500002 0 0.866024
    outer loop
      vertex 163.1 6 92.2744
      vertex 169.6 2 96.0272
      vertex 169.6 6 96.0272
    endloop
  endfacet
  facet normal -0.500002 0 0.866024
    outer loop
      vertex 169.6 2 96.0272
      vertex 163.1 6 92.2744
      vertex 163.1 2 92.2744
    endloop
  endfacet
  facet normal 0.500022 0 -0.866013
    outer loop
      vertex 156.6 2 103.533
      vertex 163.1 6 107.286
      vertex 163.1 2 107.286
    endloop
  endfacet
  facet normal 0.500022 0 -0.866013
    outer loop
      vertex 163.1 6 107.286
      vertex 156.6 2 103.533
      vertex 156.6 6 103.533
    endloop
  endfacet
  facet normal -0.500022 0 -0.866013
    outer loop
      vertex 163.1 2 107.286
      vertex 169.6 6 103.533
      vertex 169.6 2 103.533
    endloop
  endfacet
  facet normal -0.500022 0 -0.866013
    outer loop
      vertex 169.6 6 103.533
      vertex 163.1 2 107.286
      vertex 163.1 6 107.286
    endloop
  endfacet
  facet normal -1 0 0
    outer loop
      vertex 169.6 2 96.0272
      vertex 169.6 6 103.533
      vertex 169.6 6 96.0272
    endloop
  endfacet
  facet normal -1 -0 0
    outer loop
      vertex 169.6 6 103.533
      vertex 169.6 2 96.0272
      vertex 169.6 2 103.533
    endloop
  endfacet
  facet normal 1 -0 0
    outer loop
      vertex 156.6 2 103.533
      vertex 156.6 6 96.0272
      vertex 156.6 6 103.533
    endloop
  endfacet
  facet normal 1 0 0
    outer loop
      vertex 156.6 6 96.0272
      vertex 156.6 2 103.533
      vertex 156.6 2 96.0272
    endloop
  endfacet
  facet normal 0.500022 0 0.866013
    outer loop
      vertex 100.6 6 109.883
      vertex 107.1 2 106.13
      vertex 107.1 6 106.13
    endloop
  endfacet
  facet normal 0.500022 0 0.866013
    outer loop
      vertex 107.1 2 106.13
      vertex 100.6 6 109.883
      vertex 100.6 2 109.883
    endloop
  endfacet
  facet normal -0.500022 0 0.866013
    outer loop
      vertex 107.1 6 106.13
      vertex 113.6 2 109.883
      vertex 113.6 6 109.883
    endloop
  endfacet
  facet normal -0.500022 0 0.866013
    outer loop
      vertex 113.6 2 109.883
      vertex 107.1 6 106.13
      vertex 107.1 2 106.13
    endloop
  endfacet
  facet normal 0.500022 0 -0.866013
    outer loop
      vertex 100.6 2 117.389
      vertex 107.1 6 121.142
      vertex 107.1 2 121.142
    endloop
  endfacet
  facet normal 0.500022 0 -0.866013
    outer loop
      vertex 107.1 6 121.142
      vertex 100.6 2 117.389
      vertex 100.6 6 117.389
    endloop
  endfacet
  facet normal -0.500022 0 -0.866013
    outer loop
      vertex 107.1 2 121.142
      vertex 113.6 6 117.389
      vertex 113.6 2 117.389
    endloop
  endfacet
  facet normal -0.500022 0 -0.866013
    outer loop
      vertex 113.6 6 117.389
      vertex 107.1 2 121.142
      vertex 107.1 6 121.142
    endloop
  endfacet
  facet normal -1 0 0
    outer loop
      vertex 113.6 2 109.883
      vertex 113.6 6 117.389
      vertex 113.6 6 109.883
    endloop
  endfacet
  facet normal -1 -0 0
    outer loop
      vertex 113.6 6 117.389
      vertex 113.6 2 109.883
      vertex 113.6 2 117.389
    endloop
  endfacet
  facet normal 1 -0 0
    outer loop
      vertex 100.6 2 117.389
      vertex 100.6 6 109.883
      vertex 100.6 6 117.389
    endloop
  endfacet
  facet normal 1 0 0
    outer loop
      vertex 100.6 6 109.883
      vertex 100.6 2 117.389
      vertex 100.6 2 109.883
    endloop
  endfacet
  facet normal 0.500022 0 0.866013
    outer loop
      vertex 116.6 6 109.883
      vertex 123.1 2 106.13
      vertex 123.1 6 106.13
    endloop
  endfacet
  facet normal 0.500022 0 0.866013
    outer loop
      vertex 123.1 2 106.13
      vertex 116.6 6 109.883
      vertex 116.6 2 109.883
    endloop
  endfacet
  facet normal -0.500022 0 0.866013
    outer loop
      vertex 123.1 6 106.13
      vertex 129.6 2 109.883
      vertex 129.6 6 109.883
    endloop
  endfacet
  facet normal -0.500022 0 0.866013
    outer loop
      vertex 129.6 2 109.883
      vertex 123.1 6 106.13
      vertex 123.1 2 106.13
    endloop
  endfacet
  facet normal 0.500022 0 -0.866013
    outer loop
      vertex 116.6 2 117.389
      vertex 123.1 6 121.142
      vertex 123.1 2 121.142
    endloop
  endfacet
  facet normal 0.500022 0 -0.866013
    outer loop
      vertex 123.1 6 121.142
      vertex 116.6 2 117.389
      vertex 116.6 6 117.389
    endloop
  endfacet
  facet normal -0.500022 0 -0.866013
    outer loop
      vertex 123.1 2 121.142
      vertex 129.6 6 117.389
      vertex 129.6 2 117.389
    endloop
  endfacet
  facet normal -0.500022 0 -0.866013
    outer loop
      vertex 129.6 6 117.389
      vertex 123.1 2 121.142
      vertex 123.1 6 121.142
    endloop
  endfacet
  facet normal -1 0 0
    outer loop
      vertex 129.6 2 109.883
      vertex 129.6 6 117.389
      vertex 129.6 6 109.883
    endloop
  endfacet
  facet normal -1 -0 0
    outer loop
      vertex 129.6 6 117.389
      vertex 129.6 2 109.883
      vertex 129.6 2 117.389
    endloop
  endfacet
  facet normal 1 -0 0
    outer loop
      vertex 116.6 2 117.389
      vertex 116.6 6 109.883
      vertex 116.6 6 117.389
    endloop
  endfacet
  facet normal 1 0 0
    outer loop
      vertex 116.6 6 109.883
      vertex 116.6 2 117.389
      vertex 116.6 2 109.883
    endloop
  endfacet
  facet normal 0.500022 0 0.866013
    outer loop
      vertex 132.6 6 109.883
      vertex 139.1 2 106.13
      vertex 139.1 6 106.13
    endloop
  endfacet
  facet normal 0.500022 0 0.866013
    outer loop
      vertex 139.1 2 106.13
      vertex 132.6 6 109.883
      vertex 132.6 2 109.883
    endloop
  endfacet
  facet normal -0.500022 0 0.866013
    outer loop
      vertex 139.1 6 106.13
      vertex 145.6 2 109.883
      vertex 145.6 6 109.883
    endloop
  endfacet
  facet normal -0.500022 0 0.866013
    outer loop
      vertex 145.6 2 109.883
      vertex 139.1 6 106.13
      vertex 139.1 2 106.13
    endloop
  endfacet
  facet normal 0.500022 0 -0.866013
    outer loop
      vertex 132.6 2 117.389
      vertex 139.1 6 121.142
      vertex 139.1 2 121.142
    endloop
  endfacet
  facet normal 0.500022 0 -0.866013
    outer loop
      vertex 139.1 6 121.142
      vertex 132.6 2 117.389
      vertex 132.6 6 117.389
    endloop
  endfacet
  facet normal -0.500022 0 -0.866013
    outer loop
      vertex 139.1 2 121.142
      vertex 145.6 6 117.389
      vertex 145.6 2 117.389
    endloop
  endfacet
  facet normal -0.500022 0 -0.866013
    outer loop
      vertex 145.6 6 117.389
      vertex 139.1 2 121.142
      vertex 139.1 6 121.142
    endloop
  endfacet
  facet normal -1 0 0
    outer loop
      vertex 145.6 2 109.883
      vertex 145.6 6 117.389
      vertex 145.6 6 109.883
    endloop
  endfacet
  facet normal -1 -0 0
    outer loop
      vertex 145.6 6 117.389
      vertex 145.6 2 109.883
      vertex 145.6 2 117.389
    endloop
  endfacet
  facet normal 1 -0 0
    outer loop
      vertex 132.6 2 117.389
      vertex 132.6 6 109.883
      vertex 132.6 6 117.389
    endloop
  endfacet
  facet normal 1 0 0
    outer loop
      vertex 132.6 6 109.883
      vertex 132.6 2 117.389
      vertex 132.6 2 109.883
    endloop
  endfacet
  facet normal 0.500022 0 0.866013
    outer loop
      vertex 148.6 6 109.883
      vertex 155.1 2 106.13
      vertex 155.1 6 106.13
    endloop
  endfacet
  facet normal 0.500022 0 0.866013
    outer loop
      vertex 155.1 2 106.13
      vertex 148.6 6 109.883
      vertex 148.6 2 109.883
    endloop
  endfacet
  facet normal -0.500022 0 0.866013
    outer loop
      vertex 155.1 6 106.13
      vertex 161.6 2 109.883
      vertex 161.6 6 109.883
    endloop
  endfacet
  facet normal -0.500022 0 0.866013
    outer loop
      vertex 161.6 2 109.883
      vertex 155.1 6 106.13
      vertex 155.1 2 106.13
    endloop
  endfacet
  facet normal -1 0 0
    outer loop
      vertex 161.6 2 109.883
      vertex 161.6 6 117.389
      vertex 161.6 6 109.883
    endloop
  endfacet
  facet normal -1 -0 0
    outer loop
      vertex 161.6 6 117.389
      vertex 161.6 2 109.883
      vertex 161.6 2 117.389
    endloop
  endfacet
  facet normal 0.500022 0 -0.866013
    outer loop
      vertex 148.6 2 117.389
      vertex 155.1 6 121.142
      vertex 155.1 2 121.142
    endloop
  endfacet
  facet normal 0.500022 0 -0.866013
    outer loop
      vertex 155.1 6 121.142
      vertex 148.6 2 117.389
      vertex 148.6 6 117.389
    endloop
  endfacet
  facet normal -0.500022 0 -0.866013
    outer loop
      vertex 155.1 2 121.142
      vertex 161.6 6 117.389
      vertex 161.6 2 117.389
    endloop
  endfacet
  facet normal -0.500022 0 -0.866013
    outer loop
      vertex 161.6 6 117.389
      vertex 155.1 2 121.142
      vertex 155.1 6 121.142
    endloop
  endfacet
  facet normal 1 -0 0
    outer loop
      vertex 148.6 2 117.389
      vertex 148.6 6 109.883
      vertex 148.6 6 117.389
    endloop
  endfacet
  facet normal 1 0 0
    outer loop
      vertex 148.6 6 109.883
      vertex 148.6 2 117.389
      vertex 148.6 2 109.883
    endloop
  endfacet
  facet normal -1 0 0
    outer loop
      vertex 164.1 2 143.5
      vertex 164.1 6 146.5
      vertex 164.1 6 143.5
    endloop
  endfacet
  facet normal -1 -0 0
    outer loop
      vertex 164.1 6 146.5
      vertex 164.1 2 143.5
      vertex 164.1 2 146.5
    endloop
  endfacet
  facet normal 0 0 -1
    outer loop
      vertex 158.1 2 146.5
      vertex 164.1 6 146.5
      vertex 164.1 2 146.5
    endloop
  endfacet
  facet normal -0 0 -1
    outer loop
      vertex 164.1 6 146.5
      vertex 158.1 2 146.5
      vertex 158.1 6 146.5
    endloop
  endfacet
  facet normal -0 0 1
    outer loop
      vertex 158.1 6 143.5
      vertex 164.1 2 143.5
      vertex 164.1 6 143.5
    endloop
  endfacet
  facet normal 0 0 1
    outer loop
      vertex 164.1 2 143.5
      vertex 158.1 6 143.5
      vertex 158.1 2 143.5
    endloop
  endfacet
  facet normal 1 -0 0
    outer loop
      vertex 158.1 2 146.5
      vertex 158.1 6 143.5
      vertex 158.1 6 146.5
    endloop
  endfacet
  facet normal 1 0 0
    outer loop
      vertex 158.1 6 143.5
      vertex 158.1 2 146.5
      vertex 158.1 2 143.5
    endloop
  endfacet
  facet normal -1 0 0
    outer loop
      vertex 180.1 2 143.5
      vertex 180.1 6 146.5
      vertex 180.1 6 143.5
    endloop
  endfacet
  facet normal -1 -0 0
    outer loop
      vertex 180.1 6 146.5
      vertex 180.1 2 143.5
      vertex 180.1 2 146.5
    endloop
  endfacet
  facet normal 0 0 -1
    outer loop
      vertex 174.1 2 146.5
      vertex 180.1 6 146.5
      vertex 180.1 2 146.5
    endloop
  endfacet
  facet normal -0 0 -1
    outer loop
      vertex 180.1 6 146.5
      vertex 174.1 2 146.5
      vertex 174.1 6 146.5
    endloop
  endfacet
  facet normal -0 0 1
    outer loop
      vertex 174.1 6 143.5
      vertex 180.1 2 143.5
      vertex 180.1 6 143.5
    endloop
  endfacet
  facet normal 0 0 1
    outer loop
      vertex 180.1 2 143.5
      vertex 174.1 6 143.5
      vertex 174.1 2 143.5
    endloop
  endfacet
  facet normal 1 -0 0
    outer loop
      vertex 174.1 2 146.5
      vertex 174.1 6 143.5
      vertex 174.1 6 146.5
    endloop
  endfacet
  facet normal 1 0 0
    outer loop
      vertex 174.1 6 143.5
      vertex 174.1 2 146.5
      vertex 174.1 2 143.5
    endloop
  endfacet
  facet normal -1 0 0
    outer loop
      vertex 144.85 10.3 4
      vertex 144.85 6 4
      vertex 144.85 10.3 8
    endloop
  endfacet
  facet normal -1 0 0
    outer loop
      vertex 144.85 10.3 8
      vertex 144.85 15.7 16
      vertex 144.85 15.7 8
    endloop
  endfacet
  facet normal -1 0 0
    outer loop
      vertex 144.85 6 16
      vertex 144.85 10.3 8
      vertex 144.85 6 4
    endloop
  endfacet
  facet normal -1 0 0
    outer loop
      vertex 144.85 10.3 8
      vertex 144.85 6 16
      vertex 144.85 15.7 16
    endloop
  endfacet
  facet normal -0 0 1
    outer loop
      vertex 131.35 15.7 8
      vertex 144.85 10.3 8
      vertex 144.85 15.7 8
    endloop
  endfacet
  facet normal 0 0 1
    outer loop
      vertex 144.85 10.3 8
      vertex 131.35 15.7 8
      vertex 131.35 10.3 8
    endloop
  endfacet
  facet normal -0 0 1
    outer loop
      vertex 131.35 10.3 4
      vertex 144.85 6 4
      vertex 144.85 10.3 4
    endloop
  endfacet
  facet normal 0 0 1
    outer loop
      vertex 144.85 6 4
      vertex 131.35 10.3 4
      vertex 131.35 6 4
    endloop
  endfacet
  facet normal 1 0 0
    outer loop
      vertex 131.35 15.7 16
      vertex 131.35 10.3 8
      vertex 131.35 15.7 8
    endloop
  endfacet
  facet normal 1 -0 0
    outer loop
      vertex 131.35 6 16
      vertex 131.35 10.3 8
      vertex 131.35 15.7 16
    endloop
  endfacet
  facet normal 1 0 0
    outer loop
      vertex 131.35 6 4
      vertex 131.35 10.3 8
      vertex 131.35 6 16
    endloop
  endfacet
  facet normal 1 0 0
    outer loop
      vertex 131.35 10.3 8
      vertex 131.35 6 4
      vertex 131.35 10.3 4
    endloop
  endfacet
  facet normal 0 -1 0
    outer loop
      vertex 131.35 10.3 4
      vertex 144.85 10.3 8
      vertex 131.35 10.3 8
    endloop
  endfacet
  facet normal 0 -1 -0
    outer loop
      vertex 144.85 10.3 8
      vertex 131.35 10.3 4
      vertex 144.85 10.3 4
    endloop
  endfacet
  facet normal 0 -1 0
    outer loop
      vertex 131.35 15.7 8
      vertex 144.85 15.7 16
      vertex 131.35 15.7 16
    endloop
  endfacet
  facet normal 0 -1 -0
    outer loop
      vertex 144.85 15.7 16
      vertex 131.35 15.7 8
      vertex 144.85 15.7 8
    endloop
  endfacet
  facet normal 1 0 0
    outer loop
      vertex 95.6 58 140
      vertex 95.6 49.6 23
      vertex 95.6 58 23
    endloop
  endfacet
  facet normal 1 -0 0
    outer loop
      vertex 95.6 45.6 140
      vertex 95.6 49.6 23
      vertex 95.6 58 140
    endloop
  endfacet
  facet normal 1 0 0
    outer loop
      vertex 95.6 49.6 23
      vertex 95.6 45.6 140
      vertex 95.6 45.6 19
    endloop
  endfacet
  facet normal 0.707107 -0.707107 0
    outer loop
      vertex 92.6 42.6 140
      vertex 95.6 45.6 19
      vertex 95.6 45.6 140
    endloop
  endfacet
  facet normal 0.707107 -0.707107 0
    outer loop
      vertex 95.6 45.6 19
      vertex 92.6 42.6 140
      vertex 92.6 42.6 16
    endloop
  endfacet
  facet normal -1 0 0
    outer loop
      vertex 180.6 49.6 23
      vertex 180.6 58 140
      vertex 180.6 58 23
    endloop
  endfacet
  facet normal -1 0 0
    outer loop
      vertex 180.6 45.6 140
      vertex 180.6 49.6 23
      vertex 180.6 45.6 19
    endloop
  endfacet
  facet normal -1 0 0
    outer loop
      vertex 180.6 49.6 23
      vertex 180.6 45.6 140
      vertex 180.6 58 140
    endloop
  endfacet
  facet normal -0.707107 -0.707107 -0
    outer loop
      vertex 183.6 42.6 140
      vertex 180.6 45.6 19
      vertex 183.6 42.6 16
    endloop
  endfacet
  facet normal -0.707107 -0.707107 0
    outer loop
      vertex 180.6 45.6 19
      vertex 183.6 42.6 140
      vertex 180.6 45.6 140
    endloop
  endfacet
  facet normal 0 0 1
    outer loop
      vertex 180.6 45.6 140
      vertex 183.6 58 140
      vertex 180.6 58 140
    endloop
  endfacet
  facet normal 0 0 1
    outer loop
      vertex 183.6 58 140
      vertex 180.6 45.6 140
      vertex 183.6 42.6 140
    endloop
  endfacet
  facet normal 1 0 0
    outer loop
      vertex 183.6 58 140
      vertex 183.6 49.6 23
      vertex 183.6 58 23
    endloop
  endfacet
  facet normal 1 -0 0
    outer loop
      vertex 183.6 42.6 140
      vertex 183.6 49.6 23
      vertex 183.6 58 140
    endloop
  endfacet
  facet normal 1 0 0
    outer loop
      vertex 183.6 49.6 23
      vertex 183.6 42.6 140
      vertex 183.6 42.6 16
    endloop
  endfacet
endsolid OpenSCAD_Model
